timestamp,device_id,route_id,event_id,latitude,longitude,speed_kmph,road_type,weather,event_class,accel_x_mean,accel_y_mean,accel_z_mean,accel_x_std,accel_y_std,accel_z_std,gyro_x_mean,gyro_y_mean,gyro_z_mean,gyro_x_std,gyro_y_std,gyro_z_std,vibration_rms,vibration_peak,jerk_rms,frequency_dominant_hz,event_duration_ms,sampling_rate_hz,pothole_depth_cm,pothole_length_cm,pothole_width_cm,severity
2026-09-11 16:46:32.723237,device_0001,route_0017,event_075721,34.042658888895865,81.15245382095478,54.597891155660626,URBAN,CLEAR,ROUGH_PATCH,-0.2018402659268816,0.23830528413388002,9.90984728029424,1.0234691920414711,0.6488821141258807,1.1274182627181037,-0.029523923092984294,-0.007153565545907835,-0.04319543326404493,0.20643748417713453,0.25427204977779044,0.215153600787855,1.1226825483536886,2.7966143152900482,0.4481324877451897,1.923076923076923,1047.126215507572,49.659725093210575,,,,
2026-09-11 16:53:59.023237,device_0028,route_0039,event_080184,35.28077848640317,79.70103020922495,63.50053844781647,URBAN,WET,NORMAL,0.21521912244365135,-0.034200622998938765,9.805874317634608,0.29199170697807103,0.3503872981278195,0.3006131565122264,-0.08389974046817461,0.017260097577925074,-0.05478287525618727,0.11116777386599447,0.09942497405069141,0.1001842373613531,0.3004284251012828,0.642022250635554,0.47005705380185697,8.771929824561402,1164.8650637957344,48.932706260641424,,,,
2026-09-11 15:13:27.023237,device_0018,route_0036,event_019864,30.456172257504566,77.14161704982575,9.525918250536524,HIGHWAY,CLEAR,POTHOLE,-0.1177589106035024,-0.048592893636892016,10.073573744274375,0.36359853930008335,0.35948368332563213,1.4164847728091177,0.07111587551847072,-0.027548506133684248,0.027480093185845798,0.0931480409460973,0.08545846484961776,0.09053557260071698,1.4450798224872279,5.9173524496582015,1.335957137704051,18.0,997.0437077419235,50.14825289178003,11.644722483829337,22.054878411619153,21.202996392124255,CRITICAL
2026-09-11 16:48:10.523237,device_0022,route_0042,event_076699,35.436198392796214,77.82774091304859,9.500615867321903,URBAN,RAIN,NORMAL,0.025731994153732014,0.03752738794554286,9.68300876599345,0.39936052765837854,0.3564122995476873,0.3270267238874115,-0.004989343045222634,-0.013868303027815136,-0.017049666387438146,0.09430924993446288,0.09850637752968296,0.10296800606843573,0.34364054948546346,0.8760982477893897,0.5053350691147814,22.13114754098361,1173.9747253078074,51.96023277588557,,,,
2026-09-11 17:15:19.723237,device_0016,route_0027,event_092991,25.166967472311537,84.70957840067572,43.776757891108176,RESIDENTIAL,CLEAR,NORMAL,-0.005241664352637505,0.12679183127778798,9.80518416826145,0.31014491018202683,0.32052114251460023,0.31436938217845584,-0.01240408019589263,-0.04109430965459716,0.044845937138389025,0.10207285593553425,0.1080875742718179,0.10376618729844159,0.31538968554329044,0.8716561506637088,0.4399743969716759,16.96428571428571,1173.9088107441603,47.70387570777382,,,,
2026-09-11 16:47:44.023237,device_0000,route_0016,event_076434,35.372628866951466,75.52665863237988,59.177884126255655,HIGHWAY,WET,ROUGH_PATCH,-0.020801707167062426,0.18913274121364693,9.843633448326079,0.8580886874923097,0.574579899121548,0.5937377189164788,0.04226498737169199,-0.050726327190467636,-0.06887131842324468,0.16511320291538048,0.17194791843506022,0.15371210445613429,0.605876276150828,1.4637823939116057,0.36196976248306223,1.8181818181818181,1088.9886895864247,50.50557505871605,,,,
2026-09-11 17:00:21.023237,device_0004,route_0004,event_084004,32.785471359622214,83.43002827911256,18.308293690459372,URBAN,RAIN,NORMAL,-0.17934900571798754,-0.07113284270384597,9.594274730591765,0.2797481514000769,0.31039820948181956,0.314430966645949,0.03175612997460233,-0.012549759048580085,0.04169318335361206,0.10013420952604622,0.08372878447619843,0.11146702028450824,0.3707024867119926,0.8642152127189942,0.46444981409582137,6.666666666666667,1194.4208269519643,50.2335513967164,,,,
2026-09-11 16:55:12.323237,device_0010,route_0033,event_080917,34.92177571518512,80.79830979905452,60.389148652328345,RESIDENTIAL,CLEAR,NORMAL,-0.19031765625798394,0.12044602904768406,9.769303223340279,0.29969856709699877,0.3363402178089301,0.3207290400947023,0.0018891238452232125,0.04136893885498254,-0.010741597970426727,0.09959037997303961,0.1052581179397313,0.09623014586967028,0.3185168033439289,0.8836685104204722,0.4598978565991651,8.771929824561402,1171.7788575814213,48.64399082745811,,,,
2026-09-11 16:21:37.323237,device_0016,route_0031,event_060767,23.425127986255674,79.18168142979442,36.176046144185996,RURAL,WET,NORMAL,-0.06009440963920879,0.04816194925461718,9.851122346263555,0.33441205192941004,0.3160736919102024,0.36178553544247516,-0.009499700319386134,-0.039925904875707144,0.02300248115676811,0.08835559461632697,0.09663386004244513,0.11416404618651631,0.36478189060896443,0.8266413909211696,0.51289407788073,16.96428571428571,1173.9088107441603,47.70387570777382,,,,
2026-09-11 16:03:48.023237,device_0024,route_0049,event_050074,33.07575714520572,76.40325665339904,38.01429466874844,HIGHWAY,WET,SPEED_BREAKER,0.3418297328954238,0.0799462541533161,10.351240013508564,0.7028841464825526,0.6882439152419088,1.197023792284243,-0.04932833193752375,-0.05403209516334,0.032696056266353954,0.12968660670279503,0.15157235538497152,0.14914978003982618,1.4099336090390726,5.279392093127793,0.8104156741954822,0.7042253521126761,1357.0829245606953,52.318099885446266,,,,
2026-09-11 15:26:30.723237,device_0009,route_0022,event_027701,31.15079551607533,77.12176425927397,39.073725471142396,RESIDENTIAL,CLEAR,NORMAL,-0.21247760353030948,0.01883139893863475,9.885303229077644,0.28260010049631284,0.28075922438214607,0.33311537290275645,-0.012129193470400012,0.034943099007576764,0.010787137780368047,0.08656298499622878,0.10542132301278281,0.0964090702593789,0.34684759513175323,0.8990471582338184,0.414233323341202,14.285714285714285,1175.8012798150014,47.62709563372047,,,,
2026-09-11 15:50:34.723237,device_0002,route_0031,event_042141,24.988540002005553,78.58015064286367,86.63240850732855,URBAN,RAIN,NORMAL,0.09920783593064461,-0.04103518132188007,9.661647635811153,0.3385604591359888,0.3161783651538243,0.30232152424777275,-0.010165948787416713,-0.004376923764955072,0.013082129042932726,0.09640512120684393,0.0873428091617464,0.0892683917198004,0.3276634665943728,0.924173928433083,0.45628952779852067,18.333333333333336,1189.0117987248957,50.462072844310214,,,,
2026-09-11 15:55:28.623237,device_0028,route_0031,event_045080,24.74181242771995,78.6750969663874,21.714880186145976,RESIDENTIAL,CLEAR,NORMAL,0.2128866843376051,-0.09179094195932408,9.764228404268518,0.3871752315228846,0.25099319995225505,0.27277182200559486,-0.048395844626578505,-0.022647962768340933,-0.04070058969992416,0.08948763691739392,0.10184073421461828,0.10593315408132854,0.2736968890495461,0.7850997348867033,0.436382507338735,6.140350877192982,1164.8650637957344,48.932706260641424,,,,
2026-09-11 15:08:04.423237,device_0004,route_0021,event_016638,28.36184935965139,78.73588418709106,21.009661741118006,HIGHWAY,CLEAR,NORMAL,-0.14008848484723954,0.0032709695363690016,9.670352120266902,0.25105840465564927,0.3287482903377214,0.3559949423914141,0.061263255841212144,-0.01092125458174127,-0.002505838842835722,0.12600254239907044,0.09075887532357316,0.0954140701690033,0.37433939113949016,1.0572588946993164,0.4518951387244118,15.833333333333334,1194.4208269519643,50.2335513967164,,,,
2026-09-11 15:14:23.023237,device_0025,route_0033,event_020424,30.223862076891535,78.05522924653403,20.056637729045352,URBAN,CLEAR,NORMAL,-0.13331454372407878,-0.08962596238041425,9.946617799090559,0.35696557351163066,0.34045585992569816,0.3366887117112882,-0.015851758419312027,-0.033471487343090495,0.00326971083210742,0.10333233907513294,0.11024183568231727,0.09739230140940697,0.3719365429770455,0.8533166343496408,0.4670825530503448,4.166666666666667,1191.6511525911126,50.35030585044683,,,,
2026-09-11 17:08:10.823237,device_0018,route_0023,event_088702,24.280223678821482,83.97795546535987,18.02208029526688,RURAL,CLEAR,POTHOLE,-0.1394764144123044,-0.10169367369966861,10.219172444847594,0.4359332180144856,0.3171220895082103,1.7366662685870116,0.029792069504654153,-0.03721789365707361,0.01455561727164223,0.11765522855439968,0.11233615510777871,0.11998280010241796,1.7999980670752838,6.023332041851658,1.4853946408697354,19.0,997.0437077419235,50.14825289178003,13.487993768409673,26.217013658557278,25.99705695135261,CRITICAL
2026-09-11 14:40:35.523237,device_0025,route_0044,event_000149,28.541887154920104,77.21725705167549,43.03621921369333,URBAN,CLEAR,SPEED_BREAKER,-0.07994968777534661,-0.05627970829984144,10.307836121421472,0.6373587393500199,0.47171024193325595,1.1477382705436736,-0.02323416954075167,-0.04774740965040554,0.037608052927427665,0.18538174573963007,0.16818440569935514,0.18359456078200148,1.298922421768301,4.40989244903264,0.8170150242784222,0.7142857142857142,1390.2596780229646,50.35030585044683,,,,
2026-09-11 14:43:16.723237,device_0010,route_0043,event_001761,28.36660516949139,77.26001193528015,9.907242632941037,RESIDENTIAL,CLEAR,NORMAL,-0.24839014205345633,0.06543258720915181,9.663879292352632,0.28339262861547115,0.2842359012729125,0.32278808399821346,-0.002800809072168417,0.05706656183832169,-0.031133381856665653,0.10385411301232739,0.11975083614677917,0.09786320392209923,0.3451549694386681,0.7998148230818707,0.42159811141361575,12.280701754385964,1171.7788575814213,48.64399082745811,,,,
2026-09-11 16:25:32.623237,device_0007,route_0014,event_063120,33.80006625828059,75.14415271009221,64.30473390406328,URBAN,CLEAR,NORMAL,0.14716462948608192,-0.1442263765469598,9.597413521040913,0.33287433107993314,0.3367811910566924,0.2850733640256151,0.028884355663459378,0.027054884640749063,0.02402916775234251,0.09299769755343938,0.09736898644351523,0.08628730909456052,0.34312723415252494,0.8949024728453416,0.4533679871873024,5.263157894736842,1156.3665497149682,49.29232864272136,,,,
2026-09-11 16:35:36.723237,device_0002,route_0033,event_069161,34.008692704462604,80.26524023245261,76.4718509777744,HIGHWAY,DUSTY,NORMAL,-0.0655123297219219,-0.1449734075455925,9.70845134690458,0.28810836310409055,0.27362469166523223,0.28852752904135165,-0.013196979806665737,-0.013360397581274507,0.03582893227624864,0.0976377796021955,0.11896442987389608,0.08135240404750296,0.30218360525765264,0.7464291503880087,0.4080243460577093,11.666666666666668,1189.0117987248957,50.462072844310214,,,,
2026-09-11 16:28:28.923237,device_0007,route_0046,event_064883,34.22974632879965,78.93242453459624,9.057351211777053,HIGHWAY,CLEAR,NORMAL,0.15948589061347268,-0.1478891335671347,9.598838208563604,0.3605251588315642,0.3101952562798507,0.3169756146044809,0.01129423934533309,0.01975560219814212,0.013674076158839596,0.10661399048057735,0.09630125045773481,0.10873830638165416,0.3667588634447341,0.8362662525137363,0.41967325724627563,2.631578947368421,1156.3665497149682,49.29232864272136,,,,
2026-09-11 14:44:30.123237,device_0016,route_0001,event_002495,28.435919016325045,77.28114824720883,72.06601563097858,HIGHWAY,CLEAR,NORMAL,-0.05050298996432539,0.06964890790237409,9.780074599415192,0.29151165997562206,0.28804015557429824,0.2856612126023601,0.007425584527998162,-0.04561366909491703,0.030900577989186613,0.09648883655350768,0.1197273954612615,0.09382242482378775,0.2864152202406658,0.6096016545556662,0.38456370514899696,20.535714285714285,1173.9088107441603,47.70387570777382,,,,
2026-09-11 16:54:10.223237,device_0028,route_0035,event_080296,23.448261264353125,82.43585280821496,78.13256743877027,HIGHWAY,CLEAR,NORMAL,0.13028471555433271,-0.09636399652065773,9.696039986196498,0.35571841458802156,0.3147042474079052,0.28101537146711686,-0.03295605493349043,0.007395403960037184,-0.047542388774334796,0.10038271408307546,0.10817947628743678,0.10602274745254027,0.29586992129280626,0.6618315539439443,0.43885925111974844,15.789473684210526,1164.8650637957344,48.932706260641424,,,,
2026-09-11 15:12:45.323237,device_0023,route_0047,event_019447,27.022376999244212,77.76794441578922,77.70830059488921,RESIDENTIAL,CLEAR,NORMAL,0.07932403905023043,0.011970233681014183,9.786081925925597,0.2884226138931568,0.2848465786616656,0.2657273989213246,-0.007041202525911885,-0.04143100613824044,0.018892685650476256,0.09255255560922643,0.09357887242737571,0.09262480902364538,0.2663093750885899,0.5508610458758199,0.3785750186700897,2.5,1182.7936295130366,50.72736147953584,,,,
2026-09-11 15:49:13.723237,device_0021,route_0028,event_041331,26.19107560529269,74.4847070663248,19.190439234404998,RESIDENTIAL,WET,NORMAL,0.02437110182152126,0.04920917814171104,9.825254829940478,0.3332987678586983,0.2656262192820447,0.2422360136841803,-0.035028727736891724,0.025116949606668555,-0.015251039216827368,0.10292025864442532,0.10005435724489331,0.10067512338240257,0.24412554548597892,0.7440756302122811,0.41143724807621335,1.6666666666666667,1182.3087711011192,50.74816449523607,,,,
2026-09-11 15:05:09.423237,device_0004,route_0008,event_014888,29.800085483994625,77.51383568803372,36.68842989477508,RESIDENTIAL,CLEAR,NORMAL,-0.11887251345357384,-0.03352768214042127,9.669029498748072,0.3096404343335629,0.29071147434284106,0.29881522818044975,0.036325964438073476,-0.03084913512392033,0.0227598333326728,0.09513476086612274,0.09251616390665815,0.10142154852015471,0.3225629475568886,0.8849693907731613,0.4420326475528045,22.5,1194.4208269519643,50.2335513967164,,,,
2026-09-11 17:08:04.223237,device_0011,route_0028,event_088636,23.314778648673112,71.35029921319725,18.13479179990575,RESIDENTIAL,CLEAR,SPEED_BREAKER,-0.0634159190876992,-0.10755875053307938,10.108657376943452,0.341067533774933,0.35808243096060216,0.559736746054969,0.0291286957328359,0.009901842201785917,0.011562160664989218,0.09569558424642399,0.08998271177682346,0.09498852460878113,0.647573773656615,2.4679941816445137,0.5509303225623551,1.4084507042253522,1366.3622214762734,51.962794992449886,,,,
2026-09-11 17:18:29.823237,device_0002,route_0037,event_094892,30.03762262844646,68.7157646187848,42.21062512634415,RESIDENTIAL,CLEAR,NORMAL,-0.06854811957563658,-0.1670843613069681,9.803401746674696,0.2777426468251272,0.3205163973151007,0.32538569127509936,-0.013063127930500384,-0.008606187289828319,0.04993209739239234,0.10073953681863801,0.12517875456906094,0.11554150668091757,0.32547580230884715,0.7737298677420661,0.45446713346968187,19.166666666666668,1189.0117987248957,50.462072844310214,,,,
2026-09-11 17:14:53.723237,device_0012,route_0032,event_092731,33.778132753377555,83.65690675878122,72.28721173440591,URBAN,CLEAR,NORMAL,0.18730729542723998,0.22578112544005888,9.668615805044054,0.37409492351166,0.30633895726846927,0.33970846797584864,-0.05555363688084532,-0.046167032932302864,0.014821834881423837,0.12285292565994382,0.10019229553102163,0.10716123157881934,0.3569649281226874,0.877202257711172,0.5144978214636982,12.5,1178.0852418549218,47.53476065265595,,,,
2026-09-11 15:28:53.623237,device_0010,route_0026,event_029130,26.567900063178907,78.96788538861003,57.92730898753781,ARTERIAL,CLEAR,NORMAL,-0.16391149621913115,0.03493202999343097,9.716618041352039,0.33712343317566884,0.34391732217210114,0.363420840690553,0.0020746224973329495,0.030981323906900234,-0.026990620721083693,0.1059913634062095,0.10469481852482808,0.10294583107248835,0.36997235192251465,0.8888283211429364,0.50285394801089,5.263157894736842,1171.7788575814213,48.64399082745811,,,,
2026-09-11 16:52:02.823237,device_0019,route_0011,event_079022,23.89711954071234,71.89868096977776,41.36608907981938,URBAN,WET,NORMAL,-0.22182785613561615,0.16728163595333617,9.97297429210039,0.32147415512846667,0.3357265491489977,0.3769295408660084,0.027359383342826768,-0.019375012305146242,-0.015114350282115526,0.11974682009275694,0.10605261873485927,0.10228376769629033,0.42364531641930886,1.2799804619018555,0.48273825959843963,17.21311475409836,1174.5353318231532,51.93543212132559,,,,
2026-09-11 17:01:54.223237,device_0023,route_0041,event_084936,27.006822070461777,84.63097717994631,9.11887494804844,RURAL,DUSTY,NORMAL,0.11943807161837183,0.04785365231725809,9.848781454713976,0.3039808175785089,0.3316411971171993,0.2985269943723156,0.00015933345912282627,-0.04836835742055972,0.031446659788725254,0.10502388077328897,0.1110240145847703,0.0955802238116759,0.3046425807642056,0.7476619285756723,0.42592342897763397,8.333333333333334,1182.7936295130366,50.72736147953584,,,,
2026-09-11 15:08:22.723237,device_0015,route_0027,event_016821,28.05685140032307,78.4988492715036,20.86372248089148,URBAN,CLEAR,NORMAL,0.10601756313055827,-0.15855557182697075,9.630685470249961,0.3151896171837459,0.2873740194576373,0.3474349321049299,0.006631964711428243,0.04732999957221559,-0.0355883208748628,0.09549197459151905,0.09731827114511836,0.100864584138789,0.3794961433587295,0.8877480797897146,0.4548863053140087,1.7543859649122806,1170.7151707482878,48.688187719961995,,,,
2026-09-11 15:41:33.923237,device_0015,route_0034,event_036733,27.63157247303658,74.09380700313612,39.023302742967644,HIGHWAY,WET,NORMAL,0.21057359997502625,-0.09339610133165206,9.673497264857051,0.30163213298250785,0.34037162366302803,0.3453225217760372,-6.791023545885919e-05,0.05269375950539446,-0.023990031275887197,0.10529093558970966,0.09408986325436956,0.089644837495482,0.36016462663737286,0.7641941347964014,0.4704613735608886,22.807017543859647,1170.7151707482878,48.688187719961995,,,,
2026-09-11 15:06:20.823237,device_0011,route_0014,event_015602,29.82452511105578,76.71135112728571,79.2833866113815,RESIDENTIAL,CLEAR,NORMAL,-0.06428634084348353,-0.13363652358822356,9.993137721748752,0.3117889075015145,0.34123697106172035,0.2569967402473968,0.03373616955249458,0.004098726548072156,0.011148747247337125,0.09432732000912099,0.10135232322458369,0.09184576948472216,0.3288755506833615,0.6921473152368662,0.4539627871418276,22.950819672131146,1173.916838169756,51.962794992449886,,,,
2026-09-11 15:27:53.923237,device_0009,route_0035,event_028533,26.72471040272076,79.12898877794495,62.019271888756656,RESIDENTIAL,CLEAR,NORMAL,-0.19154497265553272,0.0982385810863324,9.881998707310544,0.32855635757812496,0.30796193293901786,0.31414570004515596,-0.0005056963140834328,0.029207474202899986,0.011128091138886787,0.13602910662705003,0.10098865261871173,0.09921059500712216,0.325931180779715,0.8300665033566137,0.42561211161241674,2.6785714285714284,1175.8012798150014,47.62709563372047,,,,
2026-09-11 16:36:37.523237,device_0005,route_0010,event_069769,31.523794414206442,82.76186670317682,72.07211006245825,HIGHWAY,WET,NORMAL,0.1806924408325227,0.03271202285023878,9.97205094148373,0.31288492749615154,0.3013152298522956,0.30289594166257156,0.07269701602336114,0.01932038509837191,0.03696139585859475,0.09670631257978987,0.08289105240674037,0.09818876118245128,0.3542553473476532,0.8508344798913363,0.4461964900002417,8.928571428571427,1173.3612685170888,47.72613644455269,,,,
2026-09-11 14:59:21.123237,device_0026,route_0018,event_011405,29.457452184328364,77.68925235964568,40.784158142203,HIGHWAY,WET,NORMAL,-0.037972902969660716,0.14914414056222017,9.720133762533093,0.39457893812721645,0.3318983067810573,0.3523471838029281,0.0032542644169131323,0.004078914689529406,0.03375581082724345,0.09358136651308602,0.11288093527744417,0.1090172836580611,0.3596117793573847,0.8194373349211315,0.4954112436128397,8.771929824561402,1156.2462834189637,49.29745575609877,,,,
2026-09-11 17:21:45.823237,device_0025,route_0038,event_096852,35.267924234793945,82.89275226068847,9.418949013136334,URBAN,WET,NORMAL,-0.04265491720059597,-0.08484999006487924,9.94700607962921,0.3348820518431036,0.32171824899111817,0.23846490353355826,-0.024407894134156078,-0.03127555440412369,-0.005287547808099527,0.1185770968183368,0.11153421043632128,0.107442911097902,0.2863941924729146,0.6645326465444441,0.409356477462535,23.333333333333336,1191.6511525911126,50.35030585044683,,,,
2026-09-11 15:07:13.623237,device_0003,route_0041,event_016130,28.383437458954432,78.59819289157782,63.37756345916957,RESIDENTIAL,RAIN,ROUGH_PATCH,0.025171497943312138,-0.1390164954636647,9.597407862680226,0.7997197035064785,0.5677683471161168,0.935457401098171,0.06464684564492246,0.007004512300946154,-0.03705861456783872,0.20066902502207587,0.25016662922579164,0.2562962201635365,0.9335581764279025,1.943973369725886,0.37946304150367693,1.8181818181818181,1080.1009728827094,50.92116513256079,,,,
2026-09-11 15:13:19.823237,device_0015,route_0042,event_019792,30.33337659323569,77.43745483824343,75.01477390390758,HIGHWAY,CLEAR,NORMAL,0.12614720279587885,-0.1339308031073488,9.642495292142543,0.3133957323736491,0.2924811304499687,0.271938161275596,-0.014577825527862761,0.06304448933220179,-0.04761578973193014,0.09213314619888954,0.09493657912683111,0.0839291617636281,0.30839617568025635,0.7914311042839266,0.42029451576566684,1.7543859649122806,1170.7151707482878,48.688187719961995,,,,
2026-09-11 17:09:38.323237,device_0011,route_0005,event_089577,24.315570972356817,70.44497905546321,9.628754683707752,URBAN,CLEAR,NORMAL,-0.0138754832576673,-0.10944566480724323,9.954747480559977,0.3138043413708443,0.38083631187924855,0.31265055842965706,0.02685428068203952,-0.004668999337890618,0.038187817164494806,0.0973974110330164,0.1133041179422349,0.10507545586405756,0.35447895504973254,0.8398979801319619,0.46936636271049154,4.918032786885246,1173.916838169756,51.962794992449886,,,,
2026-09-11 15:47:16.923237,device_0010,route_0024,event_040163,28.70533185715207,73.58295083092285,10.470267916614247,URBAN,RAIN,NORMAL,-0.17475839472928065,0.024094126830185966,9.64295896533055,0.3227714225048553,0.30582551180053447,0.32905458996649545,-0.0007085869763213574,0.03641536907218965,-0.04412392798625529,0.10738340183957117,0.10577676771002605,0.09412713470540938,0.3619423242152857,0.8541720090142988,0.4902236949902345,10.526315789473683,1171.7788575814213,48.64399082745811,,,,
2026-09-11 15:33:18.223237,device_0012,route_0029,event_031776,27.235529691798803,74.64904905386624,10.966930626054552,HIGHWAY,CLEAR,OTHER_ANOMALY,0.4856516628082263,0.44602939882995735,10.328450984469235,0.8571017657797994,0.7013281114070646,1.5243436710539227,-0.04454275638412127,-0.052714928512247426,-0.0009386562843963457,0.3607372968371211,0.3228696759229313,0.2873958705118879,1.7226074687558566,4.5590463945609,0.5685114798005216,1.1904761904761905,883.5639313911913,47.53476065265595,,,,
2026-09-11 15:22:33.623237,device_0028,route_0025,event_025330,26.257682975140295,77.2143000557663,9.167401914632759,RESIDENTIAL,CLEAR,NORMAL,0.16044693065410742,-0.05237908234816149,9.697393311778894,0.2973322503783662,0.325739947306687,0.33771914606768494,-0.022919227507157112,0.016837550330650115,-0.03350974134668649,0.10755294359893397,0.10819461195182944,0.10530088782368115,0.3494868036342674,0.9002367598031995,0.4553444015812483,14.912280701754385,1164.8650637957344,48.932706260641424,,,,
2026-09-11 16:52:16.223237,device_0010,route_0029,event_079156,25.2420857546337,70.88313458497066,9.824768964178276,URBAN,WET,NORMAL,-0.18089503875581736,0.04729128738765486,9.721441717365636,0.3316210326332509,0.28306007212080336,0.2872391502156736,0.002088514771601028,0.032621313311477634,-0.03373574824005044,0.10772048657960008,0.10303266779849125,0.11786306078892508,0.29624670951123155,0.7236421809237736,0.442242369396245,13.157894736842104,1171.7788575814213,48.64399082745811,,,,
2026-09-11 16:06:29.123237,device_0028,route_0047,event_051685,24.235143129369444,78.56543734591236,38.019449989597625,URBAN,CLEAR,NORMAL,0.17492995569143083,-0.04226810949226754,9.688882001744666,0.3194747089380473,0.2960342635284342,0.2509479915114874,-0.019567587990052152,0.013383140484999202,-0.038266726474365055,0.08190808587896434,0.09235964268479861,0.09390810396296904,0.2709936686885951,0.7087768485669148,0.4215575962855078,23.684210526315788,1164.8650637957344,48.932706260641424,,,,
2026-09-11 16:46:10.423237,device_0027,route_0015,event_075498,22.034035347594283,78.99819597591967,10.148326384603017,URBAN,CLEAR,NORMAL,0.08192658021552011,0.13132031724170232,9.928367704123621,0.30229394553231215,0.3518603155344155,0.26971171475899636,0.04115132961335533,-0.0030933944545597507,-0.023833437897337564,0.09716802771536935,0.08043030747827733,0.0939073680050651,0.3025559777155488,0.7478809995342726,0.44413844157197957,3.3333333333333335,1176.2437718505519,51.009834386288524,,,,
2026-09-11 14:48:13.323237,device_0012,route_0002,event_004727,28.278576906263154,77.32214765453594,40.5263422107026,RESIDENTIAL,CLEAR,NORMAL,0.13494861814925804,0.16016003440482512,9.755679704908713,0.289327321032476,0.33587942797771203,0.32124673427255035,-0.03539237200799155,-0.016563934613735544,-0.02856575289793094,0.09707605585132323,0.09079217310524576,0.12043747160867857,0.31991567493320816,0.7385074241149301,0.45360360652986065,16.07142857142857,1178.0852418549218,47.53476065265595,,,,
2026-09-11 17:02:20.423237,device_0024,route_0021,event_085198,27.129130683814314,84.77682059283272,40.498845292751724,RESIDENTIAL,CLEAR,NORMAL,0.13592140316067572,0.19939446835721303,9.918220605058256,0.32534480598436816,0.2667832361066718,0.3274479390286946,0.0015757714184700111,-0.055064139334515275,0.030764346783628802,0.09866272809537101,0.10046905473314102,0.11207595117974144,0.35299247051626775,0.7103071920538522,0.44171182792403163,23.770491803278688,1165.9444844817242,52.318099885446266,,,,
2026-09-11 15:40:00.123237,device_0015,route_0037,event_035795,29.135724216854967,73.95315696494818,19.943777073427462,URBAN,CLEAR,POTHOLE,0.11651849789957427,-0.1591623767224499,9.740067687970267,0.30224321148417904,0.37514451231634544,0.392289191269455,0.014740493263699873,0.02305995769344539,-0.03081054671538211,0.12001292778251971,0.1033346693039246,0.11844016411245933,0.40754686913201665,1.2155897530875048,0.47994103397547805,3.1914893617021276,965.3265443012199,48.688187719961995,1.1442378124770824,2.275887315542759,1.7720373679747048,LOW
2026-09-11 15:00:46.223237,device_0013,route_0010,event_012256,29.12371892640168,78.18000970707531,9.767983263736076,ARTERIAL,DUSTY,NORMAL,-0.0799372671546525,-0.09875052300104963,9.702715619566169,0.26780020588812115,0.3494020217552462,0.29006505664073257,-0.0005013101855858749,0.04558721034421062,-0.010442785335792399,0.09497890083685782,0.10062805680465037,0.10116599566718355,0.3039071560008449,0.7340697855424523,0.44591903838334274,21.052631578947366,1155.7611609067421,49.31814801189647,,,,
2026-09-11 15:39:52.423237,device_0019,route_0002,event_035718,25.694034455708,78.36492473151812,39.25906029457578,HIGHWAY,CLEAR,NORMAL,-0.19397539725135535,0.18830125203015252,9.932155341982183,0.3352442637536234,0.33237822525001715,0.2595641097285376,-0.004806647677320397,-0.004045671280365349,-0.009258776951157474,0.09893346215049847,0.11429774962159904,0.09109924818788961,0.29852846426744195,0.617650615760315,0.4326012769597972,10.655737704918034,1174.5353318231532,51.93543212132559,,,,
2026-09-11 16:37:55.723237,device_0017,route_0001,event_070551,22.347627803479778,76.65546119933609,60.869833769881566,HIGHWAY,DUSTY,NORMAL,0.0627728937858458,-0.1513936809811188,9.821808405569037,0.2591844936214199,0.29881822667328534,0.33194527834200294,-0.02333962971415869,-0.0029130961483251963,-0.03603085205242178,0.09468734043651217,0.10492375640849098,0.11607418031498815,0.3332001737370218,0.7105310079279477,0.44911774705842566,19.672131147540984,1168.9485129122031,52.183649943683676,,,,
2026-09-11 16:10:58.023237,device_0004,route_0002,event_054374,24.13807915563885,78.99265443962199,36.3877680124466,RESIDENTIAL,CLEAR,NORMAL,-0.13665913600483717,0.06299736355489216,9.553806527121406,0.38247967072345856,0.2801439007874806,0.3188391746755319,0.052617477132918006,-0.034564929897238604,0.012161543042218335,0.1135529662431738,0.09431129518207974,0.12190150520620173,0.3975997021377562,0.8623977448086304,0.46493327956442604,14.166666666666668,1194.4208269519643,50.2335513967164,,,,
2026-09-11 15:46:29.723237,device_0011,route_0036,event_039691,32.23221982982938,76.98484578179401,75.5523973349146,HIGHWAY,CLEAR,SEVERE_POTHOLE,-0.07340659135529463,-0.30517615251407115,12.369511475354969,0.44495101874512977,0.8582249693820245,9.856242041512989,-0.04500237931682947,0.08699644139717481,0.06961275280667795,0.6554166181279001,0.7525092407128502,0.8117981818207228,10.218550491269593,43.29843172712164,5.2607724352778105,1.0,962.2269165325869,51.962794992449886,13.64490310045952,27.17212498070663,33.599760387610694,CRITICAL
2026-09-11 17:16:30.823237,device_0027,route_0016,event_093702,36.87985526897805,75.15164468439608,55.65136516948826,URBAN,CLEAR,NORMAL,0.09547648514009505,0.1550071019342438,9.94298359191323,0.3099512312016557,0.314574136589692,0.3322946859928861,0.025563826254633614,-0.023128993693813434,-0.008120965458056883,0.1163666353908059,0.10869469503069902,0.10087004455099872,0.3650073905832487,0.9423824574338333,0.4445940775996956,4.166666666666667,1176.2437718505519,51.009834386288524,,,,
2026-09-11 16:43:09.723237,device_0011,route_0035,event_073691,23.86573178471263,82.01428871188284,41.751470373221906,URBAN,CLEAR,NORMAL,-0.0728916571355412,-0.13340580329162433,9.865407637146301,0.2716669274841916,0.4128973154108527,0.2994955811083854,0.03074683162213021,0.030223023707636663,0.04074986031977075,0.09067163089542739,0.10086409593961261,0.10203152589176039,0.3117479821964889,0.8183423378381356,0.4932321040336625,15.573770491803279,1173.916838169756,51.962794992449886,,,,
2026-09-11 17:23:47.623237,device_0022,route_0019,event_098070,32.15830614604584,69.00769917054642,9.059948922953172,URBAN,DUSTY,NORMAL,0.062378373776387816,0.06951153468426972,9.651904648154819,0.35037276226082653,0.32668360244242767,0.3232930395832681,-0.010301719026640243,-0.0057829426134831784,-0.0436260004503684,0.11689998289309486,0.1008090762111375,0.09502960314786321,0.3499779294345338,0.8295815997998393,0.49140137041524506,12.295081967213115,1173.9747253078074,51.96023277588557,,,,
2026-09-11 14:41:18.123237,device_0024,route_0000,event_000575,28.474217527062464,77.20216137579446,39.941084275500394,HIGHWAY,CLEAR,NORMAL,0.169706076767954,0.10705621032968665,9.958155632676487,0.3053085211176656,0.35128518183447466,0.32801234999891177,-0.016519422718577335,-0.06103406538483208,0.05579303945226256,0.1065016056542433,0.11458632470457321,0.10759616687506363,0.36972826906712236,0.8044528622792217,0.472591820394071,20.491803278688526,1165.9444844817242,52.318099885446266,,,,
2026-09-11 17:01:21.623237,device_0018,route_0019,event_084610,31.68144821507352,70.1203882370767,10.116201275393406,RESIDENTIAL,CLEAR,OTHER_ANOMALY,0.3754339838993441,-0.00648478990938431,10.54964676770975,1.0188645478257532,0.46389820371117957,1.436990587143982,0.052667559170501005,-0.009503214318231411,0.05314281753252957,0.3336457594879759,0.29649110295942,0.2736848750452118,1.701512044801751,4.6481113044094275,0.5999910934100344,2.2222222222222223,897.3393369677311,50.14825289178003,,,,
2026-09-11 16:23:17.523237,device_0006,route_0044,event_061769,33.98075792673361,76.15487517552076,40.732432333322464,RURAL,CLEAR,POTHOLE,-0.05245977567738555,0.0003934895156306633,10.04582877642826,0.3216154248495694,0.449065471730819,0.6982278169810061,-0.04967627390452344,-0.01904128938489533,-0.0371103511021296,0.22515709656303112,0.17703671079148628,0.2205350428796604,0.7760675864835567,3.8495143191226315,0.6711071918628674,9.574468085106382,981.7693121927355,47.87275321839885,3.661297920140939,8.32601207176083,6.185198796676723,MEDIUM
2026-09-11 15:34:06.623237,device_0021,route_0008,event_032260,31.297332684437077,77.95896542500628,81.87811090288804,URBAN,CLEAR,NORMAL,0.08779594056766042,0.0801313385350791,9.855338560751461,0.3155786501889199,0.2519452052590828,0.27500181199656465,-0.04434394073881214,0.04007279117778939,-0.02136939980822623,0.09819607700506539,0.08564677228740447,0.08683063391036432,0.28181425828238926,0.6262916966489058,0.4029328158959712,1.6666666666666667,1182.3087711011192,50.74816449523607,,,,
2026-09-11 16:57:20.523237,device_0023,route_0036,event_082199,36.040243308931,76.6492679292627,41.12070930314864,URBAN,CLEAR,NORMAL,0.10310519717982274,0.05715770970146309,9.849116219679887,0.3180083763107825,0.3181298646873068,0.3363865188235027,-0.001178589308461033,-0.04488267246235319,0.028912840814148185,0.10065307974815416,0.09560899427570564,0.09624607654908665,0.34029888654383966,0.8589734183161291,0.4699157209180505,7.5,1182.7936295130366,50.72736147953584,,,,
2026-09-11 15:40:49.623237,device_0018,route_0045,event_036290,25.508966461890243,78.16738150338774,82.94608404194418,URBAN,CLEAR,ROUGH_PATCH,0.0155037616184963,-0.14488117392108732,9.989047907352806,1.4097701250889145,0.7224231983859386,0.8873205424234973,0.034815695780605053,0.00948080707336581,0.03660731547588656,0.214269610354521,0.21391741833640127,0.2407412603881756,0.9194673844591663,2.5721856692930345,0.4857183184210332,1.8181818181818181,1096.7480785161158,50.14825289178003,,,,
2026-09-11 16:51:05.523237,device_0011,route_0018,event_078449,34.89365449007369,80.29715254049951,19.262375824698534,HIGHWAY,CLEAR,NORMAL,-0.08796658756507997,-0.1425718371644309,9.948524566020208,0.27383805267680933,0.2937005357416192,0.3057701054837358,0.019478084525590342,0.0011147413065211715,0.05380421185087226,0.09749647960381302,0.10752329633655303,0.09202030097630243,0.3434104016075306,0.9969652440192966,0.4402146767712832,21.311475409836067,1173.916838169756,51.962794992449886,,,,
2026-09-11 16:20:26.123237,device_0019,route_0021,event_060055,27.58124032421437,82.56155345083448,65.08525191170338,RESIDENTIAL,CLEAR,NORMAL,-0.17055005808036136,0.16233121585582727,10.008499224381112,0.33358582379206114,0.34277997491351997,0.27684438425152613,0.011641990520857652,-0.018364933856333077,-0.007768014260332351,0.11635590386249478,0.10542510118670535,0.11025517677313708,0.35418762799652215,0.7946317853534062,0.4628124728680567,5.737704918032787,1174.5353318231532,51.93543212132559,,,,
2026-09-11 15:56:55.423237,device_0029,route_0032,event_045948,31.157722117581248,80.36545833056093,59.903656787069934,URBAN,CLEAR,NORMAL,-0.16679024139390697,-0.17508972982839255,9.934746027213485,0.3099000405123699,0.3702584790548345,0.3371506932754472,3.343618352927707e-05,-0.04074700835267748,-0.007521061716831747,0.09581943514529594,0.10244161510083667,0.11906262122135987,0.36678668152632793,0.9204079720820388,0.47450027821463925,4.166666666666667,1185.4321676861896,50.614452379095,,,,
2026-09-11 15:27:18.323237,device_0006,route_0023,event_028177,27.219807736183153,79.39677265374014,37.986945458358946,RESIDENTIAL,CLEAR,NORMAL,-0.10573859787409552,-0.0948044338574705,9.96114304813976,0.3241569517701584,0.2984573619484472,0.2761247545202654,0.00037674562735853394,0.009499110434924922,0.006108612012356886,0.09239760426228827,0.10262237929912443,0.09532263995635501,0.3236017033086982,0.6990888991627191,0.3936485400186351,6.25,1169.7676911232593,47.87275321839885,,,,
2026-09-11 17:01:06.923237,device_0018,route_0029,event_084463,25.018860015115262,70.46136623828636,18.06424241856553,RURAL,CLEAR,NORMAL,-0.06395878088208791,-0.11367230390770763,10.041308788838283,0.28751914509933746,0.35535727303588965,0.325473975570141,0.01673563717365447,-0.0374317695085472,0.012081824151551544,0.09593851611067875,0.10013376275081327,0.09849507505156807,0.4128786896058448,1.124143407238666,0.47527475980352085,5.833333333333334,1196.452449290308,50.14825289178003,,,,
2026-09-11 14:41:18.423237,device_0004,route_0007,event_000578,28.56588753706404,77.19937797993067,56.97104119671312,RURAL,RAIN,POTHOLE,-0.2309001934754699,0.22624246821185243,10.44137626867067,1.0539683413106293,1.2491280366829813,3.5405941924585584,0.06833178913823434,-0.028745948496755616,0.007787855620406443,0.2935396164637321,0.2954825500200746,0.22449754479364525,3.80534759894988,16.598577117263403,2.5426405085963504,1.0,995.3506891266369,50.2335513967164,11.625192029136588,32.70201639018557,28.19641765190274,CRITICAL
2026-09-11 15:31:56.523237,device_0005,route_0022,event_030959,31.443172350920037,77.10463682284906,9.422921258036673,ARTERIAL,DUSTY,NORMAL,0.17549053592625732,0.05599712068585563,9.936080412208414,0.28619801031136566,0.3865338065259159,0.3307929376089587,0.04785651494933464,0.011561785268723094,0.030610316189208054,0.10426065299335412,0.10361318837754004,0.11059347516244679,0.36312063412392376,0.8254269978279787,0.4431838585255646,0.8928571428571428,1173.3612685170888,47.72613644455269,,,,
2026-09-11 16:27:29.623237,device_0014,route_0038,event_064290,33.02588125256402,81.00914106618706,64.98640584865596,RESIDENTIAL,CLEAR,SEVERE_POTHOLE,0.18349775723295206,-0.12115798382543977,11.327882331710397,0.34044074775362776,0.2766761552197634,8.16256562975091,-0.11638390241525065,0.12297266606946693,-0.0925693706442395,0.8679646496144918,0.5911905751608086,0.6181924046961816,8.306524656135387,39.89159454324471,5.250047172804436,1.0638297872340425,984.1408063405715,47.75739375624995,14.497858469487053,35.37918932605268,26.022637765612444,CRITICAL
2026-09-11 15:04:33.723237,device_0020,route_0040,event_014531,28.50502062998099,75.93247309246803,42.525543181792116,RESIDENTIAL,RAIN,NORMAL,0.08272092854794273,-0.20254353273912346,9.558270688450033,0.35289549029106976,0.2835899131502135,0.2759626999194757,0.004986864288909389,0.019861964045463587,-0.046319716202408434,0.10497551354787453,0.09310479873246869,0.102533401344386,0.3585148132195336,0.9185293419069129,0.43475260940035226,5.357142857142857,1178.3195617621582,47.52530791923109,,,,
2026-09-11 15:10:13.923237,device_0028,route_0030,event_017933,30.027341689249457,78.1413970740244,83.08373195812362,SERVICE_ROAD,DUSTY,NORMAL,0.15727069053261308,-0.06730258748152723,9.807799379286031,0.32134477818347984,0.3085842093709172,0.3242092286920703,-0.03715158754551492,-0.005857168673654361,-0.049042711250039756,0.09201779991615687,0.10053669869313119,0.11202553228888779,0.32374668003793466,0.6473962120673704,0.4728578716669425,23.684210526315788,1164.8650637957344,48.932706260641424,,,,
2026-09-11 15:36:21.423237,device_0000,route_0000,event_033608,25.599774596520348,76.45192626762756,76.39351423220072,URBAN,RAIN,NORMAL,-0.06622917340351324,0.20669956744282736,9.897056880601745,0.31615180023723494,0.28427409629260697,0.27897203873166065,0.00936430195460092,-0.023840583641302534,-0.04540331108353123,0.09927531146053557,0.11611114533372283,0.10168302508526732,0.2969462139057182,0.7514021436567333,0.4205064334862028,6.666666666666667,1187.9876613670087,50.50557505871605,,,,
2026-09-11 16:03:36.523237,device_0004,route_0026,event_049959,25.13032576020263,80.16940473612968,10.983082794708166,HIGHWAY,WET,ROUGH_PATCH,-0.11861402625918527,0.033642713302526654,9.617123143795501,0.9788730489920174,0.3530170657664919,0.8923336235000172,0.012228020657417044,-0.012352142304223369,-0.04418552142965155,0.18149764462014573,0.18513922257635262,0.16201761436791934,0.8762005639091643,1.805034641605035,0.4161665567848813,1.8181818181818181,1094.8857580393005,50.2335513967164,,,,
2026-09-11 16:31:20.423237,device_0020,route_0006,event_066598,23.061588251753953,75.25070568215409,77.38647933899696,RURAL,CLEAR,NORMAL,0.04455835902372663,-0.1089830266832751,9.671665095311116,0.28504740812668555,0.2852839980058409,0.32492905932166816,0.02281929788280788,0.00462890939721453,-0.025005317485887673,0.09885979895487731,0.08666942078265034,0.10964097674334619,0.3462767067109961,0.7901147192471427,0.40536229754015574,0.8928571428571428,1178.3195617621582,47.52530791923109,,,,
2026-09-11 17:25:29.523237,device_0005,route_0014,event_099089,36.809299941577414,73.9578756546572,9.187831698842315,URBAN,DUSTY,SPEED_BREAKER,0.18002169186619107,0.16665404939496628,10.11032272531944,0.29031082213426646,0.29799335725810555,0.41001860372025317,0.03529389988358324,0.007222648605623844,0.051942637779713544,0.0813079997787877,0.09270317877928987,0.07331946368639937,0.5210710329473838,2.228147311764703,0.45110168633381864,2.2727272727272725,1382.890066466569,47.72613644455269,,,,
2026-09-11 15:37:45.723237,device_0020,route_0011,event_034451,26.546105548149306,74.90680525845876,10.289336565001314,RESIDENTIAL,CLEAR,NORMAL,0.05976282229304298,-0.19239242152392522,9.74795727586069,0.32706331041954495,0.32222448809343895,0.3027377295447056,0.048407084717652774,0.011195280284614395,-0.05476541284797115,0.09711912913904609,0.10516089327097086,0.10398528779035822,0.3056562336976282,0.6903473357179575,0.44557014684087565,2.6785714285714284,1178.3195617621582,47.52530791923109,,,,
2026-09-11 15:37:08.623237,device_0020,route_0015,event_034080,25.631255347469743,78.03212657929927,59.71949157500763,RESIDENTIAL,CLEAR,NORMAL,0.04949312606018553,-0.18213144604733497,9.611474369670079,0.3179308339362542,0.26431052673651645,0.2896572411886787,0.029468374754704627,0.02491985162021051,-0.06766940141801515,0.094343127703089,0.10079806745886306,0.09268740377855272,0.33739067735005046,0.7717739622567787,0.42485993000898087,5.357142857142857,1178.3195617621582,47.52530791923109,,,,
2026-09-11 16:26:19.323237,device_0011,route_0017,event_063587,33.16307939006485,80.50665888591477,86.70156481999624,RESIDENTIAL,CLEAR,SPEED_BREAKER,-0.21048073619326207,-0.2572987845724933,10.671454644811615,1.1951363322981226,1.1166555905592805,2.1702064632223856,-0.022892085010506776,0.005758225506858916,0.12076444257794425,0.33851379960107203,0.339268844382942,0.3708096085697783,2.56349062722025,9.27391189223286,1.6813757485859269,1.4084507042253522,1366.3622214762734,51.962794992449886,,,,
2026-09-11 14:47:29.923237,device_0012,route_0016,event_004293,29.076776433100665,77.09297495302206,72.50498765570799,URBAN,CLEAR,ROUGH_PATCH,0.05744616239328911,0.21073520564630638,9.675983945678391,0.7456399401978062,0.5894382603017491,0.9103114528420578,-0.04556485442075961,-0.04236162001567458,0.004710840471164082,0.2086524951667503,0.1951020712035992,0.19662955622740455,0.9220633202120293,2.0856567668651476,0.4677663123911829,1.9607843137254901,1072.8990595464466,47.53476065265595,,,,
2026-09-11 16:35:30.823237,device_0021,route_0023,event_069102,25.23192999760769,82.49436868374532,83.22912140006885,RESIDENTIAL,CLEAR,NORMAL,0.07840429599008099,0.08020467422466795,9.851083812165173,0.31220260474064876,0.31826004084035275,0.29486833802734824,-0.03723655848869182,0.00949948815770097,-0.01819358944695826,0.10249577345950724,0.10130672932581754,0.10345722764806119,0.3025487069399706,0.7546734415945657,0.45716244382293064,10.0,1182.3087711011192,50.74816449523607,,,,
2026-09-11 17:04:21.723237,device_0028,route_0047,event_086411,21.23262727069742,79.42455104083304,9.979872046367941,URBAN,CLEAR,NORMAL,0.12489736688416882,-0.0005127599829137249,9.776578624149199,0.339404036436329,0.27271878226230506,0.29068486832296137,-0.01492797837600443,0.0017231860688743058,-0.04792384756673605,0.09606779998651765,0.10345973623813781,0.10006400970721163,0.29265843595061397,0.7168572363357022,0.43040555848555667,4.385964912280701,1164.8650637957344,48.932706260641424,,,,
2026-09-11 17:26:08.223237,device_0013,route_0004,event_099476,33.557226456318766,84.58794681895495,41.61941327409181,RESIDENTIAL,CLEAR,NORMAL,-0.04435381931087343,-0.10846376819474408,9.652011470950043,0.36387142789172794,0.30609864562222594,0.3023530136187363,-0.014846511491103795,0.06534493303348346,-0.03949897541544412,0.10111570531856408,0.11012110864854578,0.10874725987171863,0.33030242062082527,0.6420545942445735,0.4859653357200624,20.175438596491226,1155.7611609067421,49.31814801189647,,,,
2026-09-11 16:10:13.523237,device_0008,route_0016,event_053929,33.408426304022406,76.01535674473546,20.76729572484636,HIGHWAY,WET,ROUGH_PATCH,0.20406261482523688,0.0784852487085402,9.771883118319684,0.8158436059785159,0.3343738786473523,0.8673665098696912,-0.04535950245588458,-0.018387949306481858,0.00879563165148946,0.15745286427177665,0.15628033432995772,0.16139355878319497,0.8657676753368526,1.9690101488579472,0.3957013058213305,1.8181818181818181,1058.9943878699921,51.936063712881634,,,,
2026-09-11 17:05:27.623237,device_0010,route_0012,event_087070,20.759805945639908,77.0799434910991,19.000355610303345,RURAL,CLEAR,NORMAL,-0.20103127136029061,0.02639228609315708,9.643317466911173,0.33690944135325307,0.3370589978096701,0.2862940920329632,-0.015100219359545766,0.049809132212881795,-0.028464979410590452,0.08136473295007642,0.11271553003011775,0.09678744190183065,0.3188757671389226,0.8750397149452436,0.4442139907320463,7.017543859649122,1171.7788575814213,48.64399082745811,,,,
2026-09-11 16:28:48.923237,device_0001,route_0020,event_065083,24.502483662724387,73.00829229414583,18.762698912422003,URBAN,RAIN,OTHER_ANOMALY,0.37679829062525155,0.2814098788468338,10.52098923581136,1.5245111119369135,0.4808082405517226,1.3969137891416517,-0.03817836432898764,-0.04950363874505176,-0.10792615248948839,0.21696900619995535,0.18859084275698598,0.2991404235381527,1.7536285136134842,4.818831550375048,0.6616502944152802,1.1904761904761905,845.7557894484236,49.659725093210575,,,,
2026-09-11 15:31:31.823237,device_0000,route_0034,event_030712,27.778565034378712,74.61500983323975,54.51185615100482,URBAN,RAIN,NORMAL,-0.01923193998308875,0.183668157717322,9.844362103486594,0.3198709929584572,0.29436892144208554,0.35644416178578414,0.023448455305518246,-0.033909613687562984,-0.03364512425227147,0.10153044404784813,0.09950491019995183,0.08313874453876262,0.35959604771964915,0.9946157795832864,0.4448879491739348,1.6666666666666667,1187.9876613670087,50.50557505871605,,,,
2026-09-11 16:02:18.823237,device_0019,route_0039,event_049182,32.66526367512302,78.73504848622811,54.919325149660764,URBAN,RAIN,ROUGH_PATCH,-0.07778805114796639,0.15940908557635208,9.996063416491143,0.630036412942767,0.5589495949846619,0.9061255457034697,0.015462515885866177,0.025557805238801683,-0.004069092862156891,0.21947378792403882,0.21821184280234368,0.22996307406754007,0.9273829499679985,2.299104645230617,0.41322119651434486,1.8181818181818181,1059.007266397925,51.93543212132559,,,,
2026-09-11 16:15:44.023237,device_0012,route_0037,event_057234,29.462962035605756,72.05320750294977,9.258151435885408,RESIDENTIAL,CLEAR,NORMAL,0.1602365278607303,0.17878856320783357,9.768258916478752,0.34870032534413903,0.3420800173714839,0.32167351235162056,-0.019789236944277,-0.029708824136314736,-0.04498569935709894,0.11259206575841402,0.09726681975516803,0.1033876350144987,0.3221739518149112,0.7124420920671444,0.468477396143768,8.928571428571427,1178.0852418549218,47.53476065265595,,,,
2026-09-11 15:06:26.923237,device_0003,route_0010,event_015663,29.266094594606287,78.45180137890024,85.63585404817609,URBAN,WET,NORMAL,0.10326042189726438,-0.11975307718904647,9.584582798369128,0.3106127971219204,0.33900973502321724,0.3410151781403015,0.024913748235588947,0.023902405165980373,0.05524928819923424,0.10498884171551988,0.09920257783874871,0.10071033032341277,0.3938566196944222,1.0782273245994105,0.4589536335193855,1.6666666666666667,1178.291970417501,50.92116513256079,,,,
2026-09-11 15:13:37.223237,device_0010,route_0037,event_019966,28.89378937027331,75.3562376496432,59.80280504917686,RESIDENTIAL,CLEAR,SPEED_BREAKER,-0.2117230731318446,0.07604060477269381,10.267507977739736,0.8203824536666341,0.7337928349218518,1.7666163051610706,0.021322369745316642,0.06239744640265954,0.00961015972783891,0.19475675377669605,0.2087474559705719,0.22693545961259992,1.9321856337312704,6.396022934860536,1.1949594365221006,0.7575757575757576,1356.7965719363824,48.64399082745811,,,,
2026-09-11 17:13:31.823237,device_0011,route_0002,event_091912,21.00720804019217,80.25588044944661,82.40232130377407,HIGHWAY,CLEAR,SEVERE_POTHOLE,0.21146199427810022,-0.28515619409625714,14.200636800077078,1.2179370253496273,0.641167403309571,17.345210271648657,0.0045253972108868605,0.10247630659873538,-0.0755205609470115,0.6596008656029589,0.7919498278867755,0.8091576642261405,17.865206592050757,73.6751493751513,8.943565803995293,1.0,962.2269165325869,51.962794992449886,21.997950743593993,44.06674470983794,36.80726813650923,CRITICAL
2026-09-11 17:13:36.323237,device_0006,route_0009,event_091957,20.523722090171084,78.58571737407951,18.29475247440431,RURAL,WET,NORMAL,-0.1147059240951529,-0.03821853162164921,9.932317461284606,0.29958605824253154,0.31731261561238916,0.31763998509421515,-0.011602836983160081,0.014213083891754593,0.02564317256735554,0.10658451313229289,0.10365373942063535,0.09573674647500278,0.3467392168639384,0.9810411408745825,0.4656544156587106,16.96428571428571,1169.7676911232593,47.87275321839885,,,,
2026-09-11 16:55:55.223237,device_0013,route_0008,event_081346,35.528912770781474,79.21749543636619,79.95428401624422,RESIDENTIAL,CLEAR,NORMAL,-0.045645528950507185,-0.08187970529137722,9.644884809569636,0.3115832082294612,0.2748550327344169,0.30952576040341734,-0.0025319200639162933,0.06372742139924333,-0.007407047904454908,0.08443909223696713,0.08828866969252014,0.10080172291676863,0.34424913088380504,1.000521065935672,0.411024569587051,11.403508771929824,1155.7611609067421,49.31814801189647,,,,
2026-09-11 16:12:33.123237,device_0004,route_0035,event_055325,25.02892396571061,80.84071214093086,36.40776337191629,URBAN,CLEAR,SPEED_BREAKER,-0.207448272671852,-0.02203529147841734,9.901367746851156,0.5572290882546194,0.5045281131343395,1.0220536695274725,0.04271892986969282,-0.008332150836441319,0.016971874028186403,0.1649697935155739,0.11998975126059427,0.11459375800362398,1.0683816770383465,3.9845200324174357,0.7523238548750841,0.7142857142857142,1393.4909647772915,50.2335513967164,,,,
2026-09-11 15:30:06.323237,device_0007,route_0022,event_029857,31.344316944727275,77.11027545874889,20.38587812592567,RESIDENTIAL,CLEAR,ROUGH_PATCH,0.125048187177329,-0.13439964094240608,9.665494527485711,1.0795141363077547,0.6657242685761569,0.9684418282377873,0.08932421761691825,-0.010378486281162466,0.10501730072321241,0.1831273090904794,0.16384397848021107,0.2688741450286325,0.9472633729980925,2.192108587549276,0.42021911142774104,1.923076923076923,1054.9308874592693,49.29232864272136,,,,
2026-09-11 16:39:02.823237,device_0027,route_0042,event_071222,34.94517659801349,77.79032852879226,39.567031829536475,URBAN,RAIN,NORMAL,0.10739933836243284,0.2150759107149774,10.023410959584302,0.3110063508587431,0.28730583432339524,0.323211951744226,0.04094605869663481,0.015606544479652408,0.025036627562066704,0.0932970565870376,0.10705835887856899,0.10156624205400526,0.4006058031339541,1.1004125516538075,0.45426294963360137,15.833333333333334,1176.2437718505519,51.009834386288524,,,,
2026-09-11 16:07:46.423237,device_0025,route_0030,event_052458,32.63607002234373,79.82463497607178,9.899123871405802,ARTERIAL,CLEAR,NORMAL,-0.09654231300635527,-0.060612372018953704,9.824070939155964,0.33560511066575816,0.3902998984457539,0.3884311950052529,-0.007826317770190858,-0.0454928915405562,0.011121779471242633,0.09307946875683915,0.12105877673317875,0.09894027941732891,0.38979633716960976,0.9416956092889617,0.5557979988934013,8.333333333333334,1191.6511525911126,50.35030585044683,,,,
2026-09-11 17:07:35.123237,device_0026,route_0038,event_088345,34.68233968665426,82.40069975800616,20.22243896720355,RESIDENTIAL,CLEAR,NORMAL,0.0029278917713807646,0.23515998264623184,9.70476403118709,0.2609551050064692,0.32104850922660094,0.2957189791658658,-0.009200898115159265,0.024396053558149132,0.023954972594185445,0.09173779040906385,0.12251590203034901,0.10385494121590294,0.3053617565812281,0.846942827312926,0.4056459545874235,7.894736842105263,1156.2462834189637,49.29745575609877,,,,
2026-09-11 16:57:36.923237,device_0013,route_0014,event_082363,35.40982948448441,74.50936350739772,64.02064654063832,RESIDENTIAL,CLEAR,NORMAL,-0.026804863697227208,-0.1199589719236652,9.671216079026868,0.351520020688938,0.2819086968334855,0.3098845786116696,-0.013262749408102441,0.029850131244065384,-0.007287559245610376,0.10075759991959778,0.0859356795085745,0.08594899149253629,0.332050266558918,0.7538145304838455,0.44943971199620475,21.929824561403507,1155.7611609067421,49.31814801189647,,,,
2026-09-11 16:29:15.523237,device_0002,route_0026,event_065349,24.06837088406045,81.05698695973892,36.36941422134002,URBAN,WET,NORMAL,0.065810580598541,-0.14761183636266395,9.714772744889236,0.2619270127285947,0.3026391984561501,0.2998935823978766,-0.03210094466351154,-0.02099097543879282,0.02942765860959717,0.10168299382732914,0.09987122840130792,0.08927599792840822,0.30690358863372097,1.0477636467017408,0.4221088508356662,21.666666666666668,1189.0117987248957,50.462072844310214,,,,
2026-09-11 16:19:45.523237,device_0015,route_0043,event_059649,23.23931982655981,76.35821016974953,55.24302702844076,ARTERIAL,CLEAR,NORMAL,0.10610309693430463,-0.0666705905980999,9.658732924240741,0.30015102600778737,0.3067626434582985,0.34266247859100907,-0.004411758192916013,0.06609468233074085,-0.04344994512897015,0.09606803744067251,0.08735845972478007,0.10625406528139884,0.3652844471502398,1.1494022259239998,0.43841638599190336,11.403508771929824,1170.7151707482878,48.688187719961995,,,,
2026-09-11 15:55:15.823237,device_0017,route_0031,event_044952,24.752723170903653,78.67073445589502,9.06640478140199,URBAN,WET,NORMAL,0.035531540077807025,-0.16631578981849227,9.838591079399736,0.35708596174769647,0.3340822071280965,0.31336944314123644,-0.020010148850581472,0.008987125848963617,-0.03453093168708855,0.11186088988126695,0.10351980262501026,0.11015033886022865,0.3176610810979347,0.6306860452932366,0.47641411528124145,0.819672131147541,1168.9485129122031,52.183649943683676,,,,
2026-09-11 15:46:13.123237,device_0007,route_0046,event_039525,32.04140061005557,78.29054209252013,37.17413613446539,HIGHWAY,DUSTY,NORMAL,0.0613475893224262,-0.12222595574478351,9.588798445508505,0.29844853638038193,0.28429940554288186,0.3211269479719581,0.010831985513528533,0.013204218867781229,0.020695426154356635,0.09490728384708612,0.0931074154317458,0.12288614878099247,0.37870603411038717,1.0881938693514552,0.42687014217607794,21.929824561403507,1156.3665497149682,49.29232864272136,,,,
2026-09-11 15:03:34.123237,device_0012,route_0021,event_013935,28.410447882028908,78.49765737139167,54.986343595466735,HIGHWAY,CLEAR,SPEED_BREAKER,0.1495224013655332,0.08837519048521052,10.222070657912866,0.7737085636010157,0.7087325562845147,1.3037514643234696,-0.047985023676191736,-0.007580478894416084,-0.06939971319295915,0.26778903776964935,0.21654062140816877,0.257666746070321,1.4624491407884375,5.897503413407966,1.0011868378419606,0.7575757575757576,1388.4576064718722,47.53476065265595,,,,
2026-09-11 17:16:38.623237,device_0006,route_0048,event_093780,20.354040792399196,79.05345645253583,57.04927111845044,HIGHWAY,CLEAR,POTHOLE,0.1363379687862743,-0.25344951617104744,10.49847916392822,0.8760928967659438,0.5210869418034965,3.1264842754215523,0.01496429155292672,0.035226632636646195,0.07080459456168954,0.29035651940768686,0.2911511957953378,0.256308971903992,3.2908787480114308,16.22970050222749,2.30250861983848,2.127659574468085,981.7693121927355,47.87275321839885,11.835550746144701,18.9303868168042,18.394197545785914,CRITICAL
2026-09-11 17:10:09.023237,device_0008,route_0032,event_089884,33.618777330326395,83.45656665102328,18.030816081663637,RESIDENTIAL,CLEAR,NORMAL,0.1366746421584441,0.022295286751471174,9.73682918677894,0.3018866878373581,0.3152779661748591,0.335359238830154,-0.054482027888286495,-0.027169980797601353,-0.008972640450081677,0.11113849561669002,0.10861075624648793,0.09905845288339625,0.33757294286818745,1.0128460611255363,0.45863105776418106,2.459016393442623,1174.5210483649005,51.936063712881634,,,,
2026-09-11 16:55:34.923237,device_0009,route_0046,event_081143,35.632582846177726,79.34482297587546,19.021786171928984,RESIDENTIAL,CLEAR,NORMAL,-0.16628247625645762,0.06323179307724715,9.888445130485627,0.2679651129155764,0.2900755275242607,0.2839495450255358,-0.003330637594926225,0.04271011702608596,0.002737377044401562,0.11814223080346849,0.09650017181424415,0.08440169027705141,0.30046335070174723,0.8087820381998441,0.3716421106189179,4.4642857142857135,1175.8012798150014,47.62709563372047,,,,
2026-09-11 17:20:00.523237,device_0013,route_0042,event_095799,37.1490113696045,77.95882683031708,60.016540463656426,URBAN,RAIN,NORMAL,0.0004616922717790933,-0.08168154694917587,9.636638774307198,0.3426300265467274,0.30536876911005745,0.2705716874280749,-0.019963675760948665,0.04500966920780924,-0.025829691311441635,0.10923426359082866,0.09648983726538649,0.10896225171341112,0.30764119384317995,0.7770807836909626,0.4172038928635837,3.508771929824561,1155.7611609067421,49.31814801189647,,,,
2026-09-11 17:09:21.023237,device_0002,route_0047,event_089404,20.973781409979146,79.49846770717676,19.419030157274747,URBAN,CLEAR,NORMAL,0.018094704419479524,-0.15115183568654056,9.662453753204382,0.2955350252899598,0.272757319348006,0.3035466600216802,-0.018238147762315866,0.011046515994747015,0.016918650782354733,0.09623706872762222,0.10275971331359007,0.10197963217259755,0.3288144414788988,0.8327096003001024,0.4091425494145079,6.666666666666667,1189.0117987248957,50.462072844310214,,,,
2026-09-11 16:12:22.923237,device_0019,route_0009,event_055223,23.783875312933596,78.05208852780787,39.01780373026812,URBAN,CLEAR,NORMAL,-0.16528665824142896,0.1838713635118938,9.917290772275022,0.303172285318945,0.3131180592866845,0.3242341468400907,0.023070321698689836,-0.0032051876404916224,-0.01067164677804896,0.10826437587194072,0.11120772935441671,0.08923491397287422,0.3504004945089484,0.899154909637577,0.419809716995446,4.0983606557377055,1174.5353318231532,51.93543212132559,,,,
2026-09-11 16:43:05.123237,device_0024,route_0017,event_073645,33.892131797388316,81.04190901034247,18.7732134227455,RESIDENTIAL,CLEAR,NORMAL,0.179679676043604,0.25717090862589653,9.969575916387656,0.2950226950354668,0.29662958386018884,0.28960509553413155,-0.012119396920028383,-0.03797557773531186,0.0435384360799937,0.09272751565439517,0.11882125047273792,0.09108778747668983,0.3407187372104603,0.8829586947257297,0.4231612803027732,18.0327868852459,1165.9444844817242,52.318099885446266,,,,
2026-09-11 16:30:49.923237,device_0017,route_0013,event_066293,34.030978368377,79.6992294675252,80.45099625539216,HIGHWAY,CLEAR,ROUGH_PATCH,0.1084819405220988,-0.2162997437160342,9.760499176747407,0.9886530903477495,0.5392090931651339,0.6525814442825061,-0.02224497988214644,-0.016079236739852586,-0.036075367963905265,0.11946911429588473,0.16720294302339012,0.174017356640893,0.6503901282244722,1.6001253598252134,0.4437385636561205,1.7857142857142856,1073.1330610341536,52.183649943683676,,,,
2026-09-11 16:29:34.523237,device_0027,route_0031,event_065539,23.02460401923763,79.33568348018385,84.70251257521767,RURAL,CLEAR,POTHOLE,0.06166587379792636,-0.010445879222141694,11.32191430409515,1.2884579517452996,1.090769175863296,5.719085185086871,-0.03275593248161371,-0.04057062453446306,0.06629051497165483,0.506546174401089,0.3870725402887358,0.3215597521025964,6.074840309610678,25.576316439719267,3.2990869801423015,2.0,980.2031432087933,51.009834386288524,13.825317559947894,34.7045893550273,23.658281667063854,CRITICAL
2026-09-11 15:27:11.623237,device_0024,route_0005,event_028110,27.27179326213251,75.11587836996455,10.029309344200815,URBAN,CLEAR,NORMAL,0.17592144889407452,0.21096156405560604,10.004115468034325,0.33327647907505586,0.32958690879947417,0.30774751773889303,-0.008349530054054494,-0.03937410357243987,0.02523080845959,0.10633976904416227,0.10187738507673887,0.09841869745315908,0.37662471087015986,0.9486936380524789,0.46291635241315215,13.934426229508198,1165.9444844817242,52.318099885446266,,,,
2026-09-11 15:50:13.423237,device_0028,route_0022,event_041928,32.42790836892609,77.04571975308926,80.71994832702245,URBAN,CLEAR,ROUGH_PATCH,0.1237776148775427,-0.041880265773513475,9.734994649536533,0.953752332595649,0.5138687544932148,1.3713437970768123,-0.10969222813815413,-0.04180158283322863,-0.05619548239216577,0.19858026519796299,0.22943582845978164,0.17508502025656625,1.3581402189935117,3.3124961016131778,0.43759873488979845,1.923076923076923,1062.68391784874,48.932706260641424,,,,
2026-09-11 17:04:35.223237,device_0009,route_0027,event_086546,25.411408704864613,84.18394479897421,43.796165907990876,URBAN,CLEAR,NORMAL,-0.09585532954425455,0.008488374699039852,9.949825678178582,0.30583583198798203,0.35581374290596196,0.3360729510945293,0.01571591419119092,0.026813503097679825,-0.009685380652251926,0.10204490479010614,0.11759843829834418,0.1027685176315018,0.37343097332592523,1.002866983596748,0.4966655784125643,17.857142857142854,1175.8012798150014,47.62709563372047,,,,
2026-09-11 16:57:59.123237,device_0025,route_0011,event_082585,23.68521634935126,71.65821915707913,38.627525713918935,RESIDENTIAL,CLEAR,NORMAL,-0.17460432789068756,-0.06040228947778954,9.931049540107269,0.33247076785401575,0.34361485989790197,0.34678100437667275,-0.020622160276622115,-0.021086054537524445,0.012126393545210582,0.0889227204299037,0.1078032871697086,0.10062589839638063,0.377075000079236,0.9192346251900769,0.4986188794640405,20.0,1191.6511525911126,50.35030585044683,,,,
2026-09-11 15:44:40.923237,device_0018,route_0049,event_038603,32.057473856635774,76.56842833156439,10.09636381159812,HIGHWAY,CLEAR,ROUGH_PATCH,-0.022270367495197438,-0.204822163424803,10.009119343127908,0.8267686390112472,0.5805045118716933,0.8417542005909687,0.02591819987470216,0.02699040271585414,0.008770402600352953,0.14231757351163632,0.16781793722389388,0.13642402681514842,0.8603598401481353,2.1205547624660745,0.38924552156484665,1.8181818181818181,1096.7480785161158,50.14825289178003,,,,
2026-09-11 17:13:06.323237,device_0017,route_0033,event_091657,35.75592603225067,81.28540356976369,18.555804239028117,RESIDENTIAL,CLEAR,NORMAL,0.1415330509650535,-0.19647313302394379,9.789448117657065,0.26542911644553246,0.3522642707001654,0.31253857055652584,-0.02033429431669267,0.008029064976324777,-0.03880482485516173,0.10823000287684544,0.10889194651120208,0.0965609174493692,0.3144533507424446,0.8993074368190541,0.42154748631038996,3.278688524590164,1168.9485129122031,52.183649943683676,,,,
2026-09-11 16:24:59.223237,device_0009,route_0044,event_062786,34.070402536655294,76.13750344329742,21.50870124115439,URBAN,CLEAR,NORMAL,-0.11078628572482319,0.08032955314087635,9.88704217762081,0.3022738089396033,0.3386999310645457,0.25721134804507334,0.015497710892504723,0.02163837156420036,0.0059435218843227255,0.09324223560197077,0.11527347327046658,0.10063408491754075,0.27488629274331716,0.6987235648022949,0.40647900327949454,0.8928571428571428,1175.8012798150014,47.62709563372047,,,,
2026-09-11 17:00:54.623237,device_0019,route_0018,event_084340,35.37145441307162,80.52616860154659,19.857003105053273,RURAL,CLEAR,NORMAL,-0.15104960211197843,0.10818364800773231,9.951722308739555,0.29789115671250016,0.30238527058506476,0.33898154898970395,0.011952592530392438,-0.021224710732984653,-0.013716101755226353,0.09554455649688987,0.09363143361092059,0.09596102201860605,0.3737320546815638,0.869310059134131,0.44175147301301637,14.754098360655739,1174.5353318231532,51.93543212132559,,,,
2026-09-11 15:46:48.023237,device_0007,route_0043,event_039874,24.990759533236318,76.66636593322549,10.8597961146438,URBAN,CLEAR,NORMAL,0.11898762626012052,-0.05719781818059067,9.56577689384608,0.3064912471053422,0.3039180503632214,0.3593401748759507,0.044505654520195406,0.015483017716789376,0.033510465786457215,0.09367907705128702,0.11167626321305833,0.07721519043345888,0.4245117568422205,0.952338827411527,0.45534104897897004,1.7543859649122806,1156.3665497149682,49.29232864272136,,,,
2026-09-11 16:51:07.423237,device_0021,route_0013,event_078468,35.02004059995822,80.16889624123058,41.7869313496853,ARTERIAL,CLEAR,NORMAL,0.08309282325003502,0.07416239807009375,9.889323648501557,0.3014217740560004,0.31832583048840496,0.26829431000704357,-0.03463686194415001,0.017394776910082985,-0.02594206444851394,0.11129170352039662,0.1046198561628641,0.09588132802853962,0.2866810321314634,0.8578460893000699,0.4329062929727745,13.333333333333334,1182.3087711011192,50.74816449523607,,,,
2026-09-11 15:33:03.723237,device_0023,route_0037,event_031631,29.072062863562874,74.32220200831455,21.296925902337982,ARTERIAL,CLEAR,NORMAL,0.15102388503805797,0.07842297977424324,9.777410261108438,0.27832914389050883,0.2738238466437102,0.25754664798782273,-0.006908794288017982,-0.022249443663070113,-0.0018079030490235994,0.0946623363478542,0.11137822623701923,0.10372831600052315,0.25728108909554726,0.745045455468091,0.3861372012024808,10.0,1182.7936295130366,50.72736147953584,,,,
2026-09-11 15:05:15.823237,device_0012,route_0047,event_014952,27.41111202792761,77.65703426317444,10.820680131732217,URBAN,CLEAR,NORMAL,0.20069144641258788,0.2222088192848227,9.731934985315638,0.28758666189268123,0.3392660284892691,0.3410057240192385,-0.04266187229156813,-0.01823068063413102,0.002919701675068724,0.10292344453930058,0.09917566280874547,0.09676086901166804,0.34738018924315206,0.7614508853810662,0.4161220336383683,9.821428571428571,1178.0852418549218,47.53476065265595,,,,
2026-09-11 15:45:53.723237,device_0028,route_0011,event_039331,26.25618624089822,74.57743396496026,86.32845472193526,RURAL,CLEAR,NORMAL,0.15651533339363094,-0.004780521010839573,9.711023295332142,0.32602533479991397,0.31543729481702465,0.352698793360717,-0.05176097636628556,0.01984590358857045,-0.03401569592539983,0.11033283673485739,0.09212998435323269,0.10248561639996892,0.36075278233016117,0.7643865668891969,0.47562266110500645,21.052631578947366,1164.8650637957344,48.932706260641424,,,,
2026-09-11 16:01:19.323237,device_0028,route_0003,event_048587,30.7662956336794,73.55428376464107,74.9268444201631,URBAN,RAIN,ROUGH_PATCH,0.2233074402930546,-0.04649144110748198,9.818460572669666,0.9671079737748293,0.5811209477065179,0.8077981701253767,-0.04387724926080206,0.037311964175599115,-0.0707086562839071,0.1998204314496642,0.17548986835263547,0.19773507600960394,0.802753589283768,2.0291496688687864,0.3778279357462242,1.923076923076923,1062.68391784874,48.932706260641424,,,,
2026-09-11 16:59:40.023237,device_0006,route_0018,event_083594,35.31109776682636,80.49736487705266,21.209997940016972,HIGHWAY,CLEAR,NORMAL,0.011089627730628854,-0.0457288981408983,9.943356945207857,0.29360156290397954,0.24693617930748019,0.3415101922737577,-0.02006175057145473,-0.04688412133181753,0.014686424949185716,0.10505220219000731,0.10667391345242307,0.09942040222394635,0.37464965597582084,0.8236038357128912,0.41238883822551053,0.8928571428571428,1169.7676911232593,47.87275321839885,,,,
2026-09-11 15:49:29.323237,device_0019,route_0032,event_041487,30.907758419923034,80.05130736809025,9.99616562828349,SERVICE_ROAD,WET,NORMAL,-0.21886798122127465,0.09519303895507603,9.954469517700112,0.3648105921136385,0.32119270550922385,0.35900825811549536,-0.007363435028182553,-0.03238009456929371,-0.006150772308464595,0.08722489620775886,0.09495828605530694,0.10773572895893445,0.3936499830290407,0.8844244566942852,0.47488629204746435,4.0983606557377055,1174.5353318231532,51.93543212132559,,,,
2026-09-11 15:46:23.323237,device_0023,route_0048,event_039627,25.097960605301086,77.95234866356402,74.24364622035372,RESIDENTIAL,CLEAR,ROUGH_PATCH,0.14073198377885202,0.06253192960800838,9.806656302885687,1.3282552276550847,0.663377886607358,1.1925779946713513,-0.018897386091262597,-0.02195418373662955,0.03586353139953958,0.1865207759390829,0.21694776988035455,0.18452000151721343,1.1729123842755422,2.937158433076503,0.4306929829412185,1.8181818181818181,1084.2274937202837,50.72736147953584,,,,
2026-09-11 17:06:50.023237,device_0027,route_0028,event_087894,23.359937638190335,71.3994570916055,39.35853168664594,RESIDENTIAL,CLEAR,OTHER_ANOMALY,0.4673422457270404,0.3302905065867291,10.40110761888943,0.7208243028953013,0.6939891774334851,0.978484304972588,0.08332427757995467,-0.0954990922434576,0.04981587297005507,0.2944425012602997,0.23491710232418553,0.21650642385231653,1.2450407746775334,3.304309605690886,0.49458457209457246,2.2222222222222223,882.182828887914,51.009834386288524,,,,
2026-09-11 15:24:10.923237,device_0003,route_0001,event_026303,26.306157178267252,77.06227077864695,72.66233627048251,RESIDENTIAL,CLEAR,NORMAL,0.03142680947794521,-0.08910279659434642,9.67356390186893,0.3331603314629045,0.32055550931085336,0.2996278432749691,0.06056538845701782,0.06735394331747137,0.039235065244943905,0.10480656620285798,0.09401887226181393,0.08716517859539265,0.3187133531641559,0.7497751972782609,0.47102272523130373,10.833333333333334,1178.291970417501,50.92116513256079,,,,
2026-09-11 16:32:40.923237,device_0015,route_0023,event_067403,25.31461279932259,82.36577549695355,20.006673577970247,RESIDENTIAL,WET,NORMAL,0.14483814423974495,-0.057962931362691754,9.663703696210774,0.3267393336818066,0.33472416234640423,0.3329120485509701,0.013711225445366564,0.042315109388409294,0.012533557330604003,0.09170949752147338,0.10569071449958928,0.10795005300318489,0.3506278455817118,0.7550277988304153,0.46868325521341286,1.7543859649122806,1170.7151707482878,48.688187719961995,,,,
2026-09-11 17:23:49.023237,device_0006,route_0015,event_098084,20.07228467395555,79.52505360123627,63.87865993012096,URBAN,CLEAR,SPEED_BREAKER,-0.17255031174770794,-0.12079525603199867,10.491723380930855,0.9235432685789273,0.5801265870471021,1.6503693629563891,-0.034843609968921045,-0.0005339813790547118,-0.000658370535765927,0.25722293346082936,0.2346982080133905,0.21924169649927433,1.8938921214174287,7.2977785914438655,1.1429307501547092,0.7575757575757576,1378.6547788238413,47.87275321839885,,,,
2026-09-11 17:19:40.723237,device_0007,route_0046,event_095601,36.88015570660433,79.71092638632095,72.16599358437344,RURAL,CLEAR,SPEED_BREAKER,0.33129794493337883,-0.1768813208946745,10.180624531696228,1.087918305036016,0.8944440824048968,1.6619050660909715,0.02131915216793508,0.01774365180355109,0.08168967031183168,0.2537791664122472,0.2683598584914903,0.29047011277225454,1.8863550187319331,6.930393762198818,1.306105684838924,0.7462686567164178,1359.237874226366,49.29232864272136,,,,
2026-09-11 14:48:42.523237,device_0016,route_0000,event_005019,28.087516798137095,77.1012690348647,62.35343292842384,URBAN,CLEAR,NORMAL,-0.0217602715518675,0.06596224310385625,9.96977488426567,0.27102714522326377,0.33354108911296604,0.3357225055177945,0.0037993944876183986,-0.04688477739494078,0.0263627583193179,0.09628229814000731,0.08949761446471173,0.10375630531276124,0.3822726148373784,1.0513961364382247,0.42233471204086803,5.357142857142857,1173.9088107441603,47.70387570777382,,,,
2026-09-11 14:49:02.923237,device_0023,route_0045,event_005223,28.189346430747275,77.38050075879555,41.45841821228703,RESIDENTIAL,CLEAR,NORMAL,0.05387460651042034,0.019761424781412885,9.858026115573495,0.30466061373215025,0.33651223420423326,0.2987480508326175,-0.001208844764896165,-0.006751947036220088,0.02070307248797333,0.10217171674703135,0.11077652517189457,0.10045499325312562,0.30404936899107615,0.674892560228205,0.45651871834838725,10.833333333333334,1182.7936295130366,50.72736147953584,,,,
2026-09-11 15:06:38.623237,device_0005,route_0019,event_015780,29.24212973147959,75.80931440848562,10.45017104357161,URBAN,CLEAR,SPEED_BREAKER,0.15467014452101444,0.0948976267044727,10.145617350970259,0.2551574314513721,0.28173588208520356,0.5856448745064314,0.041299364786848376,0.02478544041106144,0.029928581003083262,0.06492158473805823,0.07566208888155404,0.07768340649894696,0.6850429830601426,3.208261256249843,0.47893830190047604,0.7575757575757576,1382.890066466569,47.72613644455269,,,,
2026-09-11 15:56:16.223237,device_0023,route_0020,event_045556,25.713081534600516,74.28038268424915,58.14816105774951,URBAN,CLEAR,NORMAL,0.10394576311528488,0.04260109089264589,9.816893364540894,0.2688563723704328,0.30808479163030067,0.2929473109277625,-0.005626175040230742,-0.026564012216201464,0.035435275365530365,0.11430560100904093,0.08963735158382975,0.09955657987404333,0.2951138002923925,0.9720670277542354,0.4151875487371446,1.6666666666666667,1182.7936295130366,50.72736147953584,,,,
2026-09-11 15:01:50.223237,device_0018,route_0021,event_012896,28.42932118150781,78.40592553571472,18.997582007486876,HIGHWAY,WET,NORMAL,-0.08360328800821039,-0.20411626365328125,9.926676555226033,0.35293764508192915,0.4090622439955349,0.2846439151576874,0.0250896626576493,-0.040850307942844194,0.011979344285190487,0.08752226664162462,0.1181515353757555,0.10466089980898302,0.3205378959554264,0.9206675095910324,0.5222617904425139,14.166666666666668,1196.452449290308,50.14825289178003,,,,
2026-09-11 15:37:31.023237,device_0020,route_0045,event_034304,25.67962914491348,78.11725737446216,39.19984613091324,RESIDENTIAL,WET,NORMAL,0.09399353123557337,-0.16691589033461682,9.654862812612745,0.2931782128133113,0.36114785730708887,0.37431612542087744,-0.001576784401514966,0.01059227817136232,-0.057559791528734076,0.1096428028149824,0.10835192876466528,0.10031253279871798,0.39822410262346075,1.020076154137449,0.5090716961949269,8.035714285714285,1178.3195617621582,47.52530791923109,,,,
2026-09-11 17:15:52.823237,device_0017,route_0042,event_093322,36.92687579404275,77.94191964982728,9.933059571425192,HIGHWAY,DUSTY,SEVERE_POTHOLE,0.03902508542709057,-0.2160105165654467,9.995335852771776,0.29333095747713817,0.29863880554624267,2.3438126825674837,-0.008350143723667929,0.04914913979042585,-0.024946138565259443,0.10682817738460068,0.10648633141880152,0.12711786162326227,2.347050164818125,8.756901573789756,2.2794368176741537,20.0,958.1545187804943,52.183649943683676,14.448863325760058,40.13790778459577,27.77074005736757,CRITICAL
2026-09-11 14:49:13.023237,device_0004,route_0013,event_005324,29.078015315386242,77.34704582860553,84.65295581537886,RESIDENTIAL,CLEAR,ROUGH_PATCH,-0.14691865873899831,-0.042132864477058087,9.587777275177073,0.7389074676987751,0.41512354259019907,0.823781473178854,0.036948599191896296,-0.005491844120851556,0.015192369557347415,0.20535257895888354,0.22646822394634825,0.1982574767033652,0.8244806956184262,1.876871974876213,0.4164492778285112,1.8181818181818181,1094.8857580393005,50.2335513967164,,,,
2026-09-11 16:08:33.123237,device_0022,route_0022,event_052925,33.41527889163762,76.9865995901433,10.255198153178418,HIGHWAY,WET,NORMAL,0.11208771981286032,0.0045141784893190165,9.600938663255908,0.3479155053665036,0.30118072566477794,0.33352539616408144,0.00887284652548226,-0.027942491892934268,-0.006090167926565617,0.09330428435931118,0.0931607789642814,0.1018995937827374,0.38219939411809567,1.1308192687154612,0.4644832787903132,15.573770491803279,1173.9747253078074,51.96023277588557,,,,
2026-09-11 16:25:07.023237,device_0011,route_0041,event_062864,27.448301171425317,82.69569074620117,82.74928291765991,URBAN,CLEAR,NORMAL,-0.12444633030108962,-0.14320617843777125,9.940686880023005,0.3607198692841732,0.3985023027917696,0.31956695210902875,0.03360556831471474,0.011685707636610192,0.017710938466068197,0.0997185387321224,0.107789950445314,0.09254277970549835,0.35279497083394395,0.8063895803437617,0.5333603486849625,23.770491803278688,1173.916838169756,51.962794992449886,,,,
2026-09-11 14:53:42.423237,device_0013,route_0036,event_008018,29.39471627687771,77.2349386097258,72.70071052650039,RURAL,CLEAR,NORMAL,-0.038666820120345835,-0.10133371254461393,9.666122744193547,0.287528855327855,0.33780400194941146,0.3037470346724591,-0.03939562229527059,0.05840747815154123,-0.016809021187506448,0.09740422933386529,0.1263821702999595,0.10537103556034831,0.3303119722109474,0.6864906347946977,0.45816135529618385,19.298245614035086,1155.7611609067421,49.31814801189647,,,,
2026-09-11 16:58:35.023237,device_0004,route_0041,event_082944,27.0466866130434,84.45643899717078,62.96067721399056,RESIDENTIAL,CLEAR,NORMAL,-0.16506555016029859,0.027210409101435927,9.602379789063399,0.31422526717967747,0.2687112883165497,0.2847572069862328,0.05705248604391686,-0.004632414763388862,0.014735003610089205,0.0894134686787213,0.09982046671574119,0.09706633512894709,0.3419421866911216,0.8162216508981874,0.4183948553476112,10.833333333333334,1194.4208269519643,50.2335513967164,,,,
2026-09-11 17:10:58.223237,device_0028,route_0035,event_090376,22.81001600387886,83.07967491496895,40.80889357747121,SERVICE_ROAD,WET,ROUGH_PATCH,0.10884169241408549,-0.11116328888580106,9.687257724336886,0.5340166298774094,0.7126090648343136,1.2437908171751626,-0.06489441690611158,-0.05470891899141336,-0.013834625344870333,0.2237476008060723,0.15690416486615988,0.20448323978600205,1.233458037722094,2.7488554437204797,0.4052100099475045,1.923076923076923,1062.68391784874,48.932706260641424,,,,
2026-09-11 15:49:52.623237,device_0014,route_0040,event_041720,28.444183225704506,73.4881192135404,21.19439360079418,HIGHWAY,RAIN,NORMAL,0.1680581213519196,-0.054392065444278846,9.824212708391586,0.2993537377430921,0.3100732337794481,0.3289888353376986,-0.02340588825950588,-0.02818158774727768,-0.04646411673659491,0.09357475890269584,0.09344227610018863,0.10227451479912096,0.3310609890891411,0.8459604534440199,0.43401303945078706,13.392857142857142,1172.5933011717448,47.75739375624995,,,,
2026-09-11 14:41:47.223237,device_0018,route_0015,event_000866,28.516126785887298,77.25804451963678,38.21232071216479,HIGHWAY,RAIN,NORMAL,-0.09128158539254662,-0.14404470764030278,10.035629150230276,0.33956185746886675,0.32983250682685494,0.29442476278211477,0.07203736420044678,0.008125443048289138,-0.006971903712213948,0.08879963496158151,0.10073424451930993,0.10636256628001549,0.38514791467134535,0.8981502039593234,0.46471714960381794,15.0,1196.452449290308,50.14825289178003,,,,
2026-09-11 17:24:24.923237,device_0016,route_0034,event_098443,26.12485720420902,68.75248340756266,85.43425158864241,URBAN,CLEAR,NORMAL,-0.024426065671491578,-0.009384249441736808,9.780469631311778,0.3173775457086942,0.3028858970262725,0.3139307977484928,0.01165307221842169,-0.043299440142909575,0.01944600175573243,0.109754844536253,0.10261645577621441,0.0800535737299348,0.3136721613745706,0.7204233751457885,0.4352590873592293,10.714285714285714,1173.9088107441603,47.70387570777382,,,,
2026-09-11 16:58:44.523237,device_0014,route_0044,event_083039,35.85811882242034,75.78826009213756,39.740575980851595,HIGHWAY,CLEAR,NORMAL,0.18291504503520514,-0.12701107833406006,9.841165361208754,0.3544483168190006,0.32936094174978564,0.2681177415307721,-0.02982981525508942,-0.021414990458906526,-0.04807141274429708,0.08617723737757862,0.10361946639691129,0.115273421523188,0.27133337719109923,0.7783997843289594,0.46872085358230964,20.535714285714285,1172.5933011717448,47.75739375624995,,,,
2026-09-11 15:03:33.023237,device_0027,route_0040,event_013924,28.506273407717202,75.98710817561022,41.69746152144553,HIGHWAY,CLEAR,SPEED_BREAKER,0.1099666962788717,0.04514083609270743,10.357122997897047,0.32104891099504695,0.5276153281374499,1.1724539933552232,0.08061167002343828,0.00514984374533486,0.010670747964710852,0.1778191014102843,0.2025311308670355,0.16099341827563832,1.324452799416296,4.887532266030872,0.8449651767633479,0.7142857142857142,1372.2844004923106,51.009834386288524,,,,
2026-09-11 16:53:29.823237,device_0016,route_0017,event_079892,34.345068503866734,81.37432644254385,10.39706519962429,HIGHWAY,CLEAR,NORMAL,-0.035955221205257196,0.05541979957438913,9.930085087502516,0.3084466486230314,0.28038028048183417,0.32295622631080473,0.0115987343204004,-0.038166311328059636,0.029692552841957986,0.09303808698774131,0.08131978133114191,0.09304391941410291,0.3505484526526338,0.7610578693771242,0.41958090317358704,1.7857142857142856,1173.9088107441603,47.70387570777382,,,,
2026-09-11 15:32:18.923237,device_0004,route_0000,event_031183,25.81078993397163,76.50710837029337,42.37399748283802,URBAN,DUSTY,NORMAL,-0.11290494440700546,0.06894010994376407,9.650487342011603,0.2983786265040978,0.37244064445288977,0.29637077241576837,0.059805265292499514,0.0005745278461993096,0.03361519688708987,0.09882216681050705,0.11090946162653016,0.09747332160552176,0.3252367282713125,0.7533832098861755,0.47231705610391944,19.166666666666668,1194.4208269519643,50.2335513967164,,,,
2026-09-11 15:03:20.523237,device_0019,route_0010,event_013799,29.188000840353464,78.3030258198438,54.032026946797586,ARTERIAL,WET,POTHOLE,-0.2718428236782355,0.050831388670960126,10.339524846470146,0.5173450500494412,0.8229718454049992,1.5051264545911276,-0.015318780483242653,-0.013047257455357786,-0.01642726645911347,0.27883031616739606,0.2647246065268039,0.2756608954667523,1.693817936356185,8.528387581647628,1.1583290026599793,5.0,962.7338785435682,51.93543212132559,4.803713283780512,10.255917454120782,9.844004469379378,MEDIUM
2026-09-11 15:48:39.423237,device_0017,route_0030,event_040988,31.769546521770106,79.2655998288566,75.22489024607275,URBAN,CLEAR,NORMAL,0.1636347155052964,-0.20668377222586556,9.824917698993183,0.3040014684877206,0.3688964199987228,0.3439681635888129,-0.006932364241556222,0.03186544137422091,-0.01818944296545842,0.1017426134886395,0.10677554722819191,0.09424085210681434,0.3479296097216534,0.8526693355369339,0.4828521320923695,17.21311475409836,1168.9485129122031,52.183649943683676,,,,
2026-09-11 16:31:33.923237,device_0025,route_0019,event_066733,31.047899474477024,71.59791666128251,37.02893846066807,HIGHWAY,WET,ROUGH_PATCH,-0.05839067889151345,-0.0564716110619073,9.926296079809223,0.6284196887268921,0.5308681235552513,0.7307818488757704,-0.03904913058533685,-0.04317862245937069,0.005013032431565905,0.1291611122543619,0.14853522319275192,0.13654528874114644,0.737308443948306,1.6211956566519472,0.439764108309367,1.8181818181818181,1092.3468898751864,50.35030585044683,,,,
2026-09-11 16:50:53.623237,device_0001,route_0048,event_078330,21.707345614801692,78.739485371395,38.116988608104435,URBAN,CLEAR,SEVERE_POTHOLE,-0.17600942085403984,0.14947329450921845,10.58635958593712,0.24815828290079997,0.3312908977659969,3.6063141594043535,-0.037328947621462764,-0.04590204545557326,0.0272134445528021,0.3360285404806572,0.3982231848612848,0.43716483970978764,3.6954643764188577,16.406380144295547,2.631916465796838,6.382978723404255,946.4410024779978,49.659725093210575,11.659621938772016,18.427421379509077,24.326702968281285,CRITICAL
2026-09-11 15:20:58.423237,device_0021,route_0048,event_024378,26.433906120659845,77.64240733398412,20.460612772162115,ARTERIAL,CLEAR,NORMAL,0.04564218091039349,0.1000140892013253,9.875202692994826,0.28859082102137096,0.33909242647756943,0.3001422197780091,-0.0002926444049793353,0.009480971987415543,-0.030445740041617545,0.0943224768590035,0.10590354723777372,0.10904174638566698,0.3132389618401014,0.8464751644407489,0.4284623725366229,22.5,1182.3087711011192,50.74816449523607,,,,
2026-09-11 15:19:22.023237,device_0003,route_0046,event_023414,30.651041407637116,77.88253529109797,78.70182426559586,URBAN,RAIN,NORMAL,-0.06345420410093011,-0.15979105302688207,9.619946034162075,0.2595781103517149,0.2341796149153896,0.31713385131639854,0.0602771969950208,0.050014417480625836,0.03442101630853935,0.10163900175351519,0.09269351199965971,0.10646549241540026,0.36029280850273004,0.9305101319151934,0.3701349252933899,5.0,1178.291970417501,50.92116513256079,,,,
2026-09-11 17:22:56.523237,device_0024,route_0024,event_097559,28.73362374742407,68.42131649616897,54.03290691802432,RESIDENTIAL,CLEAR,NORMAL,0.20378443022330253,0.22615496755667666,9.934155776146566,0.2917555126605364,0.2964666453257816,0.3164891974013236,-0.003650706854800268,-0.0755944021794378,0.03929560255071808,0.09657503181054435,0.09558393674407954,0.0966549270831927,0.3500547452218925,0.8530645646242103,0.42609975551374657,14.754098360655739,1165.9444844817242,52.318099885446266,,,,
2026-09-11 15:18:39.823237,device_0003,route_0044,event_022992,30.558238747956395,76.8233868999668,54.229861331229976,URBAN,CLEAR,NORMAL,0.005187123260249849,-0.06981313390601507,9.642409597637014,0.2693186621904228,0.2969920786403648,0.3084231643538642,0.07542653883524338,0.06974033910048155,0.04170451283007647,0.10748004893814572,0.09415778183031968,0.10007895027848979,0.3402782048447084,0.8127407958831991,0.40128164752368134,22.5,1178.291970417501,50.92116513256079,,,,
2026-09-11 14:45:43.723237,device_0018,route_0011,event_003231,28.4016701419647,77.01408378593212,73.65463333593708,URBAN,DUSTY,NORMAL,-0.07185307187726803,-0.17113152053043784,10.013524175758537,0.3366992461366472,0.3287392311220143,0.31435472586549246,0.058278012855808116,-0.014554668210588607,0.00274141691766015,0.11512753393244492,0.09298525227933645,0.10252169263633053,0.3827736141376754,0.7617043181421561,0.4959601794733894,20.833333333333336,1196.452449290308,50.14825289178003,,,,
2026-09-11 15:50:20.123237,device_0011,route_0010,event_041995,30.364609555019268,80.549115210155,37.96557238701446,RURAL,CLEAR,NORMAL,-0.075825471182028,-0.14051401368179067,10.041828390123824,0.32435416381954035,0.3158702366525557,0.33442375851155887,0.04337593652300449,0.024000788637950646,0.0397021193081529,0.09962971411002981,0.08762977998246721,0.10238643978731288,0.41981401933683804,1.0824505825936352,0.4514378481817672,4.0983606557377055,1173.916838169756,51.962794992449886,,,,
2026-09-11 16:02:19.323237,device_0023,route_0006,event_049187,24.536845529022337,75.77512208181034,9.226599635515463,URBAN,RAIN,ROUGH_PATCH,0.14573842539142867,0.03606432776573678,9.81509898326229,1.0107816539810144,0.4607544244377305,0.9259419537279134,-0.005858785417125249,-0.03828948362325316,-0.036917615447839135,0.1884322350858335,0.2361371430734009,0.196860319316088,0.9298416854776119,2.156543477442044,0.45056634865987355,1.8181818181818181,1084.2274937202837,50.72736147953584,,,,
2026-09-11 15:17:52.023237,device_0019,route_0016,event_022514,30.66714083963767,76.69743631049415,9.151474581662841,RESIDENTIAL,CLEAR,POTHOLE,-0.1284246111803703,0.13826369831825386,10.020499300192323,0.24620485221470723,0.33944188152260374,0.593368332020054,0.03410037029220274,-0.004120951258724461,-0.01020809692051733,0.12281395558886156,0.08751619804926225,0.08912262692181724,0.6386039055228561,2.5521694799249843,0.5720631383672602,9.0,962.7338785435682,51.93543212132559,3.1462829911212107,5.4520207077534835,6.464718006883404,MEDIUM
2026-09-11 15:15:53.123237,device_0010,route_0040,event_021325,28.48973684900704,75.3215835912165,43.88222426396126,URBAN,CLEAR,ROUGH_PATCH,-0.18421475530406703,0.00012971994461051316,9.746865991241561,1.2208680924518671,0.419644957979683,1.0582238003912205,0.02660999155091923,0.06823574182123808,-0.04663019437742307,0.2100256299809094,0.23311284696110077,0.2123146991192933,1.0145025089743172,2.384192091912734,0.4458355589114014,1.923076923076923,1068.9912384953316,48.64399082745811,,,,
2026-09-11 17:04:03.923237,device_0013,route_0018,event_086233,35.52482983500053,80.59993164490884,41.315303311324726,HIGHWAY,RAIN,NORMAL,0.02740438384920574,-0.06857617819952826,9.679547927837262,0.34663025463743175,0.3233866127864185,0.3308555576869348,-0.0001403422772731493,0.03949592664640322,-0.02733969211701437,0.10664625137486222,0.09936130960960811,0.10263270556770795,0.34880221251463767,0.9695479748174307,0.4880509436017125,23.684210526315788,1155.7611609067421,49.31814801189647,,,,
2026-09-11 17:07:13.223237,device_0020,route_0045,event_088126,21.035487518765223,79.48118543689527,87.1015377972762,RURAL,CLEAR,NORMAL,0.075684798834983,-0.20311031445269864,9.62693405218818,0.33743152665405757,0.3288926071212104,0.3433900928253789,0.027402195959418917,0.02307396925427512,-0.07512207508706018,0.07833724629727884,0.09867338363795856,0.07997881605014309,0.37840335432509564,1.1267535573329877,0.4908194279532551,19.642857142857142,1178.3195617621582,47.52530791923109,,,,
2026-09-11 15:30:02.923237,device_0011,route_0016,event_029823,31.304906559100036,76.53861472425642,43.642095995849246,URBAN,CLEAR,NORMAL,-0.0920826510379367,-0.23748229808949733,9.96446757722325,0.24281857298236853,0.34776515865177005,0.32645376848878854,0.05940705785834612,-0.0020522057419106866,0.042160070968648496,0.11137372537958296,0.0908875907188825,0.09324598014779194,0.3704527159537832,0.7371640062560871,0.44556539236974985,6.557377049180328,1173.916838169756,51.962794992449886,,,,
2026-09-11 17:14:29.023237,device_0003,route_0010,event_092484,32.47167263760045,84.57137784654616,10.562176252360736,URBAN,WET,NORMAL,0.01943269660803409,-0.08491124766067536,9.655017551683692,0.2921116942848433,0.27697203016932653,0.33478311320092163,0.05682438566346968,0.04607613578983135,0.030840744986701106,0.09295072302808932,0.08661244193711821,0.08868570831827702,0.36311567401447586,0.8061303408759741,0.44142147237646967,24.166666666666668,1178.291970417501,50.92116513256079,,,,
2026-09-11 16:34:23.023237,device_0020,route_0048,event_068424,22.575035896914027,78.53793069062823,19.958739749794198,RESIDENTIAL,CLEAR,NORMAL,0.06723699419379849,-0.1281551956082934,9.65577852246943,0.3073387902684225,0.28268257371555655,0.31887365319452005,0.04390368193903239,0.003670298485533011,-0.04100517171543811,0.07983052042540792,0.08356238749961772,0.0967063037151905,0.34562186956411983,0.7287542098106474,0.43202377971447614,8.928571428571427,1178.3195617621582,47.52530791923109,,,,
2026-09-11 16:27:48.923237,device_0019,route_0003,event_064483,31.501635589161666,72.32836663241103,18.320529240629746,URBAN,DUSTY,POTHOLE,-0.15831396485297422,0.16347990091153428,10.150368109154892,0.4193888623589987,0.4357420635960694,0.7100327736215297,-0.01409945762983231,-0.0362311299254424,-0.019049595133412166,0.11171331231095565,0.10063708161816673,0.10635563249644336,0.8090362820817198,4.238432846081944,0.7928883322944645,19.0,962.7338785435682,51.93543212132559,2.243744842788823,5.796674130760382,5.164767502320434,LOW
2026-09-11 16:05:22.523237,device_0020,route_0040,event_051019,28.42337719121928,72.65210289031438,43.034506844836756,URBAN,CLEAR,NORMAL,0.06836976302989571,-0.16149445392006312,9.6783083116228,0.3287277788488381,0.2970592121102555,0.3136910170957415,0.033975780130229116,0.03650288291879635,-0.04783970794505261,0.10446316887932698,0.10648495778272107,0.08865697911851238,0.3313291218246397,0.8142774947347764,0.41726989913046997,20.535714285714285,1178.3195617621582,47.52530791923109,,,,
2026-09-11 15:24:55.923237,device_0027,route_0018,event_026753,30.702033923091307,78.28619455063746,36.733148530630366,RESIDENTIAL,WET,NORMAL,0.011857369624680212,0.06525658277789174,9.867461925191082,0.33551735411320444,0.27245731546483637,0.3181672538474754,0.021916671086754436,0.004934594479553334,-0.015965925115623412,0.10540777089698225,0.1074902509217672,0.09364419123568807,0.32752063445225627,0.9804536430825053,0.44563995902061243,1.6666666666666667,1176.2437718505519,51.009834386288524,,,,
2026-09-11 16:03:36.923237,device_0028,route_0003,event_049963,30.83006255358077,73.44812837848272,62.497736919315074,URBAN,CLEAR,NORMAL,0.12834469591684675,-0.04967305751262417,9.704800167873708,0.3254037619968872,0.2853106186163262,0.29219832231263015,-0.049080811016720974,-0.01354746267421011,-0.019764156823332938,0.1079407077359799,0.08470978425274682,0.10048689490367091,0.3022651663730915,0.7826757833571492,0.4200070885385362,1.7543859649122806,1164.8650637957344,48.932706260641424,,,,
2026-09-11 15:51:33.723237,device_0024,route_0041,event_042731,27.85110158280655,80.93048466724424,58.47316680659574,HIGHWAY,CLEAR,NORMAL,0.28454516904395655,0.1647215245666864,9.951577695484147,0.2864779568735284,0.2786049557210446,0.32584741486878094,-0.018091710909132187,-0.01381020725112875,0.03095962846916882,0.11165895480458769,0.1069722015121821,0.09373783905599649,0.3653938125154405,0.9252887316622882,0.44120140866546576,22.950819672131146,1165.9444844817242,52.318099885446266,,,,
2026-09-11 15:28:46.223237,device_0025,route_0013,event_029056,31.00610408490642,78.26260861292158,19.552090517556056,RESIDENTIAL,CLEAR,NORMAL,-0.16876931658170857,-0.08439395526587307,9.954613993070035,0.3797444676401972,0.33136540876310705,0.3216184283980096,-0.01945564579752664,-0.037876692566965055,0.02758106862341593,0.10369573504949231,0.1035967358533712,0.09870016282141088,0.3611962958960635,0.8992171829287408,0.49804062532676086,3.3333333333333335,1191.6511525911126,50.35030585044683,,,,
2026-09-11 16:12:32.323237,device_0026,route_0023,event_055317,25.901514786512813,81.45116653889906,41.73554322319569,URBAN,CLEAR,NORMAL,0.03287216582227331,0.20181001204623725,9.67720524878675,0.31231304636008406,0.3183916154236533,0.2947817582385128,-0.01326937014942715,0.04547699397617621,0.030556896401539607,0.093622268728158,0.10050155575141709,0.09982456704879704,0.31357733399017934,0.7308521409063626,0.448503908032315,11.403508771929824,1156.2462834189637,49.29745575609877,,,,
2026-09-11 15:39:30.223237,device_0004,route_0041,event_035496,27.996156768505497,80.29633186539895,19.07947285231252,RURAL,WET,NORMAL,-0.11144192185806406,-0.0326861933426643,9.655830193489729,0.29714091610479687,0.30722514862501554,0.3344837014024509,0.03286716869752298,-0.0009988114549060803,0.02264136549747654,0.10038630683926086,0.09673469647117415,0.10468893396952367,0.3611707812791582,0.8747663873796903,0.416026443370079,1.6666666666666667,1194.4208269519643,50.2335513967164,,,,
2026-09-11 16:14:14.323237,device_0027,route_0015,event_056337,23.69837696616318,78.55156243649755,61.14620894614524,RURAL,RAIN,ROUGH_PATCH,0.13805011817188467,0.1431551875707653,9.944150583654563,0.9121059983332952,0.5493829967087662,1.092300949507619,0.03204558960408229,0.0174543073742439,0.07218574352901344,0.2378037311362527,0.23480273855943326,0.2338513518350542,1.1066583845262377,2.800821895981457,0.47585937982308246,1.8181818181818181,1078.2234575296727,51.009834386288524,,,,
2026-09-11 16:52:28.323237,device_0021,route_0003,event_079277,32.18590389899892,71.18725213400269,10.132079840321106,RESIDENTIAL,WET,POTHOLE,0.01161169169385035,0.15891879304408574,10.01918055461931,0.36159432669340014,0.30360649028166836,0.7888864445856385,-0.032325841423253315,0.04129752820063335,-0.03638751228726414,0.09940087296089163,0.10372915209053067,0.08657566328880578,0.8228679350415519,4.71891510721491,0.6318480632307496,2.0,985.2573092509326,50.74816449523607,1.8239733334312214,5.194610346921971,2.4678757561029245,LOW
2026-09-11 14:49:27.023237,device_0025,route_0048,event_005464,28.090635265805478,77.25760767408046,21.40782912590026,RURAL,CLEAR,NORMAL,-0.05155275613414217,-0.0999281350951672,9.91538843056162,0.3261562859137841,0.3251233350285132,0.31992393005513836,-0.009100691643586735,-0.04160493987094626,0.014287018575221586,0.1042757914181072,0.11874696228591743,0.10848194184293597,0.345966224655489,0.8192497823542801,0.48826144570293956,16.666666666666668,1191.6511525911126,50.35030585044683,,,,
2026-09-11 16:37:16.123237,device_0028,route_0000,event_070155,22.41966834530913,75.62192069772209,76.86509045222903,URBAN,CLEAR,ROUGH_PATCH,0.17200299208793415,-0.043548671427968595,9.711099355255563,0.8049629600545052,0.5516661526829776,1.2427342966097403,-0.02215745084551191,0.002390479956719176,-0.0804526580117299,0.18420439101277947,0.1807105220342077,0.2280739366383329,1.2334277870182486,2.7570994797251576,0.4392123198340595,1.923076923076923,1062.68391784874,48.932706260641424,,,,
2026-09-11 16:38:07.523237,device_0019,route_0019,event_070669,31.187457375959955,71.2724322643229,61.60651999002633,RESIDENTIAL,WET,NORMAL,-0.20535089805147774,0.15109864320525077,9.92819163579053,0.2979100695427494,0.29245713060505035,0.3035266022290419,0.014322040680438486,-0.012623095147153719,-0.007441336318388876,0.09622525506985688,0.11610397429786573,0.08911093774357626,0.3350288989005637,0.7748793718208287,0.43329314861062346,19.672131147540984,1174.5353318231532,51.93543212132559,,,,
2026-09-11 16:13:41.923237,device_0005,route_0045,event_056013,23.80667126973547,78.66717291209709,10.292697716462168,URBAN,CLEAR,NORMAL,0.19064312889451807,0.17175540848738624,9.99609253700926,0.26952962477095505,0.3677459283047319,0.28379476377662705,0.04199581085873484,0.011117974912391328,0.040588046530388125,0.09970543099556829,0.10115241006800808,0.10961509517381773,0.35088992659991447,0.8556693773215418,0.4586088669879004,2.6785714285714284,1173.3612685170888,47.72613644455269,,,,
2026-09-11 15:00:29.123237,device_0025,route_0033,event_012085,29.576154975875113,77.67717223017868,61.8691459253048,RESIDENTIAL,CLEAR,NORMAL,-0.06453733829619586,-0.03651937702873817,9.97998519801742,0.36312378869350886,0.3325236414582659,0.3490790302347606,-0.02222174965650581,-0.04086910831472728,0.0020804038498291864,0.09690276450307483,0.10240022077704268,0.09432255136458943,0.3968348971127196,0.9913462332407654,0.49838214062281255,13.333333333333334,1191.6511525911126,50.35030585044683,,,,
2026-09-11 16:15:02.423237,device_0000,route_0027,event_056818,26.539353310914123,81.75993495807325,79.86340979598597,URBAN,RAIN,NORMAL,-0.05261741901839864,0.1633411700242342,9.858933450544592,0.24845335628953102,0.28810281964064466,0.28915664258583473,0.011089228793354576,-0.04332351944035979,-0.038966258409619946,0.1191337034417363,0.11337806573005882,0.09182115408841592,0.2964953847075416,0.9397966596029583,0.4104235182124531,15.833333333333334,1187.9876613670087,50.50557505871605,,,,
2026-09-11 15:13:40.623237,device_0001,route_0019,event_020000,29.39165134857768,75.46039284731498,81.70664493921089,HIGHWAY,CLEAR,NORMAL,-0.08031855811167875,0.16056484739998306,9.888439676592418,0.40546691816709557,0.28825610723509393,0.2944967913973561,-0.03890394442161091,-0.04120236978589663,-0.04569688956513835,0.10507986366291852,0.1041174402960022,0.11922035885004041,0.31134127205687573,0.7282515143041266,0.4793190351061546,8.771929824561402,1147.8114285371462,49.659725093210575,,,,
2026-09-11 16:35:27.223237,device_0014,route_0013,event_069066,34.25632790487592,79.80641181341836,84.8572022425898,RURAL,RAIN,POTHOLE,0.35535407604721103,-0.33785869450712713,9.881328273954063,0.9483810701316234,1.7382980524814702,0.42198883483959365,-0.08683221318719785,0.010434213451276786,-0.015738732524119097,0.35432582327525824,0.4292801534610285,0.5266153445761775,1.0361722689916055,5.649524952369861,1.5936956322504274,2.127659574468085,984.1408063405715,47.75739375624995,1.4927715385073719,4.431210723733291,3.4647783042714098,LOW
2026-09-11 16:04:25.823237,device_0027,route_0022,event_050452,33.193126280251484,76.99976038771972,57.94266244712013,ARTERIAL,CLEAR,SPEED_BREAKER,0.1627834312230136,0.03978444701291793,10.424604589268537,0.4643470091793355,0.6951275617358329,1.462890470436673,0.03692230898679711,0.0013168083830764942,-0.05006613751505108,0.2639588901125622,0.20438383721862835,0.28503930981710257,1.636766578936631,6.511409937097952,0.8915182750693575,0.7142857142857142,1372.2844004923106,51.009834386288524,,,,
2026-09-11 17:11:31.523237,device_0006,route_0046,event_090709,36.45812503550718,79.58704532625882,10.112505484030404,SERVICE_ROAD,WET,NORMAL,-0.0980314825753272,-0.13152425021897246,9.910438463257956,0.30877079426345383,0.3371128403261525,0.32262612560732207,-0.02685547290958065,-0.00459672641406199,0.0020148553843074082,0.11420465231573701,0.08669714646463333,0.09400828883429792,0.34420096378343973,0.9593335954410787,0.4926893442107504,20.535714285714285,1169.7676911232593,47.87275321839885,,,,
2026-09-11 16:08:29.023237,device_0018,route_0028,event_052884,25.48855050426004,73.71951937744048,59.231058072177355,URBAN,WET,OTHER_ANOMALY,0.17893136143294452,0.07860904339947812,10.51091198892314,0.7156342610924648,0.6268429196980215,1.3507838181143665,0.13725443591619946,-0.021092191048256104,0.014063736084000506,0.2883388473201689,0.29965764495245417,0.24828180442554598,1.5815290045221346,4.458369737845965,0.5460104278340616,1.1111111111111112,897.3393369677311,50.14825289178003,,,,
2026-09-11 15:31:56.923237,device_0009,route_0031,event_030963,25.92657131608922,78.2189985681849,9.08984365699619,ARTERIAL,CLEAR,NORMAL,-0.06577393193798804,0.06651283713418131,9.906094615540967,0.2994146662768453,0.2975838347381119,0.35307559256145443,0.01846993833866146,0.00046681158727838616,0.012428209877911656,0.10374062181758399,0.1091953768778189,0.10565586561979978,0.37130795645562015,0.8534598339031874,0.43358865325943274,6.25,1175.8012798150014,47.62709563372047,,,,
2026-09-11 15:37:57.923237,device_0005,route_0037,event_034573,29.11704281777668,74.06161497184726,77.60604785841394,URBAN,CLEAR,NORMAL,0.1534712621915661,0.06887764267479403,9.899861649627379,0.3193159250832411,0.2734126080532457,0.3006902590375552,0.0695035356875089,0.01020738780775451,0.032447432464890784,0.0980932209728089,0.10321982427460948,0.10590205971880381,0.3240472746088077,0.8713704249969716,0.4043099337704356,4.4642857142857135,1173.3612685170888,47.72613644455269,,,,
2026-09-11 15:05:50.023237,device_0017,route_0014,event_015294,29.798628251818933,76.72157710672622,21.074583785125725,RESIDENTIAL,CLEAR,NORMAL,0.04574762855180995,-0.23007431901782785,9.769952435313174,0.3266165193170275,0.3010593321679487,0.32960530275609395,-0.010393048080080082,0.019841240790227206,-0.048177425476551974,0.09306427975554363,0.11755439754385441,0.09548662855675595,0.33046681054802013,0.9388775424767779,0.47605159360472615,10.655737704918034,1168.9485129122031,52.183649943683676,,,,
2026-09-11 15:26:52.423237,device_0006,route_0014,event_027918,30.85513444837239,76.30535150707328,19.32286757926753,RURAL,RAIN,NORMAL,-0.047459618238949224,-0.029582076535693818,9.870144668391916,0.3019239028842314,0.2950750062580079,0.2953399974222831,-0.011527260589635126,0.010101737686690522,0.011819183929267398,0.11063308063259576,0.08964293447628542,0.08837436410815842,0.30436057033611263,0.7031551896395705,0.4325723303801356,6.25,1169.7676911232593,47.87275321839885,,,,
2026-09-11 15:57:12.623237,device_0007,route_0032,event_046120,31.167193556934464,80.37742556569697,42.63524137832032,URBAN,CLEAR,NORMAL,0.11627260852882863,-0.19054358672097538,9.627657401878858,0.3305662822102536,0.3127488127006455,0.31078018145968017,0.022785207501319148,0.00801677484059326,0.0028140433072368683,0.10397827580050471,0.11856500897328205,0.10967829956840396,0.3505535127191054,0.7924076103967206,0.4613429468401029,9.649122807017543,1156.3665497149682,49.29232864272136,,,,
2026-09-11 15:38:47.923237,device_0002,route_0032,event_035073,30.548737124491957,79.60025042895427,19.414226786305942,HIGHWAY,WET,NORMAL,0.003205704457712763,-0.17943903825354793,9.710483862337808,0.33141073697602114,0.3342377875389506,0.3269378704564009,-0.013012433111208777,0.0019713419842263156,0.020428888240184007,0.09425356454754585,0.08837374852533328,0.11069952012456327,0.3340630368659578,0.8706353397793425,0.4763477810256487,22.5,1189.0117987248957,50.462072844310214,,,,
2026-09-11 14:57:55.623237,device_0017,route_0035,event_010550,27.863161689961952,77.9803575121485,42.17745513110795,RURAL,CLEAR,NORMAL,0.05403465801662161,-0.2561142017193556,9.84523975520732,0.2994922744885356,0.28534752875760266,0.31237372382249207,-0.016771748521812246,-0.00238352727725938,-0.005553986422679016,0.0890938259713519,0.10161278301571139,0.09620901299998513,0.31463549101794336,1.0122907628002373,0.43515499506638644,23.770491803278688,1168.9485129122031,52.183649943683676,,,,
2026-09-11 17:12:13.323237,device_0017,route_0040,event_091127,28.333767405980172,69.04596918794357,65.57294635312381,RURAL,CLEAR,NORMAL,0.10473833949355632,-0.1851943866394852,9.699442797273537,0.33105520175985653,0.3485695580867983,0.3028829574358634,-0.02092783658724614,0.01273246402255218,-0.01440596736343555,0.09800136966213932,0.09905102857395212,0.09025015308664588,0.3156273562665663,0.7170130733942166,0.4451070427199225,1.639344262295082,1168.9485129122031,52.183649943683676,,,,
2026-09-11 14:41:29.623237,device_0027,route_0049,event_000690,28.69178517201715,77.1146438328634,60.73725953300624,URBAN,CLEAR,POTHOLE,0.0886914950734365,0.13859325576558312,10.274064035814531,0.6011056062591973,0.5357625415524989,1.5719988985296056,0.05715169834919931,-0.016737237973042145,-0.013810625924890027,0.3031804853422495,0.2081695852349616,0.23495735780572827,1.6982342375133457,7.251696551692525,1.0901137116692727,1.0,980.2031432087933,51.009834386288524,4.384538060091177,6.705188715384486,6.923515051521817,MEDIUM
2026-09-11 16:49:53.523237,device_0001,route_0044,event_077729,35.38939768204366,75.87988529650322,37.09360598554883,URBAN,CLEAR,ROUGH_PATCH,-0.19352157475788728,0.18411042484766516,9.921847314078812,0.6424037765080923,0.5477381308815816,0.8765006531178956,-0.03490825090858004,-0.028641050014966432,-0.05088496082015691,0.22247289091405484,0.2337192177218716,0.16294599660453246,0.8760716765454677,2.020358024726484,0.41198048527077347,1.923076923076923,1047.126215507572,49.659725093210575,,,,
2026-09-11 15:40:30.223237,device_0004,route_0039,event_036096,31.561425096741445,78.32730165264293,78.0754702561783,HIGHWAY,CLEAR,NORMAL,-0.18150489796727168,-0.0035037196926190877,9.61109134589762,0.2904484247337162,0.35260731344677565,0.3263010790025761,0.04682875477743391,-0.009300869555147275,0.02043901014340747,0.08852639618924311,0.10308515508830243,0.10821401785898022,0.3707245010537147,0.8853575572362331,0.4439586730188515,12.5,1194.4208269519643,50.2335513967164,,,,
2026-09-11 16:29:15.723237,device_0029,route_0012,event_065351,22.71271371609517,77.11843419941796,39.03822408043954,URBAN,CLEAR,NORMAL,-0.20606839258854492,-0.22835034422310765,10.01561879912875,0.33675124201907314,0.3104007314148136,0.31019867525272954,-0.014672295081648506,-0.0424118263887626,0.000953963166723309,0.11143618459239417,0.09946595197618947,0.10852632929361955,0.3863683874030188,0.8531654479924597,0.4590834599334237,23.333333333333336,1185.4321676861896,50.614452379095,,,,
2026-09-11 14:58:44.623237,device_0011,route_0034,event_011040,28.258954597774167,76.3176759994024,20.34398479316842,HIGHWAY,CLEAR,NORMAL,-0.14960690171167457,-0.10113813941641443,10.004529109883096,0.319341180968584,0.3076601328287968,0.2708472022672405,0.04535721942414821,-0.0034141660900377903,0.05690595954860674,0.09961872557828017,0.09440292060549585,0.09720330274668366,0.3469304576476569,0.8566177983218353,0.43548202331911,3.278688524590164,1173.916838169756,51.962794992449886,,,,
2026-09-11 14:47:22.723237,device_0010,route_0021,event_004221,28.58513371176014,77.64165455630872,38.357245169443054,RURAL,WET,NORMAL,-0.2234278932748778,0.024936232098755486,9.715507360957114,0.28526728484698194,0.29353188161464155,0.26631416001454583,-0.007312188235840257,0.03806103844431634,-0.004698750868890002,0.11216698969158229,0.09592764686026994,0.0995367106365507,0.27308651679132345,0.8248607813858673,0.40499011610898883,7.894736842105263,1171.7788575814213,48.64399082745811,,,,
2026-09-11 14:41:42.723237,device_0028,route_0001,event_000821,28.58564340313636,77.29652794980582,43.123003944712764,URBAN,CLEAR,NORMAL,0.15720193506693023,-0.0674794585058639,9.674747030614654,0.27628762820778696,0.3300460958408322,0.3183668813104628,-0.0554629380217394,-0.002845001842843605,-0.04684362637960235,0.11189000025827041,0.1061638954366432,0.1043007329734186,0.3376850426839765,0.7051987449968955,0.47474723497521687,17.543859649122805,1164.8650637957344,48.932706260641424,,,,
2026-09-11 15:43:53.423237,device_0017,route_0009,event_038128,25.3010447327576,77.80368798876134,19.633585401991645,ARTERIAL,CLEAR,POTHOLE,0.021323453622713567,-0.24198581093543145,10.009205207217505,0.31407869600878063,0.5177976238395521,1.52840694558466,-0.031442478616861926,-0.03501178336435676,-0.02413775020191398,0.13318941640165186,0.12095251676557954,0.11689402588583703,1.5635393446705368,6.123776031812909,1.4142022661293405,19.0,958.1545187804943,52.183649943683676,11.304323947290314,18.655630345134504,22.55091986911518,CRITICAL
2026-09-11 17:08:55.723237,device_0001,route_0012,event_089151,20.57275223362103,77.07631914896521,72.37683074377989,HIGHWAY,CLEAR,NORMAL,-0.1977142807317103,0.1785262910096867,9.904526479801365,0.3134512975483104,0.30723765271740555,0.3137151131909438,-0.030895807864611314,-0.041262540994906984,-0.04033420975868378,0.12370400639151849,0.08918751411835882,0.0998583319048223,0.33563814690188776,0.8584100123251055,0.42457935894332915,7.017543859649122,1147.8114285371462,49.659725093210575,,,,
2026-09-11 15:29:03.723237,device_0015,route_0037,event_029231,29.035373440430835,74.53499849508016,80.59499690728002,URBAN,WET,POTHOLE,-0.047253188448598674,0.008146839717684314,9.959394860269288,1.2394815318538897,0.6828782563329974,1.5270567237514192,-0.013131645369371973,0.07073003549799269,0.050971838539199725,0.4818711234609329,0.4442479048058057,0.38985658708903537,1.7587427866852108,8.881723712152716,1.3510708519525352,4.25531914893617,965.3265443012199,48.688187719961995,4.218950803680469,12.109333521019503,7.415155704068163,MEDIUM
2026-09-11 16:04:36.223237,device_0024,route_0001,event_050556,24.13634282157713,76.83955479958233,43.46121487294972,URBAN,RAIN,NORMAL,0.2501088327161829,0.18997232209282625,10.009994996877177,0.31817258698603285,0.31523181181081256,0.3098386727455047,-0.024875076994420434,-0.051142564983268926,0.02944891837529434,0.10019593226087185,0.09585060967101945,0.09784728997704582,0.38221545826864234,0.8878130847718886,0.45981007176759964,9.01639344262295,1165.9444844817242,52.318099885446266,,,,
2026-09-11 15:36:29.023237,device_0010,route_0031,event_033684,25.698293978734466,78.30684727785597,82.00654860943098,RURAL,CLEAR,NORMAL,-0.20880746721782567,0.06130403802750886,9.784723034917276,0.3073303488385986,0.3207132147722294,0.2959857135951901,0.0033451558974119775,0.04057307505373205,-0.0014350133976364255,0.1109500591669588,0.12012784733242364,0.08744396755723216,0.29743016193827404,0.771720137648197,0.4603515362259508,20.175438596491226,1171.7788575814213,48.64399082745811,,,,
2026-09-11 16:18:15.923237,device_0010,route_0048,event_058753,23.422365396096307,78.34137697954733,42.433465142136065,URBAN,CLEAR,ROUGH_PATCH,-0.1591033119654822,0.07571455551918631,9.695696556294482,0.7770392604126661,0.6376492589112149,0.9640649256505348,-0.05920405114399511,0.03309506017794876,0.018750729448543193,0.21747403015955655,0.2167949351529725,0.2517776293196837,0.9442927814060751,2.241248609127286,0.39331454263026555,1.923076923076923,1068.9912384953316,48.64399082745811,,,,
2026-09-11 15:25:22.823237,device_0029,route_0035,event_027022,26.820291523189518,79.0325467609378,21.904066943781622,URBAN,CLEAR,NORMAL,-0.21637476110911483,-0.1444275836505524,9.923563003506699,0.35525595018667017,0.30258779827692467,0.3208789456116083,-0.035257093483146935,-0.03729643446917292,0.027259165472457877,0.09310030880370404,0.09435669549380352,0.10847149352361801,0.34855499655210054,0.8309711526734187,0.46607785365575355,0.8333333333333334,1185.4321676861896,50.614452379095,,,,
2026-09-11 15:41:51.123237,device_0003,route_0001,event_036905,25.35752027876046,76.96488187764973,63.16685886218617,RESIDENTIAL,WET,SPEED_BREAKER,0.12107766554472738,-0.3522243156255021,10.21952591620342,1.0257943287532625,0.9417496149480235,1.6972329330718006,0.06346405291460379,0.028129038642902147,0.01361638327652196,0.26684257180976717,0.2465801220560947,0.24486861329840642,1.9299599710857755,6.385625783244219,1.3338994838498486,0.7142857142857142,1374.6739654870846,50.92116513256079,,,,
2026-09-11 14:40:47.623237,device_0027,route_0021,event_000270,28.6559834604687,77.29346928799647,21.40968470073595,HIGHWAY,CLEAR,SPEED_BREAKER,0.08679918111276222,0.10534207516467706,10.098114375663208,0.3686278592331805,0.4633087126268681,0.5676102160336156,0.003007203473261977,0.0035723927029508917,-0.023759741037328266,0.0999347117184921,0.10379394069868651,0.11289819494542268,0.6547719718321362,2.825557604686148,0.6109312911919671,1.4285714285714284,1372.2844004923106,51.009834386288524,,,,
2026-09-11 14:55:07.223237,device_0003,route_0039,event_008866,29.264180614571785,77.47882963000269,41.78103590792269,RESIDENTIAL,CLEAR,NORMAL,0.01692226074773948,-0.08114890262862501,9.610323697450683,0.3127377263454358,0.2913762046401059,0.28230197388727335,0.05115503072244567,0.047409207115335805,0.010937178325912029,0.09558276936665501,0.10636474227065687,0.09986824632455922,0.3337296312936777,0.7255457610179494,0.4225117873887673,1.6666666666666667,1178.291970417501,50.92116513256079,,,,
2026-09-11 15:05:21.223237,device_0007,route_0014,event_015006,29.77473888317712,76.73106881333162,9.516100551102856,RURAL,CLEAR,SPEED_BREAKER,0.14266020308166086,-0.16490174902288687,9.623376631720369,0.29111877009323994,0.2838252840997102,0.3234913532780152,0.03802064275943862,0.024170656322193004,0.025767164784717776,0.07079480588592289,0.08707539049694017,0.07234813232773575,0.36407842565278853,1.231442060399349,0.4404490118261187,10.44776119402985,1359.237874226366,49.29232864272136,,,,
2026-09-11 14:48:09.423237,device_0015,route_0011,event_004688,28.315032915748375,76.91577544006955,79.90051201751263,URBAN,CLEAR,NORMAL,0.14959977121661258,-0.05577019703550485,9.668793778060442,0.31845994130023936,0.3221588514444368,0.3274075758936226,0.01575553573093102,0.06765875915313252,0.0018085347034652627,0.09266068660112582,0.0974000574624782,0.09906057516698982,0.34930850234291955,0.8811751193532888,0.45970560565604673,10.526315789473683,1170.7151707482878,48.688187719961995,,,,
2026-09-11 16:57:00.123237,device_0027,route_0025,event_081995,21.164689308982933,77.04624441736176,41.500163457074066,RESIDENTIAL,RAIN,POTHOLE,0.06369298753844882,0.18581290980293313,10.039063207585585,0.5271311002272294,0.3100293932803371,0.650354278647441,0.05434387123241166,0.007210463448620083,0.007551820402816618,0.25144812793549726,0.17634835578647878,0.22218022095149045,0.7356399561962613,3.582845214700077,0.6870535735977005,4.0,980.2031432087933,51.009834386288524,1.4917010952278527,4.4275256423574305,3.1191619262014125,LOW
2026-09-11 17:00:57.823237,device_0011,route_0036,event_084372,36.23502798759853,76.6319284127003,64.35543730706125,URBAN,RAIN,NORMAL,-0.13254210417687465,-0.16144572407937022,10.009197060071033,0.29826124647683694,0.36473704884909136,0.35855412241739854,0.02890804138249175,-0.0018316161698437971,0.0109604182134353,0.08570776404694991,0.10592944964265827,0.1049966601135563,0.4217523872699171,1.0503727430499499,0.47626670940275945,9.836065573770492,1173.916838169756,51.962794992449886,,,,
2026-09-11 14:44:32.023237,device_0024,route_0000,event_002514,28.305452526228663,77.1581643789099,65.02891182106322,ARTERIAL,CLEAR,SEVERE_POTHOLE,0.009437705706683062,0.20025305775359886,11.626388983564338,1.0655022572716972,0.6540343572191907,6.76562024863084,0.006406304147357072,-0.05335560649334924,0.050451100707436615,0.5968326408262278,0.46098638430211375,0.42602814267196837,7.083706843194996,29.172117927373304,3.6652615293920574,2.0,955.692200394856,52.318099885446266,10.129036804050543,26.463768061603673,22.425866661087962,CRITICAL
2026-09-11 15:41:00.523237,device_0013,route_0001,event_036399,25.402710957683556,76.9694223299484,20.84351583918087,RESIDENTIAL,CLEAR,NORMAL,-0.040476524307123236,-0.17620302063177512,9.655223278470864,0.37645365010620047,0.30875269885709916,0.3389903833960372,0.006334875149291019,0.054343303517510086,-0.04719253240585149,0.10528506297202009,0.11628120466468966,0.11118717833763046,0.3614677720257597,1.1209210989731861,0.49892309945618607,17.543859649122805,1155.7611609067421,49.31814801189647,,,,
2026-09-11 15:45:07.423237,device_0008,route_0047,event_038868,25.343395371335664,78.24815736094067,9.52027391376094,URBAN,CLEAR,NORMAL,0.14269914495835503,0.025517343733837607,9.741527086614257,0.31377987982193245,0.35730403394013327,0.3481163821948802,-0.044334599184342294,-0.03491943922390315,-0.004060989999666015,0.108077787693647,0.10071484558722263,0.10290834198827185,0.35112893263626455,0.8402353324670901,0.5106034242132195,19.672131147540984,1174.5210483649005,51.936063712881634,,,,
2026-09-11 16:17:25.023237,device_0007,route_0002,event_058244,23.815317760488753,79.12285572094692,9.780174617755412,URBAN,CLEAR,NORMAL,0.026713826129728547,-0.08327258928625969,9.62764238162182,0.29839251680014317,0.31768914135688786,0.2849026309932456,0.0174360177262186,0.028756946269930018,0.05046565205405539,0.11116899640616196,0.10669915150999205,0.08571261155798165,0.32834551892540575,0.8106408076578759,0.40248223612561945,12.280701754385964,1156.3665497149682,49.29232864272136,,,,
2026-09-11 15:31:01.523237,device_0006,route_0018,event_030409,30.998473302464795,78.42845914174968,10.525132781002785,URBAN,CLEAR,ROUGH_PATCH,-0.07111709454198177,-0.06830842688776878,9.940709580308194,0.6703207194890722,0.6929371427452352,0.7694081642745898,-0.039497733370165725,-0.038957793562089366,0.008436377367484744,0.19758011864735459,0.20211411110768204,0.20281608966567874,0.7738103830973057,1.8435801071987683,0.37850286544873185,1.9607843137254901,1065.3241472729683,47.87275321839885,,,,
2026-09-11 16:11:40.023237,device_0008,route_0021,event_054794,27.675777178379068,82.09792903112022,10.91315308006468,RESIDENTIAL,DUSTY,NORMAL,0.10354896084330274,0.034639025433843194,9.742130178556927,0.2905102099765424,0.4051045356217847,0.33281232133501326,-0.06915343524613339,-0.022724284450603663,-0.016420979548607214,0.08538004546571455,0.08628037912046367,0.09385957649457506,0.33502701304626464,0.7391185922667436,0.5009721952593722,11.475409836065573,1174.5210483649005,51.936063712881634,,,,
2026-09-11 15:12:26.923237,device_0027,route_0016,event_019263,30.38337253455261,76.7680655240905,61.82396990796611,RESIDENTIAL,CLEAR,NORMAL,0.12995815030737104,0.1106431996752513,9.960960222429211,0.2960543121527926,0.27817857188038136,0.3539311659828856,0.024601114714752917,0.009283730141489529,-0.004215902368906226,0.09755047275091139,0.08240682505714611,0.10558916537493848,0.3927796175571898,1.32150379076678,0.4324332963400015,10.833333333333334,1176.2437718505519,51.009834386288524,,,,
2026-09-11 17:00:11.523237,device_0025,route_0025,event_083909,20.992442946878658,77.04044393914974,38.45826221043736,URBAN,CLEAR,NORMAL,-0.06314671119950137,-0.029378800901475165,9.956719359348858,0.32170760814546795,0.34343381699568715,0.2729306182702007,-0.0037804438728662624,-0.034868695372394246,-0.0006979935649835553,0.11706215434093467,0.09983137229003095,0.09353970599852185,0.32057467833769104,0.8783943681887383,0.4520042845026533,12.5,1191.6511525911126,50.35030585044683,,,,
2026-09-11 15:25:17.923237,device_0029,route_0038,event_026973,30.45614412395349,78.85036048039377,76.70954163691259,HIGHWAY,CLEAR,NORMAL,-0.22585394747110535,-0.2569624022932479,9.913938303093966,0.26840993672967917,0.2795985130892323,0.2671179841853433,-0.014785889148320904,-0.025497253055075168,0.016076907372786425,0.09432203482657119,0.08970042447481312,0.09776797999813425,0.2953879976108076,0.7969547490844935,0.40022705312125006,2.5,1185.4321676861896,50.614452379095,,,,
2026-09-11 14:52:13.523237,device_0007,route_0027,event_007129,28.42453827019512,77.7085720995762,10.228071093564822,ARTERIAL,CLEAR,NORMAL,0.16240547776534772,-0.09256411798346023,9.568439718340333,0.2559384585657771,0.33252401762628714,0.2708278551728124,0.042234607428592696,0.03033192223337061,0.007999746194488145,0.10429352657081929,0.0891212366381423,0.08821502430907366,0.35006753971371873,0.706044214396341,0.41036763008908095,14.035087719298245,1156.3665497149682,49.29232864272136,,,,
2026-09-11 14:52:15.023237,device_0021,route_0003,event_007144,28.849402052153277,76.75059025505215,9.574599296688145,URBAN,CLEAR,NORMAL,-0.11097851331911851,0.11921412166641414,9.854976432559043,0.3003614536782718,0.31665367980529074,0.280887350705934,-0.03104261553355869,0.006000710160311789,-0.025097964595656174,0.10628088411963799,0.1103850542394768,0.11689723342199113,0.2883711099427984,0.7776171619969858,0.4013824029752304,9.166666666666668,1182.3087711011192,50.74816449523607,,,,
2026-09-11 15:56:07.123237,device_0001,route_0004,event_045465,30.863341327334528,80.54592296605706,9.343146923779383,HIGHWAY,CLEAR,NORMAL,-0.18262992844831039,0.18078583806275622,9.947799969774495,0.3117265768589075,0.28369058615525516,0.3122590809718007,-0.012681765639027766,-0.037967756917702294,-0.05029813248964972,0.09827207104321121,0.09116291878037111,0.10281329539522627,0.34969255501085034,1.0640665677933647,0.4010808640820548,7.894736842105263,1147.8114285371462,49.659725093210575,,,,
2026-09-11 14:43:37.223237,device_0012,route_0009,event_001966,28.51049894181648,77.27837120251039,38.13231442507072,RURAL,CLEAR,ROUGH_PATCH,0.12240650817215243,0.16001520416866982,9.702530160695153,0.6349467532686361,0.5533254445313476,0.8303542827120795,-0.007670682757358636,-0.017860945646312236,0.0450774977261325,0.1992083525778157,0.2581429308000744,0.2622485647416613,0.8386827301760893,1.8897859284555238,0.4354955338798571,1.9607843137254901,1072.8990595464466,47.53476065265595,,,,
2026-09-11 15:05:35.823237,device_0021,route_0015,event_015152,27.275431025773994,77.59108377709332,10.808729852243994,URBAN,DUSTY,SPEED_BREAKER,-0.011334552088108735,0.07035241612877222,9.97058925747261,0.29561073758305073,0.2762180346387597,0.3516255825428181,-0.014133064172446816,0.012824716424524504,-0.01490027144973487,0.075598458877989,0.08972016503459937,0.07439126354411221,0.39770252337446316,1.2103431660837352,0.4400975594374608,0.7142857142857142,1379.3602329513055,50.74816449523607,,,,
2026-09-11 15:12:11.923237,device_0007,route_0000,event_019113,26.861118929117726,76.78099036679076,10.835719668795479,ARTERIAL,CLEAR,NORMAL,0.0547677292234386,-0.08643504099116817,9.614421487050036,0.3044780492116221,0.32607249020369555,0.27352479709676086,0.02752758059208488,0.012914584155308318,0.018724919833204675,0.07706902502219082,0.09801342686005723,0.11777325646790428,0.3254827259757045,0.6991273349304716,0.4196980952058064,0.8771929824561403,1156.3665497149682,49.29232864272136,,,,
2026-09-11 16:47:21.223237,device_0018,route_0049,event_076206,35.39543569025052,76.02656875384812,10.407432357771393,RESIDENTIAL,CLEAR,NORMAL,-0.04660888480234805,-0.23817807895233073,10.00070348589048,0.29276321905195435,0.36545464497172647,0.3265275578841703,0.03322806512822247,-0.027126500820078097,0.02843185717873255,0.10059335071452707,0.08776358935337457,0.11042914942411414,0.39060814827367385,0.9213300219835077,0.457027421023053,20.833333333333336,1196.452449290308,50.14825289178003,,,,
2026-09-11 15:33:54.723237,device_0006,route_0036,event_032141,31.555662072895057,77.04455884881287,62.12828034329731,RESIDENTIAL,RAIN,NORMAL,-0.0004786467968044471,-0.1190457812305722,9.916221171361794,0.30480801593422313,0.30855871727197587,0.3380890953256427,-0.02739498449347616,-0.031925538412925517,-0.012623045550601324,0.08547006837488164,0.09431587514219951,0.10699978553613247,0.36181189612127657,0.7322134205640207,0.45591228804102174,8.035714285714285,1169.7676911232593,47.87275321839885,,,,
2026-09-11 15:16:54.023237,device_0025,route_0024,event_021934,28.696256302153028,75.22218135744362,87.78075770055885,RESIDENTIAL,CLEAR,SPEED_BREAKER,-0.3548417530909654,0.03722473575904102,10.779439162958054,1.3380315867018535,0.615064505629461,2.1593665842094816,-0.10185137168980399,-0.05694487038779102,-0.04041548802349777,0.35212407916023053,0.36863517917430344,0.34448556996726476,2.5577262069512385,8.913458701187082,1.3816116969421035,0.7142857142857142,1390.2596780229646,50.35030585044683,,,,
2026-09-11 15:47:36.523237,device_0021,route_0036,event_040359,32.2919217959253,76.97982991999754,65.26395726785834,URBAN,WET,NORMAL,0.0024347536196525047,0.10049584185689013,9.75645862974658,0.28441823592839405,0.2943947078423878,0.2921517605455104,-0.02124986166154894,0.028720051319458876,-0.011216956362951305,0.09686115842899336,0.10578381833429334,0.1120430907205555,0.2935477794430545,0.6851459479053279,0.42822279421406595,17.5,1182.3087711011192,50.74816449523607,,,,
2026-09-11 16:10:04.723237,device_0000,route_0039,event_053841,33.05849436250843,78.88003470614618,43.58160207886804,URBAN,CLEAR,ROUGH_PATCH,-0.0711932482384792,0.1846988289364493,9.847281764257497,1.1797516584802707,0.7469961811896901,1.0850552859500382,-0.0318309693773161,-0.055572909046023855,-0.007075431455472692,0.2536331271069122,0.20468770966245942,0.15494137470144506,1.0897459008061954,2.756335593111187,0.44817934686648914,1.8181818181818181,1088.9886895864247,50.50557505871605,,,,
2026-09-11 14:55:36.823237,device_0023,route_0006,event_009162,27.92860314330445,76.98071735865778,81.873258546704,ARTERIAL,CLEAR,NORMAL,0.1492688496541793,0.0721124208514413,9.869098834705245,0.3078748205610962,0.3070592125960994,0.3185756879444854,0.001521571673828611,-0.03232698990520218,0.03856476933293205,0.08443673525708188,0.09994520266183389,0.10151006618501673,0.3295964961500182,0.8223056728420328,0.44493058734018714,5.833333333333334,1182.7936295130366,50.72736147953584,,,,
2026-09-11 17:06:44.923237,device_0003,route_0049,event_087843,36.42835492811051,75.8589527203811,20.38685058426173,URBAN,CLEAR,NORMAL,0.041415915111507294,-0.15180368993525656,9.602893262879581,0.3065127222524409,0.3051387297994588,0.33576765195061276,0.051495903462319186,0.042577117088139056,0.03655455832243512,0.08937179864720877,0.09728203205304127,0.09260987833176473,0.38304929223836637,0.9560124259297478,0.4577690720363551,20.833333333333336,1178.291970417501,50.92116513256079,,,,
2026-09-11 15:43:03.523237,device_0028,route_0003,event_037629,30.259364779169655,74.39943722357974,86.19875532123925,RESIDENTIAL,CLEAR,SPEED_BREAKER,0.2776868472928948,-0.07924843990473744,10.481332639502002,1.1009348647626735,0.6444230072887449,2.26883287047168,-0.04049363022250293,0.024756549695532766,-0.03153823606171218,0.35237361292772895,0.32973771588015266,0.2841339670819335,2.499272662048566,8.59648298081217,1.3257613332485796,0.7462686567164178,1369.2273556897228,48.932706260641424,,,,
2026-09-11 16:59:11.023237,device_0024,route_0038,event_083304,34.33508554390909,82.10882244482563,9.927167505960888,RURAL,CLEAR,NORMAL,0.23513763161132858,0.17151991194511843,9.870936260970756,0.28163638977234806,0.32520713026955483,0.3170750119001534,-0.023684391647417688,-0.07022312503886852,0.05354203248984881,0.08977924954279697,0.10730233746802774,0.11847379692672608,0.32773425032694137,0.9835379229349588,0.44618472018607847,17.21311475409836,1165.9444844817242,52.318099885446266,,,,
2026-09-11 16:30:47.523237,device_0026,route_0015,event_066269,22.835567111454935,78.78314850743183,9.034742230226847,RURAL,CLEAR,ROUGH_PATCH,0.024940158342724672,0.16577228037585948,9.703939647156597,1.0336034855532976,0.7878867162442612,1.0315863231353162,-0.009491602133297892,-0.03808783457957862,0.0014596822146571878,0.21373390428395223,0.17695776091477794,0.21051708792206586,1.0312527938437048,2.608277213928723,0.4278219119523647,1.923076923076923,1054.8211708383528,49.29745575609877,,,,
2026-09-11 15:38:05.923237,device_0000,route_0038,event_034653,30.984999679545176,79.29483299275263,62.08562108307015,RURAL,RAIN,NORMAL,-0.07380331674276172,0.16373810708742484,9.929943808961587,0.27057887948020604,0.2734943677130129,0.3253088730223131,0.02348060006096092,-0.04391050062644832,-0.027812016469220435,0.08579829516685489,0.10000638273796549,0.09723850385654889,0.3535328010936658,0.9737224570959278,0.4040158064384037,16.666666666666668,1187.9876613670087,50.50557505871605,,,,
2026-09-11 15:50:16.823237,device_0016,route_0027,event_041962,27.102977299008728,80.54868117858594,10.84946400701006,ARTERIAL,CLEAR,NORMAL,0.019511631320774936,0.04789630175246736,9.833107536385048,0.2677234668501595,0.3432808717216385,0.3265012916367177,0.02965526753016127,-0.038899647965436754,0.051711752665047475,0.08675929996921831,0.10884184986615865,0.09817697625291201,0.3290916181667995,1.0128041442732858,0.4581303714100508,20.535714285714285,1173.9088107441603,47.70387570777382,,,,
2026-09-11 15:46:19.623237,device_0003,route_0029,event_039590,26.9068472947856,74.02796203057197,43.27599205942606,URBAN,DUSTY,SEVERE_POTHOLE,0.005105606209895538,-0.09763424489422835,10.670054731445566,0.8055450417538553,0.2857068251252147,4.663383302682679,0.1159072200237174,0.1930597930978629,0.04420680770155813,0.4928713205594982,0.36273159481430145,0.3991892396548476,4.782327170278421,20.083337310491306,2.7811387367396248,1.0,981.9099753479176,50.92116513256079,10.795387723747252,19.850497373114493,26.808161239167745,CRITICAL
2026-09-11 16:55:24.123237,device_0014,route_0026,event_081035,22.98609968684883,81.9615394233454,40.00767598426541,RESIDENTIAL,CLEAR,NORMAL,0.1909211681689358,-0.10420980286630992,9.734281383860731,0.3518095237876594,0.3469350695193271,0.3149178428168581,-0.029176091401183164,-0.026282226387042855,-0.03736243702931107,0.11018486726432707,0.08472052378859514,0.09451409500510054,0.3199346045493219,0.8009131384609987,0.4908729073609124,18.75,1172.5933011717448,47.75739375624995,,,,
2026-09-11 14:58:38.623237,device_0025,route_0001,event_010980,27.67689233813397,77.20311963625502,20.888193337360438,HIGHWAY,CLEAR,ROUGH_PATCH,-0.08014220928839018,-0.11994464441495249,9.9344330115706,0.9178455621764222,0.34439235097515286,0.9763313108203588,-0.022843259409123726,-0.016713885736608928,-0.015774761015912485,0.19190826533070582,0.17245315939259978,0.17084250958947447,0.9676721590640562,2.339821768315936,0.4274256622587661,1.8181818181818181,1092.3468898751864,50.35030585044683,,,,
2026-09-11 16:14:10.523237,device_0004,route_0010,event_056299,30.961665753289488,81.68843885846135,55.53041304464017,URBAN,RAIN,POTHOLE,-0.07205198822373494,-0.05935578453281879,9.71175021030237,0.7689123004453877,0.4475387177978357,0.48735139496827157,-0.026745142689485184,0.007493306219534535,0.06717241532852022,0.27353121130571906,0.27825280496488436,0.23459851743730573,0.5524202296562315,2.4917768606404174,0.8430189673320897,1.0,995.3506891266369,50.2335513967164,1.569350156561562,2.9635709750016264,2.8254086986785354,LOW
2026-09-11 16:22:55.423237,device_0016,route_0011,event_061548,24.935499592061248,73.07823358407279,58.136236156723314,RESIDENTIAL,CLEAR,NORMAL,0.030858816166603676,0.10429003073396283,9.791927056538741,0.34753253777004134,0.3078264858372783,0.3066693719060564,0.016055718717162864,-0.0464251795764042,0.043693582622665095,0.10510698395850983,0.1034582554780224,0.0873460766125574,0.30717523821023063,0.8755920595638003,0.4476568358145977,7.142857142857142,1173.9088107441603,47.70387570777382,,,,
2026-09-11 17:07:40.623237,device_0004,route_0026,event_088400,22.47789983098158,82.38630733004997,39.99885423809352,RURAL,CLEAR,NORMAL,-0.1740970214369565,0.04181827103782889,9.601435621033952,0.33207516547043436,0.35104454632812054,0.3106621198890615,0.024533321208713217,-0.029462356188036814,0.009014878820809199,0.09855847358172314,0.08161246870058254,0.10254652412306871,0.3646054020975879,1.2387214653521355,0.48693921939460194,21.666666666666668,1194.4208269519643,50.2335513967164,,,,
2026-09-11 15:54:12.923237,device_0016,route_0036,event_044323,32.646971416840834,76.94838574052817,19.26675868467051,RESIDENTIAL,WET,NORMAL,-0.08683967712573924,0.03422431681130877,9.88192561376178,0.29890578396414946,0.2948629984369632,0.3236764558669398,-0.020942563397821613,-0.027244459146826057,0.03875763393834946,0.09887839848880402,0.1158408163157314,0.09610779348148792,0.3381802203784212,0.8567614674327402,0.4516210115695757,10.714285714285714,1173.9088107441603,47.70387570777382,,,,
2026-09-11 16:12:21.323237,device_0027,route_0027,event_055207,26.600454777477168,81.62886104013056,9.925900028083344,ARTERIAL,CLEAR,NORMAL,0.0580609965320353,0.14900964753529983,9.9851724225041,0.37294988748336655,0.30081814431399706,0.28724743536666414,0.044784754187947355,0.010816076691505536,-0.0020018566479206752,0.09401586366958845,0.10420359989266517,0.09974965865270956,0.34687203171570596,0.7596709139279252,0.4797584737641481,11.666666666666668,1176.2437718505519,51.009834386288524,,,,
2026-09-11 16:09:33.323237,device_0009,route_0043,event_053527,23.781346890870743,76.45345554760797,10.429912533674266,URBAN,CLEAR,NORMAL,-0.09267284141951661,0.1036264597420494,9.864461714275123,0.3469250480487832,0.28575140593733867,0.2941106476445703,0.010764796784320645,0.023102684111781104,0.008675868120594484,0.10376670345289166,0.10576448158871886,0.09379822594871212,0.3063951200804282,0.7465031382088814,0.45315897044826775,12.5,1175.8012798150014,47.62709563372047,,,,
2026-09-11 15:25:17.623237,device_0000,route_0031,event_026970,26.26176839483873,78.0899940878853,20.257006618636403,URBAN,CLEAR,NORMAL,-0.0426593954637748,0.16738353971796424,9.89568549972873,0.29079154744679503,0.32670164153139103,0.3157177049977322,-0.005071833132747378,-0.047517744400009415,-0.04978931962670183,0.10075655645993091,0.09788841825904225,0.11009400593527428,0.3330459080833959,0.7271936643910859,0.4265153818062298,11.666666666666668,1187.9876613670087,50.50557505871605,,,,
2026-09-11 16:42:22.323237,device_0013,route_0046,event_073217,34.948817100547174,79.14392996497821,77.8167497439612,HIGHWAY,CLEAR,NORMAL,0.008963818047223862,-0.23372254343551613,9.66802169551069,0.28109233765346525,0.3406636674116057,0.3083202893659223,0.0067571353399700435,0.02760661154781226,-0.02917219464382683,0.10004871488112095,0.10224395416100386,0.11590751708339574,0.3285042178457651,0.8524829951182635,0.4404276591051588,1.7543859649122806,1155.7611609067421,49.31814801189647,,,,
2026-09-11 16:30:09.623237,device_0023,route_0020,event_065890,24.452582192743723,72.95582505216655,79.64239229771059,HIGHWAY,CLEAR,NORMAL,0.11370960246375113,0.0590217142022871,9.833963325958134,0.269290745764076,0.3162464116326672,0.35618069844558725,0.0015290559863145772,0.005705766607177299,0.0399557371072676,0.07894770724169042,0.08938344757725859,0.08310762460564755,0.36010372495618487,0.8151068243553166,0.46586774825434685,24.166666666666668,1182.7936295130366,50.72736147953584,,,,
2026-09-11 15:50:42.723237,device_0019,route_0042,event_042221,32.34448759520339,77.59135546430858,61.74348613985151,URBAN,CLEAR,NORMAL,-0.20488521087230288,0.13366593729755374,9.94979144852324,0.3118517423312297,0.3218231503751202,0.30842246696504955,0.03738584649744427,-8.496804598160598e-05,0.002097101271825746,0.1256646236071688,0.0899614316966501,0.0930173072373212,0.34683502332651084,0.809227054674853,0.46495841109910585,22.13114754098361,1174.5353318231532,51.93543212132559,,,,
2026-09-11 17:23:27.123237,device_0026,route_0006,event_097865,20.411936109253958,74.30898253264685,9.193821575697257,URBAN,CLEAR,SPEED_BREAKER,0.012927597494502032,0.23090967826579795,9.767460082164058,0.2888468255305853,0.2705126503196624,0.4795488601612995,0.006695870622503249,0.042120476161196685,0.00882159236858503,0.07511975483597735,0.06180443828713412,0.07741373670981909,0.48143336399759956,1.910544100380509,0.4099513463602725,2.2388059701492535,1359.0965085801854,49.29745575609877,,,,
2026-09-11 15:00:45.623237,device_0007,route_0003,event_012250,29.08571347990494,76.35680599256605,20.81805459196499,URBAN,RAIN,NORMAL,0.16418210973910743,-0.17481836816395568,9.581653064925213,0.3350622692993862,0.3327472650829197,0.3548407755473569,0.03900037380935439,0.006434589164000377,0.020719543709869313,0.09959408663946383,0.09394787727408765,0.09608940750629023,0.4096879372560624,0.8620649892093883,0.4890263641763848,4.385964912280701,1156.3665497149682,49.29232864272136,,,,
2026-09-11 16:36:04.223237,device_0029,route_0024,event_069436,28.71984173983909,70.95030448749964,39.925962712989985,URBAN,CLEAR,NORMAL,-0.170215062379263,-0.1907548631557013,9.846302587957938,0.33465758212990826,0.2815919537886237,0.26909022462057497,0.001569506778001289,-0.019726810626561803,-0.005282718054436947,0.10326824387111883,0.10067741311291095,0.09885906756844254,0.2774446770853548,0.6626700769996567,0.4013142058470048,21.666666666666668,1185.4321676861896,50.614452379095,,,,
2026-09-11 15:44:23.823237,device_0020,route_0019,event_038432,30.04483671402888,73.9371776007015,9.11596316899134,URBAN,DUSTY,NORMAL,0.004778100165488777,-0.18444412121746426,9.584576720551096,0.31216141098911787,0.2676002720966042,0.2869239301182849,0.06215492826250844,0.011082389238531004,-0.062233743243035114,0.10479138480061538,0.09972470410347312,0.10622033017074355,0.3505300157895038,0.8825442645757455,0.43241483331683256,3.571428571428571,1178.3195617621582,47.52530791923109,,,,
2026-09-11 15:48:29.523237,device_0017,route_0029,event_040889,26.852386583991393,73.92467549331958,20.319062746182382,HIGHWAY,CLEAR,POTHOLE,0.01759221477548265,-0.17148295563405747,10.027640405059403,0.4398299778763772,0.32514042086697587,1.6555130492280363,-0.017773995527613454,0.010970291107672296,-0.02580880628398087,0.11933691641722631,0.12532183070803082,0.10872838096673806,1.6834949850872514,6.933889830284251,1.4216373483263018,20.0,958.1545187804943,52.183649943683676,11.92626560230185,19.080474518866737,26.907659266305977,CRITICAL
2026-09-11 15:32:00.423237,device_0023,route_0015,event_030998,25.89923810747047,77.96061278046173,10.95136806313378,URBAN,CLEAR,NORMAL,0.060166301712546104,0.06066710034778222,9.855767766087553,0.30680690362155427,0.3018860014914311,0.3573546282377519,-0.025327245390150434,-0.014491001894036315,0.02872510018619767,0.10196527473566469,0.08735349919541208,0.08818743042354212,0.3625069340728486,0.8396890028214603,0.47850614707500827,18.333333333333336,1182.7936295130366,50.72736147953584,,,,
2026-09-11 16:13:55.123237,device_0026,route_0011,event_056145,25.25673046479533,73.44288390141432,56.17009858827545,SERVICE_ROAD,WET,POTHOLE,0.07951817144133085,0.2919332224566211,9.812741057819368,0.2976115203734949,0.6196706766445355,0.9795447200213314,-0.03779644584812078,0.02160753297772118,-0.006557308803856372,0.25406795467304183,0.2689226442417963,0.2544585888219734,1.0399759058232012,5.113217540479049,0.8211772558832223,1.0638297872340425,953.396058257742,49.29745575609877,3.50101891159005,7.507472474808704,6.892900167066518,MEDIUM
2026-09-11 17:19:21.923237,device_0022,route_0039,event_095413,36.565482315003685,80.175362172831,10.920286532624065,URBAN,DUSTY,NORMAL,0.046886473611332254,0.13824908935504823,9.643556318506318,0.29600728761986955,0.36497094830477894,0.3227513660659624,-0.00987173571715286,-0.02518896513851383,-0.05437710152001463,0.10938856199180057,0.08562488417414497,0.1061536924792288,0.35632078612852813,0.9048732587501203,0.46143768341073155,14.754098360655739,1173.9747253078074,51.96023277588557,,,,
2026-09-11 15:17:16.123237,device_0018,route_0013,event_022155,30.445434630205007,77.99643192273724,10.31456843424811,URBAN,WET,NORMAL,-0.05860166199168827,-0.18820928727846814,9.920760607591655,0.33713231059148224,0.34963713441887173,0.3613370130195706,0.03143548632013897,-0.0006813674555352873,0.02563891609270123,0.10750242502034493,0.10724535812348399,0.09996955595531526,0.3832800498056364,0.9971162981204085,0.4833457926730638,12.5,1196.452449290308,50.14825289178003,,,,
2026-09-11 15:09:41.923237,device_0014,route_0020,event_017613,27.445593943278368,76.10092120830656,54.79158623196677,RURAL,CLEAR,NORMAL,0.15882652107610637,-0.16838044229172205,9.792197453261124,0.3220940697237385,0.29507438508858347,0.31896799574710044,-0.0254744467373142,-0.032194575818516355,-0.05487437899158922,0.09068935960394461,0.10877871070171771,0.08203230290476479,0.3169864691711193,0.9544172974929186,0.4362641476206472,6.25,1172.5933011717448,47.75739375624995,,,,
2026-09-11 16:14:24.923237,device_0023,route_0016,event_056443,33.627926736864325,75.9608562909782,43.31770649410473,RURAL,CLEAR,NORMAL,0.06718666165101453,0.0354205269342239,9.887951207512943,0.3151609130172072,0.30223839278818687,0.26538161523580156,-0.012246677050839382,-0.013904836343057569,0.03165260902777511,0.10544086240631396,0.10364734114219626,0.09822028451640465,0.28110483724293944,0.7882954579209258,0.4399140551006731,21.666666666666668,1182.7936295130366,50.72736147953584,,,,
2026-09-11 17:24:20.523237,device_0021,route_0034,event_098399,26.125957016969288,68.75647989327703,9.214919507518234,HIGHWAY,RAIN,SPEED_BREAKER,0.007933824924185406,0.05226148282669135,9.912604535441549,0.30339243871014054,0.28759656117913274,0.5732766662328417,-0.027316644685061023,0.015748121388434844,-0.028408350798978205,0.0832991922965925,0.06726707583193049,0.09116638402009117,0.5858501378889838,2.390935166088134,0.6180588814068495,13.57142857142857,1379.3602329513055,50.74816449523607,,,,
2026-09-11 15:20:25.823237,device_0006,route_0014,event_024052,30.531477140755047,76.43276260811726,39.38025901019016,ARTERIAL,WET,NORMAL,-0.0635127622184212,-0.05952080778609429,9.893105319188447,0.3036505148018469,0.2735846964226346,0.27132222583845494,0.021467935190448238,-0.0285461667315497,-0.016500188711257562,0.09797437221619498,0.10722503989143353,0.10612099450404722,0.2891729771316503,0.5595433962272427,0.4083855583947378,22.32142857142857,1169.7676911232593,47.87275321839885,,,,
2026-09-11 16:04:04.823237,device_0019,route_0023,event_050242,26.148029968704364,81.06699194388578,19.80949322543093,URBAN,CLEAR,NORMAL,-0.1431599618546557,0.06701660202989679,9.956886987123285,0.3040413715000146,0.3038428851276003,0.3510729265816239,-0.005950928082201556,-0.013949631467749754,-0.009132658814667684,0.0999355235688772,0.08583633792784262,0.11570950530448887,0.3878679111825027,1.2369516746009026,0.443651986473371,21.311475409836067,1174.5353318231532,51.93543212132559,,,,
2026-09-11 16:18:40.423237,device_0000,route_0032,event_058998,31.8888849848664,81.28355250110309,43.56421012720234,HIGHWAY,CLEAR,NORMAL,-0.07449096910449995,0.21638485216855782,9.847794965344342,0.3212274397623539,0.32263640613477806,0.31063096775630034,0.012398779492671591,-0.048772058441679415,-0.021714746848315057,0.09012324318300313,0.0990450447855819,0.09971137423438191,0.31619828337560657,0.8361141631044475,0.46694000412994335,14.166666666666668,1187.9876613670087,50.50557505871605,,,,
2026-09-11 15:32:35.023237,device_0029,route_0013,event_031344,31.191773786698764,78.35096721014901,19.713256435646752,URBAN,CLEAR,NORMAL,-0.1954234915449612,-0.178459334336449,9.856060429575196,0.3120122126297344,0.32497474859820924,0.3081368295832388,0.01885113622191465,-0.05208298946656273,-0.003711127802595477,0.09697122790354212,0.09911306432043787,0.09858955787163023,0.31499199727245486,0.7680318005622375,0.4537585751552154,2.5,1185.4321676861896,50.614452379095,,,,
2026-09-11 16:22:24.723237,device_0015,route_0014,event_061241,33.64292898932691,75.20620061135448,57.58842137223149,RURAL,CLEAR,NORMAL,0.23613493180450487,-0.08034919671902291,9.627354581901372,0.32545082778941387,0.2927229687094636,0.32968234671279467,0.003636644065077325,0.04170570077479637,-0.03524835829165691,0.09697634375670477,0.08980816682318031,0.09841891248032959,0.3673489104836492,0.7768978390257448,0.4537200211111432,18.421052631578945,1170.7151707482878,48.688187719961995,,,,
2026-09-11 17:14:33.523237,device_0021,route_0015,event_092529,20.554849711984353,79.39561579947215,80.90093745793821,RESIDENTIAL,CLEAR,NORMAL,0.007890876084069095,0.03394655334920866,9.81353909479601,0.30218696245721494,0.29351129282463617,0.2851454596347137,-0.029314403876125595,0.037959211494578614,-0.042670509701293616,0.1034014928287066,0.10030030980063599,0.09839471706350865,0.2838020650257046,0.714804967305394,0.4259229085790721,9.166666666666668,1182.3087711011192,50.74816449523607,,,,
2026-09-11 16:55:03.423237,device_0024,route_0026,event_080828,23.000209715780844,81.94967860851054,37.635400716960035,URBAN,CLEAR,NORMAL,0.19574580550658724,0.1284919749632476,9.938132277796855,0.28468997058568873,0.2927294336979205,0.27894483865876335,0.0007758888119911368,-0.05406333283600183,0.04592269247444587,0.11292269875885555,0.09971989009972987,0.11580086508745997,0.316253907400344,0.9622226651344352,0.4008416687301627,10.655737704918034,1165.9444844817242,52.318099885446266,,,,
2026-09-11 16:06:33.123237,device_0015,route_0038,event_051725,32.16056797011998,80.28202126420415,20.05164521610832,URBAN,CLEAR,NORMAL,0.2045630480082264,-0.08954967083915345,9.68889050871512,0.36222546484454293,0.28609899311317893,0.33131602012187045,-0.005399093839660786,0.05737335542529737,-0.03630625446501328,0.09162047198693914,0.11082696901423583,0.10878267838360256,0.34614763085768935,0.8348722604503962,0.447502103073589,5.263157894736842,1170.7151707482878,48.688187719961995,,,,
2026-09-11 15:36:48.523237,device_0006,route_0021,event_033879,28.051730206949113,80.25511074332843,37.632636233782584,URBAN,CLEAR,NORMAL,0.009093001065080446,-0.1128010978910642,9.967679199507161,0.30309990683610877,0.316648083397695,0.23954130138396837,-0.01546597025789397,-0.0327935249141444,0.0075954334237757415,0.1249272387825509,0.09553770812264724,0.10257130712595244,0.2991521917554147,0.8988735370439329,0.39125138840663054,1.7857142857142856,1169.7676911232593,47.87275321839885,,,,
2026-09-11 16:58:41.223237,device_0007,route_0014,event_083006,35.46384613257481,74.48814822633577,56.62230255838744,HIGHWAY,WET,NORMAL,0.05553530854881769,-0.1477399280537543,9.658274983009177,0.3239558003272548,0.2973391704192652,0.29798624493957176,0.0514064439920363,0.01703988593836321,0.020829935628170763,0.12059599240276811,0.09403771411418084,0.08705402759848807,0.3236540927815535,0.7648092553466803,0.45452877406301273,8.771929824561402,1156.3665497149682,49.29232864272136,,,,
2026-09-11 16:43:31.423237,device_0016,route_0046,event_073908,35.00844683658548,79.16133317180865,76.92606213287013,ARTERIAL,CLEAR,NORMAL,-0.08117994714318486,0.0075779450446459996,9.833710657350691,0.26233102105439243,0.28496442226605184,0.31090628314598706,-0.006943176147792373,-0.01547928254190527,0.03697395686208319,0.1194403527466437,0.10677648663618473,0.10549532856610865,0.31556595777060653,0.7728581269122099,0.3980414463202323,23.21428571428571,1173.9088107441603,47.70387570777382,,,,
2026-09-11 16:32:25.223237,device_0016,route_0017,event_067246,33.42821799934501,80.70149012749638,64.55582071727224,RESIDENTIAL,CLEAR,NORMAL,-0.0598981966530178,0.05133719458055641,9.86434289201559,0.32621839708361916,0.267694598054293,0.285600327777892,-0.007051667739961963,-0.03581858920754174,0.01159754687512404,0.10175750412463691,0.09153474827567494,0.08242138443460738,0.2932547154829505,0.7720452484371112,0.4199762626247668,15.178571428571427,1173.9088107441603,47.70387570777382,,,,
2026-09-11 17:08:21.323237,device_0021,route_0020,event_088807,23.03172499354181,71.46276548276754,58.24150405738525,HIGHWAY,CLEAR,NORMAL,-0.03535538262302913,0.01564674085353226,9.849091749215038,0.3156966555615382,0.3276634907256027,0.36838753438609606,-0.016905306892829926,0.016040795026095366,-0.014452561391268515,0.12056970947735969,0.09360064657893251,0.11252955509964856,0.3724257927545905,0.8408014168146121,0.4512739385406106,7.5,1182.3087711011192,50.74816449523607,,,,
2026-09-11 15:02:12.723237,device_0027,route_0039,event_013121,29.62302275333957,77.61153412312862,18.705550498761866,URBAN,CLEAR,NORMAL,0.12913539637676225,0.1994999451081004,9.98625065405256,0.35107135912371495,0.3281043866099797,0.2915662070171567,0.05565164638582693,0.008216277702866386,-0.008087326264906774,0.09903597966062207,0.10688046024207565,0.10274534701363928,0.3553802482131195,0.703700526230369,0.47126610331686974,9.166666666666668,1176.2437718505519,51.009834386288524,,,,
2026-09-11 14:54:06.323237,device_0013,route_0008,event_008257,29.228546748759605,77.34387833848095,9.835929009483149,SERVICE_ROAD,CLEAR,NORMAL,0.02499509834666164,-0.12752923090481155,9.59835279648687,0.2455268412363168,0.322246558253372,0.2774077149624985,-0.017386974633065072,0.03275761268459261,-0.02416865636361032,0.08978585154776696,0.11613256711054458,0.10430858696900466,0.3376689558496604,0.7274528069514936,0.41555566381049897,17.543859649122805,1155.7611609067421,49.31814801189647,,,,
2026-09-11 17:15:58.623237,device_0012,route_0043,event_093380,20.251670500817344,75.83267584919354,55.52100468431145,URBAN,CLEAR,NORMAL,0.08254910909908102,0.22300665129609176,9.77654506255897,0.39420034550299854,0.34890970877733607,0.3238204698254497,-0.04185319038407875,-0.057969292327667565,-0.022430842743629775,0.08655640342557833,0.08948884043107656,0.09621628715968639,0.3242934472513892,0.9032268214622245,0.4983908747930692,17.857142857142854,1178.0852418549218,47.53476065265595,,,,
2026-09-11 15:03:32.023237,device_0020,route_0031,event_013914,27.35771653257698,77.66818710265544,65.32139742344881,RURAL,WET,NORMAL,0.0049897944230455115,-0.2297566420808058,9.698661523549008,0.3368016599229856,0.32462260340810073,0.30776363168919535,0.05359514501351957,0.013747950181333552,-0.04700531971936596,0.09777970949591586,0.09224361244763034,0.09642736719850127,0.3196854332311073,0.7558467859971838,0.45964385112845846,11.607142857142856,1178.3195617621582,47.52530791923109,,,,
2026-09-11 15:31:50.823237,device_0029,route_0013,event_030902,31.156073265882515,78.33394398683707,10.699831521494986,RESIDENTIAL,CLEAR,NORMAL,-0.19617160638179912,-0.18204688920587592,9.867590125547457,0.37834043660621963,0.3132279367493092,0.3685974506427407,0.00656808987022502,-0.03379815162955006,-0.002596097179151548,0.09843578237182003,0.11090234636725933,0.10162163186184324,0.37827166843129656,0.8705074863637918,0.499741131658618,10.0,1185.4321676861896,50.614452379095,,,,
2026-09-11 16:41:46.423237,device_0008,route_0010,event_072858,31.652697723763133,83.00769652352416,41.871725635698105,ARTERIAL,CLEAR,NORMAL,0.22695947672078945,0.02399333991293132,9.803013610703147,0.303685137895647,0.30543377056261606,0.31292519178563394,-0.05322972009682052,-0.03969928311089784,-0.022610978969253997,0.1021869575351341,0.09610800858281794,0.1047167896126552,0.31167330762752943,0.7553373169379718,0.43780196327934456,13.934426229508198,1174.5210483649005,51.936063712881634,,,,
2026-09-11 15:14:09.823237,device_0026,route_0012,event_020292,26.76426575768001,77.19825281028986,39.76082485799259,RURAL,CLEAR,SPEED_BREAKER,0.025533712131842006,0.22710991859881635,9.989185416669534,0.7261422868597266,0.45282153902462785,0.8850126364743723,0.017704361389917884,0.03815162933597658,0.03201423945614519,0.18678503539151226,0.16772572692438156,0.15065748012577002,0.9771825657543286,3.708943824354904,0.9113832642311738,1.4925373134328357,1359.0965085801854,49.29745575609877,,,,
2026-09-11 16:17:17.623237,device_0001,route_0005,event_058170,25.826124265418777,72.83145042367698,78.9785428089674,RURAL,CLEAR,NORMAL,-0.1904735925783872,0.15738342370728967,9.926677675350417,0.30387143803234234,0.26189230327451346,0.29318855951392664,-0.018059985189669156,-0.019447834730299058,-0.016725696116469367,0.08698333498609391,0.08572376214246814,0.11649163692776968,0.3242172577883306,1.0123128595802857,0.38153655307989126,3.508771929824561,1147.8114285371462,49.659725093210575,,,,
2026-09-11 15:15:15.523237,device_0009,route_0022,event_020949,30.54478323066985,77.1580688742811,20.266535116152937,RESIDENTIAL,WET,NORMAL,-0.14403290162242796,0.12516656046724448,9.910876698281312,0.31429487812315565,0.3184525568059966,0.2956483003522589,0.001578063188819827,0.0526982927584657,0.006921824268627984,0.1024208174409699,0.09189574597558543,0.12118752096895867,0.3205858623529024,0.932889930328141,0.46948676912053366,20.535714285714285,1175.8012798150014,47.62709563372047,,,,
2026-09-11 15:41:30.023237,device_0016,route_0049,event_036694,31.888378945766508,76.5958099777392,10.417057292180207,URBAN,CLEAR,NORMAL,-0.012658534787405603,0.11583767806174634,9.874277434204416,0.28084793202246916,0.3414586882170032,0.28254414807548933,0.0022293834383219358,-0.03299708706352504,0.042555153740417455,0.0961788505231076,0.11279872908452074,0.11192169702864976,0.2970207269743621,0.6738472580636241,0.4383000593787841,19.642857142857142,1173.9088107441603,47.70387570777382,,,,
2026-09-11 14:54:33.123237,device_0020,route_0026,event_008525,27.989548810744704,77.77977741466087,19.064149366124465,HIGHWAY,CLEAR,SPEED_BREAKER,0.12516438294148172,-0.13560543055623542,9.869873164112896,0.38294434983611836,0.2850864445307418,0.7093378827902668,0.03329909036773249,0.008058010934666276,-0.034265895787650956,0.10016895549991632,0.09438569966195455,0.08892757467295231,0.7233396553372458,3.746828180129702,0.578841048738225,0.7575757575757576,1388.7337692196863,47.52530791923109,,,,
2026-09-11 16:50:47.723237,device_0027,route_0002,event_078271,22.145005445138633,79.79660506011368,79.27404333927223,ARTERIAL,RAIN,POTHOLE,0.04688893940208915,0.02442063357669126,10.090163054862611,0.5859880520869261,0.6449607756056492,0.832905507335487,0.08690782320707052,0.06530611777193257,0.04019736163745938,0.37201639744113585,0.44487810894388286,0.25297164936935396,0.957134527973378,4.526149847630563,0.852231770176174,1.0,980.2031432087933,51.009834386288524,1.694894185027572,2.6413033234874215,3.5083366718550275,LOW
2026-09-11 16:49:20.823237,device_0016,route_0039,event_077402,35.046033102707625,79.61423193207698,18.125114109896252,ARTERIAL,CLEAR,NORMAL,-0.06099595966491498,0.0415750808096794,9.876087700642175,0.2591539246546081,0.2904079079700729,0.3417109150230047,0.006207460416904515,-0.058192282601372644,0.049369522245844163,0.10521959938567829,0.09946017274883727,0.09761380937073486,0.35109394685395706,1.017941798103145,0.4325220981208737,22.32142857142857,1173.9088107441603,47.70387570777382,,,,
2026-09-11 16:49:45.723237,device_0024,route_0036,event_077651,35.632824560703014,76.68509655828797,21.88031978715634,RESIDENTIAL,WET,NORMAL,0.1842595141361618,0.14689597246097502,9.87918627672317,0.3043702675025775,0.36879972375307934,0.30264225731324623,-0.0018383031863035124,-0.045129365791886596,0.0405470718288204,0.09000850752975542,0.0899098832146604,0.09907645572570417,0.3162662170608285,0.7231467903985553,0.4468336187823714,15.573770491803279,1165.9444844817242,52.318099885446266,,,,
2026-09-11 17:26:44.223237,device_0009,route_0018,event_099836,36.627810147978295,81.12891782692611,9.884132674804494,URBAN,CLEAR,SPEED_BREAKER,-0.1491713353781225,0.08720062047339805,10.038117123879966,0.34443462326610047,0.3038202365462217,0.5074891740298624,-0.0011205022101225988,0.03490060030371472,0.005999548216999919,0.07504626137860815,0.06562882476406354,0.08718567049418147,0.5689544916516733,2.151565974973945,0.5237287118248777,17.424242424242426,1385.7657940676804,47.62709563372047,,,,
2026-09-11 17:14:07.723237,device_0021,route_0049,event_092271,36.82137161281427,75.7951769385867,40.52024925667412,HIGHWAY,CLEAR,NORMAL,0.024522274135571,0.07296978437391033,9.780241430522558,0.26676425694928657,0.33220621990303395,0.35234544000952345,-0.020168439953821362,0.038405594750014344,-0.03897007574469433,0.0849801886169726,0.09481305889077046,0.09231604839612774,0.3533080552604226,1.0443307922797285,0.45266235455855747,6.666666666666667,1182.3087711011192,50.74816449523607,,,,
2026-09-11 15:29:58.123237,device_0027,route_0027,event_029775,27.565224202440003,79.55503395227369,87.48064259840946,HIGHWAY,CLEAR,NORMAL,0.16339045622927054,0.13138964011777435,9.954876983533655,0.308078862268172,0.2730467936280546,0.2752272573832994,0.026164851660544743,0.013539344034715883,0.0002343508107695969,0.09082533661325291,0.09953276932732115,0.11571041199907754,0.32145123605221876,0.746581196456054,0.38159148131981574,3.3333333333333335,1176.2437718505519,51.009834386288524,,,,
2026-09-11 15:38:21.323237,device_0021,route_0024,event_034807,28.702828932638976,74.0645602744971,87.96691272739615,RURAL,RAIN,NORMAL,0.08666592918457088,0.072304265459579,9.903018583468317,0.2909438499754219,0.330413492638644,0.32654459760108767,-0.02543336162154936,0.028826257109968258,-0.03088804002249613,0.1041017753806977,0.09952343507516037,0.10501384636753568,0.3476472063148471,0.7904864061307482,0.436426365335796,20.833333333333336,1182.3087711011192,50.74816449523607,,,,
2026-09-11 15:08:29.123237,device_0012,route_0034,event_016885,28.116181592434938,75.81189557395068,19.41365576002129,HIGHWAY,WET,NORMAL,0.05132603365806202,0.10006389937730283,9.693705354130273,0.3460775744198166,0.3583769627183542,0.3545926176676599,-0.06745617877451379,-0.006757433851892832,0.0010771650063937416,0.11107879425386452,0.08663081575616481,0.09680826708109758,0.3613272994677861,1.264077370506655,0.4942409648170221,12.5,1178.0852418549218,47.53476065265595,,,,
2026-09-11 16:03:38.923237,device_0024,route_0015,event_049983,24.250194105433717,78.40331546346285,10.75597284785685,RESIDENTIAL,CLEAR,NORMAL,0.1678872373208104,0.1440883393256943,9.979211782248345,0.34068341927437,0.3074902378130309,0.32212005782161807,0.00557702943232021,-0.05499103375363821,0.0361470486502033,0.10122476661623911,0.10787555950091113,0.10943035339319342,0.3737748819375341,0.8588381642511518,0.4829859629981863,9.836065573770492,1165.9444844817242,52.318099885446266,,,,
2026-09-11 16:24:42.023237,device_0003,route_0035,event_062614,24.56728855772454,81.30623637582428,57.009550775489465,RESIDENTIAL,CLEAR,NORMAL,0.08033226234510629,-0.08384768390940008,9.58916523353847,0.30210555780440135,0.2899937752415788,0.27797620189348626,0.05355691548181522,0.01442776117882325,0.03887241370622441,0.10986366169634645,0.10729895511377749,0.11849022986703048,0.34468475332782883,1.2606614334851205,0.40671699760453967,5.833333333333334,1178.291970417501,50.92116513256079,,,,
2026-09-11 15:04:03.423237,device_0002,route_0021,event_014228,28.405277794953633,78.52336289739696,83.29967450098349,SERVICE_ROAD,CLEAR,NORMAL,-0.0023682519256065255,-0.13541677969872354,9.672917197557782,0.28754202317903266,0.3683398568692663,0.23240217876641797,-0.023762565919855483,-0.004422120115372174,0.0511183256519563,0.11550371483027284,0.09043978582652346,0.08421028816680903,0.25876159761762435,0.6465626198992567,0.41076376773068557,9.166666666666668,1189.0117987248957,50.462072844310214,,,,
2026-09-11 16:07:18.223237,device_0018,route_0023,event_052176,26.05397621033028,81.21351127086642,21.918037741739802,RURAL,DUSTY,NORMAL,-0.11363991237353895,-0.17363161736157665,9.977055831355614,0.31017459577826406,0.3749997085597588,0.32208140818732156,0.02928717378402814,-0.015271139118545626,0.008054876266394301,0.09099192311672989,0.11008372056506016,0.09762919842976753,0.37548096183730006,1.1845117006594013,0.4670263504321071,22.5,1196.452449290308,50.14825289178003,,,,
2026-09-11 14:53:43.423237,device_0026,route_0022,event_008028,29.38463110445235,77.2272875077466,65.07707715765896,HIGHWAY,CLEAR,NORMAL,0.024719657009458083,0.222670879379216,9.734290745526522,0.36022820101168807,0.32899003415619016,0.3393106203910793,0.009805840609592222,0.039417426170474966,0.032677247588090555,0.08668254605386029,0.09843093112207768,0.10307430992066174,0.3448067383194895,1.0806575298497147,0.5012281004778922,20.175438596491226,1156.2462834189637,49.29745575609877,,,,
2026-09-11 15:28:32.723237,device_0022,route_0006,event_028921,26.25410471608146,76.3854102656693,10.200813403733886,RESIDENTIAL,CLEAR,NORMAL,0.031802267069831164,0.03049927251426066,9.661638700329288,0.3279902049188114,0.32499081638481364,0.31522208219449566,-0.003151812487457708,-0.044576608739067,-0.03595056333925497,0.09600370959638398,0.09890610600286825,0.10111947723554694,0.33896572459343033,1.1487316491233361,0.4747442302612918,11.475409836065573,1173.9747253078074,51.96023277588557,,,,
2026-09-11 16:36:02.523237,device_0024,route_0038,event_069419,33.37891961427733,81.30582595516528,18.374430125898357,RURAL,CLEAR,NORMAL,0.14113168896780232,0.19111876984065373,9.919820691806086,0.36317349692076406,0.2745657642419582,0.30380173244173925,0.00269409554427267,-0.02200355807527491,0.04924271518315987,0.11202221026432642,0.10267250186675017,0.0974218678978395,0.3324167501981898,0.6881754943452272,0.4677325805880379,13.934426229508198,1165.9444844817242,52.318099885446266,,,,
2026-09-11 16:38:21.723237,device_0013,route_0028,event_070811,24.398519377138445,72.53151524899111,9.242517553900209,URBAN,CLEAR,SPEED_BREAKER,-0.08937229369087686,-0.22505171885159078,9.806425179800366,0.3325166285062658,0.33049902539905274,0.5058604785283288,-0.015752511816309923,0.04811942540779874,-0.0028374316875034032,0.06769918416676216,0.0732636753690325,0.06216474025828356,0.5075181568557233,2.135324049778708,0.5019472905736544,0.7462686567164178,1358.5262768552934,49.31814801189647,,,,
2026-09-11 15:37:36.923237,device_0002,route_0000,event_034363,25.53399042864476,76.43480573113706,18.41713661178566,URBAN,RAIN,SPEED_BREAKER,0.03498125779163904,-0.10119889040985199,9.918745006333664,0.42360477322793894,0.3114144744849929,0.6555051481333942,-0.007317316902519647,0.0004431648320727385,0.04415684244554854,0.10342840798365256,0.10293025096845776,0.09735974451719048,0.6841787921465352,3.159179275032363,0.5993417323680036,1.4285714285714284,1387.1804318457116,50.462072844310214,,,,
2026-09-11 15:52:20.923237,device_0002,route_0038,event_043203,31.573718392648644,79.78942747455751,20.527171335409736,URBAN,RAIN,NORMAL,0.0509672802574836,-0.10985369087888336,9.75439232892295,0.3170552951639681,0.2713227596870324,0.27501679629531367,-0.0055033936395143335,-0.031292618563682977,0.039011630416256486,0.10206781731384984,0.0925628299389007,0.0949868687006947,0.27849388050085916,0.6012613059675971,0.41324820655182687,3.3333333333333335,1189.0117987248957,50.462072844310214,,,,
2026-09-11 15:41:40.023237,device_0009,route_0008,event_036794,31.688355604620206,78.07539645434599,60.78730422687552,RURAL,WET,SPEED_BREAKER,-0.22640106491058282,0.10700548150530181,10.437878334518127,0.7430012079494457,0.8511286773175814,1.4830991879251663,0.022597203803418477,0.02682462260015106,0.02248807599254284,0.19512897647702881,0.1691272155469046,0.24792686715056195,1.7315943953569044,6.550811507245843,1.034368743667721,0.7575757575757576,1385.7657940676804,47.62709563372047,,,,
2026-09-11 17:22:03.223237,device_0014,route_0028,event_097026,22.804760168223172,70.79437324681574,80.70337503894606,URBAN,CLEAR,NORMAL,0.1770408778307105,-0.10375652180555273,9.848420927852503,0.35299650760209844,0.34695334331524397,0.2535917027231429,-9.181013567908177e-05,-0.019748354511316672,-0.04314130666860706,0.10799376243099264,0.09962079204473145,0.0944416624326358,0.2591570410893108,0.666531070589361,0.4721910203476537,0.8928571428571428,1172.5933011717448,47.75739375624995,,,,
2026-09-11 16:25:54.823237,device_0015,route_0037,event_063342,29.556087578266066,71.51178021632077,19.955054967861006,RESIDENTIAL,CLEAR,NORMAL,0.1689903697488897,-0.14061536803358732,9.621221257576163,0.29030670798732555,0.34102697547016825,0.29055221756608385,-0.008236394806094694,0.05935441770255047,-0.03386330098561829,0.10376079858248531,0.10933256472556546,0.07947905304366211,0.3347228227175689,0.9109633863183593,0.41550627056124895,2.631578947368421,1170.7151707482878,48.688187719961995,,,,
2026-09-11 15:41:56.123237,device_0002,route_0021,event_036955,27.996502527435197,80.52598984706302,83.49379433233517,HIGHWAY,WET,SPEED_BREAKER,-0.18338243158252465,-0.28658525488413145,10.389371783656474,1.154720421865091,0.7220285902653678,1.958378440852869,0.011577311169951152,0.028128266699170217,0.07200229658636226,0.33692156189614825,0.38116627440854706,0.2605165076431925,2.2067594313179364,7.14513269437812,1.4042263639266008,0.7142857142857142,1387.1804318457116,50.462072844310214,,,,
2026-09-11 16:35:43.423237,device_0020,route_0036,event_069228,34.87805068097668,76.7514640051989,18.844225780741034,ARTERIAL,CLEAR,NORMAL,0.1008897782199332,-0.22219562890811487,9.650579522585952,0.3027320266126728,0.26230026243349264,0.2733326107549529,0.03364584736019647,0.02572773347304372,-0.03626527646922694,0.10755754745592357,0.10656778912864799,0.09662163975377254,0.306662381228173,0.6491778516716504,0.4219537412090069,11.607142857142856,1178.3195617621582,47.52530791923109,,,,
2026-09-11 14:56:02.923237,device_0026,route_0008,event_009423,29.328744716120944,77.37386095483585,58.092633529631456,URBAN,CLEAR,ROUGH_PATCH,0.059090579993013176,0.20302288759255374,9.640951513225007,1.2189636285164913,0.6547547613662845,0.8655902919172912,0.010816195315525775,0.048310986699783065,0.025540689095324396,0.24461651008523788,0.23767477077086485,0.20518117162722443,0.8744885522266763,2.0268073332422745,0.41426278489108154,1.923076923076923,1054.8211708383528,49.29745575609877,,,,
2026-09-11 17:03:40.623237,device_0004,route_0019,event_086000,31.73083475313943,70.00542642936854,9.411000263034296,URBAN,CLEAR,NORMAL,-0.09123269018980339,-0.08316167366892767,9.580855541076664,0.2636906571739323,0.3249577927197124,0.32592976196729584,0.042187508905933875,-0.004528179210354731,-0.004720248117453039,0.1079255769578176,0.1040180857744968,0.11502108001273692,0.3882075594020337,0.9991541773578199,0.4386616367756066,19.166666666666668,1194.4208269519643,50.2335513967164,,,,
2026-09-11 15:08:36.423237,device_0018,route_0038,event_016958,29.76651466482577,78.27122335378128,37.341154201775886,URBAN,CLEAR,NORMAL,-0.13247068096191633,-0.1732923974937432,10.032379668079994,0.32239940491642904,0.38384565042170615,0.283909267652061,0.024094788785605527,-0.03449705860080785,0.02415644870255081,0.09563974696462439,0.10922414980398412,0.08888941279718936,0.37545986659529773,0.8465319668342968,0.49136420294843713,20.833333333333336,1196.452449290308,50.14825289178003,,,,
2026-09-11 15:16:22.023237,device_0029,route_0007,event_021614,27.397021729187106,78.68688409361097,60.8496674499408,URBAN,CLEAR,NORMAL,-0.14070899631531703,-0.2421588888788353,9.914492945409739,0.3068246623641324,0.3195373626301448,0.3639863026421931,-0.02485568096654689,-0.06077768702219901,-0.011051614994701281,0.09846965818968222,0.10725198768171736,0.0942690309039571,0.38852686399121916,0.9832738952806945,0.4697291708372738,9.166666666666668,1185.4321676861896,50.614452379095,,,,
2026-09-11 16:22:46.723237,device_0023,route_0035,event_061461,24.64044910542301,81.23263708379018,38.14115830088509,RURAL,CLEAR,NORMAL,0.14130312505747816,-0.029319346718339533,9.738332402151679,0.3386024720018334,0.3250561419954482,0.2716910822755204,0.006046455595062283,-0.03929382330226668,0.032982321432529604,0.09051916793895061,0.11854616877688126,0.0896006586143261,0.2773965243879812,0.7007797906144457,0.4373544026488446,4.166666666666667,1182.7936295130366,50.72736147953584,,,,
2026-09-11 16:23:17.923237,device_0002,route_0036,event_061773,34.2102397093323,76.81048622316275,37.21080105035362,URBAN,CLEAR,NORMAL,0.01628563856306893,-0.2238025412306866,9.69055123890689,0.3560123795395153,0.310282365412563,0.2839462287644889,-0.008400039149295747,-0.006869172167989948,0.02218458667855372,0.10983133988957398,0.1009561510711555,0.10397514269693513,0.299078951899681,0.7581965723984254,0.469834659432397,1.6666666666666667,1189.0117987248957,50.462072844310214,,,,
2026-09-11 17:05:00.723237,device_0018,route_0015,event_086801,21.0522941288436,79.26211039853933,9.78157491864173,RESIDENTIAL,CLEAR,NORMAL,-0.05470909418964707,-0.1623822399385279,10.075746230205448,0.3402868800375653,0.3278009795274723,0.3408108896632726,0.056166342018326786,-0.010582915291528132,0.013608445653618262,0.10686743995386286,0.10918475829936432,0.10195730293713422,0.4458946812442455,1.0914198808494024,0.49829173874290966,0.8333333333333334,1196.452449290308,50.14825289178003,,,,
2026-09-11 16:32:50.823237,device_0029,route_0018,event_067502,34.006239657466956,79.87115380502784,36.38645865232684,URBAN,RAIN,NORMAL,-0.19038351756688524,-0.16180109181745142,9.935930540539868,0.3114198459700844,0.3266818554010636,0.2992153437687434,0.007239348723166283,-0.04138054670094494,0.030288154588902317,0.10472826534492659,0.09412824405463675,0.08343809763729873,0.33369449033104415,0.6412170724199164,0.4286437642115754,5.833333333333334,1185.4321676861896,50.614452379095,,,,
2026-09-11 16:52:37.623237,device_0006,route_0033,event_079370,34.80174513738025,80.72831204253796,9.163081368934149,RESIDENTIAL,CLEAR,NORMAL,-0.08327345199575507,-0.08770295722808528,9.977331399231705,0.28046304076303114,0.2788296560638651,0.2845862365512577,-0.027920578247964237,-0.0230326634045371,-6.668559478877266e-06,0.11427482960577237,0.09960512692289401,0.10357917386161236,0.3388931938456767,0.8097441861514643,0.4013044596316042,3.571428571428571,1169.7676911232593,47.87275321839885,,,,
2026-09-11 15:37:50.223237,device_0014,route_0022,event_034496,31.760821073139827,77.08531059542487,62.01146846386437,RESIDENTIAL,CLEAR,NORMAL,0.23666076992593035,0.0012178959154166796,9.74401872295014,0.32693502553210996,0.30471908618481824,0.31194887954555994,-0.03479441336799266,-0.004340254660093171,-0.04289942756819844,0.09236033940353572,0.09899520287924232,0.0907991897413923,0.3155381477994032,1.0541939563415212,0.44444053950254114,15.178571428571427,1172.5933011717448,47.75739375624995,,,,
2026-09-11 15:52:01.423237,device_0006,route_0023,event_043008,26.499393443742804,80.51930438436048,84.1473236173432,RESIDENTIAL,CLEAR,ROUGH_PATCH,-0.033321649193563244,-0.04208242329947622,9.886782048280644,1.167810821407082,0.6033091177745192,1.3918912028486419,-0.05681097506534292,0.0014229621930436588,0.07127488898433527,0.22433158573258846,0.20584292846976826,0.3001276246581238,1.3639264365665267,3.318414981455362,0.431188657017249,1.9607843137254901,1065.3241472729683,47.87275321839885,,,,
2026-09-11 17:13:00.323237,device_0002,route_0045,event_091597,20.735775934262545,79.56902628851647,10.790275642750435,RESIDENTIAL,CLEAR,NORMAL,-0.0341709974822592,-0.2719447357601131,9.725489906694015,0.2946091014134144,0.3586039617564459,0.37815273128851834,-0.017862974487808915,-0.014128240278469624,0.030507186337776302,0.0789325793831866,0.10138041778645708,0.08803824319752995,0.38203737433075535,0.8322735033644406,0.4901970135088921,17.5,1189.0117987248957,50.462072844310214,,,,
2026-09-11 16:46:04.423237,device_0005,route_0020,event_075438,23.86063019093607,72.33379688657969,42.537397199413434,URBAN,CLEAR,NORMAL,0.2355548291113799,0.12182332134920085,9.985075509008821,0.3441878966967461,0.292317255065455,0.28161595839797754,0.030963450587159956,0.007992656157719826,0.04092757634298678,0.09835998180738863,0.11375198652327065,0.10529498117358695,0.3433015237931183,0.7402046871253081,0.4633717938277637,16.07142857142857,1173.3612685170888,47.72613644455269,,,,
2026-09-11 15:29:52.523237,device_0021,route_0036,event_029719,31.338692285243123,77.06366009186657,59.31962753540661,HIGHWAY,CLEAR,NORMAL,0.03491263390758406,0.00839202698696927,9.783463410953278,0.29708685404885665,0.27759182371590024,0.31681603337776104,-0.026111613951033962,0.022164900854223273,-0.039852731089832005,0.11043289330799981,0.09947983485272965,0.09772492337484442,0.3135879736979138,0.90107105160563,0.39821570218948626,1.6666666666666667,1182.3087711011192,50.74816449523607,,,,
2026-09-11 15:44:41.223237,device_0023,route_0019,event_038606,30.051364804978896,73.9227782309042,21.99879467574377,HIGHWAY,WET,NORMAL,0.13480471266080263,0.05754358219894936,9.874486022410077,0.28693994089229197,0.30800603243084496,0.235974735839461,-0.013008740521268429,-0.03857582666974978,0.010027960126935808,0.09334794154226518,0.0921347965727659,0.10723752970704838,0.25054794083895254,0.7195077023219145,0.3877786468409928,2.5,1182.7936295130366,50.72736147953584,,,,
2026-09-11 16:48:53.223237,device_0004,route_0044,event_077126,35.335955593775715,75.89008459117403,64.76437295015393,URBAN,WET,ROUGH_PATCH,-0.15171508585983579,0.07053204102247841,9.643404862148625,0.7103117830363048,0.76112143453154,1.0219903383579017,0.0950057721450819,-0.04426380273741306,0.02805299383155275,0.2264359026269376,0.20698262087325825,0.226469546400495,1.0000518816292787,2.169131440168382,0.39172153884082167,1.8181818181818181,1094.8857580393005,50.2335513967164,,,,
2026-09-11 17:22:09.323237,device_0003,route_0019,event_097087,32.12363632551556,69.08902746234982,39.38301000163183,RURAL,WET,NORMAL,0.027459174804756847,-0.09585533493803587,9.63094588594869,0.30097923078171607,0.29352930659877213,0.3331054656681307,0.03675885962463379,0.04662050880089521,0.01934374402419164,0.11813042003191462,0.09603531268292402,0.10207882734725172,0.36798595481357826,1.1877367750959156,0.43990228298933537,12.5,1178.291970417501,50.92116513256079,,,,
2026-09-11 15:21:23.223237,device_0003,route_0010,event_024626,29.639852190684316,79.16566599169168,38.11794988048932,RESIDENTIAL,WET,NORMAL,0.03839670176976055,-0.11965002881373835,9.58203679414259,0.25875427180223987,0.34482169058861817,0.23359032420939668,0.045141076292942776,0.04248748616535317,0.017962924718605056,0.0996674402024889,0.10469306454281081,0.09103934392354697,0.3117391195190959,0.7139196516372728,0.4023010168279966,2.5,1178.291970417501,50.92116513256079,,,,
2026-09-11 16:23:22.023237,device_0019,route_0031,event_061814,23.337185254209153,79.21558448220398,10.846138564910428,URBAN,DUSTY,NORMAL,-0.15852056307625673,0.14764170984094452,9.991502228779819,0.34506419529614635,0.35914437649015046,0.30144921802944924,0.02243311319339628,-0.012050358925858342,0.0029654386978070295,0.10821578044051404,0.08585300384656085,0.09777500660493717,0.36621233945101417,0.8930840101291846,0.44764291820942337,12.295081967213115,1174.5353318231532,51.93543212132559,,,,
2026-09-11 16:36:36.123237,device_0000,route_0021,event_069755,27.406723635959956,83.41618188165285,19.711667174470996,RURAL,CLEAR,NORMAL,-0.05354110409761707,0.20186600130857074,9.905594179165856,0.2851896731892454,0.3424879689310852,0.27070204254022795,0.0012779245983188289,-0.02100147226057132,-0.03321602931214282,0.10186658415991524,0.0977038129256059,0.09247362073292836,0.29479622798853605,0.7414529309965232,0.4010321639121525,22.5,1187.9876613670087,50.50557505871605,,,,
2026-09-11 15:00:13.623237,device_0016,route_0039,event_011930,29.522524342569852,77.5742681261994,58.66070942588978,HIGHWAY,CLEAR,NORMAL,-0.031445751752939,0.019136010888224947,9.921333314192424,0.2554754583602636,0.28866189208098747,0.3393804541760597,-0.01102568147094597,-0.03859903363579757,0.037564431056380146,0.10601057832300455,0.11336509677644131,0.10437276840682407,0.3634562679394767,0.7594817611981171,0.41746881728235924,19.642857142857142,1173.9088107441603,47.70387570777382,,,,
2026-09-11 15:07:16.623237,device_0015,route_0015,event_016160,27.188041664405915,77.6144298010429,21.856282425323403,RESIDENTIAL,CLEAR,SPEED_BREAKER,0.21091646398958483,-0.03452636255405309,9.798048516034099,0.3225245844453102,0.3872931750110453,0.5903760187613714,-0.00692514881512172,0.052334225764481164,-0.020294467659128363,0.09115098891006024,0.10607861557544587,0.09384572082946542,0.6014370983910221,2.4640349630635683,0.5652817477366153,1.5151515151515151,1355.564934550649,48.688187719961995,,,,
2026-09-11 15:59:24.523237,device_0005,route_0021,event_047439,27.80799841852043,81.44986054315166,21.18718023171062,RESIDENTIAL,CLEAR,NORMAL,0.23880687122044283,0.10721980892591865,9.940054119739452,0.30521973519145873,0.3155037413218377,0.2674110332637744,0.047933011625706845,0.008808868828521084,0.04807147219169146,0.09688559069165986,0.10611375917372091,0.09089183041777948,0.3064236940538389,0.6286053839001617,0.40815998719215124,19.642857142857142,1173.3612685170888,47.72613644455269,,,,
2026-09-11 15:38:01.123237,device_0001,route_0038,event_034605,30.981702970937274,79.29206298880065,75.97312902373253,RESIDENTIAL,CLEAR,NORMAL,-0.2217115180262018,0.129683164880412,9.837663858852563,0.2870902894803924,0.30841937847040274,0.31059477321026896,0.0007342367516889034,-0.02953325196593376,-0.03779196753528635,0.0987216608300697,0.1182395969824497,0.10669321322505748,0.31548471476335344,0.8245761685656401,0.435351284363734,19.298245614035086,1147.8114285371462,49.659725093210575,,,,
2026-09-11 15:03:51.223237,device_0016,route_0036,event_014106,29.94033650603047,77.18715602693254,78.46529112412821,URBAN,CLEAR,NORMAL,-0.025264283351540073,0.0993756811780612,9.891184433883284,0.3071848922457099,0.3177898156997006,0.2369736364620761,0.02701225455670905,-0.05790971972880647,0.04347597399970348,0.08539341458073993,0.09920157177721227,0.10609893566622218,0.25828049798097613,0.622300199602309,0.42711958513165627,22.32142857142857,1173.9088107441603,47.70387570777382,,,,
2026-09-11 17:11:25.623237,device_0025,route_0030,event_090650,35.52231190837324,81.68726776547075,10.671368345620952,URBAN,CLEAR,SPEED_BREAKER,-0.11225580578744583,-0.10856078439374885,10.057396336622888,0.3642000939149054,0.3304569652872379,0.5710438585088066,-0.0327926817191186,-0.04291531578638096,0.012733660673749017,0.10118960808459904,0.07095367734748027,0.08144359827345911,0.633217030486268,2.327273504019031,0.6133705124079025,0.7142857142857142,1390.2596780229646,50.35030585044683,,,,
2026-09-11 17:24:24.023237,device_0025,route_0006,event_098434,20.363805541902806,74.29181121369457,65.58680373114083,URBAN,CLEAR,NORMAL,-0.024477837612597395,-0.091867847933251,10.009078515800189,0.33163684314788633,0.3514605481585529,0.30799628675771845,-0.025307633452119154,-0.015006241845601183,0.004257609985338354,0.11555125578240347,0.11803241710696943,0.10333531358921691,0.3780036938195382,0.9902471612243318,0.47380089459384317,8.333333333333334,1191.6511525911126,50.35030585044683,,,,
2026-09-11 15:09:30.823237,device_0022,route_0043,event_017502,26.972559125336495,77.0148218045522,65.57996867881711,URBAN,WET,SPEED_BREAKER,0.07741140177044994,-0.057723903971899304,10.212279977003933,0.9924398521589285,0.8825436505853409,1.8256923802239229,-0.045183707028843445,-0.0398768972996213,-0.02448409371566134,0.23405830012574866,0.26490181110820243,0.3126902734898437,2.0170299698517997,7.9034727347899505,1.273024477332167,0.7042253521126761,1366.4295983090874,51.96023277588557,,,,
2026-09-11 16:26:09.123237,device_0028,route_0029,event_063485,25.901905496083376,72.12850390754355,75.39741562057087,RESIDENTIAL,CLEAR,NORMAL,0.1406771671321927,-0.11399318299497888,9.7301315262734,0.2950734157465271,0.24896645077573168,0.3456349105680162,-0.05162841117024575,0.0006722240994278572,-0.05162943955970035,0.10672924940651103,0.10530666598241575,0.11218155987183065,0.3502958453416699,0.8300524943101593,0.4196121699117294,2.631578947368421,1164.8650637957344,48.932706260641424,,,,
2026-09-11 15:35:28.123237,device_0001,route_0003,event_033075,30.048876078286803,74.75060295122577,55.87252282587122,RESIDENTIAL,WET,NORMAL,-0.1850022821926564,0.20935732326974588,9.833493163641705,0.27367366523437603,0.3254071249557747,0.27284090187564947,-0.02761951529713109,-0.02152105727540002,-0.03567414355974203,0.1017058095274911,0.10626295030299093,0.11071909957539723,0.2756158821206509,0.740900394489941,0.41591647528869136,3.508771929824561,1147.8114285371462,49.659725093210575,,,,
2026-09-11 16:53:21.423237,device_0016,route_0018,event_079808,35.00411819199205,80.34987952535917,9.923256536881999,RURAL,CLEAR,ROUGH_PATCH,-0.03829243681267149,0.018146628756891776,9.817988854151372,1.0797876072848687,0.7287525561754261,0.9884388798955459,-0.012232099664931516,-0.008948799918916988,0.056006852436680875,0.2737747996252323,0.21384686363400188,0.14080826627786683,0.9775248237253286,2.3864248899597893,0.45722178355417115,1.9607843137254901,1069.0955240705746,47.70387570777382,,,,
2026-09-11 17:11:39.623237,device_0028,route_0007,event_090790,23.5542281201786,83.57931975987138,10.312764911590646,RURAL,WET,SPEED_BREAKER,0.10040580451078959,0.0007041664670173646,9.795197132982622,0.3331009466193881,0.28712364048804917,0.4220206921144538,-0.0495747009365674,0.02659846558723925,-0.04405932275719807,0.07805833712839884,0.08014134279307591,0.07961647093397295,0.41974407876368086,1.9154042293110454,0.5089506610244636,23.88059701492537,1369.2273556897228,48.932706260641424,,,,
2026-09-11 17:15:57.023237,device_0025,route_0049,event_093364,36.91881926713845,75.77950829138679,80.36371295484615,RURAL,CLEAR,NORMAL,-0.09118205675960375,-0.03787738591029645,9.985031013388017,0.33777280970056506,0.3303222817555523,0.4045272228356304,-0.022191265371069253,-0.008896370713757774,0.0182753175946278,0.09777296474744089,0.09257830983553847,0.10593935494127323,0.45004794201445963,1.427889419208956,0.5192815039597148,14.166666666666668,1191.6511525911126,50.35030585044683,,,,
2026-09-11 15:10:49.823237,device_0026,route_0014,event_018292,30.049625955869615,76.62273248715677,20.933703514265048,RURAL,RAIN,ROUGH_PATCH,0.06481000734482847,0.19640214565267777,9.681596234210843,1.0999421424814735,0.636572058279718,1.2020688328752238,0.011218016517874971,-0.0070392478136018285,0.022510653714484633,0.23334085619352743,0.20739751470669088,0.2011844924921981,1.1930017167160036,2.6602349099467535,0.514615780698688,1.923076923076923,1054.8211708383528,49.29745575609877,,,,
2026-09-11 15:53:25.523237,device_0021,route_0014,event_043849,32.18785068359715,75.77990425046394,59.118142118636236,URBAN,CLEAR,SPEED_BREAKER,0.04117649290422881,0.06148849040218275,10.34531296275125,0.6235696810474802,0.8044411758833006,1.5553158625083137,-0.013843959994209176,0.006875092265457515,0.018643231227427948,0.2448207412896336,0.20950188013792267,0.18369451242341575,1.733844966263233,6.579188868252235,1.1661145411651654,0.7142857142857142,1379.3602329513055,50.74816449523607,,,,
2026-09-11 15:38:47.323237,device_0016,route_0017,event_035067,31.09539034131029,78.98910943631313,56.261727792830854,RESIDENTIAL,CLEAR,NORMAL,-0.06069742800891279,0.025651255762293497,9.8525324736983,0.3356298819642895,0.3269236396590332,0.32643513571552185,-0.0010578928497930937,-0.03307679859682464,0.02871825642920799,0.10426570170832972,0.08949404661984159,0.1002624229832839,0.331803082802924,0.8877060231674481,0.45812795145824564,3.571428571428571,1173.9088107441603,47.70387570777382,,,,
2026-09-11 16:22:39.823237,device_0008,route_0030,event_061392,33.31130033980792,80.26033085956367,37.89159181099724,HIGHWAY,WET,SPEED_BREAKER,0.07219913601589276,-0.005368102667068858,10.104088150326241,0.5484058492450412,0.8068689006342553,1.0995827930782547,-0.038838064640557675,0.00017872391790922065,0.009242682790203278,0.15253887422471488,0.16950370146068774,0.14070934451822234,1.2205206916326838,4.4688847277327906,0.8817994728161355,0.7042253521126761,1367.0654825230808,51.936063712881634,,,,
2026-09-11 15:25:58.723237,device_0016,route_0002,event_027381,26.389269006244106,78.08370018344692,77.68703295903201,RURAL,CLEAR,NORMAL,-0.024032756986804397,0.12684463798229473,9.838511183318108,0.2624042636112155,0.3254234551825407,0.3069627983561867,-0.0003897253588144261,-0.0451123259397111,0.05800439046111753,0.08460580573857707,0.10455477778310125,0.07673600656923608,0.3127134635009753,0.7245167062235147,0.40129973679805586,0.8928571428571428,1173.9088107441603,47.70387570777382,,,,
2026-09-11 17:02:41.923237,device_0026,route_0029,event_085413,24.978919488284326,70.3859125569084,9.190866839615893,HIGHWAY,CLEAR,SPEED_BREAKER,0.09156145787381066,0.23194059264522549,9.644599541515023,0.26553320855365437,0.2470337951341416,0.34977197070937704,0.004058188937567118,0.0354461077084115,0.018825839166542124,0.06719265966465868,0.07547895045812504,0.06516721188338263,0.3774994479824671,1.2155107705332586,0.4256498589141524,16.417910447761194,1359.0965085801854,49.29745575609877,,,,
2026-09-11 15:03:20.323237,device_0022,route_0032,event_013797,29.35706735079223,78.1030271131403,20.250922025011292,URBAN,RAIN,NORMAL,0.0290389368597088,-0.03836990564206042,9.649491730700678,0.37052893255148034,0.36806830606482493,0.36897015178885434,-0.015311644907889508,-0.019340779749718096,-0.03393997962187676,0.10043014908523387,0.10423364011425132,0.09317630542612546,0.3914391954775983,0.8909562605429748,0.5329820530119777,3.278688524590164,1173.9747253078074,51.96023277588557,,,,
2026-09-11 14:43:13.423237,device_0016,route_0033,event_001728,28.771711845290557,77.20754073853216,57.829118604063154,HIGHWAY,RAIN,NORMAL,-0.03540961688311788,0.1237737082565461,9.834271170226897,0.23462805572955892,0.26753391745433325,0.27743744301501966,-0.008074797703323689,-0.013282896834226248,0.007061445082110406,0.10739238228156815,0.10306499821208145,0.1144087504274196,0.2806144681696926,0.6076179524415082,0.37604596674204765,15.178571428571427,1173.9088107441603,47.70387570777382,,,,
2026-09-11 16:30:30.623237,device_0024,route_0010,event_066100,31.370883707694308,82.4694295983777,39.905721145077244,URBAN,CLEAR,NORMAL,0.21704928991836533,0.19689458740300042,10.036976768768419,0.304422668930128,0.3333544627881616,0.3167240015570044,-0.005015240713895042,-0.05276181653826931,0.041626901123642424,0.10614482165862026,0.10054146532925218,0.10365558363088964,0.40213400021292883,0.9301614534903369,0.4672820525572484,22.13114754098361,1165.9444844817242,52.318099885446266,,,,
2026-09-11 14:53:08.323237,device_0014,route_0028,event_007677,28.237223719426954,76.71491944321254,19.066693546200543,URBAN,CLEAR,NORMAL,0.22394076007979338,-0.06117850870980756,9.771968949948235,0.2735586456662414,0.36660527309387053,0.35142568411757963,-0.004772915216358728,-0.051775041438989575,-0.05549318844200913,0.08268087657956556,0.09867036746744448,0.09728099358139493,0.3523259305951941,0.8832411214017224,0.46796614141414855,2.6785714285714284,1172.5933011717448,47.75739375624995,,,,
2026-09-11 16:42:32.023237,device_0024,route_0031,event_073314,22.372008406385422,79.5869839244727,18.926473499370758,RESIDENTIAL,WET,NORMAL,0.1360752947465292,0.1769240049946318,9.968952420352569,0.2929185367744811,0.2969520500102758,0.31724814730966033,0.0009025220503625323,-0.055114617997347175,0.05165583547550438,0.09429416039491477,0.12225318416676403,0.10587321261942972,0.3636926960437519,0.8152575548031749,0.4595203649898075,16.393442622950822,1165.9444844817242,52.318099885446266,,,,
2026-09-11 16:36:30.123237,device_0005,route_0047,event_069695,22.67796991069616,79.0109895796037,65.30781154249871,RESIDENTIAL,CLEAR,NORMAL,0.15215860186918184,0.00801713539436183,9.937641154878236,0.27314018340895413,0.3236340772972888,0.346646523892669,0.05318078831896905,0.010057129311999456,0.031408533880819954,0.08543721991296387,0.07993101417388145,0.09512025600337413,0.37525376250128606,0.8561175209169498,0.4042743621321682,0.8928571428571428,1173.3612685170888,47.72613644455269,,,,
2026-09-11 14:49:24.423237,device_0026,route_0005,event_005438,28.36229806700166,76.83867722736608,58.72113623439572,SERVICE_ROAD,WET,NORMAL,0.029168891247607152,0.25676888045834584,9.717856155525881,0.2685850569118452,0.3367687362182728,0.3365916151424296,0.0055549089844321884,0.049062845992603875,0.02165168397976318,0.11019685587358358,0.09192599064417785,0.0874631672289085,0.34167266636115107,0.8636684367337839,0.4779700829594333,21.929824561403507,1156.2462834189637,49.29745575609877,,,,
2026-09-11 16:42:38.623237,device_0008,route_0039,event_073380,34.70667268340309,79.48898211385043,10.729323461761155,RESIDENTIAL,WET,NORMAL,0.1400967105798965,0.05840157840277791,9.73461085237533,0.3082948143098159,0.25884974526443794,0.3565625978779194,-0.0385711389780204,-0.012407103961573527,-0.024162591956461265,0.10522763532207081,0.09882639751268857,0.09488012827714555,0.36232440450022996,0.922805644904555,0.47037560985035365,17.21311475409836,1174.5210483649005,51.936063712881634,,,,
2026-09-11 15:37:59.623237,device_0027,route_0040,event_034590,28.460222599320815,74.12912714125561,18.64305560555,URBAN,CLEAR,SEVERE_POTHOLE,0.06570282217967917,0.1048232487475123,10.942754160826912,0.3638545366947391,0.32009438522976486,5.264251670071313,0.020672844512106908,0.017211412140764284,-0.005135143536070229,0.19942398366035577,0.1645500807538908,0.2196651603619206,5.126109345929246,19.20533908748509,3.8525599932449928,1.0,980.2031432087933,51.009834386288524,22.381234887289274,62.51617635307092,43.275018461031856,CRITICAL
2026-09-11 14:54:25.823237,device_0021,route_0043,event_008452,27.773683741162877,77.15569645282854,61.33544879136195,RESIDENTIAL,WET,NORMAL,0.043719450627888436,0.06564462299990995,9.803918013807587,0.3019262487126229,0.3086425433916041,0.34713038867938484,-0.012868766233757012,0.04139049009272427,-0.024138388204579433,0.0943583610345157,0.09988324285235242,0.095934983415479,0.34663516672528294,0.8508499203919637,0.49441976196319226,24.166666666666668,1182.3087711011192,50.74816449523607,,,,
2026-09-11 14:50:44.023237,device_0019,route_0032,event_006234,28.93304487472955,77.57096059442064,18.552388033550848,URBAN,CLEAR,NORMAL,-0.1787939328394444,0.15030816530966257,9.947558817582223,0.3378430041499962,0.3236716164463568,0.27834142207388146,0.004144784195240643,-0.007481440772252142,-0.02723899413992742,0.09362967972229176,0.0923787685314518,0.08206155446918086,0.31981806390137635,0.717971583910705,0.44536796876385726,16.393442622950822,1174.5353318231532,51.93543212132559,,,,
2026-09-11 16:14:38.523237,device_0019,route_0028,event_056579,25.263893085866318,73.47461208750596,40.69432498664537,RURAL,CLEAR,ROUGH_PATCH,-0.22415109575171965,0.12119019101445509,9.975824209893162,0.7837033347450502,0.637789257779636,1.3416427110807914,-0.0020128920984738173,-0.04834621102616522,-0.05035938932623313,0.26079320509745085,0.2040048509951514,0.19985704491030803,1.3371516660803648,3.2986555719315103,0.4848974880811038,1.8181818181818181,1059.007266397925,51.93543212132559,,,,
2026-09-11 15:53:47.423237,device_0013,route_0014,event_044068,32.20609749803622,75.77254938841901,57.379778275558635,RESIDENTIAL,CLEAR,NORMAL,-0.10818350808196112,-0.10436537016757413,9.56704973901573,0.26993080741609926,0.32101571768854337,0.3038662601603395,-0.00882746093354663,0.03188288489597509,-0.02511256185040138,0.10336934873303785,0.11078489041335124,0.1077054029111507,0.37742241734237125,0.9904162068885967,0.4249772393130822,14.035087719298245,1155.7611609067421,49.31814801189647,,,,
2026-09-11 16:43:06.723237,device_0012,route_0019,event_073661,31.29348855147588,71.02519510048393,79.38626346811988,ARTERIAL,CLEAR,NORMAL,0.05425357518772756,0.14578852869523845,9.727170340776464,0.3291193005294334,0.34416198149850386,0.32491642550805877,-0.024654002538867563,-0.045315446937679714,0.010635084235201936,0.10054404980760469,0.10903115562489112,0.09495995821979891,0.3290182959952503,0.8081694101854318,0.4712460007727023,5.357142857142857,1178.0852418549218,47.53476065265595,,,,
2026-09-11 15:10:44.723237,device_0002,route_0015,event_018241,27.007177875094015,77.66319694930448,20.424467489808237,URBAN,CLEAR,NORMAL,0.03844281538410977,-0.14804632739700838,9.762669513519919,0.3293055984637887,0.3147817571813244,0.2505365865312104,-0.017837338167307443,0.007819391444313779,0.02859216358829869,0.10816918708405532,0.10718258052899089,0.10964293410809307,0.24939069821358578,0.5940737110940972,0.4212055371126665,10.833333333333334,1189.0117987248957,50.462072844310214,,,,
2026-09-11 16:41:16.523237,device_0014,route_0023,event_072559,25.06386445225012,82.75621607610411,81.01995016495684,SERVICE_ROAD,CLEAR,POTHOLE,0.35189765886806007,-0.1195608742975831,10.218965812650007,1.0534458544363003,0.6899225192301616,2.0202523214467,-0.04680462729780926,-0.12028134379890892,-0.03664225468931736,0.3818524361857957,0.4090036977891656,0.3446512861187756,2.244522421758673,11.627593972020065,1.69317249686406,6.382978723404255,984.1408063405715,47.75739375624995,4.6681266978664215,12.760531952915011,8.312486947471372,MEDIUM
2026-09-11 14:59:17.823237,device_0019,route_0031,event_011372,27.571045704665096,77.58630286269721,79.022152036676,RESIDENTIAL,CLEAR,NORMAL,-0.21075122780800987,0.14263138809039516,9.99524191362553,0.2836204426079271,0.22902528583040396,0.30479410723319467,0.0219723614473766,0.0004834424110821541,-0.013218466309509022,0.11110320226657636,0.09227021439179824,0.10413448777662745,0.36681146038866774,0.967638163179819,0.3999020997198895,9.836065573770492,1174.5353318231532,51.93543212132559,,,,
2026-09-11 16:08:47.323237,device_0021,route_0012,event_053067,23.8173125610134,77.14015206631152,10.879128655324745,URBAN,CLEAR,NORMAL,0.0028064350979746786,0.10498516757160624,9.82774320038066,0.37812821232120036,0.2993639332958089,0.2704731097977448,-0.030133218735786085,0.03881578349229498,-0.0005007145551978374,0.09654706381792154,0.10286484364738109,0.10750920699205631,0.2723891056444827,0.7514386542257636,0.45819533866059964,12.5,1182.3087711011192,50.74816449523607,,,,
2026-09-11 16:11:00.223237,device_0017,route_0013,event_054396,33.06441382566312,79.24033559908337,39.73309382422571,RESIDENTIAL,CLEAR,NORMAL,0.03529914208595769,-0.20430996288409048,9.887331738743017,0.3348941782954883,0.31919576002482686,0.29952344139268217,-0.028502251005378218,0.006483082353277034,-0.0187171065561509,0.0902102368119695,0.09381610674115506,0.10606027766304418,0.3191043805145181,0.760217356270342,0.4642437533884258,13.934426229508198,1168.9485129122031,52.183649943683676,,,,
2026-09-11 16:21:34.923237,device_0029,route_0016,event_060743,34.00332945517173,75.8671818270508,19.070463870056848,URBAN,CLEAR,NORMAL,-0.10215346081657552,-0.278288316329328,9.925147789963686,0.27175459948517844,0.3672640839599974,0.28887712929300136,-0.002799551722923371,-0.038486375611829104,0.01607259240391321,0.08690915174182691,0.10906753814312183,0.1003855079563419,0.32147178914003993,0.7039060288168688,0.45660756472073,14.166666666666668,1185.4321676861896,50.614452379095,,,,
2026-09-11 14:47:23.823237,device_0029,route_0010,event_004232,28.78871730192835,77.54072385586808,41.43518067114294,ARTERIAL,CLEAR,NORMAL,-0.20151744014167344,-0.216160838222053,9.934156415974122,0.3239761255089207,0.3108114301429749,0.38417907263450657,-0.01213686996656612,-0.03355343678513576,-0.004272349246417403,0.0940298607234312,0.10838246169906254,0.09534878903830873,0.41279359000019994,1.2116311067924048,0.5104607595956928,17.5,1185.4321676861896,50.614452379095,,,,
2026-09-11 16:30:35.523237,device_0021,route_0032,event_066149,32.28932491630986,81.78650195573155,58.27229992998532,HIGHWAY,CLEAR,NORMAL,-0.009390877834229263,0.024855884337192994,9.861746374808643,0.2928992468341467,0.24783791391812418,0.34238267864014144,-0.007827159404945301,0.033650812779478755,-0.027862442136986066,0.10451738512610698,0.09002610595523677,0.10165839821085709,0.3488583698564652,0.7391912940626764,0.4391063098703038,20.0,1182.3087711011192,50.74816449523607,,,,
2026-09-11 14:40:43.223237,device_0027,route_0001,event_000226,28.638803971620398,77.30214193306537,40.74110859339176,RESIDENTIAL,WET,ROUGH_PATCH,0.11983384156432725,0.17802653611345562,9.981466628841128,0.6867074210292019,0.5057076602911306,1.2249160771254246,0.00538030601650573,-0.02815820798523429,-0.026892151331742196,0.17475922058617432,0.21577142181600714,0.2071846715862416,1.2482582568919036,2.825808538241173,0.4592109133581256,1.8181818181818181,1078.2234575296727,51.009834386288524,,,,
2026-09-11 15:43:45.623237,device_0004,route_0014,event_038050,31.702660411370704,75.97084038219246,79.91280504132516,URBAN,CLEAR,ROUGH_PATCH,-0.23070673109663073,-0.001824467819866205,9.6121332821036,1.3836916734189728,0.5970402990170295,1.4063981440568818,0.05763644063967879,0.005001686294924228,0.01309131261164152,0.21162436512284993,0.19370590466132317,0.19766851818691825,1.3414578369137669,3.2252776153615663,0.46291192152207344,1.8181818181818181,1094.8857580393005,50.2335513967164,,,,
2026-09-11 16:46:43.623237,device_0029,route_0009,event_075830,21.95502324218677,78.35150350246556,39.52124479184456,HIGHWAY,CLEAR,NORMAL,-0.12912166804300432,-0.17488171948748693,9.907228600599378,0.3784819736156971,0.3447360293687052,0.3161106096787701,0.006250642868140897,-0.054479437689938105,0.006439521506096962,0.09869619706630484,0.10636302580238967,0.06929699244372119,0.33860127701041787,0.9336600964570625,0.4848436054709678,5.833333333333334,1185.4321676861896,50.614452379095,,,,
2026-09-11 14:59:51.823237,device_0025,route_0016,event_011712,29.724270272253005,76.93197983105772,84.53704854232399,URBAN,CLEAR,NORMAL,-0.1402796437444088,-0.04711573407782592,10.002626332739265,0.3077745759506892,0.36041241335408347,0.299944551204049,0.009892892723237366,-0.048146899402600016,0.01882535554863861,0.10753619904129712,0.10051107428636877,0.11107584069392336,0.3702622109663414,0.8205504694085555,0.470918715879221,24.166666666666668,1191.6511525911126,50.35030585044683,,,,
2026-09-11 17:10:00.423237,device_0004,route_0017,event_089798,35.06326556991829,81.90169575376822,20.29379752349927,ARTERIAL,CLEAR,NORMAL,-0.1636297285699736,-0.0964030049183811,9.64845273916728,0.29909896972011213,0.2747273793607588,0.2997257073804071,0.07497350927877565,-0.014389342983255582,0.02436960178143189,0.10529649588884116,0.102931912477184,0.09603123098100937,0.3327373755475411,1.1113254062490405,0.4235835583260461,16.666666666666668,1194.4208269519643,50.2335513967164,,,,
2026-09-11 17:01:32.723237,device_0024,route_0045,event_084721,21.329431049380037,79.39495129046965,9.241495969299237,HIGHWAY,CLEAR,NORMAL,0.23231312268437002,0.1791062630211691,9.985961075915686,0.22201912610614463,0.3238276346063033,0.29956121980225514,-0.022948578250402668,-0.04126494008019079,0.0437612920951052,0.10298831538705384,0.09539403106465306,0.09821593146545704,0.358315745192349,0.8044461530181994,0.40381542150163396,0.819672131147541,1165.9444844817242,52.318099885446266,,,,
2026-09-11 14:59:45.623237,device_0016,route_0016,event_011650,29.71878586351622,76.93308980376518,42.92011471185556,URBAN,RAIN,POTHOLE,0.008764432856580268,0.07789589510304903,9.941094371485201,0.4404831443815565,0.5387466133150195,0.7519342551231527,0.021240718106943158,-0.06181228581553871,0.04365014892282795,0.15387391463468306,0.18202323367117215,0.20236914750408339,0.8047788383681204,4.333122929107976,0.8524306196511704,7.446808510638298,985.2448947317059,47.70387570777382,3.008961612711832,7.624156080619075,4.742085886826028,MEDIUM
2026-09-11 16:26:39.823237,device_0016,route_0013,event_063792,33.82794863161184,79.60289032903341,40.79510719034619,RESIDENTIAL,CLEAR,ROUGH_PATCH,-0.044694432342123044,0.06987466029055996,9.846992960106665,0.7661708314006326,0.33805099358633894,1.4103129875112832,-0.013256753113586333,-0.038502654616775336,0.04447242208553033,0.20333470492986033,0.21071999780399028,0.2160077131515729,1.3997499550795143,3.135977441224913,0.4087738291244997,1.9607843137254901,1069.0955240705746,47.70387570777382,,,,
2026-09-11 15:10:53.723237,device_0017,route_0001,event_018331,27.019226159558897,77.13571565919338,21.95036560376385,RESIDENTIAL,CLEAR,NORMAL,0.011619126943694033,-0.15851888958570937,9.853034060204912,0.3006307380922256,0.30608693086414773,0.30918651657662116,-0.04396415257439585,0.01896861816212236,-0.010876537106220666,0.09567426589932872,0.09376466747884593,0.1183933766636084,0.31313888737938733,0.9034419175646011,0.4460615848778532,10.655737704918034,1168.9485129122031,52.183649943683676,,,,
2026-09-11 16:19:27.023237,device_0011,route_0012,event_059464,23.24202746090364,77.12875055266984,75.9093771214145,URBAN,CLEAR,NORMAL,-0.11048884308588446,-0.12964889738307045,9.939413348667376,0.3207360634958939,0.32200904827018595,0.31834346776179223,0.031157375766844953,-0.01639601372610132,0.05181372428739258,0.098026558632961,0.10931987476101183,0.07504506436578642,0.3525031918122674,0.7967514683756018,0.45341513525205035,21.311475409836067,1173.916838169756,51.962794992449886,,,,
2026-09-11 15:33:24.423237,device_0024,route_0049,event_031838,31.45687220069818,76.66597034768843,84.38881058972922,HIGHWAY,CLEAR,ROUGH_PATCH,0.1915045091143631,0.14151134007480376,9.946904028936602,0.7695731319019756,0.34929817138229186,0.7921804354906067,-0.028321612109930273,-0.017885431030007486,0.03716235682519232,0.17416230764531535,0.1601642907026255,0.12106101902263176,0.8244673333661149,2.05529528702189,0.38553921452643164,1.7857142857142856,1070.3752644422386,52.318099885446266,,,,
2026-09-11 15:40:09.323237,device_0009,route_0031,event_035887,25.513330635744843,78.37812631013358,42.965635884503314,SERVICE_ROAD,CLEAR,NORMAL,-0.14234287160754455,0.0713933879873537,9.850111218744647,0.2999134975415273,0.35223786035858345,0.33154501558041294,0.0019535711554333926,0.048032533230395254,-0.01172666343802592,0.08119897976999682,0.09176454043437388,0.11302361377702083,0.3349400622559982,0.7703490724837145,0.4908102629757005,8.035714285714285,1175.8012798150014,47.62709563372047,,,,
2026-09-11 16:37:56.323237,device_0011,route_0000,event_070557,22.38452073428153,75.61267340447625,65.1439486875438,SERVICE_ROAD,WET,NORMAL,-0.08737979339856944,-0.1591588283571589,9.911631996111554,0.335630289341115,0.2691322817098239,0.30681786490991286,0.033462784612174244,0.02222182803368268,0.043109866093924386,0.11130385452003505,0.09541245781047496,0.10764058911350713,0.3293589772052411,0.8531052342946701,0.4374283672397278,4.918032786885246,1173.916838169756,51.962794992449886,,,,
2026-09-11 16:35:04.723237,device_0027,route_0028,event_068841,24.51841212254598,72.66204345118054,40.7983730697914,URBAN,WET,NORMAL,0.1790200976736388,0.06390380747759374,10.03282577812403,0.31077521313182765,0.34812881814183744,0.3160419300749287,0.03226975043477592,0.014707776110197872,0.011601738356986137,0.09006983137580171,0.10318195709828389,0.11279421950118061,0.4007576148371927,1.1548619688954833,0.4608919827215661,21.666666666666668,1176.2437718505519,51.009834386288524,,,,
2026-09-11 15:54:10.523237,device_0007,route_0044,event_044299,32.43914963674146,76.45596462420751,56.60858660330646,URBAN,WET,POTHOLE,0.13556766065781137,-0.06479152095183231,9.711745609229492,0.29398312779597313,0.5528938901526268,0.8600720589091725,0.068482879432251,0.052460505670385175,0.03878507213037405,0.268579898918717,0.24387412171531905,0.30809844744331705,0.9061452378502028,5.342282608345997,0.7429823627636005,1.0638297872340425,953.4952252035703,49.29232864272136,1.93351495029752,5.281376691684562,2.831362302969301,LOW
2026-09-11 15:46:03.723237,device_0011,route_0029,event_039431,26.913518460197817,74.04058436952725,10.179584291021012,HIGHWAY,WET,NORMAL,-0.14028395325395535,-0.11441412724254028,9.961839769320102,0.329177887166513,0.34066143117896647,0.29051346127533206,0.002649606005232033,0.019503454302112824,0.02572688327219935,0.10978474501031095,0.10802957477498613,0.0999030476758228,0.33728234471927937,0.9375304365563171,0.46102331536842994,19.672131147540984,1173.916838169756,51.962794992449886,,,,
2026-09-11 16:39:56.323237,device_0013,route_0005,event_071757,25.172723168473983,71.79911445748218,41.148828629843294,URBAN,CLEAR,NORMAL,-0.06028315863833354,-0.17105645715782974,9.633245125657568,0.34968754608466424,0.29048882137146836,0.43547800238929857,-0.021436720237166276,0.04291071034209473,-0.024180193829523293,0.08996712352015293,0.10967082582290962,0.11215198507546338,0.46222072500689443,1.1876936829810472,0.573455977461561,23.684210526315788,1155.7611609067421,49.31814801189647,,,,
2026-09-11 16:05:47.223237,device_0017,route_0038,event_051266,32.12906857804357,80.25575728995007,21.95293552819349,URBAN,CLEAR,ROUGH_PATCH,-0.006992710384890339,-0.1866606174899484,9.85630568427767,0.7529601424164171,0.5251423184000906,0.8024132263130479,-0.018614754471336096,0.007865305654233217,0.006466270810622117,0.24376509031866625,0.2704077804201505,0.23411027286892566,0.790773710106694,1.7364821625629343,0.38854681675587316,1.7857142857142856,1073.1330610341536,52.183649943683676,,,,
2026-09-11 16:03:21.423237,device_0007,route_0029,event_049808,26.47692542208807,73.21570493406394,72.21041179930464,RURAL,CLEAR,NORMAL,0.09447322649575082,-0.09144904088057115,9.52795076261956,0.3161760775987373,0.33576998356573023,0.3070698054959689,0.024622602953900893,0.033731053452236016,0.01919469266288172,0.09864934347635623,0.10064441497683796,0.08704962097090105,0.4012497291461082,1.0007740841069133,0.4704162162562128,19.298245614035086,1156.3665497149682,49.29232864272136,,,,
2026-09-11 17:04:49.423237,device_0013,route_0040,event_086688,28.34381647586458,69.44505655359484,41.24132802594039,URBAN,RAIN,NORMAL,-0.005938780437266724,-0.10828482565564782,9.568847585847312,0.32214257504259947,0.3171973339710502,0.3396162823285559,0.014297817424130868,0.02602834673699409,-0.025966002269975384,0.10367946768110707,0.09655078973441529,0.11515143700448899,0.4023048629362777,1.044059720629125,0.46272463619367354,3.508771929824561,1155.7611609067421,49.31814801189647,,,,
2026-09-11 16:22:01.023237,device_0015,route_0029,event_061004,26.006159617868754,72.32604440142516,18.394575375438027,URBAN,WET,SPEED_BREAKER,0.20858094212535547,-0.08960947771785653,9.821659180997349,0.3010645559501372,0.273031572830438,0.6457604011534673,0.0007532969692530862,0.031706788837257,-0.03470418437586727,0.10342153263580069,0.11224871207031786,0.09387924653164384,0.6507817440339622,3.29410286173424,0.525908743545299,1.5151515151515151,1355.564934550649,48.688187719961995,,,,
2026-09-11 16:21:37.623237,device_0008,route_0011,event_060770,24.981846830893844,73.13061065966437,64.435373287561,URBAN,CLEAR,NORMAL,0.16943195628813282,0.04123559688128503,9.733280895069182,0.3403139070472079,0.3281687243149105,0.2978776882033666,-0.02773457564572916,-0.01693046526792236,-0.006964810527802014,0.10738907512420046,0.09043929160365773,0.10482991799181791,0.3029798762080303,0.8796671119770938,0.4548621076508768,18.0327868852459,1174.5210483649005,51.936063712881634,,,,
2026-09-11 14:40:29.323237,device_0002,route_0029,event_000087,28.56897445938774,77.16786899772741,72.94928553819483,HIGHWAY,CLEAR,NORMAL,-0.005025728631417128,-0.09426081084741252,9.722382643412073,0.3155214870897753,0.29089948189306386,0.2933671166681934,0.0016144576695583015,-0.03891945983011301,0.01085600153171787,0.09795103997897572,0.09331535020753323,0.10366982906480728,0.30089821267758576,0.8252665969871806,0.4265856132975161,17.5,1189.0117987248957,50.462072844310214,,,,
2026-09-11 16:49:00.923237,device_0002,route_0004,event_077203,32.44622051509932,82.92122823950594,81.24013838741,RESIDENTIAL,CLEAR,NORMAL,0.02714334824082852,-0.11357082970257484,9.705998240777584,0.27573063265091635,0.27730216915442835,0.31266443059578686,-0.02724161233500527,0.0009463010268227508,0.043764033066483514,0.11151692400538148,0.11251605190802885,0.10337889534967758,0.3240714707828007,0.8176925676234479,0.4104926970763764,15.0,1189.0117987248957,50.462072844310214,,,,
2026-09-11 16:06:59.323237,device_0016,route_0042,event_051987,33.22023894083341,77.65824184920967,64.59034901598172,URBAN,CLEAR,NORMAL,-0.08245047507976044,0.03014578873768461,9.85715720641542,0.2503500604697152,0.3036024265896512,0.3186516799429674,0.0035870910393175992,-0.05037127775237206,0.03595571946655994,0.09063846753833014,0.09261923466177364,0.09791080557779512,0.3254143962458588,1.0140539329487677,0.4356451807870865,17.857142857142854,1173.9088107441603,47.70387570777382,,,,
2026-09-11 16:57:15.523237,device_0016,route_0004,event_082149,32.69287008303652,83.29124024278958,73.36344451768306,ARTERIAL,CLEAR,NORMAL,-0.06757215468554648,-0.0038411818383852453,9.822699509871057,0.2628782916817908,0.3311459462493225,0.3329627081458693,-0.004370541112257538,-0.0427797439266079,0.04118561830113099,0.10994596446649675,0.09722097033175571,0.09788515713660983,0.3344740199961649,0.8608114094664003,0.4507788126806319,23.21428571428571,1173.9088107441603,47.70387570777382,,,,
2026-09-11 15:53:13.923237,device_0027,route_0041,event_043733,27.83117844300293,81.01830864614158,40.71530131853031,HIGHWAY,CLEAR,NORMAL,0.15678385432988767,0.11670379912524731,9.978595413553393,0.3044147072478442,0.32129207056159803,0.3806779244854967,0.02866878833752725,0.010961137536298278,0.012050768092817342,0.1218377734775147,0.08253889933171382,0.09749528674558544,0.42472501452325717,1.185466248770343,0.48813533307735274,9.166666666666668,1176.2437718505519,51.009834386288524,,,,
2026-09-11 17:18:58.723237,device_0004,route_0006,event_095181,20.639089155175707,74.38995179510827,10.9997759838468,ARTERIAL,CLEAR,NORMAL,-0.1264110218230456,-0.036418373246477995,9.652130091958412,0.2692816545326626,0.28619810728251127,0.3155385844028856,0.021727015248110295,-0.041671068259945175,0.02826522586151706,0.08521783859153866,0.10754188576560823,0.09487519757732962,0.34553418173441175,0.8077097234110724,0.4314598726850836,7.5,1194.4208269519643,50.2335513967164,,,,
2026-09-11 17:07:48.223237,device_0000,route_0047,event_088476,21.053984237811694,79.4755120822556,43.06732986853216,ARTERIAL,RAIN,NORMAL,-0.04279226675533863,0.16816931321426976,9.939456380341557,0.3231982582190567,0.28523615391792034,0.30955758288028834,0.005263759919914648,-0.012757073267680332,-0.003678814461295581,0.11607959285041476,0.09673522440005348,0.0882655989491024,0.34259120875672877,0.987570103549924,0.416363934505202,18.333333333333336,1187.9876613670087,50.50557505871605,,,,
2026-09-11 16:23:41.123237,device_0014,route_0042,event_062005,34.118648334927414,77.72693578741932,20.35725844478244,HIGHWAY,WET,NORMAL,0.1907451146095989,-0.07795137522106933,9.71649199622666,0.3783550946467186,0.28901301285483405,0.3116825433897891,-0.01842205451181228,-0.018025386448822022,-0.03709314683894234,0.10120976911510515,0.10381731823459688,0.0830417780975178,0.3172309695503661,0.6806743559681898,0.4739170137682091,12.5,1172.5933011717448,47.75739375624995,,,,
2026-09-11 15:31:48.923237,device_0023,route_0030,event_030883,31.00580816138658,78.77279918836025,77.36605613640518,HIGHWAY,CLEAR,POTHOLE,0.08905921281937693,-0.12080587819678092,10.303228751872519,1.022392792956457,0.5921170575250669,1.958461138413777,-0.07986785028364705,-0.07374623715159885,0.0971171880194643,0.4187834335434059,0.3633200644979582,0.5171530533562078,2.164743075778661,9.663234012620265,1.4221153338363908,1.0,985.6613579275306,50.72736147953584,4.7901244558127996,9.720250909016203,11.600579652760386,MEDIUM
2026-09-11 16:04:57.223237,device_0008,route_0024,event_050766,28.71068034615581,72.62936292400636,18.111861645931643,HIGHWAY,CLEAR,NORMAL,0.1894863967676942,0.006119483465161299,9.711826390056263,0.28372424731554197,0.28632608134340476,0.2722638511404696,-0.05245679387333273,-0.015390403757262847,-0.011382158589434177,0.10302356698882251,0.09803963559983184,0.0993306709724602,0.2824590072591746,0.7869255381545717,0.42905052457264004,18.0327868852459,1174.5210483649005,51.936063712881634,,,,
2026-09-11 16:45:16.123237,device_0029,route_0008,event_074955,34.978205266200014,79.05354888698598,76.00349784174313,URBAN,CLEAR,NORMAL,-0.1836855055204905,-0.13122276626288784,9.91585879961192,0.3446525463272027,0.30032199555543604,0.3214350895200989,-0.009332845098610553,-0.029719745953223242,-0.019915417978538904,0.10012013226069426,0.09281582754258925,0.10248793462886979,0.3469024094971882,0.8680853756401508,0.48214549331310846,10.0,1185.4321676861896,50.614452379095,,,,
2026-09-11 15:01:35.623237,device_0011,route_0044,event_012750,29.654149706481686,77.00015169414654,81.21059308539863,RESIDENTIAL,CLEAR,NORMAL,-0.11030563312857185,-0.14165176840709012,9.901045518876563,0.34140595819216174,0.3223873728226806,0.2722768188369221,0.03488915431247832,0.006436186710761738,0.04100836273728221,0.10156034418694124,0.09388983412691118,0.09619007818352912,0.2944574281045384,0.7965966647236318,0.45689877765589026,4.0983606557377055,1173.916838169756,51.962794992449886,,,,
2026-09-11 15:41:11.223237,device_0026,route_0018,event_036506,31.492859111261186,78.66570599306024,62.652656989907705,URBAN,RAIN,NORMAL,0.014049979817248722,0.2216133923456438,9.692800382443824,0.2928466834962309,0.2912170263921087,0.30927372584649226,0.02311035147765809,0.04299212208703509,0.031922037430402506,0.11013067956235992,0.10529596548095539,0.10211496050137504,0.3259451531096628,1.0980299215857006,0.42905827791667106,10.526315789473683,1156.2462834189637,49.29745575609877,,,,
2026-09-11 14:56:54.323237,device_0001,route_0003,event_009937,28.978506240429887,76.53516580158097,9.555733522105015,URBAN,CLEAR,NORMAL,-0.2013445878935311,0.19481483695757687,9.913585155088228,0.272528130738942,0.27344038266342885,0.29830436785040393,-0.019665497706071153,-0.019538549924835003,-0.040121531200347005,0.09794579807585936,0.0933432520432373,0.10074444162205676,0.3214001329620552,0.9440737400759591,0.39199955038018297,14.035087719298245,1147.8114285371462,49.659725093210575,,,,
2026-09-11 15:10:57.923237,device_0022,route_0001,event_018373,27.015726598440526,77.1356361627698,64.21894142565698,RURAL,CLEAR,SPEED_BREAKER,0.020310560798955667,0.004350076333854916,10.2926258253249,0.6279498396573359,0.8638573057576138,1.7461905271540685,0.029486367645559057,-0.04841547641934735,-0.05553968106197941,0.2823982224098246,0.23553837456424045,0.22786237029248088,1.9063106751224115,6.507295730165939,1.1205303021208213,0.7042253521126761,1366.4295983090874,51.96023277588557,,,,
2026-09-11 17:14:02.623237,device_0016,route_0012,event_092220,20.297013203774835,77.07073934150537,55.810221602621695,HIGHWAY,CLEAR,NORMAL,-0.04882237205460789,0.05991726555605855,9.838359774910122,0.32288159043184766,0.3150466330957947,0.3248192369660998,0.009077026374551872,-0.03036767925677796,0.04403044299014604,0.1045420798581961,0.09030018467807567,0.09179133612218048,0.3267369487092614,0.8529552849246951,0.45436970035012925,9.821428571428571,1173.9088107441603,47.70387570777382,,,,
2026-09-11 17:11:33.523237,device_0016,route_0039,event_090729,36.170453367477556,80.02914911685569,18.81919626918748,RESIDENTIAL,CLEAR,NORMAL,-0.08268916347771246,-0.0008559240309732319,9.874936483015867,0.2899844248526223,0.33881419605887264,0.3195407395311225,0.005507541759487449,-0.027637053734625366,0.029631135673765324,0.11110613364764138,0.11063864743335455,0.0905128849877522,0.3308817422425945,0.914108786256552,0.44745175574358764,11.607142857142856,1173.9088107441603,47.70387570777382,,,,
2026-09-11 15:01:00.223237,device_0002,route_0042,event_012396,29.67014191174364,77.38664023808724,42.5528979036703,HIGHWAY,CLEAR,ROUGH_PATCH,0.040336429015387795,-0.20576775861655633,9.719266682732714,0.6356572505385489,0.3628210720957124,0.5725755936102969,-0.020738217167194897,-0.03196797618259559,0.023385511589944726,0.13002014224865938,0.17932373196780851,0.1715557068896009,0.5721651751719263,1.2018252229580604,0.38401542570151,1.8181818181818181,1089.9274821644876,50.462072844310214,,,,
2026-09-11 17:18:32.723237,device_0020,route_0016,event_094921,36.986172250273164,75.12525406953921,56.1879614337644,URBAN,CLEAR,NORMAL,0.01475232898462074,-0.15673836473868663,9.64719247101335,0.31905412307424164,0.2861783130155518,0.28991114569518295,0.05299284151717163,-0.014715774218807895,-0.03784026447377743,0.10011659520225115,0.09496088475993027,0.09110984555892311,0.32214891771387705,0.726085876887419,0.4081656851731484,7.142857142857142,1178.3195617621582,47.52530791923109,,,,
2026-09-11 15:36:40.723237,device_0019,route_0018,event_033801,31.273465070615792,78.56050308145522,64.74397695966337,RURAL,WET,NORMAL,-0.0967377873437086,0.16326397621667976,9.96669452103352,0.30829962530279037,0.3475106244895442,0.33002255414481696,0.02289327746536062,-0.018811821430824518,0.021697913246489897,0.12984903392593328,0.11659224444879572,0.11374248038153892,0.37577853647674897,0.8961298232596882,0.4422981431713173,4.918032786885246,1174.5353318231532,51.93543212132559,,,,
2026-09-11 14:42:23.623237,device_0007,route_0017,event_001230,28.642298830261534,77.18827959201366,18.651408512518316,HIGHWAY,CLEAR,NORMAL,0.08164220584491116,-0.1064662692792693,9.683435947096772,0.3070782679547844,0.28530714255039513,0.3254136442328054,0.027961424243661506,0.00843019528691724,0.031331713206317564,0.10123312728976809,0.08005126487610166,0.10384382252684596,0.34137319376906566,0.89613891295825,0.44185466555809144,10.526315789473683,1156.3665497149682,49.29232864272136,,,,
2026-09-11 15:14:14.023237,device_0004,route_0031,event_020334,26.81873470860145,77.87578504424795,10.023043002260296,URBAN,CLEAR,NORMAL,-0.10851938985688574,0.034916145551815554,9.62032966380155,0.29572892188456334,0.3411990439739054,0.32742811377276604,0.04458467534968181,-0.013858219142934607,0.016923339580927305,0.11431916588945568,0.10032129205316402,0.09686461460875039,0.3679702008921905,0.830869226561612,0.4562368011758903,15.833333333333334,1194.4208269519643,50.2335513967164,,,,
2026-09-11 16:50:24.923237,device_0029,route_0047,event_078043,21.956074751000227,79.21744054455642,10.303634218192814,URBAN,RAIN,SPEED_BREAKER,-0.17475729908722168,-0.18887868277751543,10.04992479556296,0.31548454852876545,0.3126723744558815,0.5376595321338786,-0.02738056252551461,-0.04129433519923109,0.0024109037651896294,0.07442678303280632,0.06702484061609985,0.07139808559743331,0.599675712261978,2.421214056898263,0.5058747707530304,2.1428571428571423,1383.0041956338878,50.614452379095,,,,
2026-09-11 15:47:35.623237,device_0009,route_0021,event_040350,27.935372138771278,80.82509015832095,74.15292097327264,URBAN,CLEAR,NORMAL,-0.1880651331518273,0.10469370218725735,9.98383067902623,0.3185047729161251,0.3036733204828944,0.3007130131352978,0.007104377397825083,0.022003324599508083,-0.019989527373831303,0.10266959001563442,0.08594346114555097,0.10575369299862435,0.35767582870640635,0.7865352967004284,0.45800531592759386,24.107142857142854,1175.8012798150014,47.62709563372047,,,,
2026-09-11 16:05:06.823237,device_0020,route_0029,event_050862,26.432706584114136,73.13203477319807,36.32079497931425,URBAN,CLEAR,NORMAL,0.11599019766173967,-0.12610116051849232,9.678219746689336,0.3502453138251408,0.36838755704645293,0.2838624923773346,0.03823281819213569,0.009620658135866366,-0.06925692904001358,0.11245937527988482,0.10670753979390821,0.10099494670153711,0.30291324545487724,0.7472229606571421,0.5052318514342129,23.21428571428571,1178.3195617621582,47.52530791923109,,,,
2026-09-11 16:29:21.523237,device_0026,route_0035,event_065409,24.390654632381807,81.48498748800073,74.65594879232188,URBAN,CLEAR,NORMAL,0.12987202464020903,0.307340765052631,9.635594575050863,0.3440800251826937,0.3054831137191313,0.3298984157242966,0.01622588260817822,0.050386112117918234,0.00978855192400126,0.09444924038305098,0.09534747855789868,0.10550481412164595,0.35760028039637376,0.899702598251233,0.4903644582717749,23.684210526315788,1156.2462834189637,49.29745575609877,,,,
2026-09-11 17:24:27.123237,device_0012,route_0039,event_098465,36.823146574310044,80.27039808354796,77.36467504820513,RESIDENTIAL,CLEAR,NORMAL,0.08433983565729701,0.20973037482195891,9.725323225811135,0.33787460571371686,0.3333308991160603,0.31360510340022063,-0.02858870621223298,-0.03195629140098701,-0.029805179699903404,0.11163621093366753,0.0942506932401528,0.09704189535139383,0.32177031628126257,0.8623365935047325,0.47064038478763376,16.07142857142857,1178.0852418549218,47.53476065265595,,,,
2026-09-11 17:00:14.823237,device_0008,route_0022,event_083942,36.199740219036606,76.82041492918198,62.555883902335424,URBAN,CLEAR,NORMAL,0.16107955610800376,0.04942344174261254,9.679778377321124,0.2940149431106265,0.291061312488558,0.3187609092711162,-0.04388755915758421,-0.011586474653903599,-0.023802609695373296,0.09658145723137893,0.1111893493598825,0.09503945261994066,0.33647747229078095,0.8361941851281323,0.4514980584296952,9.01639344262295,1174.5210483649005,51.936063712881634,,,,
2026-09-11 15:39:44.623237,device_0013,route_0014,event_035640,31.501011987297883,76.05060587168194,60.20408189554956,HIGHWAY,RAIN,ROUGH_PATCH,-0.06806490412261763,-0.13222778915758837,9.681273167577109,0.48996635216558376,0.3768894679479257,0.7969667399902635,-0.016733492383142947,0.05186881294374287,-0.009281983601709988,0.1323900876801691,0.14490851629083543,0.18579188881003328,0.7996958651025716,1.7502163191579037,0.43194264469941823,1.923076923076923,1054.3786029324665,49.31814801189647,,,,
2026-09-11 16:48:01.523237,device_0026,route_0034,event_076609,26.658078435967628,70.64263626857391,37.73398094668369,HIGHWAY,CLEAR,NORMAL,0.04241059180988495,0.21644272719972557,9.674752798235062,0.2777083004135226,0.3836086342362408,0.36739855230183527,0.00908709524005599,0.026173304679254092,0.029111228974592226,0.09589943546582612,0.11064560684614759,0.10423038812399174,0.38595870961093925,0.8851561512383004,0.49547263880038134,0.8771929824561403,1156.2462834189637,49.29745575609877,,,,
2026-09-11 14:42:05.123237,device_0000,route_0046,event_001045,28.720920453679643,77.31587807145303,60.483779126771026,URBAN,CLEAR,OTHER_ANOMALY,0.4195773818223646,0.42822399434962877,10.370321565740849,1.1222738258503533,0.6892102157905472,1.1196844796492813,0.07891650901232093,-0.004424784024279481,-0.03114791600100442,0.236183914447108,0.32530773410734326,0.2419814238758791,1.4072893294410769,3.7836165252588625,0.497276561874246,2.2222222222222223,890.9907460252565,50.50557505871605,,,,
2026-09-11 17:23:20.123237,device_0019,route_0021,event_097795,26.902152951152917,85.88722947888748,77.87226350501845,HIGHWAY,CLEAR,NORMAL,-0.20834610312046342,0.09879086186049432,9.976185722377775,0.30311751610818133,0.32407748982591417,0.3533106759719192,0.013086356736928588,-0.014365375207591796,-0.027683055068425853,0.10839954934303403,0.08661568832329654,0.09619861882482858,0.39929522935970374,1.0820942791071229,0.48454690972145337,22.13114754098361,1174.5353318231532,51.93543212132559,,,,
2026-09-11 14:50:14.323237,device_0016,route_0017,event_005937,28.983307621943474,77.43888947441027,54.78162072261128,RESIDENTIAL,CLEAR,NORMAL,0.00671987020369154,0.08532782932273708,9.853566049246322,0.2650048629393852,0.340986653577413,0.2869214890922066,-0.009386146055616286,-0.02325697012329165,0.05164662405176012,0.11768459218426096,0.11043164147703173,0.096835339182555,0.29510320295753223,0.8713344324010048,0.4366478144231277,0.8928571428571428,1173.9088107441603,47.70387570777382,,,,
2026-09-11 16:16:29.323237,device_0006,route_0047,event_057687,23.71605908662613,78.71382442288687,54.90604444433432,URBAN,CLEAR,POTHOLE,0.1266267679310226,-0.10284426443690499,10.070376088785661,0.5600726405386001,0.28455816983657123,0.5706652012329261,-0.1480338891971998,0.03168862609251826,0.0034723944396361658,0.31209505722912534,0.2952601788859205,0.25742532357763676,0.664316464196393,3.642977104844535,0.6795310618791115,10.638297872340425,981.7693121927355,47.87275321839885,1.7616623641347404,2.7168487569990214,3.422009301929566,LOW
2026-09-11 14:53:30.123237,device_0024,route_0010,event_007895,28.941661934142367,77.83263314178691,21.605984873566157,URBAN,CLEAR,ROUGH_PATCH,0.19907571551251874,0.1976256912610068,9.907894280237498,1.2598880584203584,0.7237974595945362,1.411643661968922,-0.020571711650110867,-0.04572077927522799,0.02532774412864715,0.21856239466618818,0.20834647724012173,0.2183912019941989,1.4408168392867875,3.5339091501801096,0.4340699522771352,1.7857142857142856,1070.3752644422386,52.318099885446266,,,,
2026-09-11 17:06:09.023237,device_0004,route_0002,event_087484,21.376836068186964,80.10660101224468,38.058279261473196,RESIDENTIAL,CLEAR,NORMAL,-0.1522879586731891,0.0035072581267471237,9.633290180399701,0.36354919791172635,0.3330373460494843,0.2738323194732307,0.042623441365086466,-0.034063589077113786,0.009281135432962457,0.09305929105019577,0.08866756805697089,0.11257125526214613,0.31579171033888426,0.605221048128028,0.46043786450397,1.6666666666666667,1194.4208269519643,50.2335513967164,,,,
2026-09-11 15:09:37.623237,device_0023,route_0001,event_017570,27.087205538025223,77.1427468211714,85.30082584212562,RESIDENTIAL,CLEAR,OTHER_ANOMALY,0.5822764014647309,0.17874850438413084,10.176209566720376,1.1321235765745363,0.45163185494542013,0.9847340466704829,0.03351670425115183,0.0320911732094655,-0.05383008348311798,0.19975106606444595,0.29689728442937563,0.2690460651167971,1.1905309168692022,3.1843293485903867,0.5267440163201788,1.1111111111111112,887.0952221347775,50.72736147953584,,,,
2026-09-11 16:08:47.023237,device_0000,route_0006,event_053064,24.208360934213164,75.65834204197611,74.62359118225051,URBAN,RAIN,NORMAL,-0.015140490673335397,0.11479493805459602,9.881414819757035,0.30148559193455887,0.34472094292477046,0.27973010063526355,-0.000288077792082334,-0.03908462169629358,-0.016503571746020653,0.09622789177004556,0.10482219685279434,0.09168288011794991,0.294159332895541,0.8163348422377457,0.4373916185824479,17.5,1187.9876613670087,50.50557505871605,,,,
2026-09-11 14:58:54.723237,device_0013,route_0038,event_011141,29.36587893954355,77.93482215847217,40.461425243662255,RESIDENTIAL,RAIN,NORMAL,-0.07704611182683677,-0.09430737183617542,9.561622186395555,0.3035043120155639,0.32167125338724517,0.345508030376793,-0.015165081860345434,0.06827054497326179,-0.03156481505577904,0.09097319987029363,0.0941563663259807,0.10171577878528472,0.4139585316028471,0.9730644723731388,0.4573725464021429,8.771929824561402,1155.7611609067421,49.31814801189647,,,,
2026-09-11 17:21:54.223237,device_0005,route_0009,event_096936,20.08180811760796,78.6582107360121,57.405710130992155,HIGHWAY,CLEAR,NORMAL,0.17228396388952807,0.035829139120370335,10.01037387725573,0.2743026356087859,0.25337124716251436,0.3623774490225596,0.04373905264046988,-0.008499762124894806,0.03695980242930825,0.09778893998005413,0.09255943819331768,0.10104147395835043,0.4237411883089811,1.0195815686490697,0.4208956784517733,21.428571428571427,1173.3612685170888,47.72613644455269,,,,
2026-09-11 16:04:29.623237,device_0022,route_0034,event_050490,27.29569682371989,72.90358448040043,43.52978554822974,RESIDENTIAL,WET,NORMAL,0.05761014849872186,-0.011606297826673431,9.616344841597856,0.3055840201850265,0.34117749752401655,0.2820563373412134,-0.02184752715973208,-0.01864627994237901,-0.01789238732367887,0.09394091573077885,0.099334216245596,0.10426058452650892,0.33038467593078874,0.82419652965328,0.45953339170729873,9.836065573770492,1173.9747253078074,51.96023277588557,,,,
2026-09-11 15:35:42.823237,device_0012,route_0009,event_033222,25.73656736514555,77.73238191343778,10.51158037297457,RURAL,CLEAR,NORMAL,0.13866284704342344,0.2295924681649737,9.723161711237129,0.3295204341607384,0.32106500075202,0.29626574824188057,-0.04442964529234562,-0.012087728063322522,0.01019979616234741,0.11215292610772916,0.1072484080855158,0.10076320801834189,0.3011930725572824,0.6308902493110509,0.4335373839854025,23.21428571428571,1178.0852418549218,47.53476065265595,,,,
2026-09-11 16:57:51.223237,device_0016,route_0014,event_082506,35.422091028735636,74.50469802457852,59.327496197247,RESIDENTIAL,CLEAR,NORMAL,0.001907495547379385,0.10667229735605063,9.838361643015062,0.3387736193198716,0.3209078154739382,0.3143466405664443,0.022599237371422474,-0.04219503751356041,0.03621872699215308,0.1011618213106183,0.08082202537443872,0.09022229951920355,0.31720204950865044,0.9618731422426325,0.4498284497906773,22.32142857142857,1173.9088107441603,47.70387570777382,,,,
2026-09-11 15:40:50.223237,device_0006,route_0041,event_036296,27.980112379153017,80.3662960872824,81.61351631872617,RURAL,DUSTY,ROUGH_PATCH,-0.06157453547714775,-0.0664542459017894,9.870567683123502,0.9826942966329184,0.6962148432454656,0.8844332731297261,-0.05485086500307112,0.028135192642825456,0.02670069170935513,0.1851647142317848,0.18970025441104685,0.25635586860815174,0.8791337152482633,2.279335212420719,0.386601427758769,1.9607843137254901,1065.3241472729683,47.87275321839885,,,,
2026-09-11 16:33:33.023237,device_0022,route_0037,event_067924,29.62612327925248,71.10570966613085,58.13896454623921,HIGHWAY,CLEAR,SPEED_BREAKER,0.11352988387101726,-0.004460098401044212,10.139763583768113,0.7559073650121566,0.5797156876554211,1.5772806717215464,0.009524636627681573,-0.009608811226459511,-0.02165471118907626,0.21452291133856677,0.22066188566872846,0.24481277473335325,1.6815948786709574,5.789506691953459,1.2040744902799545,0.7042253521126761,1366.4295983090874,51.96023277588557,,,,
2026-09-11 17:17:41.023237,device_0018,route_0033,event_094404,35.96923516677636,81.40997341940052,21.00904276618673,URBAN,CLEAR,NORMAL,-0.03586372939157834,-0.16964786698427298,9.948475771168324,0.33057389500201884,0.32299262160959596,0.32777314051607664,0.03807203448604519,-0.044982936012021524,0.019388548852836935,0.0945188317103695,0.09926325063526932,0.13298797372160204,0.36478128028328877,0.8997380660970524,0.4711409818773795,20.0,1196.452449290308,50.14825289178003,,,,
2026-09-11 17:01:59.823237,device_0017,route_0018,event_084992,35.42444464869575,80.55170722100215,38.92019622864139,RESIDENTIAL,WET,NORMAL,0.12731142850660096,-0.21357527987420802,9.779263948514954,0.33419858132685304,0.35773027525415274,0.2869122310650604,-0.028818244088358886,0.01668657346564196,-0.035763385280322094,0.10957633181330806,0.09630163646124229,0.08327716774300596,0.28409814290469476,0.6721124010642008,0.47863670688122684,5.737704918032787,1168.9485129122031,52.183649943683676,,,,
2026-09-11 16:23:52.823237,device_0018,route_0024,event_062122,28.71614141002839,71.60814114980937,19.204750674264396,URBAN,CLEAR,NORMAL,0.0030075429758955746,-0.19439888121096707,10.057145076526687,0.3762967056726904,0.2848075174079273,0.38426507616658645,0.03843556938955636,-0.02158664435556621,0.0029928802618362626,0.10558914177144688,0.10595881444283713,0.10852020043420708,0.4702222644979422,1.0984720022058738,0.4861459469653786,7.5,1196.452449290308,50.14825289178003,,,,
2026-09-11 16:29:54.923237,device_0024,route_0033,event_065743,33.74332403149498,80.1103762133262,10.33700499808365,HIGHWAY,RAIN,NORMAL,0.14708582586547447,0.18631731538610985,9.980531519439365,0.2760194899769149,0.3008414218078627,0.3588859090482283,-0.010817435839963032,-0.059632932034995846,0.06528591346988626,0.10421937580422164,0.09407919216827142,0.09606770221564191,0.4061781707564477,1.2064786492302328,0.44828054415294416,4.0983606557377055,1165.9444844817242,52.318099885446266,,,,
2026-09-11 15:47:25.223237,device_0027,route_0021,event_040246,27.937316774056892,80.81598498786794,42.74484164432825,RESIDENTIAL,CLEAR,NORMAL,0.14791323748088603,0.2143859914942477,9.912561980548071,0.38065151350200527,0.3539944363201636,0.3059994988604487,0.029506284932474112,-0.016434421720843424,-0.005250496369423611,0.10200432970929564,0.10523317977351204,0.10388867379858772,0.3321322777712414,0.787249835210373,0.5100513190500335,24.166666666666668,1176.2437718505519,51.009834386288524,,,,
2026-09-11 15:07:36.723237,device_0013,route_0023,event_016361,27.79361806095254,78.50262635818517,9.141142644644228,RESIDENTIAL,RAIN,ROUGH_PATCH,-0.05908444866357199,-0.11451541506169906,9.70907120216437,1.3680268149164208,0.7837403987137167,0.9469382984328859,-0.04830969111578576,0.06180196999129061,-0.022153647690349495,0.20100901861677184,0.20950277265678724,0.20869605135320676,0.9083184598767102,2.1735559062099643,0.47978819302688513,1.923076923076923,1054.3786029324665,49.31814801189647,,,,
2026-09-11 16:13:34.423237,device_0022,route_0022,event_055938,33.68561274167425,76.97023145251477,10.222398172505262,RESIDENTIAL,CLEAR,NORMAL,0.06552580303746516,0.051113787893577636,9.661726457847054,0.2834542778188712,0.3722826220060484,0.3123343908450204,-0.0059884643302873615,-0.024755102446860938,-0.029411390135920243,0.08375653727970055,0.1263784934224337,0.10539386549860978,0.3375645588641318,1.0738609998633457,0.45376060880396013,9.01639344262295,1173.9747253078074,51.96023277588557,,,,
2026-09-11 15:28:08.023237,device_0029,route_0001,event_028674,26.09391327064215,77.04056038024828,56.772001177728804,HIGHWAY,WET,NORMAL,-0.17203474776114192,-0.2773636667903636,9.849888078063884,0.3061584145035787,0.3037460480625112,0.33532213893149215,-0.0056787105200001116,-0.03097211449869921,-0.0003642860574763609,0.09790180659517099,0.09325088026181798,0.10876969644604795,0.34219488001083315,1.035278026890989,0.4519650838390666,13.333333333333334,1185.4321676861896,50.614452379095,,,,
2026-09-11 15:20:16.323237,device_0023,route_0048,event_023957,26.4706814152656,77.6339356933381,60.2158721513101,URBAN,CLEAR,NORMAL,0.1594224401967158,-0.0208129002893832,9.880099080397258,0.27329495276699683,0.32607510641414,0.3306113048646359,0.01407682710178439,-0.012964154986412728,0.006551923854835033,0.10523815933971896,0.11413795205874268,0.10516513714649876,0.34365918714348487,0.8348060726797133,0.43674271076758603,2.5,1182.7936295130366,50.72736147953584,,,,
2026-09-11 14:53:26.423237,device_0025,route_0016,event_007858,29.3880612684913,77.0156319444752,9.251317056406034,HIGHWAY,CLEAR,SPEED_BREAKER,-0.09931489687046861,-0.055894676737260805,10.010975540676966,0.3528750507148572,0.3060700231782727,0.4403628790244799,0.0025136969595468974,-0.028862585256740767,0.019528361746054615,0.07811361200074535,0.06494036738126556,0.07429479858327205,0.49320477407067337,1.6208641227063776,0.4889460820772592,9.999999999999998,1390.2596780229646,50.35030585044683,,,,
2026-09-11 17:17:21.823237,device_0022,route_0027,event_094212,25.120615912744462,84.80898919893552,36.16965020317713,RESIDENTIAL,CLEAR,SPEED_BREAKER,0.042408226315763964,0.15359460171679426,9.871210985971654,0.44202373523243316,0.6228117250847962,0.7892517960464598,-0.006431161911792752,-0.031161049815306083,-0.011438505578237211,0.1495233086148537,0.15501767338410596,0.14065937327227437,0.8357121986554282,3.3541426232413922,0.7136757601610875,0.7042253521126761,1366.4295983090874,51.96023277588557,,,,
2026-09-11 16:25:55.723237,device_0024,route_0048,event_063351,23.019654056634092,78.43480632604827,20.180231839181747,URBAN,RAIN,NORMAL,0.19109741310404987,0.0802946690179663,9.91000291116361,0.3163185422107198,0.3046441253182418,0.29239413149887666,-0.018852920811879583,-0.05936991032411739,0.04614827488483863,0.10352572707732456,0.09585746898579013,0.11359735535851581,0.31402906824204874,0.7593411514955388,0.41785510292191097,0.819672131147541,1165.9444844817242,52.318099885446266,,,,
2026-09-11 16:04:00.423237,device_0008,route_0035,event_050198,25.353427079127233,80.51321042107901,9.674960575655424,URBAN,RAIN,NORMAL,0.19204292846051144,0.05845473790507192,9.708336266339172,0.2736680187074205,0.30892273182457164,0.30720981384304774,-0.058145758711559914,-0.01959886681247155,-0.011892869136423095,0.09328016353681745,0.09108264691161184,0.10637575903024744,0.31617909043218034,0.8338483091866191,0.4167522728541971,15.573770491803279,1174.5210483649005,51.936063712881634,,,,
2026-09-11 16:12:24.423237,device_0009,route_0044,event_055238,33.40423345969677,76.26767281294097,37.639116520438336,URBAN,CLEAR,ROUGH_PATCH,-0.11480762395922572,0.0815873504318051,9.90812151807615,1.2049106501993103,0.7210880039817423,0.8802814881861883,0.041273575743716366,0.01990251022348384,-0.03712083590344631,0.15951261879637585,0.2222308063863708,0.2441014678139562,0.8733682690482314,2.174444419775547,0.44736644525765706,1.9607843137254901,1070.819022688662,47.62709563372047,,,,
2026-09-11 17:24:14.623237,device_0028,route_0014,event_098340,36.74663885986076,73.98246173699474,18.113096682713532,RESIDENTIAL,CLEAR,SEVERE_POTHOLE,0.1165488583066048,-0.08772215559482982,10.212339212205155,0.25448664819828215,0.32221937925443805,3.4916303740470167,-0.07543826586174673,0.01397306075244355,-0.07257913165207029,0.21394519185650837,0.16935381856446877,0.1867781126810142,3.5163261112956956,13.18278957605855,3.057335507442777,23.404255319148938,960.5027719017459,48.932706260641424,17.54812846789073,51.71904205189463,24.394803807939958,CRITICAL
2026-09-11 15:03:11.123237,device_0019,route_0004,event_013705,29.27910852822125,78.16940129324772,10.508871759842496,RESIDENTIAL,CLEAR,SEVERE_POTHOLE,-0.13342757948139294,0.06381037989464733,10.255227521734458,0.2715197823160566,0.3573625617012196,2.290132145709428,0.0382272511219352,-0.03633277375995992,-0.01354424529615987,0.1252001705706624,0.12388727216548463,0.12273076077129451,2.335615873126504,8.524694238993735,2.1118021601037755,20.0,962.7338785435682,51.93543212132559,13.321244603647553,27.131774061742988,32.95066226400639,CRITICAL
2026-09-11 15:02:58.523237,device_0004,route_0028,event_013579,27.878563343005432,76.32378581685595,54.80175956413771,HIGHWAY,CLEAR,NORMAL,-0.11950055550491359,0.04750875421494574,9.628804488748147,0.33091895919127,0.29699272833494156,0.27118937069822,0.040450106793731226,-0.028157814696616337,-0.015087183881991036,0.11311067698646655,0.11229011026935248,0.11258759831557139,0.3148191090725555,0.8207473070986158,0.4456762090928026,3.3333333333333335,1194.4208269519643,50.2335513967164,,,,
2026-09-11 15:37:57.623237,device_0008,route_0018,event_034570,31.335790606380858,78.59022731358009,78.5531454527601,ARTERIAL,CLEAR,NORMAL,0.1917202606461024,0.015772121631123424,9.733927487015182,0.3286335447934904,0.32953117645821917,0.30372604774082057,-0.05163436378842054,0.0062474481148376455,-0.011716899864469308,0.10424750484988005,0.09675725164997633,0.09958320950509769,0.30684671488975007,0.6817038392107904,0.47470795362052726,8.196721311475411,1174.5210483649005,51.936063712881634,,,,
2026-09-11 17:16:22.723237,device_0004,route_0021,event_093621,26.9776226264113,85.51941694964344,36.28781919367072,URBAN,CLEAR,NORMAL,-0.12056917706257317,-0.03869367986370405,9.607704439919893,0.3124304360407874,0.3529341418671576,0.27321546741272823,0.04765023883888134,-0.01851036076568354,0.01259444465550435,0.09857666396810391,0.10146146594053967,0.09602148782038952,0.32588874764034403,0.9697884116222006,0.4745724390678021,23.333333333333336,1194.4208269519643,50.2335513967164,,,,
2026-09-11 14:43:51.023237,device_0002,route_0007,event_002104,28.480902530271383,77.30729751454841,62.6477432333762,ARTERIAL,CLEAR,NORMAL,0.0351443492250997,-0.14003537111542524,9.750664370829064,0.26371555605907926,0.2574383281422805,0.26574760867774017,-0.021570910464782263,-0.0051563280616169415,0.03857475458740378,0.10661006314328512,0.1096879775184596,0.09656695816654033,0.2698607993581979,0.6505959779737633,0.40154329543682904,9.166666666666668,1189.0117987248957,50.462072844310214,,,,
2026-09-11 16:44:16.623237,device_0011,route_0038,event_074360,33.71923693214972,81.59161019850971,36.551159045563786,RESIDENTIAL,CLEAR,NORMAL,-0.14162388381902066,-0.05959576217434162,9.911385632762316,0.32567094300777644,0.2961856804911748,0.2763627905277423,0.009576065030055973,0.019072043634303787,0.06637057428252899,0.10172249575850038,0.09269770789903961,0.1121787180831624,0.30247319785943794,0.8720558241817304,0.42161902962609027,19.672131147540984,1173.916838169756,51.962794992449886,,,,
2026-09-11 17:03:29.423237,device_0024,route_0007,event_085888,23.826487507008302,83.2328298532237,10.54784074997289,RESIDENTIAL,CLEAR,NORMAL,0.1293016531437057,0.14292650727479425,9.960927021705123,0.39095475695170956,0.2748182263396546,0.32924228770355224,-0.0017098226968821322,-0.053183757202643754,0.034063524696664106,0.12062906489373226,0.10717205357317243,0.11250320180519813,0.37383277482004723,0.931696840303438,0.5004898905487271,13.114754098360656,1165.9444844817242,52.318099885446266,,,,
2026-09-11 17:26:51.223237,device_0017,route_0006,event_099906,20.238943301518816,74.24735648899956,21.010361808238855,ARTERIAL,DUSTY,NORMAL,0.09210616109354007,-0.27874551410920667,9.679993037806153,0.3341841905530821,0.332284765498113,0.33139136370836636,-0.01330709926151667,0.01815957591187951,-0.041993263728237105,0.11498557719922742,0.0999002893491452,0.11826260346927808,0.3458947126925379,0.7424970870027483,0.4524529767722462,11.475409836065573,1168.9485129122031,52.183649943683676,,,,
2026-09-11 16:14:23.523237,device_0025,route_0014,event_056429,33.24024879057165,75.3649278181897,20.218427917878643,SERVICE_ROAD,CLEAR,NORMAL,-0.05073543511173622,-0.009827120038564691,9.942239490686779,0.3632637428576384,0.2996559647949563,0.3385255657819326,-0.009726860070576843,-0.017176680169370264,-0.006527292368612209,0.10171616835306503,0.09961754303758605,0.09796180725909402,0.37237043185355634,0.9264289022947629,0.48875106541022273,16.666666666666668,1191.6511525911126,50.35030585044683,,,,
2026-09-11 17:04:30.823237,device_0015,route_0034,event_086502,26.416428597120937,69.78610957510473,10.260642611630557,URBAN,CLEAR,SPEED_BREAKER,0.1853296009066998,-0.13593685246708626,9.774944585592978,0.23269380206635937,0.2811965319754884,0.3995952933271819,0.0026601364670534515,0.04881924702134356,-0.025111294533851955,0.08056235653248574,0.0692936037039259,0.09236109274427252,0.4015549041764112,1.2422317332252764,0.40098932570930174,1.5151515151515151,1355.564934550649,48.688187719961995,,,,
2026-09-11 15:01:07.523237,device_0005,route_0041,event_012469,28.4568641884897,78.27732657318664,75.73102636755983,HIGHWAY,WET,NORMAL,0.14522557959369237,0.16944737817856645,9.973458966707563,0.33488362903661695,0.2877634367585847,0.2646704482329414,0.040976347467911726,0.012708681468556462,0.0771068819444021,0.09613875450363064,0.0977272341026584,0.08474506822141914,0.31831389947816835,0.6607175569766532,0.4179263970709116,2.6785714285714284,1173.3612685170888,47.72613644455269,,,,
2026-09-11 15:04:58.423237,device_0018,route_0048,event_014778,27.274718799743344,77.44700124490628,18.740080204850344,URBAN,CLEAR,NORMAL,-0.012981049800926715,-0.11234345773701007,9.97683918847517,0.33123472870806386,0.33713125394081983,0.33952474842525926,0.061616970961975576,-0.03140428100929872,0.021732422883871855,0.0991982752159063,0.10527836120548445,0.115103032240167,0.3879493220065275,1.0584629497450084,0.4891749567119813,24.166666666666668,1196.452449290308,50.14825289178003,,,,
2026-09-11 15:26:14.923237,device_0010,route_0008,event_027543,30.890877845779492,77.83837668580694,10.785498102704237,HIGHWAY,CLEAR,NORMAL,-0.13508905656107012,-0.00038322202625568557,9.650837776746222,0.35823044639028206,0.33851638769071646,0.2825290916669551,-0.011235333646979059,0.028923761289790503,-0.0005838913795846071,0.11274800004760333,0.10069653647887232,0.08369513101286608,0.3128022788346508,0.8521113240386811,0.4543902621308823,22.807017543859647,1171.7788575814213,48.64399082745811,,,,
2026-09-11 17:23:38.223237,device_0021,route_0023,event_097976,23.82941281208088,84.67999561031012,86.22477217142384,URBAN,CLEAR,NORMAL,0.07822585899833251,0.06893313515128137,9.832658106472971,0.33641638253044953,0.31329729844961285,0.2782295711539973,-0.03028715880395262,0.022142525763851627,-0.03487793012255387,0.08082382820463488,0.08059271721671135,0.11415936892553578,0.28198734227174416,0.7075886076201829,0.44240411518385236,0.8333333333333334,1182.3087711011192,50.74816449523607,,,,
2026-09-11 15:57:12.823237,device_0017,route_0042,event_046122,32.69447789078209,77.61812233291178,10.893327411702886,SERVICE_ROAD,CLEAR,SPEED_BREAKER,0.08308822454499667,-0.16754745716387295,9.840526469644905,0.2931568089450223,0.33829747261905757,0.49222071648855764,-0.017275136811489834,0.017589581097364478,-0.01908156704411846,0.0790570313004291,0.0740077479399433,0.07507464543450264,0.4943492913481175,2.008195504914452,0.5398562540808374,16.901408450704228,1360.579416668302,52.183649943683676,,,,
2026-09-11 16:02:37.423237,device_0008,route_0023,event_049368,26.19049917129132,81.00085900620198,18.135553434562755,HIGHWAY,RAIN,NORMAL,0.1446937557621568,0.05728655643890582,9.713483855269326,0.29884540898207446,0.35258126864219824,0.2987673767917973,-0.030627599009152035,-0.03350313331810233,-0.014603367954974716,0.09619941697406567,0.09523662327496468,0.0835185228651769,0.30691662895067395,0.9299975676024133,0.4578142556953851,9.836065573770492,1174.5210483649005,51.936063712881634,,,,
2026-09-11 14:42:33.823237,device_0012,route_0037,event_001332,28.609631701519664,77.00751039181489,63.778550747557034,URBAN,CLEAR,NORMAL,0.15519323876532212,0.16592402454016786,9.662818752597007,0.3141018586149986,0.29118045353784466,0.3016629754378999,-0.038068154372930776,-0.027712211478757205,-0.03742972527251597,0.10091427413189683,0.08657093684201714,0.10222697759290919,0.3276866164432286,0.9441008350527387,0.44150283005324364,20.535714285714285,1178.0852418549218,47.53476065265595,,,,
2026-09-11 14:44:16.623237,device_0029,route_0047,event_002360,28.49972660380534,77.34541668777847,40.52024372229144,URBAN,CLEAR,NORMAL,-0.1572180650269899,-0.1655875258429419,9.960516091980203,0.34702001084360173,0.31506348481539276,0.3249351664462572,0.005148348079962751,-0.055201699848966924,0.018017927354042205,0.09708464164258844,0.09947806131334896,0.09801932583470743,0.36688837181833617,0.6915449723617222,0.46446753364947435,2.5,1185.4321676861896,50.614452379095,,,,
2026-09-11 16:57:42.323237,device_0013,route_0015,event_082417,21.433027682163072,79.1597324848168,55.573629675046696,RURAL,CLEAR,POTHOLE,-0.06576731339254122,-0.2948048648442005,10.128404513881964,0.4515504114746583,0.8552021058121703,2.304478296609445,-0.026348802586549286,0.10166199384070305,-0.001899190120666707,0.2966699179510951,0.21620971958240687,0.29368349777073594,2.418306919460117,12.219949177038568,1.7423472904478061,2.127659574468085,952.9960449581909,49.31814801189647,9.477269354046006,19.079733759718216,23.056047083685996,HIGH
2026-09-11 15:55:35.423237,device_0023,route_0015,event_045148,24.670007349654522,78.29038822443432,10.799972303034206,RURAL,CLEAR,NORMAL,0.10932528448336061,0.012727799097262299,9.881472609055725,0.30364504457190833,0.3227597957006713,0.30661816470202147,-0.014230973366131732,-0.03591964927004196,0.018339246347640493,0.08655384183542386,0.10985277836949828,0.0975676445902028,0.319663275180609,0.8138172509436199,0.46544739064883234,19.166666666666668,1182.7936295130366,50.72736147953584,,,,
2026-09-11 14:53:24.723237,device_0025,route_0000,event_007841,27.841988214370094,77.03716940357495,42.46874529425238,URBAN,RAIN,NORMAL,-0.11760252675686084,-0.053203810821384735,9.953764749384566,0.33491205955240216,0.27350051695682215,0.32177785066582476,-0.024055778672781473,-0.018916658712702115,0.02382336481867362,0.09859235424871962,0.10411763952596213,0.08769295589638287,0.3599407037061429,0.8618984456888068,0.44963524834056956,8.333333333333334,1191.6511525911126,50.35030585044683,,,,
2026-09-11 17:04:09.623237,device_0004,route_0009,event_086290,21.02659018488075,78.50338185529752,72.26662858410567,URBAN,WET,NORMAL,-0.14482359780840431,0.012159634418082476,9.62344782096065,0.24719926802288963,0.30602738791003825,0.28660583619567176,0.003423196996349776,-0.005597079495572184,0.029929445929398203,0.07867186949240527,0.08813723854496876,0.11232470582045614,0.33119235582599377,0.8441214540164754,0.4032002932286666,16.666666666666668,1194.4208269519643,50.2335513967164,,,,
2026-09-11 15:40:24.023237,device_0021,route_0004,event_036034,30.392946636517564,79.84035978489833,20.111304253445198,URBAN,DUSTY,NORMAL,-0.06164206070654409,0.08434129927118536,9.863077598855382,0.3112613934638356,0.30815247779606064,0.24912336101737592,-0.014318806279432059,0.02264791236944907,-0.062079730516992136,0.10316672455273196,0.10627641520887406,0.08976753887361619,0.26140617490726087,0.563441791525328,0.38887765448331807,9.166666666666668,1182.3087711011192,50.74816449523607,,,,
2026-09-11 15:10:35.123237,device_0026,route_0042,event_018145,30.185562197882533,77.42600468741075,82.9624081480766,ARTERIAL,RAIN,NORMAL,0.05533989142808305,0.22432502127729653,9.570503829588429,0.2638318884016416,0.3220398301929978,0.28564505955845915,0.007908108095031775,0.03119220248773332,0.04810604608112459,0.09761849545997632,0.102393467132447,0.10557435984021651,0.35817628350367914,0.7374795236514995,0.42921245822852705,20.175438596491226,1156.2462834189637,49.29745575609877,,,,
2026-09-11 16:38:15.123237,device_0009,route_0043,event_070745,22.256444582474444,76.18518276016982,9.913883936879445,RURAL,CLEAR,NORMAL,-0.12161268552659078,0.02369994346479869,9.895500123549457,0.35245548802223275,0.3187100763551324,0.2813187911906275,0.024596709170180225,0.03554924906808374,-0.029549336113226885,0.09794035261190034,0.09592231251155044,0.0962434644075732,0.30234179420681934,1.006655070807005,0.4813509957749327,8.035714285714285,1175.8012798150014,47.62709563372047,,,,
2026-09-11 16:51:40.923237,device_0001,route_0007,event_078803,24.21982332708832,82.73152904791526,75.87677910088405,HIGHWAY,CLEAR,NORMAL,-0.18404047811162114,0.18823158498562603,9.923177395146416,0.2733710160229542,0.2909192513897701,0.2518927411834102,-0.036154225940565166,-0.04135882470955827,-0.028483824045807342,0.1013934654572102,0.0934928935602666,0.09065354879862277,0.2834250327199271,0.6916749965183602,0.39233708259968497,14.912280701754385,1147.8114285371462,49.659725093210575,,,,
2026-09-11 17:17:24.123237,device_0014,route_0024,event_094235,28.7319338712985,68.72023814009792,80.870073717738,RESIDENTIAL,CLEAR,NORMAL,0.22581975378668423,-0.05854945413625431,9.789690974554771,0.3446236017224467,0.32033136752243135,0.28615738494084064,-0.009977211499313706,-0.015081342379908599,-0.026492440065278955,0.09495761969824593,0.10532193544859114,0.09489903968611553,0.289544607905819,0.8526826114205832,0.43429436078471145,24.107142857142854,1172.5933011717448,47.75739375624995,,,,
2026-09-11 16:07:49.623237,device_0001,route_0005,event_052490,26.09914533597895,73.26312991323452,83.95619829512577,HIGHWAY,CLEAR,NORMAL,-0.16961151951028194,0.17995421220009325,9.882581236694303,0.2796662816693524,0.3037218939908358,0.3150779963650175,-0.025060659526889933,-0.039128112486702504,-0.03023655172178598,0.09801835789171365,0.11695773973905108,0.11206832977721518,0.32834957997109404,0.7172188810504423,0.4139516097949822,19.298245614035086,1147.8114285371462,49.659725093210575,,,,
2026-09-11 17:08:30.023237,device_0026,route_0014,event_088894,35.95643024302532,74.29425066856807,80.32981671786261,URBAN,CLEAR,NORMAL,0.039080718451038964,0.18323447679101493,9.630056177927823,0.31430074161778676,0.30721868896764637,0.3310834318933594,-0.021534240220639225,0.0003524197525476498,0.024301974208510876,0.11361562812960391,0.09053386817973591,0.11343763864199669,0.3643948134807872,0.9623636072333639,0.47760303783979596,23.684210526315788,1156.2462834189637,49.29745575609877,,,,
2026-09-11 16:19:07.423237,device_0026,route_0021,event_059268,27.595342677390825,82.49214967032707,64.33874806581736,RURAL,CLEAR,NORMAL,0.014064603072911755,0.24601316440709892,9.665102133816083,0.3240498673885533,0.28500335992926207,0.29931623936750834,-0.012120417481558904,0.03008066863688508,0.03180421123060224,0.09836840205238256,0.09946095672993777,0.1122764904284466,0.32298281162532116,0.9890513626336226,0.45161034249460386,12.280701754385964,1156.2462834189637,49.29745575609877,,,,
2026-09-11 15:13:06.823237,device_0023,route_0043,event_019662,26.781154187676254,76.98096734286896,59.665944107763316,ARTERIAL,RAIN,NORMAL,0.08962987817859687,-0.05035937381541813,9.774255250404286,0.3258463970853551,0.30553273394643843,0.3130312257495188,0.0006357435417252422,-0.04386277042405442,0.01047319885470156,0.1037297833345636,0.09128879817813994,0.10943106701644031,0.3122298603888471,0.7505703664120347,0.44441747444476676,20.0,1182.7936295130366,50.72736147953584,,,,
2026-09-11 16:03:23.123237,device_0025,route_0032,event_049825,31.374884853054322,80.63836593148648,74.5487303540689,URBAN,CLEAR,NORMAL,-0.05157368271320996,-0.15344112180245484,9.930523462109857,0.3818830032075528,0.3544460809342825,0.3184010252237664,0.00025181996870697506,-0.023418622898032468,0.008740176550669628,0.10830042097402037,0.09457961670270051,0.1075949013451749,0.3525495814293285,0.7139769209615654,0.4742863297141963,8.333333333333334,1191.6511525911126,50.35030585044683,,,,
2026-09-11 14:42:32.823237,device_0023,route_0020,event_001322,28.45568270342513,77.16217576600559,36.29761449902122,RESIDENTIAL,RAIN,NORMAL,0.13282643220128235,-0.02149034236103945,9.780270797744892,0.34742009002038593,0.3431744832450814,0.3455302460363409,-0.000299827284304182,-0.01169858165821399,0.03666337191589257,0.10055557582089412,0.11548879087245453,0.09429095260932474,0.3458770740515296,0.949463428298797,0.49094827218232917,22.5,1182.7936295130366,50.72736147953584,,,,
2026-09-11 15:43:02.923237,device_0015,route_0005,event_037623,26.814249625459247,74.39277288750338,21.002216472881138,HIGHWAY,WET,SPEED_BREAKER,0.17968699387355302,-0.08509538657194456,9.854652219074383,0.36077467635807525,0.3195884113035757,0.8016273400717282,-0.00911739300362079,0.05653736608302037,-0.019122329268134623,0.11424465606092933,0.11122287548355951,0.09629517763246088,0.8181247814236049,3.2360471376749924,0.546832983514165,0.7575757575757576,1355.564934550649,48.688187719961995,,,,
2026-09-11 15:13:49.223237,device_0002,route_0040,event_020086,28.492592919068212,75.43299424351645,39.99813419153162,ARTERIAL,WET,NORMAL,0.015609933700630315,-0.16189222135483466,9.741718639938329,0.2817239532549395,0.32110964433490563,0.32255231805675005,-0.020357049117401025,-0.009103011004967028,0.019351289669061512,0.10334858813378599,0.087447416939963,0.09901743517622633,0.32384259708129587,0.8845676878708542,0.42950015705657246,4.166666666666667,1189.0117987248957,50.462072844310214,,,,
2026-09-11 17:07:37.123237,device_0012,route_0013,event_088365,35.823999582024605,80.5508008459879,63.83868812239661,URBAN,RAIN,NORMAL,0.13541598939256053,0.19788123417619344,9.758739819239375,0.36211346020931895,0.29770550017682634,0.25291190685278386,-0.03142094203498115,-0.033677830081003626,-0.008534551567522385,0.1056246503738592,0.09613907094690553,0.10383778165234324,0.2547195938908181,0.5546747626177471,0.43961149800256744,1.7857142857142856,1178.0852418549218,47.53476065265595,,,,
2026-09-11 17:15:10.123237,device_0026,route_0007,event_092895,23.437252457954663,83.72836185301387,85.1715841712952,RESIDENTIAL,RAIN,NORMAL,0.06447139530758833,0.27063092552022067,9.676611275379324,0.3251949601925903,0.34304272320392765,0.37484824640041636,0.01766958156694314,0.031049529538695306,0.017121036475844235,0.11117276680330909,0.1040770625032839,0.08761306925746394,0.388365406723731,0.903543087371272,0.4828340433813429,6.140350877192982,1156.2462834189637,49.29745575609877,,,,
2026-09-11 16:36:19.323237,device_0027,route_0028,event_069587,24.473025404814955,72.61249174991588,20.62792283679069,URBAN,CLEAR,SPEED_BREAKER,0.1618312925529992,0.11924822828096793,10.139221281914635,0.3876232236967859,0.34967424451191087,0.6435324194197501,0.0377086347062558,0.011282992798958122,0.012756074779592234,0.10429914509090892,0.11151973872538186,0.09815983473806515,0.7434538262441158,2.6044074083483046,0.5390829688651765,1.4285714285714284,1372.2844004923106,51.009834386288524,,,,
2026-09-11 15:24:39.223237,device_0003,route_0018,event_026586,30.688421320299003,78.27967608292596,21.868312007942244,URBAN,WET,ROUGH_PATCH,0.016033873927125263,-0.14437536066298035,9.61964120534167,1.0631404985714523,0.5467695614858269,1.2136460904012452,0.03546453925353124,0.10024453297389528,-0.025582111609921174,0.1955975057440102,0.24547946199128093,0.21339229359844678,1.1959929613670266,2.7996787558454415,0.38397365784840853,1.8181818181818181,1080.1009728827094,50.92116513256079,,,,
2026-09-11 15:46:48.423237,device_0009,route_0007,event_039878,26.3824053213463,79.97882805254926,37.24033494940519,RURAL,RAIN,NORMAL,-0.16061199826487543,0.13933921034655058,9.897602837129638,0.3063898650160713,0.33489277007866614,0.30922144670816176,0.01633396163058932,0.04289093811118162,0.023203034156031095,0.10246462086927982,0.08201395336558635,0.10879338207627813,0.32998193212339594,0.8143233780625092,0.4726708669398749,19.642857142857142,1175.8012798150014,47.62709563372047,,,,
2026-09-11 16:45:50.423237,device_0024,route_0048,event_075298,21.972976643107184,78.67754849925583,20.550732033149384,URBAN,CLEAR,NORMAL,0.23234191229485582,0.1801948707413899,9.917050282064924,0.3078705898774256,0.33930949624549345,0.3050231008730606,-0.018635520332890065,-0.039845096716729235,0.045271388846725505,0.0933780596458158,0.08157632493552917,0.09303115385237136,0.3325519965596932,0.8020116287642924,0.44905449515059154,13.114754098360656,1165.9444844817242,52.318099885446266,,,,
2026-09-11 16:10:18.423237,device_0012,route_0010,event_053978,30.86473701786645,81.50375850265678,10.456853189970488,URBAN,CLEAR,SPEED_BREAKER,0.11727356605928135,0.1552383255918281,9.851372573117217,0.32267700796527726,0.2789262432939587,0.6062965645268223,-0.03655798433201757,-0.01187903575734434,-0.001602093308850228,0.07568857913982653,0.07725285331601278,0.08947145548867444,0.6099262094032057,2.8598542578445176,0.5363733799893348,0.7575757575757576,1388.4576064718722,47.53476065265595,,,,
2026-09-11 16:03:07.923237,device_0020,route_0030,event_049673,32.42570096738671,79.68914227177879,20.432133050576184,HIGHWAY,CLEAR,SPEED_BREAKER,0.03689524780771496,-0.10857962282913709,9.806962257079176,0.34432376705026185,0.3948081823064943,0.6395024498475279,0.040698349872643313,0.017310036415667043,-0.0505910027791595,0.10310169390794363,0.10243399483975968,0.09643639261573855,0.6500953669174212,2.408501298707309,0.5820864338895256,0.7575757575757576,1388.7337692196863,47.52530791923109,,,,
2026-09-11 16:46:56.723237,device_0014,route_0042,event_075961,35.37017936638288,77.82272410563772,9.314517807008231,URBAN,CLEAR,NORMAL,0.27797071266856804,-0.09775079476915635,9.764321184491552,0.2765926177944889,0.27425783464503883,0.3369564779778339,-0.027451153146515275,0.00028411943600064167,-0.053125395734235074,0.11317304915007122,0.11543521613652435,0.10098005046137587,0.33838854719289735,0.8375966070430092,0.3875880788882847,5.357142857142857,1172.5933011717448,47.75739375624995,,,,
2026-09-11 15:22:36.123237,device_0006,route_0026,event_025355,26.828198048669012,78.75036406959069,37.501191745671825,HIGHWAY,CLEAR,ROUGH_PATCH,-0.026105445345904563,-0.0998831755111863,9.962049195830474,0.8765931509118966,0.4775071095242115,0.6143957394896703,0.011081283120774232,0.029522846283008896,-0.0016409209495858162,0.13069185806300979,0.15503455125695992,0.1783512697721606,0.637490947052166,1.5871194255763186,0.354754185034652,1.9607843137254901,1065.3241472729683,47.87275321839885,,,,
2026-09-11 15:26:33.923237,device_0028,route_0005,event_027733,27.289933537802984,75.14425888335566,19.316047119341547,RURAL,RAIN,NORMAL,0.15958824359434384,-0.16666741043564393,9.733171181562257,0.32695832497832283,0.2718053935363007,0.3254046960380359,-0.03893073600402613,0.00893950483754798,-0.04353411588759558,0.10996988805158997,0.10298847231811209,0.09475521001646894,0.32997203681828013,0.7456764138354117,0.43811922471353293,14.035087719298245,1164.8650637957344,48.932706260641424,,,,
2026-09-11 15:10:21.123237,device_0016,route_0018,event_018005,29.992643928590667,77.94604444830456,36.687418575930664,URBAN,CLEAR,NORMAL,-0.042541544799661664,0.11372457814451917,9.849861909246771,0.27441316899590584,0.3091719769333839,0.2579930728345283,0.020237035890368286,-0.03807735000097158,0.03909181100140239,0.10672071104110117,0.1110556783945326,0.08934924061377549,0.2645964949767179,0.5674036984166033,0.40083251898545835,1.7857142857142856,1173.9088107441603,47.70387570777382,,,,
2026-09-11 15:18:07.823237,device_0001,route_0004,event_022672,29.726532484001343,78.84017014254917,21.309620196670686,ARTERIAL,CLEAR,NORMAL,-0.21365740561762606,0.1847915008241286,9.92031275422867,0.3201123731355091,0.32208037914262677,0.3379484768702286,-0.047194453947120824,-0.03197316222183102,-0.00991452475891677,0.10707419959137919,0.09860181980013179,0.10306197164021297,0.36654570620264165,0.7691982260675143,0.4629929110251954,12.280701754385964,1147.8114285371462,49.659725093210575,,,,
2026-09-11 16:04:18.623237,device_0026,route_0002,event_050380,24.47116324325705,78.8580134917825,10.245024945787373,URBAN,CLEAR,NORMAL,-0.006319788108887052,0.22333515574065693,9.686876509916482,0.317442226676417,0.31652651129364756,0.3428347690304899,-0.003155811310576517,0.043482118883628885,0.018916522853314265,0.09528837816020838,0.10940941076503853,0.08910277765033447,0.35617982738302567,0.9309791282260989,0.44533992528709454,19.298245614035086,1156.2462834189637,49.29745575609877,,,,
2026-09-11 16:18:44.423237,device_0012,route_0014,event_059038,33.45854222002183,75.2788184324821,19.27571997493369,RESIDENTIAL,RAIN,NORMAL,0.1358346810453999,0.18699922244282158,9.640439862975033,0.34675651148926123,0.2882935529443768,0.25169982444706995,-0.06589659812676914,-0.05494141954363303,0.0023851237967641623,0.0941604328229091,0.12900813175465395,0.09530228068996532,0.29166615872917334,0.673086375914032,0.4256258778148743,2.6785714285714284,1178.0852418549218,47.53476065265595,,,,
2026-09-11 15:52:45.023237,device_0018,route_0037,event_043444,29.252174608535583,73.275221262128,37.13816557565555,HIGHWAY,CLEAR,NORMAL,-0.07321645671278723,-0.18091536523793433,9.997364630735138,0.27681530086128575,0.3174105599434747,0.3046145638167853,0.03806639823794063,-0.03380805372097575,-0.0016465308590104984,0.10164206079837199,0.11023022614048242,0.09914386207740769,0.36771168362216383,0.7452048933589825,0.40922051156833894,12.5,1196.452449290308,50.14825289178003,,,,
2026-09-11 14:44:08.623237,device_0019,route_0043,event_002280,28.320752486975515,77.25158744194712,21.434473050337616,HIGHWAY,CLEAR,NORMAL,-0.14201628753382045,0.11284345893656743,9.962712624704833,0.33844158259317914,0.2989357034565517,0.2940994405577168,0.0028141672493737398,-0.004758250784478029,-0.00399845893372023,0.09568193658411013,0.09515607852467133,0.10367492181196736,0.3424119579120452,0.9230100679247144,0.45089485207521757,11.475409836065573,1174.5353318231532,51.93543212132559,,,,
2026-09-11 16:50:17.023237,device_0013,route_0044,event_077964,35.41001850163947,75.87576213152661,65.54638709655177,URBAN,CLEAR,NORMAL,-0.07025263682100526,-0.10978092089757256,9.654815776001069,0.30627761193019404,0.33846506817608474,0.3519682449342774,0.002423984879304588,0.056521641251478884,-0.03501181884009235,0.09694946146186623,0.08756923141804732,0.09646258049538561,0.37629220893943427,0.8900117689531637,0.45906616845943854,12.280701754385964,1155.7611609067421,49.31814801189647,,,,
2026-09-11 17:20:33.123237,device_0025,route_0047,event_096125,20.392723175279837,79.6645306010944,80.82492143583367,RESIDENTIAL,CLEAR,NORMAL,-0.12320466410005765,-0.025698824779691744,9.880412422911133,0.3298317081832865,0.3227940729104268,0.31101891473555304,-0.013762028071565258,-0.042374586400387465,-0.008501932103778658,0.10537462049581249,0.10338061847133663,0.09599859547234116,0.32352086846547096,0.9183629005848548,0.4726559030569287,14.166666666666668,1191.6511525911126,50.35030585044683,,,,
2026-09-11 16:49:45.323237,device_0014,route_0032,event_077647,32.933157130549155,82.59566849524288,84.10386400579551,URBAN,CLEAR,SPEED_BREAKER,0.3466730679344302,-0.13216753940250148,10.564631124592744,0.9149918958262425,1.0516236908033993,2.181420162265005,-0.01208927853524804,-0.06254947229789368,-0.06488408083301409,0.3222326735962997,0.2693619058304862,0.3654167521633492,2.473782162661343,9.08678966501327,1.544506295337894,0.7575757575757576,1381.9849620952707,47.75739375624995,,,,
2026-09-11 15:32:43.723237,device_0006,route_0010,event_031431,29.923939324617777,79.7077411755231,72.07472413921992,ARTERIAL,CLEAR,NORMAL,-0.028893264383082925,-0.06263353123021968,9.893320701080535,0.29508671951673915,0.28860340194885886,0.28194170854786466,-0.00970135294042356,-0.016885523312028316,0.005174991785834906,0.10280854140591889,0.09733095760527719,0.0921452962829363,0.3007957582257107,0.7625943286071131,0.389024720590053,0.8928571428571428,1169.7676911232593,47.87275321839885,,,,
2026-09-11 15:33:32.823237,device_0011,route_0024,event_031922,28.70131309163628,74.32422805302265,57.16605660193149,RESIDENTIAL,CLEAR,NORMAL,-0.02815993045693591,-0.2008248794620999,9.939700225548188,0.32354315631919184,0.363004158421719,0.3332473414271245,0.012586884534591008,0.027009671343872298,0.04099207220630887,0.09791087887122393,0.10822505904694243,0.10759731415668598,0.36762296973811626,1.2253119927356853,0.5144912777330884,14.754098360655739,1173.916838169756,51.962794992449886,,,,
2026-09-11 15:06:41.423237,device_0007,route_0039,event_015808,29.849829572312622,77.69531911008009,76.85154002245869,RESIDENTIAL,CLEAR,NORMAL,0.10901587877832758,-0.1568086400030162,9.640889873449439,0.386899559435977,0.3507660745132246,0.30506092696660414,0.04564128998513516,-0.0007988666757019636,0.02394135409066889,0.09653129110477948,0.11712485307184246,0.09975983908470758,0.3351007953607579,0.7604843858180867,0.4829787828094344,1.7543859649122806,1156.3665497149682,49.29232864272136,,,,
2026-09-11 17:02:54.723237,device_0015,route_0024,event_085541,28.727692960300946,69.5020009155173,9.29423336254752,URBAN,CLEAR,ROUGH_PATCH,0.15692014304008725,-0.12592854866991593,9.680858537711469,1.2850908386879178,0.675835305343516,1.1800706399043703,0.01025308155426716,0.07703976040793968,0.013681149755144315,0.20244813455188557,0.2180588043530056,0.1976390732750655,1.1666482726614995,2.6973281201663806,0.5033446100163742,1.923076923076923,1068.0208575247539,48.688187719961995,,,,
2026-09-11 15:06:10.123237,device_0013,route_0009,event_015495,27.309793111737775,77.47497023705445,37.98314480915337,URBAN,CLEAR,NORMAL,-0.0262612542504256,-0.05996936673156859,9.626776870387072,0.262426835975607,0.350538286828039,0.28798212243457266,-0.02837214379857033,0.030807185531433988,-0.014347789070337446,0.11090315906592581,0.11383576178046773,0.10399385548932648,0.331700593134444,0.8150625889805898,0.43805872208361535,13.157894736842104,1155.7611609067421,49.31814801189647,,,,
2026-09-11 16:49:23.723237,device_0003,route_0049,event_077431,35.50442733743787,76.00898166770583,42.33161216927863,HIGHWAY,WET,NORMAL,0.03222116453163577,-0.10322031537296586,9.632538188041961,0.3286970804661779,0.3029557092234797,0.2608033866364273,0.04540515848636021,0.03212633926987827,0.027463541881154595,0.10379563947867147,0.10551406670731266,0.10951377143626452,0.30347770261290047,0.715270586577855,0.4616292117599227,13.333333333333334,1178.291970417501,50.92116513256079,,,,
2026-09-11 16:16:54.223237,device_0019,route_0009,event_057936,23.543112068836795,78.09165854565055,19.329094543976506,HIGHWAY,RAIN,NORMAL,-0.1859767740841555,0.18708391107294736,10.001588869168351,0.3320220800696253,0.37609897080813187,0.3165683002794536,0.014465428741102881,-0.010093727397126035,0.018059230691359344,0.10213683888765424,0.10134187361934589,0.09531775039015533,0.38369228678705825,1.0653872480243258,0.4995041661784046,0.819672131147541,1174.5353318231532,51.93543212132559,,,,
2026-09-11 15:11:55.523237,device_0027,route_0025,event_018949,26.83132816032319,77.23320881779037,10.54625068285181,ARTERIAL,WET,NORMAL,0.1383085235262741,0.03619442753149431,9.918915433302978,0.34672367050435315,0.3016046584417817,0.3323626745097411,0.03648343911257326,0.015335590462709107,-0.010489000194797642,0.0952148203154786,0.10082849208607289,0.12448874043503146,0.35807802781480813,0.8368767550059157,0.44013125701909295,5.0,1176.2437718505519,51.009834386288524,,,,
2026-09-11 15:17:58.923237,device_0024,route_0012,event_022583,26.55845959646672,77.19413041016732,43.87201138252373,HIGHWAY,CLEAR,NORMAL,0.19965904896239295,0.18882971987521124,9.981923695867701,0.32398504734456957,0.272243742874146,0.25607206049523135,-0.022781285379963514,-0.056704488190156346,0.040633383013976856,0.10729068207395619,0.098532567637188,0.09891166224765023,0.3218240005190532,0.6750850221909843,0.39626250748459724,18.0327868852459,1165.9444844817242,52.318099885446266,,,,
2026-09-11 14:51:35.423237,device_0018,route_0044,event_006748,29.124384396271534,77.1035502149718,77.61479897410827,HIGHWAY,DUSTY,NORMAL,-0.03257967409201177,-0.2062135129483997,10.00159714285041,0.3333708612024147,0.2817844687345474,0.32913493855133713,0.048394112674919,-0.02855194660672034,0.02872319157777341,0.10782519029083562,0.0738143547903985,0.10486775866314267,0.39229079884843604,1.027774585485842,0.4363499801122744,3.3333333333333335,1196.452449290308,50.14825289178003,,,,
2026-09-11 16:54:37.923237,device_0006,route_0018,event_080573,35.06628430300801,80.3801391188188,61.86588812939928,URBAN,CLEAR,NORMAL,-0.038488003126329995,-0.07954896914687641,9.954605863330263,0.2861068473070576,0.2644260812266274,0.29312644228950496,-0.008674554324583913,-0.023849446312981994,0.015859760349027623,0.12402210051756778,0.10877573497858435,0.09135955049016002,0.33564787527574974,0.9595346881806837,0.3680091384891015,2.6785714285714284,1169.7676911232593,47.87275321839885,,,,
2026-09-11 16:08:47.623237,device_0001,route_0016,event_053070,33.33370865041843,76.03398769024378,64.49049481711405,ARTERIAL,CLEAR,NORMAL,-0.2090192240160535,0.18544890679180506,9.930795335193071,0.3030005005621214,0.30107564070561194,0.27365051189561024,-0.026670740463174983,-0.05238969254530439,-0.03822009561936625,0.10676009893786687,0.11810815028966822,0.10973024380700257,0.30791253544050307,0.7546780137427316,0.43102240858982466,13.157894736842104,1147.8114285371462,49.659725093210575,,,,
2026-09-11 14:42:40.823237,device_0017,route_0049,event_001402,28.75519497498126,77.1045270573591,10.587584125948615,ARTERIAL,CLEAR,ROUGH_PATCH,0.003409666436432753,-0.2471444243804657,9.798659143911307,0.7356982452380012,0.8128089454893158,1.0984809811678886,0.013263746551468086,0.01125523502623893,-0.008428430035233352,0.21458967329139209,0.16555384657643626,0.22158924755217185,1.0672474979821545,2.542558955473689,0.37894642181450006,1.7857142857142856,1073.1330610341536,52.183649943683676,,,,
2026-09-11 15:43:18.723237,device_0016,route_0007,event_037781,26.49916700642,79.83065140195313,60.15638753001991,RESIDENTIAL,RAIN,NORMAL,-0.10027534963147954,-0.004710124891787871,9.837400962254739,0.3323353448048372,0.30244844749951305,0.3150222931422785,0.04170039489322695,-0.044604548946094814,0.032815304475728675,0.10123753265770327,0.11200185207342511,0.10561687581674019,0.31830933174407217,0.7597336409123674,0.46642319979692465,10.714285714285714,1173.9088107441603,47.70387570777382,,,,
2026-09-11 16:28:08.523237,device_0029,route_0044,event_064679,34.23738811317327,76.10485332322463,10.82844998134217,HIGHWAY,CLEAR,NORMAL,-0.17435077138633295,-0.1625108857433185,9.89438713718496,0.3572853905647617,0.31741711328320277,0.3105321740291403,-0.02553367269172931,-0.035840968528881634,-0.007827437156917427,0.09508793808721025,0.0926392695547556,0.11953297705257286,0.3284670728656768,0.7896924055883243,0.4622413102828733,20.833333333333336,1185.4321676861896,50.614452379095,,,,
2026-09-11 16:53:36.623237,device_0027,route_0048,event_079960,21.56459584915552,78.77271563713187,78.43341500835315,URBAN,CLEAR,NORMAL,0.231236383092324,-0.01916316357517216,10.078362220359079,0.295605827924492,0.35972176622182633,0.2902104372051139,0.0249783730024149,0.010218756910023675,-0.00020922452191981985,0.0984396825447215,0.09175520848279259,0.09376306059839903,0.41018633761817974,1.3050967595786798,0.4587440413344652,17.5,1176.2437718505519,51.009834386288524,,,,
2026-09-11 15:19:59.323237,device_0016,route_0032,event_023787,29.91647474855401,78.80609437933948,19.044941592888406,URBAN,WET,NORMAL,-0.0818983374181526,0.09800205836358807,9.84123480780203,0.3073555291189559,0.2666480948857541,0.3127668613470886,-0.0022746027141023716,-0.04475985839703101,0.03249446247520596,0.10007018112914151,0.09755324584378819,0.11018392797132709,0.31597939520777996,0.6106940599993322,0.4333481158828492,0.8928571428571428,1173.9088107441603,47.70387570777382,,,,
2026-09-11 15:31:02.423237,device_0014,route_0035,event_030418,26.605459419618313,79.24968566024158,78.80064320843799,RURAL,CLEAR,NORMAL,0.15885166776463397,-0.05390195043943787,9.763118132231321,0.29146609924903766,0.3186063937709195,0.2817580844785652,-0.02167364776844758,-0.019137388239157095,-0.017735305507807723,0.10112920420131541,0.10139563909106249,0.10378784768326128,0.2839542837536207,0.656199729219157,0.42580521972344165,16.07142857142857,1172.5933011717448,47.75739375624995,,,,
2026-09-11 16:18:44.023237,device_0008,route_0037,event_059034,29.490228459218024,71.89368392397004,86.9118857262979,RESIDENTIAL,CLEAR,NORMAL,0.16371431309875237,0.05130733889529185,9.7307760251282,0.32984550504002264,0.32427834378910475,0.3392181002824841,-0.039367369019229236,-0.01882737880991295,-0.024515169870884146,0.12265628052477437,0.09855358710163444,0.10606838131341317,0.341604938222396,0.8895863091597569,0.4956340522361153,18.0327868852459,1174.5210483649005,51.936063712881634,,,,
2026-09-11 15:14:13.623237,device_0026,route_0021,event_020330,28.29551616336321,79.06129109945343,20.920105236175676,URBAN,RAIN,ROUGH_PATCH,0.0021680010349402552,0.15835023389801917,9.672679661730225,0.606020942502706,0.4942869407854373,0.8670498118816441,0.0266474088183062,0.03340067087972506,0.06214705192097304,0.23947880623460538,0.23045782665170667,0.2162935027329637,0.8738381680420296,1.9640537282417325,0.4224094969794887,1.923076923076923,1054.8211708383528,49.29745575609877,,,,
2026-09-11 17:19:45.823237,device_0025,route_0028,event_095652,22.888266674814616,70.88535106396341,10.196437916533565,ARTERIAL,CLEAR,NORMAL,-0.028642202233962903,-0.07507663236606632,10.048514171852187,0.2897045088478772,0.3320801519022001,0.31420415804301005,-0.01909612738899734,-0.02195542705073284,-0.004884968776062792,0.10001245694118278,0.09904948243343237,0.08141377649188332,0.40727865234914074,0.8746574669178315,0.4770493659776471,18.333333333333336,1191.6511525911126,50.35030585044683,,,,
2026-09-11 14:41:48.923237,device_0015,route_0041,event_000883,28.68862070779352,77.26166713435488,77.64910334401182,URBAN,CLEAR,NORMAL,0.15673189120430608,-0.1513329722205229,9.586362074473946,0.28789695678302873,0.2848719610840112,0.34833380677476955,-0.003975699708845388,0.06178845744495382,-0.03533817899018008,0.09998230936748181,0.09686768754563167,0.10546441046504244,0.40553568114418115,0.9696331137909606,0.4503997329007922,0.8771929824561403,1170.7151707482878,48.688187719961995,,,,
2026-09-11 15:49:32.123237,device_0003,route_0030,event_041515,31.80934014172078,79.2913614175961,9.222262482230645,RESIDENTIAL,CLEAR,POTHOLE,-0.02794450512856407,-0.08683723638394537,9.624404585715272,0.21178780604592784,0.35857812520246746,0.44661835503275144,0.041406459865640816,0.04720340704051373,0.045640259659066054,0.08908284284994263,0.09268651398316054,0.08253351045460645,0.47668193522926583,1.4271794717565882,0.5287139979532861,23.0,981.9099753479176,50.92116513256079,2.9839739637124856,4.753282791675553,7.06404928981812,LOW
2026-09-11 15:03:44.423237,device_0014,route_0015,event_014038,27.37221192874967,77.5649964376486,77.99417472751264,URBAN,CLEAR,NORMAL,0.2214224767155198,-0.14105252564200518,9.811575323413804,0.32966459378548824,0.303087523775812,0.37204580405493065,-0.020567093833002124,-0.02037182291440028,-0.047328415238415134,0.09486624759453334,0.08758524042715381,0.09101231936878049,0.37022681642242217,0.9856689551514339,0.4995760120821467,9.821428571428571,1172.5933011717448,47.75739375624995,,,,
2026-09-11 15:55:17.523237,device_0017,route_0048,event_044969,24.629973526796647,78.06122828933322,42.35978095824409,URBAN,WET,SEVERE_POTHOLE,0.06737900600740918,-0.27929833292659,11.310411779039521,0.4292101986759739,0.4762418835981918,6.568313650615443,-0.11666350100576357,-0.03919290068340309,-0.07589904554571067,0.49801200838379717,0.3913564456148637,0.34207796899106896,6.756030384121292,27.018829523034835,3.8210859618185227,1.0,958.1545187804943,52.183649943683676,15.684316443898002,42.914874013884194,31.748951664796657,CRITICAL
2026-09-11 15:35:07.123237,device_0002,route_0044,event_032865,31.429426183139498,76.6532604361892,39.52875254350716,RESIDENTIAL,WET,NORMAL,-0.01432463190412463,-0.16086698920637538,9.751670881226488,0.30647857612316776,0.27430940750828925,0.2757069378360823,-0.04537286848566936,-0.0010392491100274398,0.015252183664007775,0.10349317368505856,0.0939984216971486,0.10280884282490559,0.27620675833395986,0.6487148315817812,0.4023231042610893,21.666666666666668,1189.0117987248957,50.462072844310214,,,,
2026-09-11 16:52:37.423237,device_0010,route_0007,event_079368,24.18866790262494,82.77155431143242,54.28919715409849,RESIDENTIAL,CLEAR,NORMAL,-0.16919007046045673,0.023101255870388745,9.6639719423361,0.2809449262025401,0.2954836180657943,0.3081710278058083,0.012609935402479604,0.02453598792542925,-0.020022758103582568,0.09781916552543812,0.1022962622631771,0.10164294748613262,0.333936925842049,0.8627460737872976,0.4026257853041438,14.035087719298245,1171.7788575814213,48.64399082745811,,,,
2026-09-11 14:45:45.923237,device_0007,route_0026,event_003253,28.35338252314507,77.47569630821417,9.0861168385966,RURAL,CLEAR,NORMAL,0.07509257713412418,-0.10315857623153746,9.622311627421693,0.3326809483054785,0.3065483551422326,0.37197535314552754,0.04229235452581108,0.010472171591255054,0.023023726744359808,0.12187311703907135,0.1023284611942973,0.10025244056410446,0.40942296912099935,1.2878106052339522,0.49796123340304177,14.035087719298245,1156.3665497149682,49.29232864272136,,,,
2026-09-11 14:45:14.323237,device_0007,route_0037,event_002937,28.633970409409073,76.86540248085774,56.698829089242714,URBAN,CLEAR,NORMAL,0.12654220509897812,-0.07237914719237364,9.600163543067069,0.26310242788212074,0.39892964510501416,0.38968576229947816,0.027545994760165664,-0.005104800920986406,0.013973197065170674,0.10016058179996667,0.10026052247439904,0.09894515784668897,0.43093970061175646,1.0869893943254052,0.4720850033373391,5.263157894736842,1156.3665497149682,49.29232864272136,,,,
2026-09-11 15:41:44.423237,device_0028,route_0035,event_036838,26.199023820330506,79.65970974508672,87.74980285161095,RESIDENTIAL,RAIN,NORMAL,0.16691141988283031,0.015061453096432162,9.788722243875329,0.32348234890083927,0.32785966381858833,0.3097571485730017,-0.04111497553550496,0.015411805432293516,-0.03190292270506647,0.10252943512240591,0.09140061583737323,0.1005003826961045,0.31323861887689153,0.6391024901359241,0.4663726706402769,21.052631578947366,1164.8650637957344,48.932706260641424,,,,
2026-09-11 15:22:04.523237,device_0025,route_0046,event_025039,30.791329523747347,77.92364513110512,9.075625088631956,ARTERIAL,CLEAR,NORMAL,-0.05274965182567864,-0.0496350519233141,9.933495374540163,0.29213506160833663,0.34095141808724333,0.29939321487008846,-0.025403229899436587,-0.03775862127215826,-0.0029952294422419244,0.12497085491677831,0.0946458816683525,0.1137900989265168,0.33217253092067534,0.7734535464418499,0.4663115085836528,24.166666666666668,1191.6511525911126,50.35030585044683,,,,
2026-09-11 15:19:20.023237,device_0028,route_0037,event_023394,28.94618003653141,75.05222097854036,9.950552130084404,HIGHWAY,WET,NORMAL,0.10789942428513451,-0.04376472712415257,9.798667718149733,0.3113354173965623,0.3101896168070874,0.3503504824356033,-0.04772619147546907,0.023577038040321338,-0.07614926522212899,0.11300607262521813,0.10402593911220091,0.10220672278915213,0.351744993326356,1.085080729480529,0.478527652641001,19.298245614035086,1164.8650637957344,48.932706260641424,,,,
2026-09-11 16:56:59.823237,device_0006,route_0037,event_081992,29.840497488493458,69.85938380299189,40.85216606092564,URBAN,CLEAR,NORMAL,-0.10534557392458689,-0.0485898003878334,9.97768553308649,0.2719719587472742,0.2779780201637244,0.32459294528132876,-0.012268595625803,-0.030836214951151693,-0.010074513360919801,0.11113090008127344,0.08060362863211418,0.08273768201103447,0.3737062389291539,0.9527247657864368,0.38915863107514836,8.035714285714285,1169.7676911232593,47.87275321839885,,,,
2026-09-11 16:14:09.923237,device_0012,route_0039,event_056293,33.265223202962375,78.95663887987308,9.115884392208908,RESIDENTIAL,CLEAR,ROUGH_PATCH,0.13596312381896722,0.16674398027767895,9.719434128912877,1.4090240682963173,0.6425199151644927,1.1048914471968048,-0.09894790910237461,-0.028669714985969444,-0.02124118953691215,0.23573064779086397,0.2368038016610091,0.24956165387860466,1.1150597821385482,2.874274829937585,0.5350963390744031,1.9607843137254901,1072.8990595464466,47.53476065265595,,,,
2026-09-11 14:42:32.423237,device_0013,route_0013,event_001318,28.75274601832358,77.1923231755692,9.498017630567743,RESIDENTIAL,DUSTY,NORMAL,0.04468764403368375,-0.09364946477509126,9.68009603986468,0.28408137145670415,0.31315695966956797,0.31367472626554893,0.012151657930367148,0.02486549412162043,-0.016910549326980055,0.10095716109830727,0.11835056990688823,0.11541659880442554,0.331588965196689,0.8965265530080941,0.40491071533292333,0.8771929824561403,1155.7611609067421,49.31814801189647,,,,
2026-09-11 17:19:09.023237,device_0014,route_0002,event_095284,20.726157373658488,80.36908536184221,10.289326240878713,RESIDENTIAL,CLEAR,NORMAL,0.22613393935345158,-0.04681926910953439,9.77309943057976,0.3280900745003014,0.34670405680634864,0.31239624630286733,-0.019268229489879107,-0.010961369201319775,-0.05009499303839358,0.12127821964930036,0.09430632822479182,0.10931591486072302,0.31514684530770204,0.6466281437593882,0.4722538252769033,0.8928571428571428,1172.5933011717448,47.75739375624995,,,,
2026-09-11 15:34:39.823237,device_0001,route_0002,event_032592,25.95485066349814,78.2598881439505,9.6516056247496,RESIDENTIAL,CLEAR,POTHOLE,-0.1920099289122394,0.23681230767230568,9.999602138900492,0.2483862015605847,0.24767462113841313,0.7689690463108464,-0.03605538286023617,-0.01152119773772916,-0.03720893817350434,0.07904758843229714,0.09510555903634021,0.0790116679817023,0.798707772931845,3.394882711997605,0.8212899315973556,21.27659574468085,946.4410024779978,49.659725093210575,4.98879208783975,9.466097486120727,7.623754328123273,MEDIUM
2026-09-11 17:04:05.923237,device_0002,route_0000,event_086253,21.018664897032593,75.25632459224981,20.082714299802802,URBAN,RAIN,NORMAL,0.07280418006690792,-0.1249900455120865,9.684229936173772,0.32208848255973815,0.26186290543535,0.3078661820288416,-0.01603528963148591,0.011329377341704564,0.012030189524935382,0.1039194642490468,0.11291091145837515,0.09262055390023764,0.3245072153363308,0.9170441342920395,0.44205809969495086,19.166666666666668,1189.0117987248957,50.462072844310214,,,,
2026-09-11 16:53:40.023237,device_0007,route_0033,event_079994,34.850022926201774,80.75637806448044,9.17362443428947,URBAN,CLEAR,NORMAL,0.11607894004005856,-0.1257849620639488,9.597297335224265,0.33553730168608464,0.38431859913768046,0.30884570005435286,0.03006530514862329,0.01978865880288404,0.047439533899822035,0.09778873579083933,0.10105478445046148,0.10837139613066486,0.3633352022503294,0.8184393246179908,0.4665795798425255,10.526315789473683,1156.3665497149682,49.29232864272136,,,,
2026-09-11 16:26:38.623237,device_0007,route_0020,event_063780,24.583433376056288,73.0933604332032,9.32840338013676,URBAN,CLEAR,NORMAL,0.10954835857577432,-0.11420849878808785,9.578727263139898,0.2649838917065516,0.3439834665324235,0.33071324990765133,0.047676613504452105,0.02319276118200279,0.03357362753611455,0.0993684847266514,0.10516685192617135,0.09542133940556181,0.3913773643502295,0.804014778656688,0.4608595947969464,11.403508771929824,1156.3665497149682,49.29232864272136,,,,
2026-09-11 15:42:11.423237,device_0002,route_0023,event_037108,26.786000264756087,80.07297726887427,10.380142710937083,RESIDENTIAL,CLEAR,NORMAL,0.05396785586109284,-0.14157090594956726,9.735279735791526,0.31697720078289415,0.31551000201750257,0.31537350217629484,-0.002325238868253321,-0.007953160438424116,0.011953465091385018,0.10365517915596127,0.09821260423231783,0.09668194934265904,0.31850294944911417,0.8411442870822032,0.42638312057976685,22.5,1189.0117987248957,50.462072844310214,,,,
2026-09-11 14:42:35.523237,device_0007,route_0010,event_001349,28.668570397201208,77.31122936912233,55.86833828971198,RESIDENTIAL,WET,ROUGH_PATCH,0.06568952599970031,-0.1187849550539938,9.523273200817854,0.5839160492186641,0.43907482164526235,1.2679098201684256,0.07923179964941097,0.028883225683402118,0.03086778152497031,0.1779075025105102,0.2205085084913366,0.19614108194689245,1.2854276873560848,2.9460956614969103,0.4663730274226678,1.923076923076923,1054.9308874592693,49.29232864272136,,,,
2026-09-11 14:48:19.623237,device_0015,route_0041,event_004790,28.61058748578288,77.60397985519985,36.854212102402705,RESIDENTIAL,CLEAR,NORMAL,0.1656121439004465,-0.14900582030205486,9.67048444740175,0.3005188103338334,0.3149044288760591,0.3538266947339506,-0.014591705631053557,0.054533697295127685,-0.012509652041567077,0.11425870481337416,0.11223378896236681,0.10695702481550559,0.37222986290377374,0.7885227682024887,0.4361209557500719,5.263157894736842,1170.7151707482878,48.688187719961995,,,,
2026-09-11 17:21:20.023237,device_0004,route_0047,event_096594,20.35194162197199,79.67614373350845,20.06360829065512,RESIDENTIAL,CLEAR,OTHER_ANOMALY,0.16405339429205026,0.16779440026261977,10.003295670219666,0.9426844578041342,0.43980533645759123,0.9178917697514818,0.08720525213781555,0.02294543606246418,0.04766709585360899,0.21328423768107635,0.24078235321222272,0.30379932136692245,1.0046058098174957,2.639405445154223,0.5398533967312797,1.1111111111111112,895.8156202139731,50.2335513967164,,,,
2026-09-11 17:06:05.023237,device_0016,route_0049,event_087444,36.393016192613736,75.8647621237066,10.669823512318686,HIGHWAY,CLEAR,NORMAL,-0.017221782561847105,0.07429288247689271,9.914824211360223,0.28760834891365084,0.24239324717539665,0.34647060301245414,0.0020081690401061057,-0.03190959589312658,0.03455801577268702,0.1095089147538351,0.11502602349527392,0.09817689720131156,0.3668950776594297,0.7989865751152365,0.43807885556820214,23.21428571428571,1173.9088107441603,47.70387570777382,,,,
2026-09-11 17:06:21.323237,device_0002,route_0043,event_087607,20.76298293952815,75.92279670649687,60.88384223216074,URBAN,WET,NORMAL,-0.03120498335350536,-0.15102845297014086,9.689342405999435,0.2627742233601267,0.3277369681948047,0.26021671443692107,0.011903622005747997,0.0013698963120543333,0.014331856464606758,0.09549324240234702,0.09955153841058453,0.11172487999149364,0.27686554458773266,0.6722455526690752,0.38504243208949945,13.333333333333334,1189.0117987248957,50.462072844310214,,,,
2026-09-11 17:00:53.923237,device_0017,route_0002,event_084333,21.63959759930479,80.00050343180081,20.571048904125067,HIGHWAY,DUSTY,NORMAL,0.036297867224397075,-0.16570991964494736,9.818170831257424,0.24386436680534346,0.2971491374036203,0.29733388924091186,-0.022463958569923097,0.0014824710545378894,-0.018695974052933224,0.09496563126744069,0.09876581565109589,0.11606091911946406,0.29978338984092884,0.7707132697392343,0.3661618042431354,3.278688524590164,1168.9485129122031,52.183649943683676,,,,
2026-09-11 16:17:14.023237,device_0025,route_0038,event_058134,32.601996573733935,80.6532287074502,79.30753808428493,URBAN,CLEAR,NORMAL,-0.025049628573525284,-0.05897050128952119,9.89814551007544,0.3515624952502406,0.2945278052405395,0.32911635096747016,-0.011528381116844866,-0.025201496975724942,0.017360234998723204,0.10845665973486401,0.11395888482312605,0.09706146254844131,0.34739498386938644,1.3628628649785774,0.4621870593088031,6.666666666666667,1191.6511525911126,50.35030585044683,,,,
2026-09-11 15:11:24.023237,device_0007,route_0011,event_018634,27.486365825265796,75.97448242531101,77.28144266013337,RURAL,CLEAR,NORMAL,0.16061812208301282,-0.1413301964502377,9.56453134084198,0.31201434678556955,0.33120474463053406,0.31258019657839786,0.04018614718976866,0.03407263213831114,0.020649508433429054,0.10869184133711265,0.09061165514291052,0.07571600422923885,0.3834064350890963,0.8507293422749438,0.45189615351130147,12.280701754385964,1156.3665497149682,49.29232864272136,,,,
2026-09-11 14:45:59.923237,device_0014,route_0028,event_003393,28.49778773542942,76.99879112186073,75.94132080975153,HIGHWAY,CLEAR,NORMAL,0.2084129000643314,-0.1341375680481907,9.781856471351194,0.37954044887401417,0.2754142580298792,0.33177195032498374,-0.020140539234225454,-0.024745214297580826,-0.043635081862340115,0.10090432218920782,0.10766078557046638,0.10009378556695459,0.3286525707160827,0.7269899878312778,0.47147153993234453,11.607142857142856,1172.5933011717448,47.75739375624995,,,,
2026-09-11 16:40:43.423237,device_0022,route_0016,event_072228,35.00550681782232,75.61803005192859,38.37657776954242,RESIDENTIAL,CLEAR,NORMAL,0.008906564223694798,0.08742548246065268,9.652919508345796,0.31694697819148476,0.34651224959787963,0.32507497563111154,-0.025130708635215795,0.0013178375603959912,-0.039479748730506664,0.11769788189744755,0.10623660584006371,0.11531898052628022,0.35308976811772447,0.7909417380525721,0.44848929506768387,5.737704918032787,1173.9747253078074,51.96023277588557,,,,
2026-09-11 15:42:59.323237,device_0015,route_0022,event_037587,32.038317872385164,77.0687871441657,81.47162366604682,ARTERIAL,CLEAR,NORMAL,0.236435305180736,-0.12697225115510094,9.627775214869486,0.23897628306151372,0.35326884817863075,0.34083007191364456,-0.0036913930324186423,0.044085123980542804,-0.03164938406690649,0.10063479565762501,0.11170698964383521,0.10342514437533598,0.3756397609749111,1.149368034773822,0.4774586332867961,22.807017543859647,1170.7151707482878,48.688187719961995,,,,
2026-09-11 14:59:25.223237,device_0009,route_0010,event_011446,29.089774165047647,78.11552845752296,73.74561191647336,ARTERIAL,DUSTY,NORMAL,-0.147317543840761,0.06448643747751247,9.974837262317621,0.3488127915152318,0.30884673919096994,0.3786636758705106,0.013765200093061715,0.04096089753185529,0.006925424789418427,0.09043168171826094,0.10179871804230439,0.09571084647743526,0.4221022734060956,0.9748587831771207,0.47776898516420735,5.357142857142857,1175.8012798150014,47.62709563372047,,,,
2026-09-11 17:13:57.423237,device_0019,route_0023,event_092168,24.111548718807647,84.24035150023131,85.52250435885115,RESIDENTIAL,CLEAR,NORMAL,-0.16547157919962413,0.12503875858135033,9.921348334079427,0.3096461153377869,0.3876434388055247,0.3049957865092122,0.014291507858209776,-0.01407913257602721,-0.019215410887114873,0.10753327422223977,0.10261880043395542,0.09185559040598754,0.3335698341510974,0.7022008436437446,0.4546967346865567,22.13114754098361,1174.5353318231532,51.93543212132559,,,,
2026-09-11 15:35:26.023237,device_0024,route_0002,event_033054,25.916183932039793,78.27523309796935,61.40327835368281,URBAN,CLEAR,NORMAL,0.15030088369777725,0.12018041561784704,9.993686904614563,0.331256889513734,0.2963613313618964,0.2672464601370289,0.00967655535104362,-0.06162496618096335,0.043424073565332115,0.11784351169420926,0.10332329298946219,0.09131143689872788,0.3375716854926031,0.9174065339191007,0.4322277109148819,16.393442622950822,1165.9444844817242,52.318099885446266,,,,
2026-09-11 17:15:47.423237,device_0007,route_0028,event_093268,23.033255903631403,71.04323720276206,9.505140896024564,HIGHWAY,CLEAR,NORMAL,0.1425194332045871,-0.0386132265167532,9.578768277136074,0.3413510217256519,0.28746067366147254,0.33068224427174253,0.03809200605201821,0.014930770897388625,0.03231170208582024,0.09148412424281252,0.10919012107511555,0.0962728108967367,0.3924102151808915,1.0024224636447183,0.4492399512183606,7.894736842105263,1156.3665497149682,49.29232864272136,,,,
2026-09-11 16:20:01.423237,device_0007,route_0025,event_059808,23.158756983693834,77.11203259800803,36.46076091103023,URBAN,CLEAR,POTHOLE,0.17049716609634782,-0.156141431832299,9.645964960024951,0.505687421048587,0.4884811976822037,0.2791835331086389,0.03691519349135784,-0.006662464244496611,0.02421804335396661,0.17790371657886372,0.17060920801879595,0.16346639598631457,0.33267501777828823,1.0195994336727665,0.6844409129480644,22.340425531914892,953.4952252035703,49.29232864272136,1.5414038566397106,2.8068232054871123,2.9820016349532086,LOW
2026-09-11 16:22:58.323237,device_0019,route_0023,event_061577,25.59745969226073,81.92494740443131,87.99380323570989,URBAN,CLEAR,NORMAL,-0.17226635636660328,0.22611431731526008,9.952794003062353,0.29254516354111715,0.29679280252184265,0.2788680546813672,0.02865974720867737,-0.04105243987582609,-0.007561927989216116,0.10810898641012952,0.098993082426677,0.10101019269134244,0.32320089911938354,0.7301707876916748,0.4344533538170741,14.754098360655739,1174.5353318231532,51.93543212132559,,,,
2026-09-11 16:03:06.623237,device_0026,route_0033,event_049660,32.49450834119183,79.38106404642713,41.29327078944338,RESIDENTIAL,WET,NORMAL,0.046196138335830715,0.23961460117657898,9.655156036939314,0.3463920595961449,0.3143593432412048,0.32273384480225625,0.00010358218401544052,0.039485600894266275,0.0255865116527248,0.12213344588148184,0.08942766129100671,0.11074333181378596,0.34871764059436156,0.8639274642777384,0.4157355956410624,2.631578947368421,1156.2462834189637,49.29745575609877,,,,
2026-09-11 14:58:46.623237,device_0021,route_0017,event_011060,29.35480031407775,77.71149011897315,18.99507931886704,URBAN,CLEAR,ROUGH_PATCH,0.023225719416210284,0.06994404933372589,9.850311831891334,1.0269587459706453,0.5320428009030983,1.1718419650480227,-0.08142563265634936,0.07811359663475309,-0.016085565731421246,0.25307645812251417,0.19013275966600987,0.15800015302110723,1.1617102705100772,2.795702112998592,0.4061418612439523,1.8181818181818181,1083.783040176026,50.74816449523607,,,,
2026-09-11 14:42:55.623237,device_0028,route_0024,event_001550,28.686428588613172,77.05546624862197,21.762804205593532,RESIDENTIAL,WET,NORMAL,0.14099756882506573,-0.021071332904069283,9.749784367717645,0.3078433734798185,0.31081686492008437,0.27845820003365934,-0.0398258859281697,0.024232941021881876,-0.03180187773771138,0.10846602320448066,0.10821104120893336,0.10126700475979364,0.28196457677730213,0.8679273771879448,0.4167855013748736,3.508771929824561,1164.8650637957344,48.932706260641424,,,,
2026-09-11 16:54:55.623237,device_0016,route_0046,event_080750,35.598752319801754,79.33484756477299,19.077413085913708,URBAN,CLEAR,NORMAL,-0.025818380259319373,0.09902499493887207,9.75494014167912,0.2906672589900872,0.31423580069466306,0.33704014720814846,0.021978586097752224,-0.07006954282905158,0.01607415781807215,0.11087643371088672,0.10808262636152556,0.09639712983219095,0.33844407082214273,0.7553630940204918,0.42536000826368775,0.8928571428571428,1173.9088107441603,47.70387570777382,,,,
2026-09-11 14:47:51.623237,device_0004,route_0035,event_004510,28.245398394203338,77.59453845215326,41.282104057694525,HIGHWAY,CLEAR,NORMAL,-0.07967711660967837,0.011749629322901614,9.617194129480483,0.29077263034677286,0.3428558073617395,0.331905018093417,0.025803803545383287,-0.029908755816339606,0.015418767726652242,0.11599544287266317,0.09766302310744648,0.10295708449688468,0.37474682108512286,0.8714216680231388,0.46089161084159813,17.5,1194.4208269519643,50.2335513967164,,,,
2026-09-11 15:24:24.423237,device_0007,route_0038,event_026438,30.41924032879375,78.81936917149402,10.103060047809047,RURAL,CLEAR,SPEED_BREAKER,0.039694434142087606,-0.12460757521178163,9.6426981429134,0.31841859111533805,0.32761284512445243,0.37056040736236995,0.02736905332993883,0.01036311819081794,0.030217922789629887,0.08041038868643986,0.07070339378739185,0.05674043804772177,0.3989778087374542,1.3091838538945204,0.5298800539035908,1.4925373134328357,1359.237874226366,49.29232864272136,,,,
2026-09-11 17:04:51.423237,device_0028,route_0045,event_086708,21.157783767006734,79.44532876042322,10.128034733293926,SERVICE_ROAD,DUSTY,NORMAL,0.10102680976345013,-0.06616911924595406,9.703155649757486,0.34859284239260685,0.3175608357129762,0.30854788550299755,-0.05324012851215876,0.032011786816676734,-0.028217183722158055,0.1046150956372693,0.09860135442738864,0.11463898594855328,0.31947895745380844,0.5989462270522825,0.4933398163298555,7.017543859649122,1164.8650637957344,48.932706260641424,,,,
2026-09-11 16:58:40.923237,device_0019,route_0048,event_083003,21.298051353836478,78.83442851058274,40.61350374240203,RESIDENTIAL,WET,SPEED_BREAKER,-0.13410199551033564,0.2811561480821517,10.389461767539196,0.40784373351062414,0.6287571771819312,1.3156367877738442,0.0186539248985831,-0.02045638254963792,-0.02688932324179884,0.1705903457910471,0.14666301542654994,0.1750280484240777,1.4869939550000828,5.806194282845931,0.8173361091742402,1.4084507042253522,1367.0821075318668,51.93543212132559,,,,
2026-09-11 16:53:57.223237,device_0028,route_0046,event_080166,35.54836423116452,79.3200711774841,19.82574560714217,URBAN,CLEAR,POTHOLE,0.15317224605728333,0.015627093852546972,10.01405144282937,0.24841207252180347,0.3061333336580864,1.8064618747766183,-0.0280399417011581,0.008959579327402318,-0.06223885636237874,0.10089213393217193,0.11173265395233008,0.12073153852900212,1.8215673476258996,6.261688223047297,1.713215448675315,22.340425531914892,960.5027719017459,48.932706260641424,14.579521741351513,27.46114268975526,23.944891548183897,CRITICAL
2026-09-11 16:00:28.423237,device_0003,route_0022,event_048078,32.98027457607901,77.0125202804809,40.85542364790098,RESIDENTIAL,DUSTY,NORMAL,0.034049582156547034,-0.15296592109668875,9.606084830673568,0.35110534259765613,0.31801406298954066,0.2998584677926723,0.0431533292883886,0.043233210401784676,0.02773648123189715,0.10664898960262476,0.11851505767707844,0.09941663718590221,0.34837781386869116,0.8210336434117593,0.4482063109724563,5.0,1178.291970417501,50.92116513256079,,,,
2026-09-11 15:07:30.723237,device_0016,route_0042,event_016301,30.020248187901426,77.4135240132725,55.58155004807688,URBAN,CLEAR,SPEED_BREAKER,0.01237231903979793,-0.042813881555786804,10.377755480880243,0.8263853545072853,0.6255149497888312,1.4912640510079187,-0.025268555981569574,0.006766999636611729,-0.0016044146972239441,0.19740459738678132,0.20218379559951097,0.22027550083235192,1.693736297525601,5.639599964160055,1.0997811257667227,0.7575757575757576,1383.5353840913317,47.70387570777382,,,,
2026-09-11 15:09:30.023237,device_0026,route_0029,event_017494,27.83652007507623,75.78419072183732,38.99241368224117,URBAN,CLEAR,SPEED_BREAKER,-0.05458449450408463,0.24032754429034067,9.968861730842757,0.4225655413188715,0.5354035650653062,1.0756975648805642,0.03364356822547164,0.050736707271724836,0.044979131651128657,0.15665421327899118,0.12685292577385043,0.17219125273254332,1.1149038243597456,4.625735182306906,0.8523981117475652,1.4925373134328357,1359.0965085801854,49.29745575609877,,,,
2026-09-11 17:03:10.423237,device_0011,route_0035,event_085698,23.106360817573723,82.78097765681188,36.518199025131615,ARTERIAL,RAIN,POTHOLE,-0.15184979836000548,-0.034891444026588614,9.996883541991131,0.43764309935355106,0.7080615165495114,0.49554822661793113,0.05073348437089397,0.002559822416732577,0.05482371967748402,0.17362692492536122,0.1864889769142597,0.21954102746234144,0.5822000743865943,2.4059482362493014,0.8515808372013155,1.0,962.2269165325869,51.962794992449886,3.276819223232109,9.085944243176796,5.449866516761248,MEDIUM
2026-09-11 16:23:11.123237,device_0000,route_0035,event_061705,24.62487566074596,81.24810227101776,40.328944230525664,RURAL,CLEAR,ROUGH_PATCH,-0.055372827113309285,0.2274710223180636,9.94000155871231,1.366145288794729,0.5230748538220839,0.9262992656223248,0.029943376305043984,-0.07331490634141723,-0.006837584119795827,0.2035434977452613,0.28217006039795606,0.17421083904841164,0.9444261962220358,2.4031508208779595,0.40759540454352033,1.8181818181818181,1088.9886895864247,50.50557505871605,,,,
2026-09-11 16:02:15.423237,device_0007,route_0004,event_049148,31.046844716145408,80.82177539412633,55.3122664839787,URBAN,CLEAR,NORMAL,0.10639009575127654,-0.07378609003753103,9.635042199217258,0.3450834341673533,0.3456620140137739,0.3161079625532814,0.028069383501671468,0.007368149211196258,0.02045095146555464,0.1118065600151593,0.09841948520396418,0.09493702030123512,0.35111232087033495,0.8396963716608905,0.44507255508229315,4.385964912280701,1156.3665497149682,49.29232864272136,,,,
2026-09-11 16:37:17.823237,device_0026,route_0007,event_070172,24.699409661494112,82.12135987416077,10.033988711729503,HIGHWAY,CLEAR,NORMAL,0.06607389637732007,0.18719360804075957,9.642080950114542,0.31426111504025095,0.310117444246148,0.35787286105693084,-0.005934809267666779,0.05612767111703728,0.0570046050940208,0.07723045830667374,0.09278069518173254,0.08724982985796455,0.3851624642147652,1.0741959046589589,0.49222560337961613,19.298245614035086,1156.2462834189637,49.29745575609877,,,,
2026-09-11 17:20:42.823237,device_0016,route_0007,event_096222,23.252419378355707,83.96377551004078,75.58920173943261,RESIDENTIAL,CLEAR,NORMAL,-0.017349377368404677,0.07587917143416403,9.838254341701395,0.2917541277309279,0.3593905102955425,0.35063732686369603,-0.01255372204773676,-0.061285472689781254,0.03177001685082785,0.1093104699140695,0.10244540011775045,0.10602346878593005,0.3548037366014951,0.9375957830987929,0.4452129455968773,12.5,1173.9088107441603,47.70387570777382,,,,
2026-09-11 16:07:41.823237,device_0029,route_0015,event_052412,24.039204746058854,78.45980075342511,84.07968232375076,URBAN,WET,NORMAL,-0.20978605857532984,-0.2002047278068592,9.835758880863908,0.29978315555158247,0.2991721519285999,0.3197472585415858,-0.03669642571612492,-0.025252248735366342,0.0023270382572591563,0.09355287331384031,0.08937720975265678,0.08401529822800272,0.3222502797661702,0.7444097322039429,0.4150093200841451,13.333333333333334,1185.4321676861896,50.614452379095,,,,
2026-09-11 17:22:49.923237,device_0023,route_0048,event_097493,20.0288199035016,79.12909644818815,21.331551740090575,URBAN,RAIN,NORMAL,0.06829294890357748,-0.04885788324448961,9.79822672448796,0.32420149721034924,0.30217529079620475,0.2960174738889183,-0.005931951979328526,-0.051206466998712494,-0.002973539766333756,0.11667600694165733,0.09540267412605558,0.10051288263655447,0.2948637201694366,0.7081165678469183,0.43919248739885364,0.8333333333333334,1182.7936295130366,50.72736147953584,,,,
2026-09-11 14:55:29.923237,device_0010,route_0008,event_009093,29.300644253538596,77.36530410321228,83.8909808069302,ARTERIAL,CLEAR,NORMAL,-0.21853276419139245,0.07644648040425393,9.737556642679746,0.275647041108779,0.27826793109938436,0.2886651711818744,-0.023715696030088284,0.05642750271095643,-0.03579817519180245,0.11560979892454665,0.11851502710282294,0.098387341357704,0.2954254964570321,0.6359168875766468,0.40592153575932427,14.912280701754385,1171.7788575814213,48.64399082745811,,,,
2026-09-11 14:50:47.323237,device_0017,route_0027,event_006267,28.45728101853833,77.63817675692242,36.957342160196504,RURAL,WET,NORMAL,0.03329481424768877,-0.24667946667826565,9.810686112408582,0.29574708949329914,0.2991932217284422,0.3099853223351219,-0.0049898045624895,0.016857052651929594,-0.04789086621064462,0.087902977033111,0.09988604747173456,0.10003483322784776,0.3097826160971299,0.978334535979327,0.4336772870409937,12.295081967213115,1168.9485129122031,52.183649943683676,,,,
2026-09-11 16:56:42.923237,device_0028,route_0039,event_081823,35.41915271933845,79.75201348896105,72.29461404563398,ARTERIAL,CLEAR,NORMAL,0.15921489770757488,-0.09995792765999205,9.741580568420328,0.3788537885429099,0.29396776071591046,0.31748534776799275,-0.043821365519585896,0.015353266703732408,-0.07635957708548745,0.09655314115303622,0.09910726906277989,0.08742873457257173,0.3202202588820244,0.8521968072587143,0.49388936961882707,20.175438596491226,1164.8650637957344,48.932706260641424,,,,
2026-09-11 15:47:20.923237,device_0026,route_0006,event_040203,25.298196984046577,76.04587902170057,9.993373800784555,RESIDENTIAL,CLEAR,NORMAL,0.06147596181727435,0.1445052033141665,9.664755396535117,0.32005761492453083,0.3080254009360583,0.33989316715367274,-0.020691902335483358,0.03713620947541847,0.023420413128952117,0.10439489897973392,0.09977215679957233,0.09945368731687769,0.36182634422725674,0.8766916989370195,0.434175161188273,4.385964912280701,1156.2462834189637,49.29745575609877,,,,
2026-09-11 16:35:53.123237,device_0028,route_0049,event_069325,34.78458085043439,76.12586606040941,61.30503000967962,ARTERIAL,CLEAR,NORMAL,0.24079343420080518,-0.02822523535927118,9.726121415265194,0.3329782133360482,0.31285667978421006,0.3058758002795824,-0.040699979884156,0.008485673520166303,-0.07075749947944844,0.09524100718734002,0.10339076538841455,0.09986329193917336,0.3090617715379926,0.7043928314027053,0.4465008249801026,21.929824561403507,1164.8650637957344,48.932706260641424,,,,
2026-09-11 16:16:46.823237,device_0004,route_0024,event_057862,28.71387050538191,71.99113749833475,9.191901097804218,RESIDENTIAL,CLEAR,NORMAL,-0.16559211403621832,0.013950952151696198,9.634435843731334,0.303922779997504,0.2572648029387366,0.3514877035538696,0.03905406053094664,-0.03509860382471628,0.06670502834626015,0.11295538573353242,0.11046941591025398,0.0971034249535592,0.3860553495585021,1.0009596460304788,0.42288479128034545,16.666666666666668,1194.4208269519643,50.2335513967164,,,,
2026-09-11 16:08:39.723237,device_0008,route_0024,event_052991,28.711558723539063,72.42939754928113,18.779444538248494,URBAN,CLEAR,NORMAL,0.09272238622586441,0.05564030433827851,9.690442901755246,0.3314740236385187,0.3084181317493809,0.3150928054300075,-0.02543594094864467,-0.016249631487105017,-0.029684973754088535,0.08715799997756073,0.11775170100504273,0.0929803691104885,0.33019478664923274,0.7654837674899913,0.4748276090038428,20.491803278688526,1174.5210483649005,51.936063712881634,,,,
2026-09-11 17:09:05.123237,device_0002,route_0012,event_089245,20.564543354286787,77.07583933158027,21.26712476873154,RURAL,CLEAR,NORMAL,0.07522536859274884,-0.16714616673954386,9.714369574900434,0.30467100765522237,0.25693295403078265,0.27117568677627185,-0.020689870016618265,0.0012282372382640737,0.011969265678427996,0.09196007676847436,0.09821269279674684,0.09431854158810582,0.2829090699753982,0.9923392206053894,0.3788577515920627,3.3333333333333335,1189.0117987248957,50.462072844310214,,,,
2026-09-11 15:25:07.923237,device_0013,route_0000,event_026873,26.185840520201907,76.60510303880552,10.833428873437459,HIGHWAY,DUSTY,NORMAL,-0.03456902915559657,-0.14526465598544488,9.644809257936718,0.24042210290838895,0.2433418670328222,0.3181903870677385,-0.023850006392262806,0.04557708476149537,-0.015437275047126896,0.09918325732465469,0.09263073159612793,0.10010951073882708,0.3495705472508664,1.136959891862599,0.3667585889183999,7.017543859649122,1155.7611609067421,49.31814801189647,,,,
2026-09-11 16:24:40.223237,device_0016,route_0001,event_062596,23.059308641808816,76.72871348189584,9.100066712489511,RURAL,CLEAR,NORMAL,-0.039016227374598145,0.03882702333839357,9.842160905086207,0.32878719653826727,0.298653334135749,0.31783329708036945,0.02570484462964756,-0.045443886404562414,0.044529492132930226,0.10109340662789662,0.09982489329382652,0.12304468179653306,0.32099360857657067,0.7972770180967181,0.47068337649036857,9.821428571428571,1173.9088107441603,47.70387570777382,,,,
2026-09-11 15:59:55.123237,device_0027,route_0002,event_047745,24.690953723821178,78.76967537784317,9.62608383629943,RURAL,DUSTY,NORMAL,0.1461815281998854,0.04316761432899081,9.947186352370789,0.33212878076399577,0.2847092269181178,0.36731511222923513,0.03399041406450824,0.0025950488848960618,0.0025042489293516526,0.10132326094713119,0.10093070621642318,0.10434924757812684,0.39896578923383164,1.1069577341617052,0.4962443360221753,20.0,1176.2437718505519,51.009834386288524,,,,
2026-09-11 15:48:39.623237,device_0021,route_0029,event_040990,26.847984888353196,73.91668456804963,74.49404829122159,URBAN,CLEAR,NORMAL,-0.011025377656598808,0.07139726060505328,9.876024014752204,0.35442183237800184,0.26200752112568787,0.2904351259285901,-0.010291539315716433,0.022058285214347086,-0.020281963817640972,0.09585061625136729,0.10093346242826706,0.11029024199651394,0.3023220335871263,0.6702893856360408,0.3854088342710678,4.166666666666667,1182.3087711011192,50.74816449523607,,,,
2026-09-11 15:03:33.423237,device_0029,route_0045,event_013928,27.437875079509407,77.60112331899968,64.38628363031562,URBAN,CLEAR,SPEED_BREAKER,-0.31359604148023146,-0.15067450804822427,10.488631577063384,0.9053762284319373,0.6944952890689888,1.5202283349958863,-0.04552191143275051,0.00295444532291894,0.0008362128181446239,0.243867146827537,0.302240215932284,0.27871916047570494,1.7840331531305829,6.2167107217947475,1.2038928696363442,0.7142857142857142,1383.0041956338878,50.614452379095,,,,
2026-09-11 17:18:35.923237,device_0029,route_0041,event_094953,26.806353612571755,85.50923425417723,10.907737444132657,RURAL,CLEAR,NORMAL,-0.21693270271324397,-0.1371167985825524,9.936814362984796,0.3446186404413523,0.2744666620116006,0.32131189117257397,-0.008514136725064162,-0.03426564106508216,0.0037377402277516906,0.11318785867254828,0.09982123147156027,0.08093373173942495,0.3563819463260453,0.7197573372783275,0.42902577652087515,6.666666666666667,1185.4321676861896,50.614452379095,,,,
2026-09-11 15:11:34.823237,device_0001,route_0036,event_018742,30.355564874032492,77.15034767667322,20.202881414334154,RURAL,RAIN,NORMAL,-0.25672954125134606,0.22113768801435693,9.898866832497243,0.27872105618218035,0.28512409696634006,0.2626096415927873,-0.01451141567704918,-0.02412073961935972,-0.05225544396861203,0.10101789834396813,0.10469724087268305,0.10828234745083938,0.28588177240942775,0.6645755896392398,0.3992441343636943,15.789473684210526,1147.8114285371462,49.659725093210575,,,,
2026-09-11 14:42:06.323237,device_0024,route_0048,event_001057,28.476982949815856,77.16840570300901,18.299882888190474,RURAL,CLEAR,NORMAL,0.15124582643219492,0.12851359965182493,10.038831063960695,0.3113064946467203,0.34072326184519935,0.2371755361477418,-0.0025402402732743433,-0.07500763027252064,0.04560461815448789,0.11362668389142976,0.09276283200317494,0.10961902750010323,0.3473183399659164,0.7084828454519858,0.4099866772435394,7.3770491803278695,1165.9444844817242,52.318099885446266,,,,
2026-09-11 14:47:34.323237,device_0022,route_0014,event_004337,28.882096200181994,77.08309204169835,18.216505318130377,HIGHWAY,RAIN,NORMAL,0.038298237746350466,0.07493395564951327,9.550668034954702,0.3103057747088903,0.3123219494481148,0.32809880267581937,0.0186198874599166,-0.014904392078730188,-0.0097050832366735,0.09624069070839238,0.10512902009004148,0.11628601881657813,0.4056046675732675,1.0937814607181071,0.4355022079141726,11.475409836065573,1173.9747253078074,51.96023277588557,,,,
2026-09-11 15:37:17.623237,device_0000,route_0003,event_034170,30.09953559337279,74.66608826007419,9.012679647323674,URBAN,WET,ROUGH_PATCH,-0.05173308829533535,0.21383848092771654,9.913111320945042,1.3175352286164783,0.7404498977177084,0.779086043061016,-0.0008510689046226306,-0.06750121031343508,-0.05167575197545373,0.19139089256834105,0.2257494836466644,0.1823539125051788,0.8070503315945314,2.1580090844676665,0.3960778980371736,1.8181818181818181,1088.9886895864247,50.50557505871605,,,,
2026-09-11 17:21:11.123237,device_0022,route_0023,event_096505,23.900908455284608,84.56865324491258,20.580818308434132,HIGHWAY,CLEAR,ROUGH_PATCH,0.08812015276889082,0.055510747285858864,9.578124726496414,0.9232697722742346,0.5593901670740875,0.838237661571029,-0.013229898518178932,-0.015288360316462943,-0.02104591243434798,0.14933256477273937,0.16833830796671015,0.17915646015407308,0.8591669769215573,2.23907427311703,0.439214327768314,1.8181818181818181,1058.5018015070395,51.96023277588557,,,,
2026-09-11 14:43:43.523237,device_0012,route_0048,event_002029,28.39165083715993,77.18766469034898,10.544681065090888,URBAN,CLEAR,NORMAL,0.11189678227524216,0.06146168747000665,9.743039589292936,0.35460255028604465,0.3361350989616416,0.3195165814479815,-0.055769697612448224,-0.030399438514164025,0.012263045066107967,0.11020950538238698,0.09133845009721286,0.10323995307511152,0.3203813589196172,0.6447620220699051,0.4982568533656157,11.607142857142856,1178.0852418549218,47.53476065265595,,,,
2026-09-11 14:42:43.623237,device_0012,route_0049,event_001430,28.757671613105106,77.10412937908133,20.25661972323323,RESIDENTIAL,CLEAR,NORMAL,0.05354519006727222,0.15501572517092965,9.728783199728868,0.2505042417117988,0.27349468018294226,0.33198323819399395,-0.02702091345124787,-0.03173643107989139,-0.02075262205042768,0.1067579109171412,0.10068897672489588,0.09631954945456357,0.33828078677661155,0.9929277150039901,0.41335156136761214,19.642857142857142,1178.0852418549218,47.53476065265595,,,,
2026-09-11 15:38:48.923237,device_0004,route_0039,event_035083,31.475732738854216,78.29580037997492,61.0417465183728,RESIDENTIAL,RAIN,NORMAL,-0.1381143507747245,-0.01610754713211302,9.611062115225002,0.3077991722537642,0.28366831224202765,0.30909458014158375,0.036047397070922284,-0.032778706100264184,0.01815639842808912,0.10564395099756446,0.08272546254375801,0.08343404668120402,0.35608883222088233,1.165159037260013,0.4766484882484565,16.666666666666668,1194.4208269519643,50.2335513967164,,,,
2026-09-11 15:36:53.723237,device_0017,route_0006,event_033931,25.829779682177605,76.23458352893529,54.81875374953518,ARTERIAL,RAIN,ROUGH_PATCH,0.03754091625487223,-0.2163546146740105,9.766038346385036,1.2176421078825592,0.7677857474136368,1.1283930777145046,-0.01015390114195743,0.006387470459682855,-0.02796351317212032,0.24945132457289582,0.18332955121982442,0.20018694080141122,1.0968754363191597,2.6436213336527565,0.43322195048547835,1.7857142857142856,1073.1330610341536,52.183649943683676,,,,
2026-09-11 16:12:38.123237,device_0022,route_0023,event_055375,25.898562440474524,81.45554001545013,20.658421436578706,URBAN,RAIN,NORMAL,0.05079688640017885,0.0630583654657975,9.62750839498293,0.3318580497001969,0.25407601640414484,0.4219895328685867,-0.012275325363347704,-0.017804677598706645,-0.022152987316452266,0.09347286998731569,0.09173853699121005,0.0967588302569649,0.44977321851006186,1.0625100373598073,0.4895096219056671,17.21311475409836,1173.9747253078074,51.96023277588557,,,,
2026-09-11 15:18:23.023237,device_0012,route_0047,event_022824,26.73064659118886,77.85164460772899,37.14032080291518,URBAN,RAIN,NORMAL,0.08563527367041036,0.16430569460386452,9.645149900533198,0.3323270547831355,0.287812185933345,0.27316770669333934,-0.05920079477717972,-0.031216956926029306,-0.015041237939436746,0.10797059196395953,0.12103228409474705,0.1112645465819019,0.3086278113261101,0.6894179512993901,0.45835670772669296,21.428571428571427,1178.0852418549218,47.53476065265595,,,,
2026-09-11 16:43:05.223237,device_0025,route_0003,event_073646,31.925480982962824,71.62173062728198,87.55122717538583,URBAN,CLEAR,NORMAL,-0.041144666831324686,-0.07013286031089615,9.958821980352061,0.32108946268859595,0.3501621514881398,0.3148148238405086,0.004250470541248597,-0.025212390355519067,0.01397338562239227,0.11165561995434356,0.09183300795063071,0.10954759061510044,0.3574786324165342,0.9364905516865303,0.4652284089881918,1.6666666666666667,1191.6511525911126,50.35030585044683,,,,
2026-09-11 15:22:27.523237,device_0009,route_0016,event_025269,30.907317223248196,76.63757545174687,76.7154317034799,URBAN,CLEAR,SPEED_BREAKER,-0.20073719075641658,-0.20481307897790965,10.433024166961491,1.1604517506997731,1.1198191915510705,1.7219076406821943,0.006470155730580587,0.08383999142140189,-0.027571684223133754,0.24508065539998858,0.3111939614729611,0.2626181369524272,2.0645892535066683,8.036270392023535,1.4873081248641185,1.5151515151515151,1385.7657940676804,47.62709563372047,,,,
2026-09-11 16:27:04.023237,device_0011,route_0046,event_064034,34.15634865197576,78.91131264420513,36.446963683733856,URBAN,WET,NORMAL,-0.05820380047297433,-0.01922115253958912,9.97318028068877,0.3200060796354242,0.291728309470212,0.3656738955150073,0.03328817765663296,0.012015987748272889,0.025000315032727396,0.10288154282484333,0.12301622966164609,0.09345877802448871,0.40833496873408465,0.9846898210748076,0.46389924497771956,17.21311475409836,1173.916838169756,51.962794992449886,,,,
2026-09-11 15:05:01.123237,device_0006,route_0028,event_014805,27.803784414729037,76.24259500065455,37.05432136501726,RESIDENTIAL,WET,SPEED_BREAKER,-0.0297811570073124,-0.19303968459151336,10.207452462340918,0.6441543800968745,0.47857495970699815,0.8813484520439716,-0.010107824673299768,-0.01327680200683286,0.0021023222980456465,0.14489068088945495,0.14992377589408015,0.13190527295271975,1.0270244344295183,3.9585833364449865,0.7609404399466518,0.7575757575757576,1378.6547788238413,47.87275321839885,,,,
2026-09-11 16:20:50.323237,device_0001,route_0044,event_060297,33.85086373180115,76.1804330393393,10.952580562816895,RESIDENTIAL,CLEAR,NORMAL,-0.24485180951507354,0.18110440015020368,9.95146676515565,0.26624793843174976,0.3005719077019458,0.29406324138961787,-0.05748642576559799,-0.05256250896267878,-0.035793906874477546,0.11245527174983327,0.10305642318491917,0.11910595400844018,0.33520426885159893,1.1359167245752708,0.4191487162535305,14.035087719298245,1147.8114285371462,49.659725093210575,,,,
2026-09-11 16:03:48.423237,device_0024,route_0042,event_050078,33.04903989147239,77.64534157329383,36.934851801410446,URBAN,CLEAR,NORMAL,0.14930371836419126,0.20687496012700826,9.925212599391342,0.3147487353534729,0.28970810881297465,0.3255322616692891,-0.015431206636165195,-0.051961991159328806,0.050153487883611396,0.1032918891688894,0.08627255457008288,0.11173592111614696,0.3554540229116182,0.8892528797090016,0.4199713500627381,15.573770491803279,1165.9444844817242,52.318099885446266,,,,
2026-09-11 15:32:59.723237,device_0028,route_0012,event_031591,25.748446720156593,77.17821545097055,56.511035290788854,URBAN,CLEAR,NORMAL,0.21462255887910894,-0.06756754139542528,9.731456296828677,0.29272309159549176,0.297362111899507,0.2906947545429665,-0.07749063454317447,0.026889789392971618,-0.04469838638832464,0.1069880439449651,0.10847694014538826,0.1022902022121098,0.2972570899052033,0.9590380087594284,0.4037472233949092,7.017543859649122,1164.8650637957344,48.932706260641424,,,,
2026-09-11 14:41:19.123237,device_0013,route_0027,event_000585,28.672742372567065,77.1749444094064,63.20994401344257,URBAN,CLEAR,ROUGH_PATCH,-0.07895640050219802,-0.1018108248652191,9.657553246929794,1.0278536647391487,0.42990215976706214,1.3384254454042526,-0.043109844043134636,0.0374488645872124,0.03924464692588891,0.24751639529304756,0.13558374255057926,0.26114869103218846,1.3037443437543057,2.7049979669922077,0.4427562169130925,1.923076923076923,1054.3786029324665,49.31814801189647,,,,
2026-09-11 15:41:51.023237,device_0025,route_0013,event_036904,31.643538521662485,78.56516683876283,10.044349876361538,HIGHWAY,CLEAR,ROUGH_PATCH,-0.04834491174137722,-0.09238620023309804,9.966953160675786,0.6740462167147537,0.4087412870671388,0.8224058311382558,-0.012806204281439752,-0.015623987218918972,0.018583689068376038,0.15245892030285083,0.1194405533434187,0.14593754511184398,0.8374352056076418,2.280225007491863,0.46784393212884645,1.8181818181818181,1092.3468898751864,50.35030585044683,,,,
2026-09-11 15:15:53.823237,device_0002,route_0033,event_021332,30.294235194649094,78.09664355795141,20.449397917853737,URBAN,CLEAR,SPEED_BREAKER,0.014332650549124968,-0.15921588348787444,9.842717396428458,0.4292505887871097,0.38863565732327615,0.5463767778824495,-0.017322027578241077,0.010193634220447454,0.008344117139716792,0.1090356206834685,0.09051646045617727,0.1027020070765454,0.5641799950207301,2.5898676904360745,0.585661957745492,0.7142857142857142,1387.1804318457116,50.462072844310214,,,,
2026-09-11 15:46:06.223237,device_0015,route_0026,event_039456,25.855307392233804,79.56353535601374,64.71317402114532,URBAN,DUSTY,NORMAL,0.12406159893094233,-0.13612749385046213,9.7329871752371,0.31807685381262035,0.38100290335976655,0.31987397851478894,0.015368032439232598,0.047281310375586076,-0.03959877981436646,0.10655000592219784,0.11064995103834663,0.10475570339061736,0.3224767475937554,0.7740274174591306,0.49120526674396553,8.771929824561402,1170.7151707482878,48.688187719961995,,,,
2026-09-11 15:01:13.923237,device_0004,route_0042,event_012533,29.68251223031091,77.38752501582319,21.222763362248067,RESIDENTIAL,CLEAR,NORMAL,-0.16505160143680395,0.0013752281938772203,9.656422497672278,0.3073934285721027,0.2782538485800552,0.26626400229173924,0.061921532789970604,-0.024360939314228128,0.022611714846703757,0.10552900417419625,0.11383354947512352,0.09738413646925713,0.29965400053324215,0.7358476622252255,0.4044908323406834,7.5,1194.4208269519643,50.2335513967164,,,,
2026-09-11 15:48:22.123237,device_0017,route_0034,event_040815,27.532179162106804,73.74064551295146,75.00493702358555,URBAN,WET,NORMAL,0.0004679092698618537,-0.1937001600659691,9.767051702101595,0.33341345209661977,0.32795958856867885,0.31646808487633404,-0.02093052370755731,0.015336836567282734,-0.040541945220045714,0.10159644405666475,0.10688442123150449,0.09339293654076193,0.31860397575746185,1.0489011743149224,0.4378928322018713,1.639344262295082,1168.9485129122031,52.183649943683676,,,,
2026-09-11 16:34:12.223237,device_0024,route_0025,event_068316,22.394185765441645,77.08671910255501,10.553959134132944,HIGHWAY,CLEAR,NORMAL,0.185986940234839,0.12796455970362244,9.906545408309565,0.3208103167667864,0.30791950678852875,0.3088878578057925,-0.024489945849249396,-0.04718679271379013,0.0460413358884697,0.09914595410743404,0.09732267665541133,0.10870741744529544,0.33104058561252514,0.7722730402751363,0.437818254369242,22.950819672131146,1165.9444844817242,52.318099885446266,,,,
2026-09-11 15:51:52.323237,device_0011,route_0010,event_042917,30.403051312665294,80.62261326146583,10.871577273857827,RURAL,CLEAR,ROUGH_PATCH,-0.01935150833131854,-0.13365727450787007,10.065972133847003,1.065009371102265,0.7168990822269992,0.9799680594049736,-0.012276667590466257,0.02798177872266522,0.00015880639731634998,0.21220985843126752,0.24012158892981406,0.1972052913115776,1.018191560659895,2.564596070794167,0.5000728517703552,1.8181818181818181,1058.4496081858456,51.962794992449886,,,,
2026-09-11 14:49:02.123237,device_0022,route_0022,event_005215,29.132110781542487,77.24218017317544,18.102278025571593,HIGHWAY,CLEAR,SEVERE_POTHOLE,0.0507094863196571,-0.04705639766959421,10.373744719831215,0.3861807057824665,0.3149264872565171,4.179162383681624,-0.025472609552717435,0.010366422755602909,-0.0029692994496050627,0.16723316997830573,0.16912045111442478,0.16867740109446863,4.1081390166366685,14.336431437957362,3.0892417357095137,1.0,962.2743650063995,51.96023277588557,17.80617051528968,42.06611479447823,38.14509783897921,CRITICAL
2026-09-11 16:58:41.823237,device_0017,route_0009,event_083012,21.31772807042634,78.45589156350283,59.55998283498084,RESIDENTIAL,CLEAR,SPEED_BREAKER,0.12265592644293384,-0.2549826286389528,10.288836773707432,0.8914466777922498,0.811259939129325,1.3516764409845718,-0.01105338068957279,0.011867729509968573,-0.04353862848558948,0.2133046522850425,0.24642896755456015,0.21193613041123446,1.5741539928014097,5.639183431185584,1.1810947145906314,1.4084507042253522,1360.579416668302,52.183649943683676,,,,
2026-09-11 15:47:20.523237,device_0028,route_0005,event_040199,26.690475697791555,74.19713473020323,21.97331568028602,RESIDENTIAL,CLEAR,NORMAL,0.1608057085848674,-0.011204259614542479,9.780847756318781,0.26030792860093344,0.2750967129753014,0.34088911067804684,-0.049854709615221725,0.014913129610642041,-0.029069008297426244,0.08655433734583347,0.10259091911432026,0.09876893521459452,0.33999940040501836,0.8590987278196831,0.43033476668943427,9.649122807017543,1164.8650637957344,48.932706260641424,,,,
2026-09-11 16:27:27.923237,device_0026,route_0020,event_064273,24.552750627793795,73.06118312709782,42.347263909092156,URBAN,CLEAR,NORMAL,0.06499642192189493,0.20563143089205155,9.638704404466013,0.3000766275599045,0.3575312070341767,0.30880422270731783,0.006736208052181133,0.026569953266950625,0.014970651662448724,0.10790305058464221,0.09264333517638151,0.09701187536121841,0.3421999051458306,0.7976446213472865,0.4729573466579172,14.912280701754385,1156.2462834189637,49.29745575609877,,,,
2026-09-11 17:07:54.923237,device_0013,route_0022,event_088543,36.61270046254747,76.79563301158429,37.04068542400299,RESIDENTIAL,CLEAR,NORMAL,-0.06811013403053207,-0.1091949207562518,9.724119506908371,0.31510828249876244,0.3045013443310849,0.3328361533912724,-0.023548018385694574,0.05410136381783265,-0.020271833946468105,0.08760048831204026,0.08816195978955295,0.09881480486920224,0.33829548655671715,0.9228282383424506,0.421868488466235,8.771929824561402,1155.7611609067421,49.31814801189647,,,,
2026-09-11 14:41:43.923237,device_0012,route_0018,event_000833,28.59954690594899,77.2784960355376,36.80588112452635,URBAN,CLEAR,ROUGH_PATCH,0.06037715719357284,0.22560662294016023,9.736905049969304,1.4544721575795074,0.5235499636281473,1.2731844101847536,-0.03704417239817929,-0.03077018706426642,0.0589610532378342,0.22559201839149778,0.2390828997175403,0.18775445688411296,1.2564142064422912,3.179977349120561,0.5448050420886955,1.9607843137254901,1072.8990595464466,47.53476065265595,,,,
2026-09-11 15:49:07.823237,device_0007,route_0008,event_041272,32.07454298368675,78.19020510407,21.991540544744378,RESIDENTIAL,WET,NORMAL,0.13892009267988184,-0.036687007810887906,9.613896589534825,0.2690653478253457,0.30603241705687245,0.3006799669921862,0.023386858373417318,0.01953931540155531,0.027358373191721626,0.09134991185986559,0.10310422988342426,0.1087261719672355,0.3495679717620262,0.8209195173737047,0.42128618710797516,11.403508771929824,1156.3665497149682,49.29232864272136,,,,
2026-09-11 16:52:34.823237,device_0011,route_0028,event_079342,23.879795084601238,71.96624403140757,19.445951181189713,RESIDENTIAL,CLEAR,NORMAL,-0.08649218290797565,-0.1496997693752134,9.915431771266539,0.33854634310065834,0.3062399638269076,0.3288339250742666,0.03816982939960795,0.006301536873024476,0.030206348768025363,0.09477700159798344,0.09901120364107022,0.09717134111158154,0.35258758510760446,0.8720546691673867,0.4760594754707778,21.311475409836067,1173.916838169756,51.962794992449886,,,,
2026-09-11 15:38:42.123237,device_0023,route_0048,event_035015,25.501870868216546,77.85879301535944,81.555760768687,RESIDENTIAL,CLEAR,NORMAL,0.09345193385300463,0.034946751151773106,9.824691605368901,0.29203044667934525,0.28586242403982537,0.31758572809840335,0.0009971003597423543,-0.02062663617216271,0.013047950107995372,0.09482640756877446,0.10100460088088836,0.10001160009207605,0.3193668710089525,0.8093891767896384,0.41790311484287707,15.833333333333334,1182.7936295130366,50.72736147953584,,,,
2026-09-11 16:31:30.823237,device_0028,route_0014,event_066702,34.09978913278907,75.02601031543718,77.57023256672281,HIGHWAY,RAIN,SPEED_BREAKER,0.4047625351574718,-0.339064336465958,10.410993132609649,1.0270167578381522,1.3367761037003425,1.9380797370309548,-0.05835415759961879,0.008418946855074216,-0.027811520582033362,0.3097801221712367,0.34925917715445703,0.3194092153708606,2.3000940909349907,8.54460494199789,1.5672792100573436,0.7462686567164178,1369.2273556897228,48.932706260641424,,,,
2026-09-11 16:29:44.923237,device_0007,route_0037,event_065643,29.59128062545828,71.30794988039327,81.34663605354814,HIGHWAY,CLEAR,NORMAL,0.14815419204884328,-0.05729829324796542,9.498672323504522,0.3366662587235569,0.3527917013485295,0.29468152327235525,0.028048145037975775,0.005257238199151429,0.027638983885453633,0.09718845082357619,0.0924990679071507,0.09602671627271815,0.41297546338147517,1.0406764070921248,0.5017123855263139,0.8771929824561403,1156.3665497149682,49.29232864272136,,,,
2026-09-11 15:11:09.123237,device_0011,route_0023,event_018485,27.69053335690932,78.66356781101625,9.215031987236026,RESIDENTIAL,CLEAR,NORMAL,-0.03540481228701737,-0.170525150482083,9.991620021522479,0.28354701869949256,0.34112041556590317,0.3437605516706794,0.027650668756438426,-0.0006248919305858402,0.022433675854517048,0.10420756661242352,0.10073648406008542,0.0971339373045576,0.39925851772405835,1.0025536713642857,0.48414244892087954,18.852459016393443,1173.916838169756,51.962794992449886,,,,
2026-09-11 15:35:53.923237,device_0016,route_0035,event_033333,26.420894688908206,79.43576513239627,36.836719232172406,URBAN,CLEAR,NORMAL,-0.016797400469879143,0.08388606254457029,9.835968455691065,0.31668464563895715,0.26627957601307956,0.25789978516651635,-0.012136060957719212,-0.04650335651526409,0.036382024926790615,0.11548851690351875,0.08741524261489172,0.10604673645351105,0.25941397035006986,0.6158832668828502,0.41357990273221,14.285714285714285,1173.9088107441603,47.70387570777382,,,,
2026-09-11 15:02:55.723237,device_0001,route_0007,event_013551,27.845129255561805,78.11704739734911,56.86915621616981,HIGHWAY,CLEAR,NORMAL,-0.14592646244219978,0.207336159062646,9.897026736499654,0.37495609934909496,0.3172704509813731,0.3020183667331826,0.004270044458507991,-0.015150046637791131,-0.04093671015659772,0.10784117999276452,0.08715235730998058,0.10947809651042308,0.3239307376357757,0.7862398490191733,0.496086565576418,18.421052631578945,1147.8114285371462,49.659725093210575,,,,
2026-09-11 17:19:06.623237,device_0026,route_0038,event_095260,35.15844075648781,82.80039537589109,75.83299365012974,ARTERIAL,CLEAR,NORMAL,0.027618185823054923,0.2780011595909682,9.670526233754567,0.2804471612799722,0.3551012714842068,0.31621217019971976,0.0011249867479179443,0.05223902945096982,0.024974528003224736,0.09686633097844538,0.1096705318670607,0.10618221608100498,0.3368235593604999,0.8151757996897526,0.4614009064196193,15.789473684210526,1156.2462834189637,49.29745575609877,,,,
2026-09-11 15:09:47.823237,device_0014,route_0046,event_017672,30.155517096085156,77.73683637074048,38.32006329266318,ARTERIAL,CLEAR,NORMAL,0.1707896121110455,-0.18477543861478476,9.889568191662795,0.3244456545636213,0.3226206288664275,0.3489836660334406,-0.005591132401493266,-0.040785340098627505,-0.03672389846201576,0.0969691370942512,0.11504875809631407,0.08930560937355493,0.364463858233567,0.7693263359956539,0.5148586948571281,21.428571428571427,1172.5933011717448,47.75739375624995,,,,
2026-09-11 15:18:55.123237,device_0018,route_0025,event_023145,26.454296682975173,77.22075124795136,82.02238252655312,URBAN,DUSTY,NORMAL,-0.09224550314964167,-0.1491744558657674,9.946560701768265,0.35919980472788854,0.2825909730216582,0.31230191362429177,0.0253807381180241,-0.02327636836267909,0.004938552357783515,0.1198324019203715,0.10748288697482791,0.10777123394068142,0.34976672982240126,0.8966112780648068,0.45691885158029977,5.833333333333334,1196.452449290308,50.14825289178003,,,,
2026-09-11 16:22:13.523237,device_0000,route_0004,event_061129,31.644503852581984,81.71821005330636,21.348868079109025,RURAL,CLEAR,NORMAL,-0.04375926745512982,0.14851675565991146,9.89910339395186,0.26257215403575956,0.3181217897640245,0.33521633620786384,0.009119034736632359,-0.020268841037232987,-0.04365486623390954,0.10846419434095542,0.09788577695275653,0.10528432693686597,0.3500980577950904,0.7777284467968553,0.4448015667550183,8.333333333333334,1187.9876613670087,50.50557505871605,,,,
2026-09-11 16:36:44.623237,device_0028,route_0036,event_069840,34.93309141955416,76.74681465538836,38.19819120308741,URBAN,CLEAR,NORMAL,0.13891445162694516,-0.04591687066321389,9.74898278536619,0.28907035154553484,0.299307330245664,0.34059265383374066,-0.04943101768229412,0.023472649968033266,-0.04016792399246625,0.09579960537702813,0.11995195024060672,0.1092965858348423,0.3419625922139196,0.9227740730732332,0.40369441026656555,13.157894736842104,1164.8650637957344,48.932706260641424,,,,
2026-09-11 17:21:59.223237,device_0027,route_0023,event_096986,23.877611831386464,84.60498779031113,43.39278242356086,HIGHWAY,CLEAR,NORMAL,0.1485049446470291,0.14083542156625412,9.948026028039228,0.3191159487026961,0.3380497918533,0.31965319454594693,0.04930046761331403,-0.007596785025932408,0.006988376182807759,0.09886627151736438,0.11099017659650429,0.10067247528934824,0.35569247064006393,0.903600494493114,0.4654913621774129,11.666666666666668,1176.2437718505519,51.009834386288524,,,,
2026-09-11 15:39:55.923237,device_0005,route_0013,event_035753,31.549926604936523,78.52083275505458,59.87249336522846,URBAN,CLEAR,NORMAL,0.2354266950758029,0.07568498654131812,10.032775064518091,0.2756174235569858,0.35342062403805596,0.319818098870812,0.04073934709730228,0.011469923278386706,0.045489690000982956,0.10846837296444492,0.1137068177168189,0.08994356133076883,0.40268527608380966,0.88793506707467,0.4453412892460272,5.357142857142857,1173.3612685170888,47.72613644455269,,,,
2026-09-11 15:36:06.523237,device_0019,route_0040,event_033459,28.46277599574266,74.23078675619145,41.82794786810508,URBAN,RAIN,POTHOLE,-0.24722707978975275,0.05942076676159122,10.203648659962171,0.37048149449291823,0.7410837944865594,1.1131307761555729,-0.10925034703733848,-0.01587337880268471,0.03619048480518018,0.22684427414957903,0.19432093441482753,0.22285427721171083,1.2503168545639791,6.357500037738966,0.9853219075482693,3.0,962.7338785435682,51.93543212132559,3.257040293776188,8.394920787880677,4.538953007298282,MEDIUM
2026-09-11 15:04:07.423237,device_0011,route_0042,event_014268,29.837900050997327,77.39940408425042,39.92031453230125,URBAN,WET,ROUGH_PATCH,-0.13501243786451808,-0.12599542453427945,9.904301658612399,0.645458176587031,0.47867203407166314,1.2387346857294204,0.046253015155659744,0.0820515202339106,0.015856418439253145,0.15972485614017237,0.17944594819040352,0.1781679841690224,1.2263786984582326,3.113375192889478,0.44720452833237045,1.8181818181818181,1058.4496081858456,51.962794992449886,,,,
2026-09-11 15:17:19.223237,device_0027,route_0018,event_022186,30.331638581465896,78.10880072509298,74.0681233252015,URBAN,CLEAR,NORMAL,0.1002694780857308,0.13024201358456886,9.920719954835098,0.3614304562306273,0.29994858276898506,0.31137242559075495,0.04472218089266277,-0.009972374888590717,-0.012894761206405743,0.10605951749880478,0.08452727100478037,0.1025997575651289,0.3396279629238106,0.7394073721053331,0.48324045433467333,22.5,1176.2437718505519,51.009834386288524,,,,
2026-09-11 15:05:22.823237,device_0001,route_0034,event_015022,28.16156607320689,75.97323471285101,59.56413082523495,RESIDENTIAL,DUSTY,NORMAL,-0.17953702900827453,0.20100929905806614,9.896265864837025,0.32134058482608735,0.3007715671360431,0.2896486515204508,-0.011904300520986458,-0.05551102746131821,-0.036368544054096244,0.09363898958882663,0.09172687401429876,0.11203979395745321,0.3088976668650211,0.7517365349844614,0.43111401781093756,7.894736842105263,1147.8114285371462,49.659725093210575,,,,
2026-09-11 15:00:17.423237,device_0012,route_0019,event_011968,29.10704759056878,76.1243777931745,38.5400956496945,URBAN,CLEAR,SPEED_BREAKER,0.0830539512904132,0.1157881804302662,10.091889446414214,0.47303921821038025,0.43366093297375946,1.0287965615692818,-0.028212186592660678,-0.024982943140348504,-0.0015925615973543844,0.17318794387415395,0.15104067644847613,0.16979517918524323,1.102754764689961,5.0007026378203,0.7255373178061334,0.7575757575757576,1388.4576064718722,47.53476065265595,,,,
2026-09-11 15:27:57.123237,device_0005,route_0021,event_028565,28.14730508411444,79.7867080943669,9.60538081852051,URBAN,WET,NORMAL,0.22213498394723857,0.11526685515456893,9.95183380369821,0.3102772804143322,0.2858398371288299,0.2679831554323645,0.04200953268205739,0.009291720582420839,0.06402946446127782,0.09981918614477839,0.08538892718897181,0.1098212078867004,0.31217445879041567,0.7747629873684829,0.42808883344744403,12.5,1173.3612685170888,47.72613644455269,,,,
2026-09-11 15:23:24.723237,device_0007,route_0022,event_025841,30.983902446750797,77.13183451298154,59.54032501245488,RURAL,CLEAR,NORMAL,0.12520122091525673,-0.12110462817749691,9.62494033323336,0.354293427502135,0.3047437976779532,0.3147985391434326,0.04654557310783052,0.016063776737951074,0.035798121121227,0.09375012888220052,0.09582572288519392,0.09888657567229464,0.3520243371097936,1.0085294199944723,0.4734036191747214,5.263157894736842,1156.3665497149682,49.29232864272136,,,,
2026-09-11 14:40:48.423237,device_0003,route_0035,event_000278,28.513228865907312,77.32413486275323,56.16916559647811,RURAL,CLEAR,NORMAL,0.028861532305277486,-0.10321783714095982,9.522595989312292,0.2953708998083321,0.25077543183548795,0.26054337844129527,0.059515184275739055,0.04213569775550188,0.030830005169255322,0.10995462888551957,0.11435002202964,0.10036399637538436,0.3741219988083501,0.9214552049880389,0.3911041486564947,20.0,1178.291970417501,50.92116513256079,,,,
2026-09-11 16:47:18.823237,device_0023,route_0006,event_076182,22.249532809213065,74.96198782103652,72.27152730471794,RESIDENTIAL,CLEAR,NORMAL,0.15988676699798127,0.08750317605947446,9.845730772763282,0.3322796690766781,0.2606993223394842,0.3081034994831571,-0.01790391498119741,-0.030677653680866744,0.020367619280510858,0.089731051629135,0.09386126721395216,0.09588444560596569,0.3115380497014882,0.6794144342493418,0.425515801525141,12.5,1182.7936295130366,50.72736147953584,,,,
2026-09-11 14:50:35.423237,device_0006,route_0008,event_006148,29.046572066048597,77.28984894381387,75.06380529097859,RESIDENTIAL,RAIN,NORMAL,0.005174413252340003,-0.08651047352069274,9.909522980786017,0.2581392255300153,0.30185785320892766,0.2723915779816909,-0.01290807184383884,-0.02081580083489384,0.010776405835375018,0.09625238425083839,0.08156022297857453,0.09995680387552766,0.2981364108598706,0.8652007246223885,0.4082968685372729,19.642857142857142,1169.7676911232593,47.87275321839885,,,,
2026-09-11 16:22:30.223237,device_0017,route_0005,event_061296,25.67592388091971,72.59392002255163,21.35828683507534,ARTERIAL,WET,NORMAL,0.0801694046091744,-0.25614647811584146,9.79990660849747,0.37219735577474283,0.3174841889738516,0.3109408343983118,-0.018627450046026117,0.014380712577897522,-0.028826843738769672,0.11281467146753107,0.10973842258599775,0.09997163123083391,0.30901221671026835,0.8515438112966116,0.4750431801795356,6.557377049180328,1168.9485129122031,52.183649943683676,,,,
2026-09-11 16:50:16.523237,device_0026,route_0007,event_077959,24.266859855569212,82.67188454774718,9.38698769432721,RESIDENTIAL,CLEAR,NORMAL,0.06851100608839393,0.21237127742041978,9.64653423946136,0.32657575097536223,0.3007543683503516,0.26872848635747715,0.007781695263872168,0.006343357487949641,0.03115679718776164,0.09848373047272647,0.11635154982148649,0.09851347452995174,0.3044108489850239,0.8918780102887158,0.46643213085277496,21.929824561403507,1156.2462834189637,49.29745575609877,,,,
2026-09-11 15:03:55.523237,device_0003,route_0023,event_014149,27.901079441699228,78.33518960099522,36.68583551801592,URBAN,CLEAR,NORMAL,0.005966666745281013,-0.0668110743424586,9.603697422869093,0.31231116951417953,0.2742699451739413,0.34769513458771983,0.034352557672009,0.04616867951219883,0.04902866134629083,0.09774697865531133,0.10451680974508856,0.11786898557115796,0.39551759111876666,1.0548598716516615,0.4689876453072276,18.333333333333336,1178.291970417501,50.92116513256079,,,,
2026-09-11 15:58:54.523237,device_0014,route_0036,event_047139,32.89948678824792,76.92600614705322,41.3611407680968,RESIDENTIAL,CLEAR,NORMAL,0.18164811490810676,-0.11120532348395977,9.7728712841359,0.26816475439962073,0.2965565517024987,0.3067278633794026,-0.006580502993296641,-0.025575764906060623,-0.05435229101965579,0.09190416095131436,0.11676662822117223,0.10341260501993008,0.3068435475525783,0.6740590241227977,0.4097593400090997,9.821428571428571,1172.5933011717448,47.75739375624995,,,,
2026-09-11 15:29:32.323237,device_0018,route_0005,event_029517,27.204283911626593,75.00893662471695,10.54551730125973,HIGHWAY,WET,NORMAL,-0.01944162855851788,-0.2104640891656355,9.976602102394843,0.3882041640931991,0.370147693067141,0.27260621918017763,0.03301621355358827,-0.021681404153643356,0.023924650389161566,0.11138618218631806,0.09925831917985688,0.0950216336108487,0.333242837094246,0.711824986604654,0.4774271326768386,15.0,1196.452449290308,50.14825289178003,,,,
2026-09-11 14:57:05.523237,device_0011,route_0032,event_010049,29.14695476456874,77.83942322090802,60.61407496498842,RURAL,CLEAR,NORMAL,0.02188621452698227,-0.21543398630488292,10.001562738524727,0.2962925243054481,0.3262508321518655,0.3325846814032877,0.011960312794961604,0.011593607869853837,0.028198933095716635,0.09631933804301993,0.10078871980609296,0.09294527856784446,0.3957931784219046,1.084860138139156,0.46357985127972823,23.770491803278688,1173.916838169756,51.962794992449886,,,,
2026-09-11 16:09:15.123237,device_0008,route_0021,event_053345,27.701675086433323,81.97046254270842,40.02303025547398,RESIDENTIAL,CLEAR,SPEED_BREAKER,0.25317634014640583,0.02697269835024349,9.981258825400067,0.41327026496284863,0.3922328053584178,1.1010423480080362,-0.03486010592356102,-0.011623719088927212,-0.04290990727738165,0.164653639939848,0.16904334571288254,0.18383905885510549,1.1333874933027779,5.163614920254503,0.7737664965492167,1.4084507042253522,1367.0654825230808,51.936063712881634,,,,
2026-09-11 16:45:51.523237,device_0020,route_0014,event_075309,34.820018777151226,74.741983201687,72.27500542981846,URBAN,CLEAR,SPEED_BREAKER,-0.12402541574457279,-0.1405601122846287,10.170165118800815,0.8617413830138079,0.7333286109164654,1.59540875915466,0.02503201492366027,-0.03499318238315464,-0.028580860977379104,0.3216383225074897,0.3153404107064308,0.28328854428855127,1.74022058748498,5.836086198319208,1.2023062646790454,1.5151515151515151,1388.7337692196863,47.52530791923109,,,,
2026-09-11 15:14:41.823237,device_0004,route_0042,event_020612,30.406928640919045,77.44302950786006,18.518369425620097,RESIDENTIAL,CLEAR,NORMAL,-0.12604143205288135,-0.03128570678462631,9.66182208145526,0.3149399215148096,0.29100447413566843,0.35150675803620457,0.05892705508912806,-0.04168425601289348,-0.005978522168218808,0.10534249788495545,0.0826962834331201,0.10969617707516897,0.37424966718987107,0.8788138359264099,0.43402259740429816,20.833333333333336,1194.4208269519643,50.2335513967164,,,,
2026-09-11 15:37:29.223237,device_0019,route_0005,event_034286,26.974824882648896,74.64642657069164,9.513746158481553,URBAN,DUSTY,OTHER_ANOMALY,0.48758277737696604,0.35661789895205565,10.256198010092938,1.5291321206513253,0.6107580804058832,0.9276497454255253,0.03810619075879814,-0.0639604311651903,-0.02940231478042639,0.1680888780375481,0.3301157265979159,0.28415403237130094,1.2730279648502167,3.5765440892466422,0.5542364895799895,1.1111111111111112,866.4604906892114,51.93543212132559,,,,
2026-09-11 16:19:20.223237,device_0015,route_0037,event_059396,29.495810736885936,71.8615720595938,61.17112260548944,RESIDENTIAL,CLEAR,NORMAL,0.10312973850471839,-0.17263944769583028,9.6128592008509,0.31299875551343875,0.3160154654723425,0.31897687126373353,-0.0033109836920409805,0.050494249967297886,-0.04398757644531581,0.09964595758032728,0.10785298257723869,0.11075707731496963,0.36068142448444934,0.795922359733737,0.4441119816470463,16.666666666666664,1170.7151707482878,48.688187719961995,,,,
2026-09-11 15:44:52.623237,device_0018,route_0006,event_038720,25.423818007170944,76.09012105603078,20.589536159804997,RURAL,RAIN,NORMAL,-0.03749845578293595,-0.20346003428320847,9.974381428515562,0.32820556765458725,0.3120731380828445,0.3049195793324839,0.06051270807370999,-0.03823786078994975,0.03224194215671378,0.10091400493945982,0.1140689517876361,0.1078783947656985,0.35855286969750894,0.9426271502887094,0.47479101653307554,19.166666666666668,1196.452449290308,50.14825289178003,,,,
2026-09-11 15:32:12.623237,device_0021,route_0001,event_031120,25.87502364481684,77.01800757066594,86.70239839604682,URBAN,DUSTY,ROUGH_PATCH,0.07350321284465458,0.040165224045377576,9.820401541071366,1.1617500426523804,0.6231993917304706,0.83553614943921,0.007021893270653044,-0.04029164147832415,0.011726232431922617,0.20334193998608524,0.1951003142208649,0.19369010394888653,0.8437877968548363,2.106723108749758,0.3916504467969621,1.8181818181818181,1083.783040176026,50.74816449523607,,,,
2026-09-11 15:57:50.523237,device_0013,route_0008,event_046499,32.525091267451835,78.3242268876536,60.954631364459225,RESIDENTIAL,RAIN,NORMAL,-0.020197562062726392,-0.19917363194755633,9.700459316566958,0.34233274345615916,0.314052963262945,0.314772040762496,-0.014846634998592961,0.05111795379674161,-0.008471585599910502,0.09022622029135288,0.10705220991685928,0.11080072836754708,0.32932886241399695,0.7914864057303088,0.4596951166885124,21.929824561403507,1155.7611609067421,49.31814801189647,,,,
2026-09-11 15:32:42.423237,device_0006,route_0040,event_031418,28.467238558028324,74.4143167101022,76.03505890383778,SERVICE_ROAD,CLEAR,NORMAL,-0.036613639793175536,-0.10216084711051855,9.93626475619763,0.32013702659782084,0.3132106358383481,0.3134258814802973,-0.010382404758280296,-0.03747992653443467,0.005472271299308611,0.08396123828760584,0.0958559759257005,0.09149220780512782,0.34441952408265614,0.9848079164250887,0.43706814223186197,4.4642857142857135,1169.7676911232593,47.87275321839885,,,,
2026-09-11 14:42:57.823237,device_0005,route_0008,event_001572,28.65232863862872,77.17244064915553,39.54724350651481,URBAN,RAIN,NORMAL,0.20224317379694637,0.07204160469832509,9.92845098854916,0.3025069721140413,0.28421823208317404,0.3277178954594022,0.016384967203847658,0.0059220404290417404,0.044557592500262685,0.11443063454188254,0.103442391633209,0.10026551767418837,0.3553222452217715,0.7360956381346782,0.4336794611583584,6.25,1173.3612685170888,47.72613644455269,,,,
2026-09-11 16:50:26.223237,device_0015,route_0015,event_078056,21.811981178729617,79.05793606339965,20.2737354828511,URBAN,CLEAR,ROUGH_PATCH,0.18005740281969937,-0.07779493156400127,9.699959784867529,1.3083638226032377,0.6221691742399669,1.269666561421455,-0.01947217871627433,0.006889727265654297,0.013469764303299844,0.2544087179771939,0.19401060962645383,0.18965197120233487,1.257955359799666,3.04191474942494,0.4507893169388421,1.923076923076923,1068.0208575247539,48.688187719961995,,,,
2026-09-11 16:08:48.923237,device_0004,route_0022,event_053083,33.42931294811429,76.98584641809566,10.123874764998826,RESIDENTIAL,CLEAR,NORMAL,-0.15817329149725542,0.02584779899828125,9.629663375619453,0.31907027724836234,0.2905777141636407,0.25636262479166405,0.030800710865832647,-0.023320619864258898,0.026448680836630913,0.1027602684597739,0.10701934736909469,0.09460114455975675,0.302056969970242,0.7713249951338152,0.451299272288654,22.5,1194.4208269519643,50.2335513967164,,,,
2026-09-11 15:26:41.123237,device_0002,route_0034,event_027805,27.849619592073402,74.86672771573984,9.469527879293308,RURAL,CLEAR,ROUGH_PATCH,0.02838609289153009,-0.1413430068248878,9.709628648545936,0.540740839193449,0.6614068538514225,1.2120468157797006,0.0067689649831901835,0.0013383772890950315,-0.021061129734126674,0.23431142198325455,0.13261222942325446,0.24297035186557403,1.1974725279393346,2.613579067858911,0.4017733976743927,1.8181818181818181,1089.9274821644876,50.462072844310214,,,,
2026-09-11 17:21:41.623237,device_0003,route_0026,event_096810,21.89738380588111,82.87143448413983,60.259796919975294,RURAL,CLEAR,NORMAL,0.007677029850731196,-0.11062353255793678,9.621942121565239,0.3263803290418197,0.25243921184208906,0.3152088645898178,0.06799590246017434,0.05002770052171355,0.031117096879435754,0.09129866279453693,0.09336277050681893,0.09436120923895241,0.35736559877005963,0.7123038133880168,0.40447737214086765,22.5,1178.291970417501,50.92116513256079,,,,
2026-09-11 17:23:05.523237,device_0027,route_0023,event_097649,23.845494631156225,84.65528232113516,10.656565556603272,URBAN,CLEAR,NORMAL,0.1127593112222019,0.16313439271901128,9.96143803186373,0.394782906987826,0.27790760546147336,0.3566641735560231,0.048683138941513236,-0.013470936680287291,0.0062970527868665615,0.091527765803343,0.11239953360544593,0.09643839704210705,0.3984389034474838,1.2980737315014892,0.44300248422520744,1.6666666666666667,1176.2437718505519,51.009834386288524,,,,
2026-09-11 15:06:44.823237,device_0024,route_0035,event_015842,27.528020037837273,78.31833630623638,42.619829654844224,RESIDENTIAL,WET,NORMAL,0.12820087871789762,0.15945911967582435,9.916561300637845,0.32617537298066857,0.3120280980053704,0.3036995069075993,-0.03562436580473207,-0.030192564832935413,0.033267934883030294,0.12378802110538009,0.10065662353875011,0.09824227313708296,0.3285815940211744,0.773586181431094,0.44718719082791103,23.770491803278688,1165.9444844817242,52.318099885446266,,,,
2026-09-11 16:08:25.823237,device_0006,route_0026,event_052852,24.930848412775656,80.33611541440744,9.218541096371132,URBAN,CLEAR,POTHOLE,0.03941451011388635,-0.12882305225441684,10.013800367049228,0.25536249645006603,0.2861811556055801,0.5158153690748747,-0.019784810014965168,-0.050900036287337,0.007154612764974273,0.09754240122047596,0.07664894697922962,0.08793559364733365,0.5615703996655508,2.650807636734479,0.6011195311650264,20.21276595744681,981.7693121927355,47.87275321839885,2.9177013746790066,4.741336840580806,5.03158183910924,LOW
2026-09-11 16:03:54.323237,device_0005,route_0014,event_050137,32.7139801593299,75.57225204908342,20.75764737788385,URBAN,CLEAR,NORMAL,0.2546344172376026,0.14409631838454812,10.006969455222048,0.3334033330247144,0.2722239384560127,0.2844984458071316,0.04894208101922499,0.02296842033514463,0.032487530512034284,0.10875509027526378,0.10345060972350302,0.08998119482820909,0.36058031276394675,0.9883487209188644,0.4361578158543552,17.857142857142854,1173.3612685170888,47.72613644455269,,,,
2026-09-11 15:26:14.323237,device_0013,route_0018,event_027537,30.76578034962478,78.31677855026392,20.408513652638376,URBAN,CLEAR,NORMAL,0.009352348139697627,-0.14907625094268298,9.675729013893244,0.3444276867009942,0.35366608873088506,0.30141515491750137,-0.013280152899665469,0.054990302507563926,-0.04846154054875314,0.1082427259241759,0.10690532350151905,0.10479519324571597,0.320538333917756,0.9056415704304221,0.4988750449428079,16.666666666666664,1155.7611609067421,49.31814801189647,,,,
2026-09-11 15:00:06.123237,device_0023,route_0026,event_011855,27.760058327680778,77.97187001220584,20.212936122506395,RESIDENTIAL,CLEAR,SPEED_BREAKER,0.11567748295023964,0.021674782765808028,9.999796564541736,0.3209971848580643,0.3416078081341516,0.5964336937510725,-0.015581825841659997,-0.015015951600665926,0.01616024484982224,0.10779777594618341,0.09475129597087661,0.10297700958280352,0.6384789179800051,2.8100573719062893,0.49094435162685607,0.7142857142857142,1379.925901098543,50.72736147953584,,,,
2026-09-11 15:48:49.923237,device_0021,route_0000,event_041093,24.94832272873745,76.28185123247259,38.61334673257738,RESIDENTIAL,WET,ROUGH_PATCH,0.024609773686946845,0.07454513247373447,9.920920393624003,0.6249371406116407,0.7826472801058395,1.0469057487341908,-0.05698539899768541,0.004426904342117514,-0.012964032474740246,0.20173129824507335,0.18056758126349326,0.2223754318886041,1.0535049841137325,2.52655056116636,0.42016367632682217,1.8181818181818181,1083.783040176026,50.74816449523607,,,,
2026-09-11 15:48:34.723237,device_0015,route_0007,event_040941,26.32338698132503,80.05396166881182,10.21921082244143,URBAN,CLEAR,NORMAL,0.17450360172215698,-0.14337447363029057,9.642055568851912,0.33342845725949327,0.3349150923557914,0.3654273617634844,-0.014980959424648622,0.038513317846144646,-0.028055367836846923,0.07894850920095794,0.08719214478015434,0.08132689408430734,0.3921703396679413,0.9318181727165751,0.5165293672819518,18.421052631578945,1170.7151707482878,48.688187719961995,,,,
2026-09-11 16:50:41.823237,device_0001,route_0030,event_078212,34.58238025349634,81.08065189386545,72.12026536352548,RESIDENTIAL,CLEAR,NORMAL,-0.22067239061241475,0.14661110997369625,9.975976832121022,0.2812838164092742,0.2766451393314572,0.30297419048669394,-0.025102982728629993,-0.040846255150544145,-0.04780972598793993,0.09945702343535079,0.08886903058138294,0.09625149133896373,0.3535182466808859,0.9389083101686264,0.4241954733623234,22.807017543859647,1147.8114285371462,49.659725093210575,,,,
2026-09-11 16:38:25.723237,device_0003,route_0036,event_070851,35.02357364068166,76.73880502971132,64.22316841656387,ARTERIAL,CLEAR,SPEED_BREAKER,0.025871961047635988,-0.05120650486249763,10.231640156976757,0.4253765723169946,0.9972172809623023,1.5087452854246457,0.10326924028177677,0.04176880242413564,0.011038810339910997,0.2330719759158391,0.27086622367554236,0.23624635989126094,1.6755698009060085,6.130261164190905,0.9966655177838651,0.7142857142857142,1374.6739654870846,50.92116513256079,,,,
2026-09-11 17:03:31.223237,device_0017,route_0032,event_085906,33.39574485992763,83.17655109035628,19.179460554056927,HIGHWAY,WET,NORMAL,0.10380994754865676,-0.23010163029295888,9.811801170590709,0.3310379141518108,0.23356023446207774,0.28214793463073884,-0.03510457273417667,0.04532538626584684,-0.028805110443542926,0.11322177816213104,0.11261832131952501,0.10277612826652087,0.2811464373268191,0.8516785231583626,0.42807923202812903,22.13114754098361,1168.9485129122031,52.183649943683676,,,,
2026-09-11 16:37:23.223237,device_0022,route_0028,event_070226,24.434090536947668,72.57021249963263,37.26726310399889,RESIDENTIAL,CLEAR,NORMAL,0.06217073496751662,0.10206900591387967,9.68601155496687,0.36216985802779933,0.3198689446727515,0.3113599778189839,-0.0021100687773117637,-0.0043487849251912505,-0.026008228459413255,0.10146754994267188,0.09865553964519445,0.09176590582854667,0.32680541845886235,0.8625893749719058,0.45437691928842733,3.278688524590164,1173.9747253078074,51.96023277588557,,,,
2026-09-11 15:09:05.323237,device_0025,route_0010,event_017247,29.331803263312946,78.57758577504448,20.512866942718027,RESIDENTIAL,CLEAR,NORMAL,-0.07730365060082531,0.003659158078800241,9.891110554330151,0.33691924559995995,0.3482048469804611,0.34792293162823607,-0.022429259392825324,-0.03269636650873025,-0.020387475950470402,0.09525015144012614,0.09158958160428514,0.09802204949959963,0.3628054104017191,0.7746044067031796,0.4877573207366688,8.333333333333334,1191.6511525911126,50.35030585044683,,,,
2026-09-11 17:12:33.623237,device_0029,route_0008,event_091330,36.389348302453875,79.47321500984705,20.64739765659395,RESIDENTIAL,CLEAR,NORMAL,-0.24469768916695395,-0.19402783999359483,9.887417617808754,0.3627563616887021,0.3365444490780405,0.32955502255352137,0.007058502877352905,-0.026113747205383325,0.0006323683596671994,0.09854898525827646,0.09385788861025005,0.10801495220051092,0.34872850042589826,0.8564342730868866,0.46713550459588915,20.833333333333336,1185.4321676861896,50.614452379095,,,,
2026-09-11 16:44:21.723237,device_0025,route_0042,event_074411,35.231074461581066,77.8120736885219,21.40505689409573,HIGHWAY,CLEAR,NORMAL,-0.07124212366136465,-0.10098624030330063,9.880269895067068,0.32355273873202045,0.32160301856855766,0.29946297394919824,-0.041996587970417505,-0.049443495156266865,0.013931186596267244,0.10645141093453184,0.09346355480814691,0.10529632383563137,0.31118197151625443,0.9973344275934988,0.4560213815287381,16.666666666666668,1191.6511525911126,50.35030585044683,,,,
2026-09-11 15:03:14.123237,device_0016,route_0030,event_013735,29.710145164287574,77.93659218941308,36.949802704962586,ARTERIAL,CLEAR,NORMAL,-0.03638151566260784,0.07306908701800714,9.901775784747818,0.3067732596079134,0.3184003226245235,0.2896568745620529,-0.007900326588715933,-0.05582559699069111,0.031202260659916096,0.09249105526341078,0.10157631197038682,0.09748018370549612,0.30982254919244573,0.6895532466654846,0.44591915365785656,24.107142857142854,1173.9088107441603,47.70387570777382,,,,
2026-09-11 16:46:13.923237,device_0026,route_0004,event_075533,32.36287424014735,82.79608696559009,9.95337456931268,RESIDENTIAL,CLEAR,NORMAL,-0.029524153898274338,0.17923059036108213,9.638717051193698,0.3126880614048328,0.31314233843747113,0.3091758387781079,0.0017742024417296413,0.04796421863457705,0.026016406287823913,0.11366847336466628,0.08948871538334638,0.10536360429432688,0.3422745185121424,0.7867260480833504,0.42218733816482074,10.526315789473683,1156.2462834189637,49.29745575609877,,,,
2026-09-11 15:13:18.423237,device_0007,route_0031,event_019778,26.865488870041727,77.85772299156302,10.299367052022337,URBAN,CLEAR,NORMAL,0.14351704269382387,-0.09565199998201498,9.68391685559819,0.3432066326539242,0.3371843300178388,0.30943043519299324,0.03358194676111495,0.0011564045903395925,0.008313130993473385,0.09572261327102193,0.10242198113054739,0.09997715014143152,0.3266849361891377,0.8527939334328174,0.47271364188200365,14.035087719298245,1156.3665497149682,49.29232864272136,,,,
2026-09-11 14:53:49.923237,device_0021,route_0005,event_008093,28.234371949331905,76.63688457925156,21.193740294812695,RURAL,CLEAR,POTHOLE,0.04272038114529952,-0.016265762685341925,9.896124751556224,0.2556316623662498,0.3923981347637612,0.4916692366590518,-0.031001986079616763,0.045345457511921004,-0.008398695455497944,0.10923016695967247,0.11867932485502587,0.1208015508410028,0.5078885866776032,2.22505264982507,0.570926848600886,20.0,985.2573092509326,50.74816449523607,1.9572370405762767,3.8439771376060223,2.9781228255463725,LOW
2026-09-11 17:14:33.923237,device_0018,route_0042,event_092533,36.856102732697934,77.93665674282352,55.635489980977376,HIGHWAY,CLEAR,NORMAL,-0.01867161153494307,-0.12405846890361825,9.942687408272098,0.3759266438293927,0.39242402921658487,0.2681132927112947,0.013954796643945054,-0.04352356140706971,0.016719098111641798,0.10193009187137052,0.09963874355043022,0.09489385408790067,0.312196151026432,0.7160405878460825,0.48193410427847333,12.5,1196.452449290308,50.14825289178003,,,,
2026-09-11 16:57:19.823237,device_0029,route_0043,event_082192,21.242594836406667,76.00718242812096,86.8264788957525,RESIDENTIAL,WET,ROUGH_PATCH,-0.09401875523157294,-0.15062205442833101,9.958514249401267,0.6504446701757514,0.6238165125617726,1.0584459504489492,0.015596463343491497,-0.03427702707648947,-0.027569821639072453,0.23622152944724972,0.22269032173607622,0.22715598567958403,1.0476994344470933,2.4993413004756704,0.4298933245664769,1.8181818181818181,1086.6461537123405,50.614452379095,,,,
2026-09-11 16:32:48.923237,device_0008,route_0039,event_067483,34.20921799768734,79.30535056197596,72.63113507024464,URBAN,CLEAR,POTHOLE,0.08585463431739586,0.02138269950447925,10.051807574892926,0.793871324379875,0.49872585614318876,1.4235351896036152,-0.008218057768966442,-0.015324112854069124,-0.024708937868981054,0.311562242461268,0.38130156141622173,0.2934162792669222,1.5265297244503655,6.402222062583196,1.0829394665523777,3.0,962.722170790902,51.936063712881634,3.1382719420919947,5.412770727115395,3.9230957826092774,MEDIUM
2026-09-11 15:58:08.323237,device_0013,route_0031,event_046677,24.607624624806725,78.72643318279711,63.60853004534792,ARTERIAL,CLEAR,NORMAL,-0.025405530266592438,-0.16694874586255098,9.69386501745283,0.3203379117317828,0.3515304231618144,0.3168272123369428,-0.011130431339923611,0.03316429010879267,-0.02195845198925367,0.08991692322236576,0.08915365419172327,0.10241172769193743,0.3293897914190416,0.7701084524547692,0.45898502367577515,6.140350877192982,1155.7611609067421,49.31814801189647,,,,
2026-09-11 16:44:06.323237,device_0003,route_0049,event_074257,35.22265531147741,76.05496179698491,9.68682053595936,RESIDENTIAL,CLEAR,SPEED_BREAKER,0.05106607324187869,-0.0874025907258301,9.73375257762134,0.338425232368551,0.28363033389068193,0.6169618451399383,0.04767950380385525,0.052469240618539865,0.03049499021763643,0.07236260114376676,0.06532356137935086,0.07010942074197844,0.6192927445126384,2.2201393052547633,0.6041711188330907,11.428571428571427,1374.6739654870846,50.92116513256079,,,,
2026-09-11 16:11:17.423237,device_0006,route_0024,event_054568,28.71245456280101,72.2874929601602,9.719255629351197,RURAL,WET,NORMAL,-0.09686729501661955,-0.116783225300979,9.928483864034462,0.3102729778796647,0.3169227866085634,0.2877677787335805,-0.002339908307924421,-0.01876866656778828,0.01882933188790795,0.0909440443293461,0.10145488045386696,0.11438894471622223,0.3189550708520044,0.7147281163906225,0.42402687955203716,15.178571428571427,1169.7676911232593,47.87275321839885,,,,
2026-09-11 16:22:46.623237,device_0009,route_0023,event_061460,25.60303673417905,81.91600668256463,87.37661201938994,RESIDENTIAL,CLEAR,POTHOLE,-0.1175087052196303,0.3159591287733576,10.836065492756207,1.0768452662016015,1.3396835686002355,4.762674824533633,-0.1592757758636389,-0.005375685457129725,0.09784602226838775,0.5413217638684338,0.567518715891676,0.3733053640914823,5.079195193857556,24.996904570124283,3.3827422306559662,3.1914893617021276,986.8332169875905,47.62709563372047,13.071530801356385,28.4929494288212,23.475187308112,CRITICAL
2026-09-11 15:32:02.723237,device_0018,route_0041,event_031021,28.086227387019058,79.90319051288745,9.019445468704326,HIGHWAY,CLEAR,NORMAL,-0.04253861003825446,-0.15939072942984367,10.001805800259273,0.2578611954766498,0.36224015793934616,0.3558780619109293,0.060921131042026594,-0.029146504497195934,0.02300486470156941,0.09321853967455578,0.08802888113734983,0.11366852722130713,0.4139755247922172,0.8708578056453149,0.47603822661815987,2.5,1196.452449290308,50.14825289178003,,,,
2026-09-11 14:43:53.523237,device_0002,route_0029,event_002129,28.48291857017393,77.00562619880243,62.40799786378618,URBAN,CLEAR,SEVERE_POTHOLE,0.07374172698134863,-0.2842138938666567,13.12338507429176,0.8013009563184382,1.216801911242424,13.805788940217576,-0.09588039078211213,-0.1563962526498216,0.09636580808580575,0.39677195946232824,0.584807100438817,0.48906579673084494,14.14772062919181,57.789082517161006,7.535250047238665,1.0,990.8431656040798,50.462072844310214,22.829533287027072,60.27227539136216,32.17227555460988,CRITICAL
2026-09-11 17:18:59.023237,device_0008,route_0041,event_095184,26.801594734836872,85.52945677688756,18.447127469832132,RESIDENTIAL,CLEAR,NORMAL,0.19470451404119674,0.04950424625161409,9.70806337584975,0.40609775682713306,0.328308712088143,0.32438554230863725,-0.042495674522563066,-0.02423150148607486,-0.016801310546541836,0.10877655369038212,0.09521875053262306,0.10588167711638674,0.3353585634831271,0.7686418684878085,0.5225209387692925,23.770491803278688,1174.5210483649005,51.936063712881634,,,,
2026-09-11 15:00:06.923237,device_0002,route_0049,event_011863,29.683809465759648,76.95376161064219,39.00136477299358,URBAN,CLEAR,NORMAL,0.08292395300602934,-0.18360928026058418,9.705276191983593,0.2843243597637204,0.3067761769012356,0.29705916677365046,-0.020915552824010378,-0.003736768488598796,0.011321016435742166,0.1059372313704164,0.09964915845079413,0.10738805880662478,0.3055742486554951,0.7253034538445355,0.4117558356151967,19.166666666666668,1189.0117987248957,50.462072844310214,,,,
2026-09-11 16:12:04.823237,device_0001,route_0008,event_055042,33.26155179070496,78.54317717977459,20.589604910446585,RURAL,CLEAR,NORMAL,-0.2698041749537913,0.23954234622990989,9.906959773655805,0.33170288829376804,0.3112982848950463,0.2811489531046054,-0.019498228681199825,-0.04452051189351146,-0.02996395441019325,0.10985881414774937,0.11349702278079145,0.10906223283486924,0.30872283123070954,0.7069698435831686,0.42428111285923503,0.8771929824561403,1147.8114285371462,49.659725093210575,,,,
2026-09-11 15:04:23.023237,device_0017,route_0048,event_014424,27.305761854444388,77.4399645254452,59.437262060147575,RESIDENTIAL,CLEAR,NORMAL,0.024752825338934602,-0.1790220437526381,9.815529291827147,0.29887892412893374,0.33054851678276675,0.34764570647722637,-0.012592184526953596,0.02029760171267195,-0.013040055020796781,0.1051247903650905,0.09091790365571874,0.10433760157266643,0.3468634711138545,0.7681080195408274,0.4476652006685487,23.770491803278688,1168.9485129122031,52.183649943683676,,,,
2026-09-11 16:07:15.623237,device_0024,route_0022,event_052150,33.3456882108268,76.99062908619837,10.943321333780943,URBAN,WET,NORMAL,0.22372844632762098,0.1705923471180083,9.930097924717945,0.3346135498830685,0.2707543742043498,0.3382693534666763,0.006657286138881938,-0.051602016420043126,0.03343836116912166,0.10423854456516615,0.09361537039720243,0.09069314188297434,0.3695361081202445,1.1664742170102045,0.43745118052654564,1.639344262295082,1165.9444844817242,52.318099885446266,,,,
2026-09-11 14:55:36.723237,device_0017,route_0041,event_009161,28.522999029035123,77.98745423933985,62.532584353543356,URBAN,CLEAR,NORMAL,0.05344571610878342,-0.20543399144506333,9.785037359967015,0.3121691569405512,0.2997196049212865,0.36353407291977,-0.03369475628578279,0.012309412120671964,-0.05507313055203657,0.11648667245810213,0.09793449379025825,0.10591334477141714,0.36465431697513107,0.78295585885515,0.4767031965557155,16.393442622950822,1168.9485129122031,52.183649943683676,,,,
2026-09-11 15:51:27.123237,device_0024,route_0046,event_042665,32.31240213018629,78.37004204619778,9.072871042773796,RESIDENTIAL,CLEAR,NORMAL,0.15791417058268017,0.19465152522896745,9.971465136722212,0.3138486428132543,0.3452289936339573,0.32361732324058534,-0.014689846341103464,-0.04618620492730655,0.026056713940045943,0.1040434919116042,0.10562763911409742,0.11202952461853985,0.3713559531492695,1.02806367715041,0.4704338344238456,18.0327868852459,1165.9444844817242,52.318099885446266,,,,
2026-09-11 14:52:32.123237,device_0002,route_0002,event_007315,28.06294004833685,77.40918147903854,10.76602492625687,URBAN,CLEAR,NORMAL,0.09088878209465681,-0.17983392435824275,9.686414090988027,0.3157496290073714,0.27652629487012637,0.2673325353074952,-0.014661524726436458,-0.0031481408658585353,0.023488792602805862,0.11700641241803932,0.10503015605569284,0.10234345854342367,0.28341654904042013,0.7753955252921454,0.3885652244198649,16.666666666666668,1189.0117987248957,50.462072844310214,,,,
2026-09-11 14:43:58.623237,device_0018,route_0032,event_002180,28.706131495013725,77.28572070469986,82.57891456177762,RESIDENTIAL,CLEAR,NORMAL,-0.08033131461287593,-0.2225473031540711,10.012197424739261,0.3156910990000519,0.3082069528739957,0.29466328593677266,0.04462018627821702,-0.04858562126503547,0.021040544880558197,0.10260747549726389,0.11852379998328133,0.09918248739842207,0.3715554834965159,0.887729727006155,0.43588872699911724,20.833333333333336,1196.452449290308,50.14825289178003,,,,
2026-09-11 16:32:36.423237,device_0020,route_0019,event_067358,31.070230864747664,71.54617230983925,42.358411520781544,URBAN,CLEAR,ROUGH_PATCH,0.048718437642922365,-0.1835426955052969,9.681860893538689,0.769940693952304,0.6030455541834124,1.2013879755616383,0.019050735813974328,0.02408173126292394,-0.09317103854690321,0.14780673995848928,0.15928859128843828,0.2331366400898605,1.1804837266240906,2.591459479835404,0.40016220305328604,1.9607843137254901,1073.112458033394,47.52530791923109,,,,
2026-09-11 14:56:20.623237,device_0006,route_0011,event_009600,28.022878999423515,76.58428500028671,42.912210000065784,HIGHWAY,CLEAR,NORMAL,-0.026614881947071456,-0.08599432342754973,9.938315609569324,0.25990509963246555,0.25956187616500437,0.3109190625031708,-0.03692466242472715,-0.022990342534578444,0.013833761890355192,0.09902791667728843,0.10955426062049502,0.10403250447547031,0.3442275870419411,0.9467526583892028,0.394286297525915,12.5,1169.7676911232593,47.87275321839885,,,,
2026-09-11 15:39:54.223237,device_0004,route_0048,event_035736,25.438807050720097,77.873282852541,55.95487663251895,URBAN,CLEAR,NORMAL,-0.20990943153230804,-0.044605969538361746,9.637342869169066,0.2942650511663241,0.3017404668342484,0.3253108678904696,0.040014034504518146,-0.011849196994174338,0.03107126516601267,0.10360998560141493,0.11143781615692011,0.09364389512756859,0.3558906533032948,0.7098326261699643,0.4333639202710316,14.166666666666668,1194.4208269519643,50.2335513967164,,,,
2026-09-11 15:31:07.023237,device_0008,route_0034,event_030464,27.784682177722647,74.63650841644731,42.16825370495062,RESIDENTIAL,CLEAR,NORMAL,0.20104483721566277,-0.0025609472716557973,9.703068585984175,0.2854998196690333,0.3613199566482909,0.3445357306647481,-0.04327873496748087,-0.01519633887738401,-0.027599088211206508,0.09285109807264173,0.09426363013835028,0.10471394646394952,0.3549081593385423,0.7932611702034968,0.4881143862936896,11.475409836065573,1174.5210483649005,51.936063712881634,,,,
2026-09-11 14:57:57.723237,device_0010,route_0043,event_010571,27.58608935657501,77.12270430969163,64.49554924439565,RESIDENTIAL,CLEAR,SPEED_BREAKER,-0.2698277729819584,-0.09579901385070372,10.333169974368708,0.8077535809661252,0.736665715547472,1.7208471249176986,-0.006123196410139537,0.031694474938485075,-0.026703758324394134,0.23630269499502393,0.24114994451024388,0.2440059847042391,1.9083541362233962,6.744211191352985,1.0782749576173243,1.5151515151515151,1356.7965719363824,48.64399082745811,,,,
2026-09-11 17:03:17.223237,device_0005,route_0027,event_085766,25.4410804748945,84.12022401728802,21.213752079608383,RESIDENTIAL,CLEAR,NORMAL,0.1844446322074818,0.10354768415252114,9.955833691820844,0.269965644182391,0.3153862707480353,0.28437150167180425,0.031357782583142056,0.00967530922199719,0.032123463903102445,0.09252197800762352,0.09198092958744612,0.10024169894239318,0.32998791622054113,0.6944037519079966,0.40034000140392345,5.357142857142857,1173.3612685170888,47.72613644455269,,,,
2026-09-11 14:50:38.123237,device_0027,route_0044,event_006175,29.0740664970198,77.11355823630151,20.84641595462404,ARTERIAL,CLEAR,ROUGH_PATCH,0.09449268280768942,0.061683412850844714,9.999750424469264,0.7188328350958114,0.45103228287442904,1.2179404114177017,0.03502725368239895,0.008157150549121082,0.037236247029107127,0.19828474110247635,0.21770806462326917,0.1803715455811661,1.2378664924374547,2.8155916456286363,0.4565969214063578,1.8181818181818181,1078.2234575296727,51.009834386288524,,,,
2026-09-11 15:32:20.223237,device_0026,route_0022,event_031196,31.464396312201103,77.10305297846637,18.37148774514469,URBAN,CLEAR,POTHOLE,0.0075340913872363,0.27316410279644127,9.865412813201853,0.35861854128029175,0.31830107548280545,1.709882407122065,0.0049317778714615245,0.027342867324953887,0.02127485560133171,0.10685340866874987,0.1252849835296306,0.13124831733099193,1.718902484152059,6.668736058517791,1.6456196077980798,23.404255319148938,953.396058257742,49.29745575609877,13.681811835065524,33.75106470103649,16.61139759044768,CRITICAL
2026-09-11 16:49:26.323237,device_0011,route_0049,event_077457,35.50644806625096,76.00866369529803,21.16871432069392,RESIDENTIAL,WET,NORMAL,-0.08090549484368882,-0.10129771130205702,9.949205157091077,0.3154638925514601,0.3114400724279743,0.3638421727090035,0.04128405069143632,0.009044052973363205,0.036498470058584614,0.10514375787008311,0.0941324209406196,0.10124384808097034,0.3970165041178991,1.1862119033795473,0.4994931095639817,22.950819672131146,1173.916838169756,51.962794992449886,,,,
2026-09-11 14:42:22.723237,device_0015,route_0018,event_001221,28.631781669376537,77.2932036279549,76.56827344846558,ARTERIAL,CLEAR,NORMAL,0.1928214339205205,-0.03986614760640568,9.69006628131563,0.3471925924187213,0.32878233206880825,0.35831367884349175,-0.013174736379505671,0.054430472066295414,-0.049729277128685544,0.10484801901359136,0.0963324117381986,0.11034024715180367,0.37104944210337437,0.8278747308030248,0.5056839450280072,20.175438596491226,1170.7151707482878,48.688187719961995,,,,
2026-09-11 16:44:25.423237,device_0020,route_0005,event_074448,25.04324339640655,71.59465220723649,21.002173843591972,URBAN,CLEAR,NORMAL,0.04941008971107247,-0.14630133709579715,9.603186001242419,0.23989732796036026,0.3203937257621715,0.33917059657777693,0.02951751000760871,0.002733972823938187,-0.03040958858170652,0.07286978288602726,0.1004015277732166,0.09212067744785142,0.38794306464312034,0.8895123553288382,0.4331762455602547,10.714285714285714,1178.3195617621582,47.52530791923109,,,,
2026-09-11 15:42:04.323237,device_0019,route_0048,event_037037,25.32477759319202,77.899946149796,37.63966671720127,RESIDENTIAL,CLEAR,NORMAL,-0.1284558232395357,0.204051587299356,9.907419151659923,0.3160533683846299,0.3047884541976839,0.32483752611466976,-0.0027418818979614867,0.002442296810011535,-0.018240319221316283,0.10178157318565571,0.10373096470568338,0.11023459513437087,0.3486939631229005,0.8909956130593777,0.43630357200191244,11.475409836065573,1174.5353318231532,51.93543212132559,,,,
2026-09-11 15:07:29.623237,device_0003,route_0035,event_016290,27.499634142926244,78.3470347730316,20.168474951706568,URBAN,CLEAR,NORMAL,0.03882434223609477,-0.06437399998187728,9.673771815296693,0.32258071653698184,0.2847481976484604,0.34322751537587964,0.03816157208230189,0.036534638720059,0.0206387935841728,0.09700209698002685,0.0943691354824154,0.09160282785127496,0.36014159503384596,0.944669546079913,0.46799564475986805,15.0,1178.291970417501,50.92116513256079,,,,
2026-09-11 15:22:45.823237,device_0004,route_0002,event_025452,26.55014649756819,78.01957206302744,10.116073025918347,RESIDENTIAL,WET,NORMAL,-0.13535931904359444,-0.009616355373701728,9.670690489768075,0.29602949929767836,0.29528674849939757,0.33974318557980243,0.05089954913205711,-0.017416250889718397,0.009779618623516973,0.10440507339601611,0.1186612344748591,0.09695018226718455,0.3614958173848166,0.8613586500582002,0.4516846598564218,7.5,1194.4208269519643,50.2335513967164,,,,
2026-09-11 15:36:16.823237,device_0028,route_0008,event_033562,31.40996691865328,77.9925348535869,21.751879528756056,URBAN,RAIN,POTHOLE,0.19431154918764834,0.011845485047471866,9.816908064366709,0.30421068267565327,0.40033741798919775,0.5524792886959974,-0.01279155789139282,-0.004424877505572284,-0.05666539068376892,0.12118298370466954,0.12642390923793553,0.10219814736459837,0.5470674410192287,2.276706580868378,0.6878411733507955,22.340425531914892,960.5027719017459,48.932706260641424,4.018483378243651,9.919745854726353,6.145404460993219,MEDIUM
2026-09-11 14:41:26.123237,device_0018,route_0016,event_000655,28.759284470191474,77.17206227603653,61.088156926678224,URBAN,CLEAR,NORMAL,-0.05706087692957914,-0.18066444746292903,10.072435714237185,0.345833448532768,0.3521124388845804,0.3535463596519592,0.05244011356820859,-0.00831856776863392,0.017923338486867182,0.09721118184463402,0.11548065016165256,0.08312844812338784,0.45445905309864204,1.102565679988496,0.4931601882905739,20.833333333333336,1196.452449290308,50.14825289178003,,,,
2026-09-11 15:52:38.923237,device_0017,route_0044,event_043383,32.357787014075704,76.47193175856218,87.06195017243458,URBAN,CLEAR,SPEED_BREAKER,0.07495654529693765,-0.022129590918148572,10.496244895013607,1.18975464123002,0.9265111555097022,2.158719230730027,-0.017382681235590277,0.0041712951711319205,-0.005506840974292073,0.28859188444371664,0.2967038689931371,0.4155166001510202,2.4451010561510675,9.392614195225455,1.5886472399796776,1.4084507042253522,1360.579416668302,52.183649943683676,,,,
2026-09-11 16:28:23.823237,device_0013,route_0009,event_064832,22.93073855948596,78.19188426145861,74.1093026172001,RESIDENTIAL,CLEAR,NORMAL,-0.03946817708299409,-0.1138551655510719,9.719415392260638,0.34358140218398286,0.3205765498081848,0.31577926477179424,-0.012653816538000491,0.059711804690687216,-0.013092378529777831,0.08136733559678458,0.1133721840488693,0.12473893147355182,0.32381686628070006,0.816844783177963,0.4389951185558712,16.666666666666664,1155.7611609067421,49.31814801189647,,,,
2026-09-11 15:43:09.723237,device_0010,route_0033,event_037691,31.564758796047155,78.83837186412497,72.02643124638703,URBAN,CLEAR,NORMAL,-0.14504325581176652,0.10333513544740447,9.716740905294241,0.31521464821612316,0.33199099988624925,0.35365379714947487,0.012181624631843881,0.04088349947588223,-0.029400395718476073,0.09760295095620461,0.10399842341598561,0.10733174540299045,0.3578331319211615,0.8249508456136496,0.48974069986427315,23.684210526315788,1171.7788575814213,48.64399082745811,,,,
2026-09-11 16:04:00.023237,device_0006,route_0005,event_050194,26.20981341713626,73.437615076793,38.555566403277616,HIGHWAY,CLEAR,NORMAL,-0.006898084780589767,-0.05305599880766093,9.973843050457772,0.3219872462486729,0.3147226926442032,0.29473305009646317,-0.009519675618295448,-0.00040662183096794313,0.009594920579455952,0.08828965410429171,0.11502790298379485,0.1008852814550377,0.3467035663365003,0.838508898955812,0.45459820422643415,21.428571428571427,1169.7676911232593,47.87275321839885,,,,
2026-09-11 16:28:20.323237,device_0009,route_0012,event_064797,22.762742518038543,77.11924614274064,82.56359962804527,RESIDENTIAL,CLEAR,POTHOLE,-0.2372615175498933,0.03188133867038076,10.78393782749371,0.49260154072742696,0.44793712520646906,4.487348067801811,0.0003777675362562843,0.05421031302754797,-0.02217110052113622,0.42777323919035787,0.4072144415762353,0.3198160154003027,4.618033417909876,22.317542000068865,2.9588503539521254,1.0638297872340425,986.8332169875905,47.62709563372047,13.038412260915337,23.899008349836077,28.13611040907861,CRITICAL
2026-09-11 15:37:27.823237,device_0016,route_0049,event_034272,31.672952996301706,76.63089135605635,40.50999024775817,RURAL,CLEAR,NORMAL,-0.11481798413281438,0.005612585794428864,9.84855662944371,0.32502359096945804,0.35593957963788836,0.36387790477934445,0.0049597307419248044,-0.03433622381721626,0.04887016116110895,0.11320900126676789,0.10954640770671656,0.103848261964283,0.36680009421028015,1.0187640842996117,0.47247718860180393,19.642857142857142,1173.9088107441603,47.70387570777382,,,,
2026-09-11 14:47:05.623237,device_0023,route_0026,event_004050,28.2983600987835,77.52171283743326,43.020078830165005,ARTERIAL,CLEAR,ROUGH_PATCH,0.13942916297773725,-0.02607724102927253,9.855528597491782,1.361202787734486,0.5291169509680202,1.0775224159087222,0.015407162872352753,-0.03176323015150255,0.04715418019598112,0.2481670451551871,0.19288912597142274,0.2494295758653,1.0839198384184396,2.7029093101004786,0.425242023900731,1.8181818181818181,1084.2274937202837,50.72736147953584,,,,
2026-09-11 17:05:27.723237,device_0016,route_0034,event_087071,26.40245866054621,69.73728503369416,39.266591581544546,RURAL,WET,NORMAL,0.0033720673733505313,0.03567495854158901,9.891089293557618,0.3293265672572018,0.32036994747415937,0.28839915941019606,0.004163330434799971,-0.02137716780922783,0.033541366278012685,0.10015378308401435,0.10543818382200966,0.10412551331148628,0.3056229944270827,0.6611835608011276,0.425464940982333,8.928571428571427,1173.9088107441603,47.70387570777382,,,,
2026-09-11 16:56:37.823237,device_0018,route_0021,event_081772,27.190811789551958,84.47507420111747,77.97499150412774,URBAN,CLEAR,NORMAL,-0.041913383558526134,-0.14170858790927873,10.008321272372317,0.37078631891878616,0.33667882732566046,0.36969986216585576,0.03288381458144998,-0.03876477700910909,0.0035433566101060812,0.10244578640751231,0.09556108919537344,0.12112866162594645,0.43094965637355054,0.9550383106188658,0.5052548756254813,5.833333333333334,1196.452449290308,50.14825289178003,,,,
2026-09-11 16:38:40.223237,device_0029,route_0046,event_070996,34.75688445135507,79.08781822482338,21.698846366847285,HIGHWAY,CLEAR,NORMAL,-0.20634748388970295,-0.1904202963613733,9.945949153711297,0.3946060235060821,0.32147406461651934,0.3268606682321854,-0.0002770661252606039,-0.025944613224121005,0.002153340365803808,0.1006331872143585,0.10167377070359729,0.10129796591348646,0.36529816486396793,0.9285209968690111,0.511595678927382,17.5,1185.4321676861896,50.614452379095,,,,
2026-09-11 14:47:37.323237,device_0026,route_0027,event_004367,28.529427509362023,77.48331089473581,73.45337623671799,RURAL,CLEAR,POTHOLE,0.08197242860360521,0.05309865727111727,10.006211783911548,0.3847510831977813,0.8012963535723713,1.5111268005622323,0.03241239836332931,0.15219138696065235,-0.08704891270555018,0.39114030258366694,0.4303577335921274,0.3588878251168009,1.6114501605637492,8.771936289159463,1.1678183759988103,8.51063829787234,953.396058257742,49.29745575609877,3.627170799909787,10.130120422402175,6.050978322121418,MEDIUM
2026-09-11 16:14:15.123237,device_0003,route_0011,event_056345,25.244862542761442,73.42893992038675,19.93434968539758,URBAN,CLEAR,NORMAL,0.0869395682257092,-0.11239201811935025,9.66242160568518,0.29570959901585203,0.30507519221601187,0.3308080585632644,0.0464827497819842,0.04565974360283509,0.00875613922615669,0.08343641372932059,0.09004491743516416,0.09775788789537995,0.35329054249674263,1.0551968104774847,0.47488568203620646,17.5,1178.291970417501,50.92116513256079,,,,
2026-09-11 15:56:52.323237,device_0009,route_0033,event_045917,32.20381867130529,79.21125897828624,36.81982926732071,RESIDENTIAL,RAIN,SPEED_BREAKER,-0.16374636148590377,0.039159324767090234,10.190371474361452,0.4831482538849009,0.5004524873085262,0.9693250121154718,-0.03387418846968763,0.019253457961278062,-0.0028373819443298603,0.18713573498065023,0.15043922139236826,0.15315784659292092,1.0780100037907603,3.8297940356606652,0.7453773133929916,2.2727272727272725,1385.7657940676804,47.62709563372047,,,,
2026-09-11 15:57:37.423237,device_0004,route_0035,event_046368,25.595889946560483,80.2685866595646,38.93032294110444,HIGHWAY,CLEAR,NORMAL,-0.23885331368974372,-0.022217466138132077,9.54693780724448,0.2938838181731264,0.3145045230575878,0.30014095583393513,0.02200316295385727,-0.01773766212485284,0.024183948556007088,0.09553563419064863,0.09368414843689556,0.10551430627276681,0.3839167224451815,0.8088344991814473,0.4428260469887794,15.0,1194.4208269519643,50.2335513967164,,,,
2026-09-11 17:11:49.523237,device_0010,route_0022,event_090889,36.82324451810514,76.78298625618952,56.05490422294992,HIGHWAY,CLEAR,SPEED_BREAKER,-0.2380251553238213,0.09158921682413967,10.190222451054975,0.6216300386468998,0.7915034453475568,1.3563362871593354,-0.0021224959166662913,0.00306387297160628,-0.0044321482106482405,0.20178265836242498,0.20604947388805014,0.19866761309485342,1.5084204554669145,6.753543203260847,1.1612348749012782,0.7575757575757576,1356.7965719363824,48.64399082745811,,,,
2026-09-11 14:48:47.923237,device_0021,route_0037,event_005073,28.666743679416648,76.67622272588041,79.07353550265199,HIGHWAY,WET,SPEED_BREAKER,-0.011828375295665201,0.1923434850595599,10.623888332958906,0.9047460339457507,0.5714838585409767,2.1372745956452697,0.04643400649122469,-0.003945094736613125,-0.03507675630158439,0.26747543449477545,0.30200366795647815,0.3752071638136154,2.3777194363944414,8.84435275584125,1.4184084552288232,0.7142857142857142,1379.3602329513055,50.74816449523607,,,,
2026-09-11 15:40:19.623237,device_0014,route_0027,event_035990,27.329525012129757,80.06177096661452,41.00974242159732,URBAN,CLEAR,NORMAL,0.2051353711881944,-0.05827648147005993,9.758976930016882,0.3291355768614506,0.3724702466470892,0.29741405437040214,0.0021604808887401533,-0.005270301049262624,-0.040154375036259224,0.1049174123288424,0.10608228443121097,0.10675367210428115,0.30026646024129117,0.6575793770150824,0.46107524494157126,23.21428571428571,1172.5933011717448,47.75739375624995,,,,
2026-09-11 14:57:50.723237,device_0012,route_0024,event_010501,28.69068988503005,76.25041619412997,78.41527333044658,HIGHWAY,CLEAR,NORMAL,0.1519219097445867,0.1609311178074963,9.67589842262551,0.28181003466338367,0.3038501199412186,0.295707073017654,-0.05334155810173601,-0.041577405553596555,-0.009462010299762767,0.11210089452024283,0.10655944999718286,0.09399198152144748,0.3160682075373088,0.8690893106361024,0.4049610416628623,8.035714285714285,1178.0852418549218,47.53476065265595,,,,
2026-09-11 16:13:33.523237,device_0029,route_0040,event_055929,28.412311952608473,72.21067564302206,9.354179593659829,RESIDENTIAL,CLEAR,NORMAL,-0.18876248570052542,-0.1673877287662191,9.938041037922254,0.2796318705981986,0.3619046408887571,0.2992922982304099,-0.014390677107516162,-0.04125560337104513,0.009106440678105612,0.08410769447683343,0.08746317468844002,0.08204640205630001,0.3357178239152278,0.7229894342950924,0.4293886158237189,19.166666666666668,1185.4321676861896,50.614452379095,,,,
2026-09-11 14:58:42.023237,device_0007,route_0044,event_011014,29.501011903324095,77.03006051962319,36.45575464910192,RURAL,CLEAR,NORMAL,0.06643098798018911,-0.17074376159274618,9.544288622898831,0.3248074328719137,0.27225864291505747,0.309355244562418,0.03682159430122776,0.02183851674246639,0.032522933254075195,0.09563435303231682,0.12360518212543993,0.08930136120608743,0.3932590317595657,0.8162315348171845,0.4465958714441633,3.508771929824561,1156.3665497149682,49.29232864272136,,,,
2026-09-11 16:53:53.323237,device_0004,route_0022,event_080127,35.85727837166628,76.84084427874777,19.785806788227237,URBAN,CLEAR,NORMAL,-0.1993046033176875,-0.0345028903278529,9.63234698991611,0.3154062122120397,0.3380578017716926,0.32734940848990596,0.029926278342402177,-0.012543055000837789,0.026729521610832564,0.10560367667157838,0.1038546324631979,0.09428998630137486,0.3625595392164393,0.8866411386750084,0.43002931693639557,7.5,1194.4208269519643,50.2335513967164,,,,
2026-09-11 15:47:04.423237,device_0017,route_0026,event_040038,25.814935095665128,79.59728231641945,38.765178783119076,HIGHWAY,CLEAR,NORMAL,0.09268416094235782,-0.1411383713226181,9.83059197019191,0.3498379969948133,0.3267939845739154,0.3644592456115724,-0.02652669673258917,0.0074790777940219886,-0.04563398495669804,0.09406985324200955,0.0961703508660438,0.10062392747291998,0.365356572296901,0.8468113480025519,0.5177273882031325,21.311475409836067,1168.9485129122031,52.183649943683676,,,,
2026-09-11 16:36:18.123237,device_0029,route_0038,event_069575,33.38967667386678,81.31475597907648,38.08245654090865,HIGHWAY,CLEAR,NORMAL,-0.1427146724953445,-0.26408510922106215,9.954850521483982,0.3737354235257649,0.32020917771331886,0.3261356395769877,-0.019275736226655637,-0.04594174150543957,-0.001712980687479875,0.09161062322180745,0.10298892565280945,0.09425058489627638,0.3692369337294916,0.8367514984994013,0.4708906763453912,3.3333333333333335,1185.4321676861896,50.614452379095,,,,
2026-09-11 14:54:59.223237,device_0007,route_0006,event_008786,27.960419348867962,76.9918931590671,9.745675238147099,ARTERIAL,WET,NORMAL,0.15280376927911965,-0.18634484463357084,9.557481445428442,0.33782559528476974,0.26750389491641585,0.28973566150055186,0.06153140454003726,-0.011760269518145555,0.020988419416279772,0.08139808888880322,0.1023612053646049,0.10340795632457521,0.3718742363465702,0.8090936046980364,0.45956191671695024,15.789473684210526,1156.3665497149682,49.29232864272136,,,,
2026-09-11 16:21:32.423237,device_0007,route_0015,event_060718,23.317995790046876,78.65346406425762,37.28706695063401,HIGHWAY,RAIN,NORMAL,0.04402758947056816,-0.12130282159904154,9.608558514444583,0.28508468131280196,0.32805249356780314,0.33434039016811934,0.05526108178828692,0.02292912297765554,0.043079958955077026,0.10647183974179347,0.09345975973024265,0.10365503003145336,0.38047672903950125,1.1995571762907176,0.439167683788958,22.807017543859647,1156.3665497149682,49.29232864272136,,,,
2026-09-11 16:12:43.723237,device_0024,route_0035,event_055431,25.02205085707596,80.84738993258533,40.072237636155364,ARTERIAL,CLEAR,NORMAL,0.18456458336811687,0.15120447155778308,9.884637895846181,0.29171274417197696,0.2969661242906479,0.31826448956237424,-0.012168382190077646,-0.06847919663701404,0.03355506081035716,0.10563074930052854,0.11102436605833535,0.07219336193685427,0.33320437049125684,0.8114221950073173,0.43360959176556535,5.737704918032787,1165.9444844817242,52.318099885446266,,,,
2026-09-11 17:19:14.623237,device_0013,route_0005,event_095340,24.038589796734534,70.00678226840454,61.71780713408496,RESIDENTIAL,CLEAR,NORMAL,0.023037832281508352,-0.09053417998185935,9.662400732744517,0.29301691563453014,0.2969039201336217,0.368444180300119,-0.030114813749817802,0.07041620699205153,-0.05881247145341448,0.12027110442725278,0.11011657843459194,0.08740621741148374,0.3900056720310779,1.0873374555594015,0.4614988521566489,7.894736842105263,1155.7611609067421,49.31814801189647,,,,
2026-09-11 15:12:21.823237,device_0016,route_0024,event_019212,28.694890188841153,75.46673517500467,19.457102673290127,URBAN,CLEAR,NORMAL,-0.01415038499379559,0.10280384871014546,9.8039980683936,0.30568770823311675,0.28348186012701093,0.2741201535422679,0.00035715076509336516,-0.03878061173057406,0.06512791915785629,0.08755932145406271,0.09066410293777762,0.09553301785301198,0.273382843751667,0.7400515398676095,0.42644603691494964,21.428571428571427,1173.9088107441603,47.70387570777382,,,,
2026-09-11 17:17:48.723237,device_0002,route_0012,event_094481,20.093523117078625,77.06660822739697,62.304292235550996,RESIDENTIAL,WET,NORMAL,0.021757531445232958,-0.15528657979294763,9.694511558162079,0.24678571044962622,0.2966636788787815,0.2967791672266143,-0.008872049624821124,0.022219924020822953,0.00935880946090124,0.10594621630891109,0.09571763637053088,0.0851277642648533,0.3132157589170072,0.8082618594167421,0.3949880436652923,2.5,1189.0117987248957,50.462072844310214,,,,
2026-09-11 15:48:45.223237,device_0016,route_0034,event_041046,27.526183249414068,73.72058289057584,21.816116865373356,HIGHWAY,RAIN,NORMAL,-0.014304091535596043,0.024829610530732883,9.825367054075993,0.3249748310768907,0.28180767473159296,0.351371595485315,0.027935556395460026,-0.03637700495042038,0.029494725721246708,0.10846113318815426,0.09271213311020347,0.09643301122135889,0.3534846123228823,0.7940818318516172,0.46106849992407367,15.178571428571427,1173.9088107441603,47.70387570777382,,,,
2026-09-11 14:46:39.523237,device_0014,route_0003,event_003789,28.694271835261546,77.00922825681614,10.630706210143227,RESIDENTIAL,CLEAR,NORMAL,0.1436000054045655,-0.05704646117261356,9.743424511577317,0.2698027990784391,0.3211453443476398,0.29837971738852337,-0.003867215937507906,-0.004390138442258295,-0.02847734237432051,0.1031817419167649,0.08524005864981048,0.09854105401875936,0.29994550099973993,0.6741203745207915,0.39055698768078306,15.178571428571427,1172.5933011717448,47.75739375624995,,,,
2026-09-11 17:10:29.723237,device_0018,route_0021,event_090091,27.0412399248098,85.20821339946279,36.472701167848626,HIGHWAY,CLEAR,NORMAL,-0.01947178564164079,-0.17275139755956187,9.866321556891648,0.3319652538007509,0.3206771181257868,0.35273774042496875,0.04411019326876807,-0.0338451293241002,-0.016822068524313484,0.09964268948971823,0.09976796046049462,0.11920731661809561,0.3609320620497515,0.8515852529942212,0.4919170726211576,18.333333333333336,1196.452449290308,50.14825289178003,,,,
2026-09-11 16:17:12.223237,device_0025,route_0011,event_058116,25.139583258667553,73.30945090218907,80.2582913215688,RURAL,CLEAR,NORMAL,-0.09320006734592916,-0.03641870900217655,9.98163938855325,0.3343140174630159,0.29343514333684945,0.3480145582901121,0.006030210958483038,-0.040419573840033765,-0.004188975266047668,0.10687740475244284,0.11316963904179592,0.12143157095396812,0.39625207544793933,0.9812952746263637,0.44373600916740163,8.333333333333334,1191.6511525911126,50.35030585044683,,,,
2026-09-11 15:17:51.223237,device_0024,route_0017,event_022506,30.18474490438867,78.32051178080718,84.97768668692157,URBAN,CLEAR,NORMAL,0.1635668737207032,0.20614554180040462,9.959982104693491,0.2732293771521069,0.28538715939617454,0.3646723663049411,0.005834162335777041,-0.056346471610321795,0.04702332397426346,0.1132055739450807,0.09730000105393885,0.10349271650002163,0.4008881605944924,1.1188161427910046,0.47240146429667396,23.770491803278688,1165.9444844817242,52.318099885446266,,,,
2026-09-11 15:10:12.523237,device_0028,route_0011,event_017919,27.528718561560378,76.02290654788243,20.607929670047014,RESIDENTIAL,CLEAR,NORMAL,0.21756447055067643,-0.12457313912271968,9.70508933066107,0.30584339680645223,0.27607730914353046,0.30412653765552644,-0.03426845681364966,0.02425930474808672,-0.058280131498928835,0.11930488693352606,0.10159917648481391,0.08856250284732942,0.3172534111790578,0.9042769158301169,0.4146584732426758,16.666666666666664,1164.8650637957344,48.932706260641424,,,,
2026-09-11 17:21:24.023237,device_0006,route_0028,event_096634,22.82852228611556,70.82042446160993,21.54693147726245,RESIDENTIAL,CLEAR,NORMAL,0.00147605854479422,-0.04051273098322642,10.018612683230359,0.2898537383125409,0.3201753421847778,0.2652112098689487,-0.027077463739656613,-0.029363676890838665,0.00982791196343064,0.10117544321673035,0.09439251330437944,0.09829758921139901,0.3513102883621527,0.7197698066445213,0.4047473092993775,5.357142857142857,1169.7676911232593,47.87275321839885,,,,
2026-09-11 14:54:37.523237,device_0020,route_0022,event_008569,29.433378815548746,77.22436344470697,19.447506447409083,URBAN,CLEAR,SPEED_BREAKER,0.036283207313869636,-0.2187817795125848,9.828846708485429,0.30907227670827353,0.33511398115954455,0.49517761433346086,0.040666212943185946,0.018210625412805558,-0.05120078254290772,0.10351777622518986,0.09701698384967926,0.09966504361203501,0.49914415010508423,1.7383417078147776,0.48497183103545527,1.5151515151515151,1388.7337692196863,47.52530791923109,,,,
2026-09-11 17:07:17.923237,device_0017,route_0047,event_088173,21.080176475180647,79.46824764736847,79.60338764696372,RESIDENTIAL,CLEAR,NORMAL,0.09078863350999815,-0.16651036641251118,9.879581601102625,0.3057392766205671,0.34962811862793935,0.2967825646377074,-0.030073441179974365,0.018858402795001398,-0.03870073734067982,0.1015199629201999,0.09598194702819411,0.0965061074794029,0.3110711817209466,0.9770424978132972,0.44593973095905026,23.770491803278688,1168.9485129122031,52.183649943683676,,,,
2026-09-11 15:56:40.023237,device_0003,route_0034,event_045794,27.410526966017255,73.30976838980921,10.283635134539752,RESIDENTIAL,RAIN,NORMAL,0.10080412202956937,-0.12725876309289427,9.59942615864079,0.27543461229234567,0.28652100257853846,0.3676263087333973,0.05415222205311658,0.053373435895478195,0.017572795218540497,0.09280781537220721,0.1097329408790889,0.09943626289125485,0.41579989587720906,1.2422305573118564,0.44145626303798224,15.833333333333334,1178.291970417501,50.92116513256079,,,,
2026-09-11 16:43:24.423237,device_0027,route_0034,event_073838,26.725607688214968,70.88228825763896,43.1273036691557,HIGHWAY,WET,NORMAL,0.20002627373451748,0.12671428512392954,9.913372737589205,0.3736485656560433,0.2997185346771314,0.3165759268155405,0.028962718674493855,-0.006887034895430504,0.002292877639414969,0.10485894190562405,0.09981952349785474,0.10648577222875645,0.3421386918762731,0.9505444457877523,0.49295408914481553,16.666666666666668,1176.2437718505519,51.009834386288524,,,,
2026-09-11 15:06:06.623237,device_0011,route_0018,event_015460,29.786327270441227,77.84695731679817,20.255494921445887,HIGHWAY,CLEAR,NORMAL,-0.05763969491636039,-0.10985356620183163,9.956018796002812,0.31129852513152734,0.333953304620503,0.36026824089935083,0.027596080591558995,0.017464484338934678,0.03730491289717201,0.10353083786659319,0.10209539035338888,0.1154928820234666,0.39815288589419123,0.7943665893069767,0.49011600073848816,21.311475409836067,1173.916838169756,51.962794992449886,,,,
2026-09-11 14:54:11.723237,device_0002,route_0002,event_008311,27.979947200615698,77.44283897819203,10.518546841742847,RURAL,RAIN,NORMAL,0.09925707390551337,-0.11253356918740706,9.721053160736647,0.3071508030865374,0.27312626777030596,0.30591496578071864,-0.0058575806230274086,0.005236711015601186,0.015935837974160528,0.08942190648682512,0.1115102218848445,0.10665110361901546,0.3156574564523279,0.8969819606951983,0.442125530276116,24.166666666666668,1189.0117987248957,50.462072844310214,,,,
2026-09-11 16:27:11.723237,device_0024,route_0007,event_064111,25.036288332761213,81.69241334374172,36.85184525052095,HIGHWAY,WET,NORMAL,0.09920895392361205,0.2146329735089168,9.9212778681314,0.3227438818896441,0.33522494675676445,0.3099693165568589,0.0025256386510444555,-0.04773844105176636,0.03501288207758896,0.09886977205233487,0.08489102955309434,0.1040205039735679,0.33826688218026546,0.8786379316576447,0.4530303129296481,2.459016393442623,1165.9444844817242,52.318099885446266,,,,
2026-09-11 14:56:26.623237,device_0002,route_0049,event_009660,29.4880876733264,76.9854279490104,81.49139124514147,RURAL,CLEAR,POTHOLE,-0.18318418930535355,-0.010879476258881103,9.90463611749535,1.2409659379384022,0.5514492099207244,0.874369141812391,0.02060088997989199,0.12235910597609789,0.11223963777933489,0.3668588798482006,0.4460299231232625,0.43506003779059466,1.1075667566381004,5.331614346537398,1.2526725114663388,1.0,990.8431656040798,50.462072844310214,1.2122741459030806,2.4233412692599923,2.2301963530766056,LOW
2026-09-11 14:41:46.223237,device_0025,route_0028,event_000856,28.652087275308073,77.16694383253149,9.819713603306052,HIGHWAY,RAIN,NORMAL,-0.07570756310043407,-0.052436807981967364,9.81010719272034,0.3278018386741739,0.3298435329134198,0.3446245128792466,-0.015936379005027135,-0.021679827829206456,0.0032022656188266676,0.09568322793748735,0.10025190203558715,0.10483045417863295,0.3440086146543138,0.9392366485740595,0.495979540787234,13.333333333333334,1191.6511525911126,50.35030585044683,,,,
2026-09-11 16:16:02.523237,device_0014,route_0039,event_057419,33.36020203145928,78.99148410584752,10.091165929958848,RESIDENTIAL,WET,NORMAL,0.1101594214773467,-0.16681167479912357,9.857239109494584,0.26878057068808175,0.3123170177011026,0.34507548484551975,-0.0385296306007124,-0.019417426388937422,-0.04533355577465491,0.09700001270997585,0.08060188144448859,0.09966205701876613,0.3496450938836701,1.238300597236874,0.44762779825335214,10.714285714285714,1172.5933011717448,47.75739375624995,,,,
2026-09-11 15:47:01.723237,device_0009,route_0030,event_040011,31.695647219286535,79.21813516687189,36.36050194045317,URBAN,RAIN,NORMAL,-0.10870421402358141,0.04763394796971065,9.91439050113908,0.3066365005626861,0.2752580295525969,0.2962620442716189,0.004198446967164858,0.04345694265623845,0.0015848215331151663,0.09526254148582242,0.11806120922227815,0.10238436440777203,0.3213871232008641,0.9898737837649474,0.42592980935590813,18.75,1175.8012798150014,47.62709563372047,,,,
2026-09-11 15:15:38.323237,device_0008,route_0017,event_021177,30.088348354726065,78.24994790775185,18.915592312962403,URBAN,CLEAR,SEVERE_POTHOLE,0.15000179669944524,-0.009386803277797322,10.783061948468045,0.33122977423330524,0.32249636971951984,5.536312618399089,-0.07749831147759012,0.011507924169622055,-0.018710237045641464,0.2114359328743512,0.179015980621645,0.16495431151386866,5.292352233229764,20.46904129837118,4.043410198538999,1.0,962.722170790902,51.936063712881634,23.495543065090647,41.3140307493499,54.53032302983236,CRITICAL
2026-09-11 17:02:58.023237,device_0014,route_0024,event_085574,28.727567502929055,69.49889173608172,20.527908637770583,HIGHWAY,CLEAR,NORMAL,0.1936501259311262,-0.04273428563315309,9.750817800888182,0.2795425409067623,0.3446665209622274,0.3225560853315789,-0.026359742932367,-0.01384382235494305,-0.04339832031977748,0.10204260717186865,0.09664645476815235,0.09599500938298876,0.3243208127413509,0.8086533522631232,0.40755323260323856,6.25,1172.5933011717448,47.75739375624995,,,,
2026-09-11 15:17:15.923237,device_0000,route_0031,event_022153,26.66615502478479,77.9344103070924,9.12945417731288,RURAL,CLEAR,NORMAL,-0.03608110595740124,0.1990191633767137,9.880793702585805,0.2887750650323955,0.3316572755437812,0.3208450097085721,-0.01740376909501915,-0.03982903844240525,-0.03556483532232268,0.10636809246912828,0.09467732140047237,0.10102975754194993,0.3343822001108505,1.1843996971151842,0.47031246562892076,4.166666666666667,1187.9876613670087,50.50557505871605,,,,
2026-09-11 16:30:23.523237,device_0003,route_0031,event_066029,22.98337624563751,79.35169495443772,36.094986033668185,URBAN,CLEAR,NORMAL,0.07153243106757277,-0.16079099192056476,9.637238603323636,0.3110057198064265,0.31983569931865125,0.3098516806897719,0.06836564081198349,0.05620103922827754,0.03859762124788532,0.09865059286560546,0.10361180025022648,0.10255600234495243,0.3446550238991385,0.933455527083181,0.4607860364469198,18.333333333333336,1178.291970417501,50.92116513256079,,,,
2026-09-11 14:59:27.423237,device_0002,route_0022,event_011468,29.693518279028005,77.2090191487691,9.595094049709516,RESIDENTIAL,RAIN,ROUGH_PATCH,0.0419874086369341,-0.16153697579435886,9.703604819843246,0.734084579031063,0.6241815452156603,1.3298187496642702,-0.018346566045542852,0.0972200360066669,0.03882941012810105,0.232846240049871,0.2236039547850556,0.204673570581884,1.303252669074512,2.9510840956226296,0.38981368513574804,1.8181818181818181,1089.9274821644876,50.462072844310214,,,,
2026-09-11 16:30:18.723237,device_0007,route_0004,event_065981,31.886572247972513,82.08137777122715,18.84805197065009,ARTERIAL,RAIN,NORMAL,0.07670026913263622,-0.14098934390837778,9.67480701507579,0.2776392652812441,0.2924476202130679,0.3602756358415407,0.04167743505957134,0.008692839415139148,0.02456816850490221,0.10448836093602702,0.09201488480947985,0.09625700533570719,0.3779857648290259,0.9250610409684974,0.4350062741498924,10.526315789473683,1156.3665497149682,49.29232864272136,,,,
2026-09-11 15:42:24.323237,device_0019,route_0015,event_037237,25.357282768061268,78.10608461569971,74.04883854453632,URBAN,DUSTY,ROUGH_PATCH,-0.17711965672159752,0.17596863236540977,9.955857755038078,1.1315310655275046,0.726500896285079,1.0056132041627297,0.07796884577083818,0.002593543776474845,-0.009907253853258084,0.23685796104698395,0.22464271633761795,0.2400665871589891,1.0136787770964557,2.7040781555788342,0.443951781671972,1.8181818181818181,1059.007266397925,51.93543212132559,,,,
2026-09-11 16:40:58.123237,device_0003,route_0015,event_072375,22.305272039210603,78.92552379061121,9.702230699628837,URBAN,CLEAR,NORMAL,0.0358889882335113,-0.1502640040337526,9.57130306970932,0.3441788608947236,0.3135835443081293,0.2875523017010806,0.0400686757390686,0.03942502254425953,0.029895853257315943,0.08395213168072604,0.10286181410901557,0.09307215243637827,0.3589678459532674,1.028222128374372,0.4532113112161126,20.0,1178.291970417501,50.92116513256079,,,,
2026-09-11 16:58:54.823237,device_0025,route_0041,event_083142,27.042608130904544,84.47346804881352,74.54116761809142,ARTERIAL,CLEAR,NORMAL,-0.07242971869921301,-0.018202736862226725,9.955215255840068,0.3111768334511649,0.32332354079756903,0.30942142079629176,-0.00015753533821823417,-0.038172169001714856,-0.0047580827657830995,0.10820233286421571,0.08609383779862126,0.09396845864798765,0.3495939061286095,0.7761626642331247,0.42380795720113623,11.666666666666668,1191.6511525911126,50.35030585044683,,,,
2026-09-11 15:14:08.823237,device_0026,route_0020,event_020282,27.280162753562283,75.92718528126478,36.07070852591312,RESIDENTIAL,CLEAR,NORMAL,0.05705382118317403,0.1647435655924909,9.634025303337356,0.3340805577087167,0.3172895144083856,0.4153809157981215,-0.02133084982643126,0.07846052008018503,0.013344269264364298,0.09345238586400333,0.0826201926965649,0.11061054861799821,0.4403537011099827,1.2120663301387395,0.5110901887263486,5.263157894736842,1156.2462834189637,49.29745575609877,,,,
2026-09-11 15:00:59.323237,device_0025,route_0034,event_012387,28.22579313367268,76.20126421666913,41.05484912879815,URBAN,WET,NORMAL,-0.026128552174854748,-0.007214781257184321,9.914767290949957,0.3137903535552061,0.28879407557816816,0.3164142367575574,-0.012834410556472994,-0.04881029810116368,-0.005228005326205389,0.09443383343492093,0.10113247129677601,0.09918880034648357,0.34218291648975135,0.9692885968890828,0.39412208887956734,1.6666666666666667,1191.6511525911126,50.35030585044683,,,,
2026-09-11 15:30:07.523237,device_0021,route_0029,event_029869,27.31546820147693,74.80046198063144,20.304018955513108,URBAN,CLEAR,ROUGH_PATCH,0.0037752497389951,0.08595874316137524,9.867970631012014,0.7485646388438408,0.5840313368725701,1.3903075713643458,-0.005277740045869714,-0.003940670203232669,-0.04506912837540964,0.20552448473521015,0.17461840433599948,0.20143454128817603,1.3815820925602798,3.0273763853659155,0.4445515489612672,1.8181818181818181,1083.783040176026,50.74816449523607,,,,
2026-09-11 16:51:39.423237,device_0005,route_0030,event_078788,34.62577307813788,81.1088387331035,41.48354698364894,URBAN,CLEAR,NORMAL,0.25029106300584186,0.15832615153019244,9.989286295467073,0.2632292061941253,0.33220380897008894,0.29017346274164296,0.029723383788604698,0.02617784488945559,0.04256217282776623,0.08704897296620483,0.10676057038797486,0.11147593054475645,0.3535097736387999,0.8505753212516964,0.4337527626870435,3.571428571428571,1173.3612685170888,47.72613644455269,,,,
2026-09-11 16:36:02.323237,device_0019,route_0033,event_069417,34.028779135164505,80.27692355685261,38.642978121703344,RESIDENTIAL,CLEAR,ROUGH_PATCH,-0.14008675981350963,0.20376228279443614,10.009455371539662,0.6289527978359698,0.4323412066787578,0.858427521530732,0.02395147313597633,-0.040131932740661354,-0.06597682166664591,0.21996544357595715,0.21790810015706985,0.2134029345210469,0.8841288308335586,2.2321408272822385,0.39885787329136624,1.8181818181818181,1059.007266397925,51.93543212132559,,,,
2026-09-11 14:58:30.523237,device_0005,route_0040,event_010899,28.512987104809003,76.25891157699083,58.20065094401273,SERVICE_ROAD,CLEAR,SPEED_BREAKER,0.17720594502497766,0.14425908342253832,10.406753704023245,0.5886362930897744,1.0215071220779688,1.4649398526624469,0.04874551157142028,-0.020582498630027365,0.028400788448479097,0.190975115307108,0.25937917837270025,0.21333353360688742,1.7144007553787637,6.456555752925901,1.2053689775786116,0.7575757575757576,1382.890066466569,47.72613644455269,,,,
2026-09-11 15:18:14.523237,device_0015,route_0013,event_022739,30.492706736015023,78.0190161656659,21.451636669676482,RESIDENTIAL,CLEAR,NORMAL,0.11306944778399204,-0.10290200952125496,9.64396616537616,0.3778890317995373,0.34260637198055155,0.348060435702451,-0.006899225468781269,0.051393484285821335,-0.03497530333568314,0.11220755633657695,0.09957450281554928,0.09624563670576614,0.3786386281315109,1.0765213248846344,0.523740830552194,18.421052631578945,1170.7151707482878,48.688187719961995,,,,
2026-09-11 14:42:42.023237,device_0000,route_0019,event_001414,28.732978169700388,76.9967741807908,10.971008518018564,RURAL,CLEAR,NORMAL,-0.02103799008050361,0.16569691238537543,9.873515713752322,0.2742822964544794,0.3056254050288621,0.3101865903273913,0.016030842424897447,-0.02989255753209934,-0.024844255807519717,0.09322554543169384,0.0984426569952738,0.11062408921452406,0.3182274249887496,0.8188595401338397,0.40292998172442707,2.5,1187.9876613670087,50.50557505871605,,,,
2026-09-11 15:31:55.823237,device_0002,route_0016,event_030952,31.403453392176075,76.51401405234927,36.79666345191873,HIGHWAY,CLEAR,NORMAL,-0.0027576411242451245,-0.16913772854864575,9.702336437651402,0.2543827709274525,0.2741295653716191,0.33183098642643716,-0.0006840733085383651,-0.0008757604925650567,0.025065814267064425,0.08874840369031584,0.09566955091034628,0.11357570443972967,0.3420512273335227,0.8827457376732895,0.41185745978770655,13.333333333333334,1189.0117987248957,50.462072844310214,,,,
2026-09-11 16:15:04.023237,device_0010,route_0021,event_056834,27.639049985856218,82.27776645094747,79.7643247457816,RESIDENTIAL,CLEAR,NORMAL,-0.16487877050450353,0.0695826342377564,9.713601972345659,0.33811384054305743,0.3280205229848335,0.31386244848186634,0.031026747110568232,0.049306218370017356,0.006179132447461148,0.09646559352524268,0.10106898794054597,0.10629536618137686,0.3216430095123046,0.8100809613869551,0.48636142313094255,22.807017543859647,1171.7788575814213,48.64399082745811,,,,
2026-09-11 15:45:14.123237,device_0002,route_0036,event_038935,32.16450091383953,76.99127479660909,18.814321751150153,URBAN,CLEAR,SPEED_BREAKER,0.025522290396788286,-0.08793594898615015,9.96774871187892,0.33225267537615005,0.3962463264406778,0.7925519503316208,-0.023468945640652782,-0.024174011096072857,0.031400610113349346,0.10303370915519638,0.08670029130350196,0.10517401866482469,0.8246720287715775,3.03201204499069,0.6333419477849883,1.4285714285714284,1387.1804318457116,50.462072844310214,,,,
2026-09-11 15:34:00.623237,device_0022,route_0029,event_032200,27.217928716378637,74.61530319156968,37.299481661948,URBAN,CLEAR,ROUGH_PATCH,0.09654766852299367,0.008610611168013501,9.731946541394151,0.7613954664700411,0.4047120098764755,1.2629847066762003,0.04975102005414271,-0.020055025127161386,0.04015957645268135,0.25102993553163644,0.1745568579887862,0.25710642075968526,1.247881494047127,2.6316099930976273,0.46059962151265604,1.8181818181818181,1058.5018015070395,51.96023277588557,,,,
2026-09-11 16:35:05.023237,device_0000,route_0018,event_068844,34.11502772285634,79.92339841531357,39.04615740255022,RESIDENTIAL,WET,NORMAL,0.059541829910177396,0.18815305446324843,9.85408245176837,0.24357281673717532,0.3127073745715005,0.306838826969372,0.0006869009559099089,-0.024899387012257565,-0.027499640374009867,0.11606423671792447,0.10022972902560845,0.10744390780354993,0.31452980127778324,0.6670768621441958,0.41390462660415245,0.8333333333333334,1187.9876613670087,50.50557505871605,,,,
2026-09-11 15:56:29.723237,device_0020,route_0029,event_045691,26.650293526121306,73.54289953720208,37.639925294233116,RESIDENTIAL,CLEAR,NORMAL,0.08365357536495632,-0.19103671420266208,9.676256238109842,0.2571542852581347,0.3320537137069489,0.3153901646767052,0.039251173134165984,0.014340847856313352,-0.06595712634230716,0.10436522507564786,0.11992855665869785,0.1070997401429902,0.33646954892402026,0.96029059095539,0.4794122067923637,15.178571428571427,1178.3195617621582,47.52530791923109,,,,
2026-09-11 16:40:22.523237,device_0004,route_0045,event_072019,22.425372008173635,79.07306128749651,10.884537164725804,URBAN,CLEAR,NORMAL,-0.046911634637750804,0.03961700230834365,9.632991339546788,0.2999010216201264,0.3071317937967074,0.288752458970348,0.041196088940041266,-0.007671561301805163,0.010571932284613344,0.11128375261678687,0.10783650023747826,0.08390326645449604,0.32918860503928105,0.9999057723298996,0.42653496512648276,12.5,1194.4208269519643,50.2335513967164,,,,
2026-09-11 16:54:45.323237,device_0014,route_0042,event_080647,35.790344842022044,77.85497187173748,9.49038358726747,HIGHWAY,WET,ROUGH_PATCH,0.17509966691790083,-0.12390402734536902,9.74747941425644,0.9198488700039301,0.3697304190415492,0.6280225037890526,-0.017069109774114796,-0.006371716061426768,-0.0615319315993841,0.15170698027900945,0.17120393053813507,0.1385189075056082,0.6490803069688008,1.6111256127941491,0.4364681829458622,1.9607843137254901,1067.897470709982,47.75739375624995,,,,
2026-09-11 15:14:23.323237,device_0012,route_0001,event_020427,26.831631737245683,77.11625077895738,86.9780938032905,URBAN,CLEAR,ROUGH_PATCH,-0.00011538242313445388,0.08158375189597651,9.691297538859319,0.9865758805796726,0.6859757750827014,1.1022165577909335,-0.06841186728241506,0.016301127847522065,0.030025515247270044,0.19355220327824074,0.20330416583256064,0.25796210723027874,1.0930968545144157,2.47296074442891,0.4772768833441204,1.9607843137254901,1072.8990595464466,47.53476065265595,,,,
2026-09-11 15:00:10.123237,device_0023,route_0023,event_011895,28.010535996239977,78.16459160418353,9.427374009899182,RESIDENTIAL,CLEAR,NORMAL,0.13663699759785106,0.002027887438735535,9.775590165542882,0.30546112322718666,0.34027620943979386,0.32378732466123594,0.020665089202017498,-0.033823879199117286,0.025358555356699414,0.09943245451027553,0.09333949640917935,0.0864968756422985,0.3244717876410672,0.7696561683200347,0.4700080837901901,20.0,1182.7936295130366,50.72736147953584,,,,
2026-09-11 14:48:03.023237,device_0008,route_0039,event_004624,28.906116732416404,77.34668360525217,37.14983184946163,RESIDENTIAL,CLEAR,NORMAL,0.20934948994982475,-0.01571996064589127,9.692481269679813,0.29733847693448356,0.3558508737285997,0.31437427875542406,-0.051045646597908514,-0.02941625490185217,-0.014165128052943446,0.09350868896771102,0.10529073718634852,0.1194607681637763,0.32670032934423676,0.7535735130612853,0.4801615228308879,19.672131147540984,1174.5210483649005,51.936063712881634,,,,
2026-09-11 15:29:31.123237,device_0015,route_0019,event_029505,29.72843242822297,74.67493608103653,39.76825929371398,ARTERIAL,CLEAR,NORMAL,0.13225699991419496,-0.1403798514062447,9.691361283131256,0.28329904573282727,0.35233854687545807,0.3355363464057047,0.012599663926728488,0.038136732466400924,-0.019417090734250457,0.09434719538422813,0.09625543379179302,0.09576267112027435,0.34928366569075403,0.977667744129814,0.4712275421229664,20.175438596491226,1170.7151707482878,48.688187719961995,,,,
2026-09-11 15:01:16.623237,device_0022,route_0038,event_012560,29.463625503719303,78.01687420802534,55.6559979545952,ARTERIAL,CLEAR,NORMAL,0.09457397801193412,-0.03456658489608553,9.596042639157549,0.3001451769910251,0.28419030970626785,0.3630849696315846,-0.016821909975495743,-0.0345063757632077,-0.013176960916442604,0.09898304815256523,0.12336099928213808,0.11124085296856494,0.4105693332111062,0.9039930139394485,0.42542549293255705,3.278688524590164,1173.9747253078074,51.96023277588557,,,,
2026-09-11 15:45:14.823237,device_0011,route_0039,event_038942,31.80146484723338,78.41600760314685,39.02325668617439,HIGHWAY,CLEAR,NORMAL,-0.051735047323112994,-0.0780630219122104,9.907986512207751,0.3144244752117878,0.31346175846778884,0.3315621099973638,0.025551254450895088,0.0236613749898021,0.044298260384825844,0.09863071009151039,0.10913471446744631,0.09364891343837425,0.35170407041452717,0.8354684249419595,0.48660833609268966,20.491803278688526,1173.916838169756,51.962794992449886,,,,
2026-09-11 16:36:21.123237,device_0008,route_0049,event_069605,34.80913225051555,76.1222053395112,86.1300458842147,URBAN,CLEAR,NORMAL,0.1547786029339865,-0.0068056396573185065,9.612721528280167,0.30209786889074935,0.3545111108902001,0.3403946540877359,-0.05086816415891754,-0.006975049078835668,-0.04450595750676837,0.08866901575773774,0.0936385897477115,0.10852454284523912,0.38236420667503,0.8825593270102701,0.4655694570085397,17.21311475409836,1174.5210483649005,51.936063712881634,,,,
2026-09-11 14:41:17.923237,device_0017,route_0027,event_000573,28.673287520322788,77.17394400750283,41.76234898035452,RESIDENTIAL,CLEAR,NORMAL,0.08283779174335866,-0.1605774869130006,9.785161365053222,0.3712422294261517,0.3029241099649918,0.31085737802953395,-0.032978371008784875,0.01021712269264231,-0.024061071733142553,0.10440071768121519,0.0943494621473191,0.11061657143490942,0.3087328524350361,0.8563277812341283,0.44576949346165884,19.672131147540984,1168.9485129122031,52.183649943683676,,,,
2026-09-11 17:01:47.123237,device_0019,route_0006,event_084865,21.51349932364505,74.70034099383028,20.712381235328536,URBAN,CLEAR,POTHOLE,-0.11814189801453268,0.0563939718120304,10.104991524441377,0.3518809213530794,0.40082930368649117,0.6990867795142798,0.04196962310976403,0.03220451349094669,-0.01957017461379145,0.14691491167760254,0.12181359934188213,0.12851578794499424,0.7767878763808195,2.824337407970564,0.7249994231189166,9.0,962.7338785435682,51.93543212132559,5.166582117184034,8.870289273263483,9.388026248470974,MEDIUM
2026-09-11 16:06:34.923237,device_0022,route_0010,event_051743,30.771515503249802,81.32574288971001,9.954752355835526,URBAN,DUSTY,ROUGH_PATCH,0.03874681001796354,0.027458320206017132,9.701973128663656,1.34175163492168,0.5668936493302597,1.068461300447828,0.025962287661637117,-0.05263465626970869,-0.004052373115461492,0.21177321069408192,0.20677952009121017,0.17843886474101028,1.0607416247013577,2.544305575758358,0.4455020017683953,1.8181818181818181,1058.5018015070395,51.96023277588557,,,,
2026-09-11 16:44:14.223237,device_0015,route_0021,event_074336,27.324546642518108,83.81989939612235,73.26769891912113,RURAL,WET,POTHOLE,0.05334353729808459,-0.03933352861434796,9.919228231879721,0.5223201756866297,0.6517586306248464,1.2429660684318227,0.004347054553261769,0.07642613216790216,-0.03778091967436184,0.3741515020131125,0.2948372695853245,0.3812630501553691,1.3218126490938353,7.247259842957213,1.038368655354415,1.0638297872340425,965.3265443012199,48.688187719961995,4.16213036141008,9.635684863999298,10.17277763128489,MEDIUM
2026-09-11 17:05:09.023237,device_0012,route_0039,event_086884,35.84591313570246,79.9096709338105,42.53682940201674,HIGHWAY,CLEAR,NORMAL,0.10349819818688058,0.17599741878378675,9.65477803722534,0.35852589881760694,0.2728903054593357,0.35375580865132333,-0.05955989562327641,-0.016177385859131876,-0.000716866180517307,0.09861731152238647,0.09378924959333097,0.08610034262218974,0.3748967062806604,0.889531781732444,0.45482396185074636,8.035714285714285,1178.0852418549218,47.53476065265595,,,,
2026-09-11 15:40:44.423237,device_0022,route_0033,event_036238,31.45180429103953,78.77246023730143,55.019507063537134,URBAN,WET,NORMAL,0.1161951663393051,-0.011745296686774606,9.634836367920087,0.34616511957360785,0.3476433769529397,0.33277047308998936,-0.03351527200018495,-0.02711092885963778,-0.04039375750327294,0.11363978490009342,0.10780783759669173,0.0890863242039489,0.36371923647317805,0.9324351202478152,0.5052173045893309,14.754098360655739,1173.9747253078074,51.96023277588557,,,,
2026-09-11 16:04:08.823237,device_0018,route_0041,event_050282,27.700083069957596,81.59258632251782,10.273848274614842,URBAN,CLEAR,NORMAL,-0.12508161260155312,-0.11855449238317955,9.986761699114812,0.3686954811101449,0.32963701540003293,0.3347395083737153,0.04376394119859825,-0.018588296592858152,0.036114336779552024,0.08297675673835314,0.11390529144746037,0.09618396614363435,0.3936682450001566,0.9210069426126299,0.5118270107224536,10.0,1196.452449290308,50.14825289178003,,,,
2026-09-11 14:53:15.423237,device_0000,route_0009,event_007748,27.99732192053053,77.36225108990803,56.87536275383102,RESIDENTIAL,CLEAR,SPEED_BREAKER,-0.05001679591947228,0.04385630790951551,10.37183675221747,0.5456470891651144,0.7407300641628057,1.5725297624911756,0.01708916506900472,-0.019963013232307918,-0.05388314420235765,0.22793696711721598,0.21926043093907238,0.21668649132722484,1.7380233584414766,6.066519161761947,1.03286634821382,1.4285714285714284,1385.9856049281768,50.50557505871605,,,,
2026-09-11 15:55:32.523237,device_0016,route_0041,event_045119,27.803340282973746,81.13986177837643,87.96097016338935,HIGHWAY,RAIN,ROUGH_PATCH,-0.05396403860213523,0.011950891208681511,9.890517890577383,0.42300560630942097,0.4892597366135026,0.7369270264457625,0.023733259872990676,-0.04374756999206212,0.01701400055005359,0.14532819205289407,0.16840876397701837,0.14927381453889765,0.7421125497718372,1.766760769313926,0.3380115910454734,1.9607843137254901,1069.0955240705746,47.70387570777382,,,,
2026-09-11 17:26:51.723237,device_0022,route_0021,event_099911,26.86467902324235,86.07325245546757,74.39881344667461,URBAN,WET,POTHOLE,0.16299638194534252,0.0634951763194865,10.393009720886674,0.7062002670280716,0.9852150930427126,3.443089851566628,0.005698814363713699,-0.02491448853238647,0.0712266670229616,0.32536694659022314,0.3831003721197084,0.29965267758109965,3.6032702595442205,16.082716892071588,2.161928449771899,2.0,962.2743650063995,51.96023277588557,9.168040113026262,21.214838484636,14.016386233939704,HIGH
2026-09-11 16:42:38.723237,device_0008,route_0022,event_073381,35.2515357098346,76.87692665645915,36.97813863505938,URBAN,CLEAR,NORMAL,0.11418417408557517,0.002364407481530716,9.715462256099144,0.2769847498618524,0.3262830119746128,0.3257287702195649,-0.0624062097062087,-0.04324590345731713,-0.03742980012884863,0.09938113850151051,0.11320047382433206,0.11524070404253105,0.33386236713384954,0.9374584354477857,0.462657254846986,12.295081967213115,1174.5210483649005,51.936063712881634,,,,
2026-09-11 16:21:49.923237,device_0024,route_0036,event_060893,34.131573394444736,76.81750884802562,9.76453348585027,URBAN,CLEAR,NORMAL,0.1831704220767144,0.18692690356107813,9.991917224334971,0.30063733938506304,0.31125014512804594,0.33004360637099744,-0.014692773138096143,-0.03588178029878116,0.037206349235367184,0.10143063593544256,0.10788879876412918,0.10583172254248431,0.3856250181854445,0.8349169064003732,0.4046863890963949,3.278688524590164,1165.9444844817242,52.318099885446266,,,,
2026-09-11 16:47:18.423237,device_0020,route_0040,event_076178,28.36705587316015,70.39019699526868,60.84627485811593,URBAN,WET,NORMAL,0.0831927226061532,-0.10914756046258889,9.708254567245575,0.3008704047365696,0.30928397867851676,0.2739477767103063,0.033380574318073626,0.026672918601054856,-0.03335112853891943,0.10663129073757457,0.10891628599617972,0.10529379864466035,0.28715854155245796,0.6898458622455372,0.409866171541847,11.607142857142856,1178.3195617621582,47.52530791923109,,,,
2026-09-11 16:53:24.923237,device_0013,route_0013,event_079843,35.131727014743895,80.2222025299004,41.35702216641057,URBAN,WET,ROUGH_PATCH,-0.04494070100614499,-0.10189796612438472,9.615919213407873,1.0894567778963402,0.37665918387771635,0.9103271967914959,-0.007318061006397302,0.010054321702208883,0.014232383843455503,0.24336338434545604,0.20761730643697854,0.23404140556504893,0.8953923261026562,2.04769594427892,0.38664588138582756,1.923076923076923,1054.3786029324665,49.31814801189647,,,,
2026-09-11 17:04:12.923237,device_0001,route_0043,event_086323,20.87665241351553,75.9428907733104,21.188896479700038,RESIDENTIAL,CLEAR,NORMAL,-0.16725578395693216,0.17261646126917612,9.84260859468324,0.3328904551751049,0.31902617501757996,0.33625618501551086,-0.04642979737326336,-0.032772037610628524,-0.041175668055368764,0.08018464546363724,0.102896920753199,0.09081633361536358,0.3406236714081886,0.9998001655040625,0.4579018352283708,0.8771929824561403,1147.8114285371462,49.659725093210575,,,,
2026-09-11 17:24:32.323237,device_0016,route_0011,event_098517,22.73832363155749,70.58293688908155,63.08398081281659,RESIDENTIAL,RAIN,NORMAL,-0.036603977144846145,0.029875839197018274,9.846610839270872,0.3651192827316587,0.290960867619396,0.2603821362897241,-0.00598924442736196,-0.054213313875304626,0.05456349049863411,0.09382650034477442,0.10172873632258102,0.09589540425423308,0.2659678741322199,0.6002803039789821,0.4443881284598185,15.178571428571427,1173.9088107441603,47.70387570777382,,,,
2026-09-11 16:48:33.523237,device_0024,route_0015,event_076929,21.909848452308452,79.03149652771306,74.72202172469802,URBAN,CLEAR,NORMAL,0.1499692382512413,0.20459613927370987,9.981210990561285,0.26864764610096015,0.3151373391589995,0.3105697910943592,-0.027982893317248896,-0.052755539904949564,0.05418906721965202,0.104504321344636,0.09331104349198036,0.11785186410201817,0.3642229895005507,0.862724645553266,0.41457413326442244,11.475409836065573,1165.9444844817242,52.318099885446266,,,,
2026-09-11 15:10:16.723237,device_0013,route_0045,event_017961,27.090024435699362,77.70317119354844,42.663867857773425,RESIDENTIAL,CLEAR,SEVERE_POTHOLE,0.03560312367475645,-0.013392146776232508,10.993197526098536,0.2649540883004901,0.8657435793966666,6.998028529129071,-0.005629801648892837,0.08632316929112559,-0.01472905003461868,0.4272922483420269,0.3459800172367413,0.43088872822506546,7.134617474689717,34.01532179080385,4.831900158931488,1.0638297872340425,952.9960449581909,49.31814801189647,18.4948826357821,47.703509333104186,22.431969616375557,CRITICAL
2026-09-11 16:28:25.123237,device_0015,route_0004,event_064845,31.82998578325873,81.99620370168986,9.955186293867717,URBAN,CLEAR,NORMAL,0.09557291365763096,-0.07111012174638309,9.577119405807304,0.28487360758901914,0.27420635489686185,0.2694232858973207,-0.020808366473898984,0.054492149041367205,-0.02883827000400308,0.09680411910601004,0.09307890504620722,0.10403059700131471,0.3441382113897725,0.8555020729085179,0.3926951793471036,4.385964912280701,1170.7151707482878,48.688187719961995,,,,
2026-09-11 15:27:29.223237,device_0007,route_0032,event_028286,30.168491761186473,79.12253455316953,21.318188071029944,URBAN,CLEAR,NORMAL,0.09421767151960812,-0.1111181323804891,9.593449131410509,0.3318941872556972,0.2966523942955483,0.3150426084990623,0.0103125353593512,0.0023477505778522413,0.04272520938292567,0.09730589933709892,0.09988506679869727,0.0955057563206043,0.370587837272229,0.8404584619880762,0.45415576650461076,7.017543859649122,1156.3665497149682,49.29232864272136,,,,
2026-09-11 15:08:13.623237,device_0029,route_0049,event_016730,30.1156632277175,76.88355236577887,55.98622539525928,URBAN,CLEAR,SPEED_BREAKER,-0.08371447523461795,-0.18063770180448285,10.36563465393847,0.7937657163745243,0.5299387193461205,1.4618572698993297,-0.004787740783118087,-0.03218693655341767,-0.0060904764973282255,0.2226605017190154,0.23075986446123695,0.22972150291114737,1.642913616402332,5.590270434196846,0.9768484453811106,0.7142857142857142,1383.0041956338878,50.614452379095,,,,
2026-09-11 16:33:10.823237,device_0025,route_0027,event_067702,26.12618832409746,82.64756288693853,78.95258409785023,URBAN,CLEAR,NORMAL,-0.04612183121212152,-0.07040077770937228,10.044309224705382,0.327949588096227,0.3158946951947756,0.25439159366696046,-0.03168272840513924,-0.029728920280274632,0.015434817888156144,0.09577053037858575,0.10062213195805982,0.09631309353980112,0.35879202697380136,0.7910279277174634,0.4318813124581477,5.833333333333334,1191.6511525911126,50.35030585044683,,,,
2026-09-11 16:56:18.723237,device_0014,route_0000,event_081581,21.425328190652454,75.36228776074371,62.54148654917523,URBAN,CLEAR,NORMAL,0.18064349816771316,-0.06399975104658405,9.84264986011769,0.2215601407962773,0.3499080113625835,0.2699794855933493,-0.01955976654774295,-0.02265605279443827,-0.03108836155986781,0.09535752597733889,0.10223473124545158,0.10017411985914797,0.27641670088331266,0.7285872113644647,0.4260477909671383,18.75,1172.5933011717448,47.75739375624995,,,,
2026-09-11 14:44:54.823237,device_0016,route_0027,event_002742,28.590834185393717,77.35100879864578,64.40060349134495,RESIDENTIAL,CLEAR,NORMAL,-0.05951347939293157,0.025305617719734833,9.825789332183948,0.31134572055880866,0.3391721383527042,0.30933171477736404,0.004870638566939761,-0.03236330560802641,0.021316474792617546,0.0940283117205754,0.09016876096454932,0.09940156943116817,0.31124288533442246,0.7920269414108905,0.44975064362913214,15.178571428571427,1173.9088107441603,47.70387570777382,,,,
2026-09-11 17:13:24.523237,device_0007,route_0002,event_091839,21.01350890723916,80.25325870203918,73.83118725591558,RESIDENTIAL,CLEAR,NORMAL,0.1311639263537132,-0.10096613596208841,9.663544945534795,0.3654657326708228,0.3546666787532801,0.3558909682749945,0.03157595548891452,0.047399180859870146,0.036363517732214905,0.10230214582014707,0.0905264776802134,0.08366929679208583,0.37587432478949134,0.9611074918562483,0.49521029030063035,21.929824561403507,1156.3665497149682,49.29232864272136,,,,
2026-09-11 16:05:48.223237,device_0018,route_0025,event_051276,23.925550849562928,77.13734536069687,41.66144133471502,RESIDENTIAL,CLEAR,NORMAL,-0.11249603562890045,-0.15158637513032883,9.947339956970046,0.2928793582141273,0.31916062982187726,0.3185938157732781,0.03054225249027181,-0.0074458810384567175,0.03031505711331658,0.09767063571059284,0.06935187344548473,0.09043721159465658,0.35561603956801346,0.8925369051965468,0.4303704243499855,17.5,1196.452449290308,50.14825289178003,,,,
2026-09-11 14:58:22.323237,device_0017,route_0032,event_010817,29.190014980803053,77.89350596842822,54.59220753033838,RURAL,CLEAR,NORMAL,0.07990326249119152,-0.15799048952767933,9.827140590950203,0.28465510748735157,0.33274231206358057,0.258732684934255,-0.03258175175206704,0.028707835492445034,-0.043896032634088936,0.10209306760203533,0.10758167163221397,0.09904770051906217,0.2618464676571166,0.6266622333001077,0.4214002027593446,15.573770491803279,1168.9485129122031,52.183649943683676,,,,
2026-09-11 15:02:41.923237,device_0004,route_0015,event_013413,27.42649975786107,77.55037195449921,65.84040839344632,RURAL,CLEAR,NORMAL,-0.09931091733429286,0.040935002249459035,9.67832770189597,0.31901530513302373,0.3413405952607511,0.34411872053362785,0.02882275940988356,-0.039620981720848665,-0.015812152648898473,0.106016290658155,0.1057022072918989,0.08713589208278119,0.3604696911069129,1.010810510418553,0.48661668510577516,8.333333333333334,1194.4208269519643,50.2335513967164,,,,
2026-09-11 14:48:05.123237,device_0000,route_0006,event_004645,28.31149595305493,77.11656588795891,43.67993384619463,RESIDENTIAL,CLEAR,SPEED_BREAKER,0.05301445439619873,0.18438289062736368,10.333808644809869,0.6329345010025309,0.6492406018428533,1.3910609086307495,0.009804359607655773,-0.039961408140916366,-0.054349370872305694,0.1629315366214739,0.18875151203986726,0.1660392935620861,1.5601676945048881,5.478945014349712,0.930623476433832,1.4285714285714284,1385.9856049281768,50.50557505871605,,,,
2026-09-11 15:21:43.623237,device_0012,route_0014,event_024830,30.59672576699034,76.40727023938044,81.26059050291312,RURAL,WET,SPEED_BREAKER,0.011426986272084674,0.07602142387776038,10.320911471475702,1.4883110386953808,0.47798795525960863,1.884228351170437,-0.08587009078847012,0.034926199698080314,0.005380997819344668,0.3072827937205852,0.34409012775889697,0.28846713522672784,2.1983579974890652,10.21922427398317,1.4631673579344522,0.7575757575757576,1388.4576064718722,47.53476065265595,,,,
2026-09-11 16:06:08.323237,device_0007,route_0032,event_051477,31.467323427423068,80.75431437225869,62.59957675916151,URBAN,CLEAR,NORMAL,0.11607794545419728,-0.1697133642939309,9.654439544753593,0.27235528109679513,0.29718525796977824,0.36944702665064605,0.0293805229426687,0.020225511902358956,0.013988897612605399,0.11149010252098111,0.09589356912697725,0.11169183934705594,0.39148831802837847,0.9197942469579719,0.4260937156553989,8.771929824561402,1156.3665497149682,49.29232864272136,,,,
2026-09-11 16:21:08.223237,device_0014,route_0004,event_060476,31.611993097373457,81.66941141405441,65.53832271880752,HIGHWAY,CLEAR,NORMAL,0.2088246831916644,-0.17881364313344714,9.773859576316184,0.306793841994167,0.29665170467391094,0.3373596015395387,-0.005612442156016323,-0.01966157450103775,-0.06381949146418743,0.10117320471990932,0.10484330889023342,0.09634172987466592,0.3392194647982808,0.9044919407199412,0.4521179994702716,22.32142857142857,1172.5933011717448,47.75739375624995,,,,
2026-09-11 14:56:49.323237,device_0025,route_0008,event_009887,29.369260151787007,77.38552886726642,43.248876059933906,HIGHWAY,CLEAR,NORMAL,-0.07899535003879422,0.015300862933297847,9.922655793835892,0.2851588115504769,0.3261392252396215,0.3335321155645051,0.0021488230327722136,-0.018168759248435345,0.01190815933149738,0.09675114017740409,0.12057472087587331,0.11017061586371893,0.35832705303554996,0.9807445755509434,0.4343756595179506,7.5,1191.6511525911126,50.35030585044683,,,,
2026-09-11 16:48:41.223237,device_0005,route_0047,event_077006,22.045748580985855,79.19182101768413,56.27183697370028,RESIDENTIAL,CLEAR,NORMAL,0.2723927838471743,0.13406174277284802,9.998353686066169,0.3205168680549704,0.3015459469191377,0.3639221108046939,0.05513103938493369,0.005629825877655136,0.02468432165590123,0.11082541475999355,0.10538886978802477,0.10975572434673284,0.42213697750864315,0.8817800020731177,0.47153065239742287,3.571428571428571,1173.3612685170888,47.72613644455269,,,,
2026-09-11 16:54:40.123237,device_0022,route_0046,event_080595,35.58527745811405,79.33089597292395,75.90510604308497,HIGHWAY,CLEAR,ROUGH_PATCH,0.03081311018816632,0.026218627217435425,9.625956044021459,0.5638861157391369,0.5596108648240148,0.9338101527702084,-0.009566540808351983,-0.04862905213276625,0.0055722017813194585,0.19814127989670005,0.17469805648196604,0.14677772187896898,0.9466938740213718,2.1220522417358314,0.416253910169659,1.8181818181818181,1058.5018015070395,51.96023277588557,,,,
2026-09-11 16:41:36.723237,device_0026,route_0008,event_072761,34.78896768880942,78.99728547918944,9.163550836968133,URBAN,CLEAR,NORMAL,-0.019758332982558763,0.09250594337920658,9.6113857626155,0.3854743638535057,0.3243615285050205,0.3115244703416646,0.0028425885463888353,0.04652265020236926,0.02668694378297323,0.10026955175935459,0.0917777484738272,0.09884468597114138,0.35730461726188384,1.034795802298655,0.47831737095979066,2.631578947368421,1156.2462834189637,49.29745575609877,,,,
2026-09-11 17:22:11.223237,device_0019,route_0045,event_097106,20.260706372212773,79.70866915315483,62.486805985747175,URBAN,RAIN,NORMAL,-0.0797611442569322,0.17217776508399418,9.964676834171831,0.3674649983330875,0.28229492912510123,0.32103757270573785,-0.007762837772392268,-0.01724153084815482,-0.017769533041773613,0.10150579143746066,0.08813043860416234,0.11718010165242658,0.3649964908907353,1.0047394643026948,0.4301402675042672,23.770491803278688,1174.5353318231532,51.93543212132559,,,,
2026-09-11 16:09:37.523237,device_0002,route_0009,event_053569,23.930777136762067,78.02813127313391,83.39433796272465,RESIDENTIAL,CLEAR,NORMAL,0.07665220246943791,-0.11373651631800664,9.663777482235426,0.24941270278895428,0.2906785144220472,0.2735182027827848,-0.025898391412451753,-0.016444810088403147,0.0098543349027075,0.08070502010809485,0.09872668731210332,0.10257900793375069,0.3022315478753965,0.7192921364981633,0.40640791819505656,5.833333333333334,1189.0117987248957,50.462072844310214,,,,
2026-09-11 15:06:23.223237,device_0013,route_0041,event_015626,28.393738649037598,78.55416321310771,73.91912233762267,HIGHWAY,CLEAR,NORMAL,0.002209569446004482,-0.1304612960969584,9.697662189108222,0.2735597582586694,0.3130093385043505,0.34257197859262767,-0.004194751188032436,0.03790292622636534,-0.02968073386672583,0.10570202317026882,0.09075068192521092,0.0962672234995037,0.35579774672593845,0.9379212796341907,0.43590324843972356,0.8771929824561403,1155.7611609067421,49.31814801189647,,,,
2026-09-11 17:24:22.823237,device_0023,route_0023,event_098422,23.80783994288952,84.71365534408083,21.429860294766797,URBAN,CLEAR,NORMAL,0.12317729983592195,0.026552268169491314,9.839145433134165,0.29459173791140514,0.26359063098832086,0.2964940204590548,0.0069306450125863305,-0.03082075110211744,0.02491261532703745,0.10485534699784993,0.08565361557291755,0.10066944240119459,0.2997402650557088,0.8057599872822543,0.38393909683611954,20.833333333333336,1182.7936295130366,50.72736147953584,,,,
2026-09-11 15:45:06.723237,device_0013,route_0004,event_038861,30.533971973858062,80.05185125147747,87.60182230150535,URBAN,CLEAR,NORMAL,-0.0948453783845339,-0.15207423747848792,9.631788355888709,0.35228322576568194,0.2977432027963911,0.3492105562259285,-0.014275532899528463,0.06036108515235535,-0.04194152898201692,0.10159353783779042,0.09792815707772921,0.11035623314487675,0.38319232347972315,0.8224057064593389,0.4700362868065647,1.7543859649122806,1155.7611609067421,49.31814801189647,,,,
2026-09-11 15:21:15.323237,device_0003,route_0024,event_024547,28.697472717640583,74.98739071863079,80.31907826087107,RESIDENTIAL,CLEAR,POTHOLE,0.016950040773658227,-0.1658674746864727,9.76631506500939,1.0971978732784238,1.2594747101526034,0.784530130040152,0.07148041847137876,0.010126914457578544,0.052936574726940536,0.335907799554541,0.34096248618167835,0.42465331171952786,1.1588647746977085,7.059504228329086,1.6348865914735913,2.0,981.9099753479176,50.92116513256079,2.169466022413111,4.925215254235553,4.91226455066422,LOW
2026-09-11 16:50:40.923237,device_0024,route_0027,event_078203,25.728135444599584,83.50376384002844,9.566101578012967,RESIDENTIAL,CLEAR,NORMAL,0.21866021832780613,0.208320943765332,9.943375662695836,0.31744536869810347,0.3024182111153024,0.357728681075067,0.016359125006597898,-0.06196058631838971,0.06150663052975541,0.11199930409008614,0.10418034460856025,0.09581730849712704,0.39140462879708426,0.9731016144316076,0.4826811609451448,9.836065573770492,1165.9444844817242,52.318099885446266,,,,
2026-09-11 15:54:33.023237,device_0026,route_0013,event_044524,32.262633569639526,78.85952080093902,10.170441443327737,URBAN,CLEAR,NORMAL,0.04146577967859528,0.20291350191686333,9.641262205533806,0.27228152719635856,0.31528337565779135,0.33897006316730866,0.01445112107794399,0.047058020816924374,0.029305177886314083,0.09077799399040783,0.09354722830604968,0.10119932710655764,0.370095184210069,0.9122187292544623,0.4260534604135266,19.298245614035086,1156.2462834189637,49.29745575609877,,,,
2026-09-11 14:41:53.423237,device_0008,route_0031,event_000928,28.447715867216317,77.24899072954591,59.548419142172634,RESIDENTIAL,CLEAR,POTHOLE,0.18985338687313516,-0.054527284979208564,9.854582295927685,0.5195640333206976,1.0258567122034068,0.8733775804039569,-0.0783769086771624,0.002719585897454155,-0.0625522664250973,0.35115488448325893,0.2865839839777664,0.20809245851186728,1.0783843114836522,5.952467592806915,1.1529116767837309,2.0,962.722170790902,51.936063712881634,2.332427734992854,3.973967979878434,5.385502359614375,LOW
2026-09-11 15:31:17.823237,device_0004,route_0015,event_030572,25.936216012411073,77.95042122169617,18.940622611162027,RURAL,CLEAR,NORMAL,-0.0919746384060214,-0.02925489806916242,9.62815193293374,0.3302492389841273,0.3295153001322884,0.3109049016766882,0.0588107117921879,-0.040806740411959114,0.026036676909620287,0.10320514239295595,0.08627868316387213,0.10244823992321132,0.34971743464237176,0.8217020418308429,0.46578714207015376,19.166666666666668,1194.4208269519643,50.2335513967164,,,,
2026-09-11 14:43:58.023237,device_0008,route_0015,event_002174,28.40265678436984,77.2884321193689,60.21933063626751,RESIDENTIAL,RAIN,SPEED_BREAKER,0.005921665629867488,-0.005727728418137705,10.170486574485421,0.6270223393378571,0.5196447157269847,1.5057588886610833,-0.006954513305238223,-0.038330671853146335,-0.06807873502822268,0.2389150257540921,0.20303817627438864,0.22198364072048962,1.59675293989869,6.557801449088398,0.8255565096709058,0.7042253521126761,1367.0654825230808,51.936063712881634,,,,
2026-09-11 16:26:01.323237,device_0001,route_0012,event_063407,22.887644182472307,77.12183524211672,10.676045928648364,URBAN,CLEAR,POTHOLE,-0.18302421179951153,0.13549220253029987,9.927066762691402,0.3261055150219857,0.22150445880111255,0.643347293800961,-0.03413612591787771,-0.021662440856323736,-0.06310955671276856,0.10663332521976966,0.06715189422308532,0.0995358018442402,0.6565870320886202,3.108799870928209,0.685883609241803,21.27659574468085,946.4410024779978,49.659725093210575,3.784317266263839,9.2201480478857,4.900364870223491,MEDIUM
2026-09-11 15:06:07.223237,device_0025,route_0019,event_015466,29.230987736136033,75.83528551661001,9.51000643765085,URBAN,CLEAR,NORMAL,-0.06878531154877245,-0.0032702651622413775,9.932296464171088,0.2968038602196653,0.337540563732747,0.3312669035110004,-0.02314315099801771,-0.020466354575797284,0.02923593394055218,0.09531886491181099,0.11187794865563956,0.10605522986153697,0.36111906060781107,0.8401540838729833,0.45377401055755623,9.166666666666668,1191.6511525911126,50.35030585044683,,,,
2026-09-11 15:15:49.323237,device_0013,route_0030,event_021287,30.280633637404836,78.30494965320607,60.841551118750495,RURAL,CLEAR,NORMAL,0.025102742550453878,-0.11783903534013743,9.624707968726504,0.3459979178361373,0.3601995358375401,0.30738763078286474,-0.03368838544856998,0.042649438393704976,-0.02382333237475733,0.10785910349069094,0.10131698662464461,0.10950538012000652,0.34572189682840204,0.8329946191308348,0.4643601042838742,4.385964912280701,1155.7611609067421,49.31814801189647,,,,
2026-09-11 16:34:59.723237,device_0015,route_0020,event_068791,24.27258629329673,72.76686573582236,81.32375611433338,ARTERIAL,CLEAR,NORMAL,0.13293065731123993,-0.08986885121040279,9.697256856856974,0.31216223169224444,0.36362634035488,0.3232341494646529,0.008194067286616112,0.03830599338101206,-0.0662628933299346,0.08517873743123945,0.09606427023716153,0.08407359928232046,0.3362358270654234,0.9560840915909044,0.4829046427556619,19.298245614035086,1170.7151707482878,48.688187719961995,,,,
2026-09-11 16:27:13.623237,device_0012,route_0046,event_064130,34.16469665701547,78.9138334675606,39.86136907195138,RURAL,CLEAR,NORMAL,0.1254277668075753,0.1717901809372401,9.714233489565311,0.3645805554927968,0.3397067708836237,0.3294080698242071,-0.06104540035233364,-0.04029177705243174,-0.009089475812370995,0.09138501277065032,0.1095241735311208,0.10059461352738315,0.3368431996460198,0.7399268350164423,0.5232493976042557,9.821428571428571,1178.0852418549218,47.53476065265595,,,,
2026-09-11 15:51:23.623237,device_0020,route_0012,event_042630,24.755770240877972,77.15863484489255,9.542556659359368,RURAL,CLEAR,NORMAL,0.04667225460981262,-0.10853810149168426,9.662703695659193,0.32603685966363094,0.28875476976562975,0.2837456767379939,0.04863781910338224,0.028932642121452978,-0.050505181490830574,0.08661284611346666,0.0995770580578139,0.09937800590754711,0.3097634906435249,0.7554414849644413,0.40733854855412105,17.857142857142854,1178.3195617621582,47.52530791923109,,,,
2026-09-11 16:01:06.523237,device_0010,route_0019,event_048459,30.400361218970637,73.10816595908156,81.95853181697001,SERVICE_ROAD,DUSTY,ROUGH_PATCH,-0.13790420994321675,0.004077164511088108,9.687624551788067,0.5430623477887813,0.6854303080395329,0.8161931876549066,0.047987499867901184,0.08099396336294645,-0.016162372169646947,0.2424690968752945,0.2464341253464821,0.16741793958519374,0.803914305291376,1.768839953939878,0.45371735246506,1.923076923076923,1068.9912384953316,48.64399082745811,,,,
2026-09-11 14:54:09.123237,device_0016,route_0032,event_008285,29.04832760122721,77.71592340341375,10.780863604020416,RESIDENTIAL,WET,NORMAL,-0.035632578556402957,0.07280085047906613,9.838368602373277,0.33327554765334916,0.2904572942314459,0.3235159355031462,0.007721736983963487,-0.04796232020714212,0.032816031346756154,0.08551508738406455,0.0910500335639793,0.09051249121121725,0.3266789684245704,0.9847553450453912,0.4506353471557453,4.4642857142857135,1173.9088107441603,47.70387570777382,,,,
2026-09-11 16:14:35.023237,device_0019,route_0006,event_056544,23.913551670246527,75.55355291575947,59.34656686500177,RESIDENTIAL,RAIN,NORMAL,-0.10717021479579905,0.09155931028350378,9.968894103668873,0.31384790753464825,0.32504918486351253,0.33766903615959387,0.02942759946609886,-0.027388348855769195,-0.016884521947505417,0.09559975341210661,0.1051882014070574,0.11550721368954327,0.38127009408243895,1.0552848447402532,0.47863567893050696,21.311475409836067,1174.5353318231532,51.93543212132559,,,,
2026-09-11 15:40:34.323237,device_0022,route_0045,event_036137,25.521562658329056,78.16376799241297,21.641934169217002,URBAN,CLEAR,NORMAL,0.1676277061798057,0.05226228881978949,9.636890032617602,0.3460715480959514,0.345775031195679,0.2883072452850793,-0.004779927525025499,-0.010243603706683643,-0.014620862167784639,0.0922065396636483,0.10073933339148958,0.10884226703289937,0.32517000198384616,0.8298004131122472,0.4820221643718478,18.0327868852459,1173.9747253078074,51.96023277588557,,,,
2026-09-11 16:43:32.323237,device_0010,route_0005,event_073917,25.068755544577954,71.6347858571047,21.95145331361325,RESIDENTIAL,DUSTY,NORMAL,-0.18513220746732448,0.0058159867825974985,9.76036877932281,0.27405372687658797,0.2833907827471729,0.28235007948932955,0.010972773218243349,0.04938677187051593,-0.009403524014791682,0.10910377536967666,0.09619347758010942,0.11635299401171881,0.2847982423453048,0.7743654001341405,0.39624906265232773,3.508771929824561,1171.7788575814213,48.64399082745811,,,,
2026-09-11 16:13:50.323237,device_0025,route_0015,event_056097,23.719221682300542,78.5458671890379,19.907188043251303,URBAN,WET,NORMAL,-0.025072814586758044,-0.036150812696094194,9.91130452259197,0.32739921526237126,0.3741908624566235,0.3574224401439864,-0.005332935720449825,-0.03272845948195283,-0.017352686997303458,0.10256188548772881,0.0962959847116757,0.08795743486336553,0.3794402625480649,0.8679216375424943,0.49784908878862827,16.666666666666668,1191.6511525911126,50.35030585044683,,,,
2026-09-11 15:23:04.223237,device_0005,route_0033,event_025636,30.628609979884466,78.29179005559813,81.80665719963139,HIGHWAY,WET,NORMAL,0.1421894775347083,0.1817040257450275,9.962125071716043,0.29857328179944964,0.3170571490438362,0.3305477723151586,0.05152019537144364,0.0012704997196750342,0.01412244868363573,0.11148184429233784,0.09956596306685007,0.1031691491659543,0.37445480878821147,1.0247657385939029,0.48393818450632525,17.857142857142854,1173.3612685170888,47.72613644455269,,,,
2026-09-11 16:20:18.123237,device_0005,route_0035,event_059975,24.734305358749193,81.13771740546993,9.328761994736272,URBAN,CLEAR,NORMAL,0.238147541210997,0.06399022526301155,10.021146437126012,0.30974333037377655,0.28513195671475594,0.3043670932968105,0.05498981333132353,0.026202488195796812,0.03755174058424867,0.0946376409777242,0.10751174368609967,0.09213039154243491,0.38388207867307966,1.1446192657282666,0.43342733302269215,15.178571428571427,1173.3612685170888,47.72613644455269,,,,
2026-09-11 16:25:30.523237,device_0027,route_0008,event_063099,33.95607965680101,78.74977331221494,20.178368933444272,URBAN,CLEAR,ROUGH_PATCH,0.11854754835909749,0.17791055505388245,10.00255804327339,1.196190502984608,0.718883310612426,1.3196446013517449,0.10516954932156183,-0.027278341409945676,-0.01480283121063269,0.23920611117985846,0.2017051860228525,0.21299974227066903,1.3506968810715647,3.6377350279950065,0.48001905409733653,1.8181818181818181,1078.2234575296727,51.009834386288524,,,,
2026-09-11 16:14:31.823237,device_0009,route_0018,event_056512,33.11491471586214,79.44373334732867,10.341309891800524,HIGHWAY,CLEAR,NORMAL,-0.1931536641442846,0.0863370079069458,9.89980726206248,0.29143857109872406,0.3125200390189554,0.25073255979412645,0.03160978214871545,0.02845491217009482,-0.007311242166155041,0.08348265001321246,0.09341622697831209,0.08840559015812324,0.27480569870910004,0.6699883672865887,0.38737205325552726,0.8928571428571428,1175.8012798150014,47.62709563372047,,,,
2026-09-11 16:34:21.923237,device_0015,route_0007,event_068413,24.797192238174972,81.99695342678623,55.021249324440525,URBAN,WET,NORMAL,0.16316745807090985,-0.08659433097782825,9.661122879512039,0.26970215347639676,0.3105356655749862,0.33348566304510696,0.021202789366510454,0.07121500782001741,-0.023733220128814965,0.09419496349143514,0.09601899419229015,0.08318193772108251,0.3556834200408457,0.6798274057044704,0.45331108012848176,1.7543859649122806,1170.7151707482878,48.688187719961995,,,,
2026-09-11 15:20:46.923237,device_0014,route_0028,event_024263,27.228787310767277,75.6159916826762,62.274827124893605,URBAN,WET,NORMAL,0.20323032789521642,-0.11096278655874965,9.727736703480604,0.28101174600110723,0.3582266647692582,0.35240197803416,-0.028438345981920504,-0.020848290531280678,-0.02597966690332414,0.10213536315461734,0.10547053185566697,0.09230341957992722,0.35822955923702166,0.8065579009893522,0.481642908855625,20.535714285714285,1172.5933011717448,47.75739375624995,,,,
2026-09-11 16:21:02.523237,device_0000,route_0015,event_060419,23.34370012392706,78.64652343056244,21.46810774881726,RURAL,CLEAR,NORMAL,0.014420534536028661,0.1786566873763219,9.885348798736267,0.3126410106104001,0.2779879223340794,0.2724684589032503,0.012343034772337232,-0.03314290904113434,-0.041237222017529634,0.10108025168765389,0.10753936892349288,0.10656484808181724,0.2871275831354055,0.7456328492829503,0.4220748502452576,22.5,1187.9876613670087,50.50557505871605,,,,
2026-09-11 16:08:44.823237,device_0028,route_0038,event_053042,32.25128703305882,80.35855717795233,78.49575246973602,RESIDENTIAL,CLEAR,NORMAL,0.13818841861801645,-0.0604997838402813,9.688656131810315,0.3211951638668774,0.3069321718947606,0.2962176423973318,-0.052391431779317606,0.026042884341378657,-0.06026340579794205,0.11471878780713309,0.10908912167555497,0.10737683427847447,0.3135556952431755,0.7165607247169081,0.42254285854134593,18.421052631578945,1164.8650637957344,48.932706260641424,,,,
2026-09-11 17:13:53.623237,device_0016,route_0015,event_092130,20.58950576818706,79.38601843220218,80.5993775583525,URBAN,CLEAR,NORMAL,-0.0211324825341512,0.05752892991098483,9.870640660628952,0.24523374906987444,0.2802453602895217,0.28894745181485865,-0.0011974903473484743,-0.027923529918875763,0.0203941411831215,0.0894369742003861,0.07813135854812152,0.10425154079095843,0.30030097874884987,0.7206787597685711,0.4046097501354304,3.571428571428571,1173.9088107441603,47.70387570777382,,,,
2026-09-11 16:24:46.623237,device_0019,route_0042,event_062660,34.17738329276874,77.73168377909589,77.0467001624492,URBAN,CLEAR,SPEED_BREAKER,-0.08085214844787084,0.21808937362795217,10.625178493930367,0.753545222650168,1.1599652038354653,1.8351922055467622,0.02149436964606097,0.010491161000369651,0.05715069715956026,0.3016608066218938,0.3036030329839911,0.3157261372478236,2.1752811713787024,6.824908262374958,1.541302302267763,0.7042253521126761,1367.0821075318668,51.93543212132559,,,,
2026-09-11 15:20:21.923237,device_0017,route_0002,event_024013,26.67017446605257,77.97119913384307,39.57879418882419,HIGHWAY,DUSTY,NORMAL,0.056007306187419885,-0.19705068351053928,9.794128026559376,0.3086887071240276,0.3294439767040928,0.2813777429457566,-0.029189675415392864,0.03296778651295389,-0.03915873733604873,0.10213705303550255,0.09673384593771843,0.09277242400790257,0.27931611819384505,0.6995321321983639,0.433966103451243,4.0983606557377055,1168.9485129122031,52.183649943683676,,,,
2026-09-11 15:00:24.823237,device_0026,route_0017,event_012042,29.426066074758776,77.76381397626776,79.14892271900052,RURAL,CLEAR,ROUGH_PATCH,0.10125897234428805,0.23270927221495327,9.68995794879597,0.7247244414720085,0.410496760944692,1.3635112302802899,-0.0013574732837782814,0.0349218650410223,0.07182492608694488,0.2317080865311191,0.2373544064061445,0.26355280935749764,1.366034908467242,2.931233070195967,0.4739026086968172,1.923076923076923,1054.8211708383528,49.29745575609877,,,,
2026-09-11 16:03:18.923237,device_0010,route_0008,event_049783,32.80808183802863,78.4084308852315,78.02454394025987,RURAL,CLEAR,ROUGH_PATCH,-0.20297927026000134,0.09176386084679698,9.716588279826446,0.7337986779018913,0.4672495940834469,0.9013767985073216,-0.013048949772398604,0.05756287997673611,0.004848467975988257,0.23028686712567173,0.2499170808067677,0.2721078635561739,0.879143388084988,1.8807259293201302,0.3601632137007149,1.923076923076923,1068.9912384953316,48.64399082745811,,,,
2026-09-11 16:48:22.023237,device_0014,route_0039,event_076814,34.99654296050171,79.59572594451653,56.206137394827664,HIGHWAY,CLEAR,NORMAL,0.19195301483402855,-0.1402704008276758,9.826992291736603,0.30115859444976567,0.3404278900177365,0.33481804781121477,-0.013927316639498092,-0.04642162534512677,-0.05151273182791102,0.10079459188340552,0.08644801364146804,0.09367992185508987,0.33803032081395346,0.8275283824001534,0.47670847297565466,18.75,1172.5933011717448,47.75739375624995,,,,
2026-09-11 15:06:00.023237,device_0000,route_0023,event_015394,27.84075960184295,78.42947210919509,37.44542502768148,SERVICE_ROAD,DUSTY,NORMAL,-0.01739045431366391,0.16364775039212182,9.894071304069,0.31376616308810895,0.3221001057819139,0.2761796425350947,-0.015327495427272998,-0.017489987767831585,-0.053822101903333856,0.11844424762329654,0.106081702623164,0.09490188718036587,0.2969261704953978,0.7363998739578612,0.43658463956906834,18.333333333333336,1187.9876613670087,50.50557505871605,,,,
2026-09-11 16:43:20.223237,device_0003,route_0014,event_073796,34.693202399912764,74.79201083321425,77.23111501724004,URBAN,CLEAR,SPEED_BREAKER,0.21542739554816182,-0.13422620956421577,10.235231065589952,0.812707776638053,0.632567000702658,1.7700344898490716,-0.0008412662716389293,0.04437810273488514,-0.01022604726757366,0.243574930387176,0.26866420702878363,0.3035598899319673,1.9199914683505348,7.183669863039846,1.1268567548285318,0.7142857142857142,1374.6739654870846,50.92116513256079,,,,
2026-09-11 16:03:58.423237,device_0022,route_0020,event_050178,25.426611615842294,73.97951830458167,21.293631940553418,RURAL,RAIN,NORMAL,0.07395303881505376,-0.01505545275323477,9.633547808418214,0.31290349383503474,0.3163527729659991,0.3382312081592649,-0.01794047305105537,-0.011777663522353444,-0.02557779720999639,0.1089783725510852,0.09604760708052304,0.1113682886916483,0.37354274588620195,0.9597804327250365,0.46286074012524064,8.196721311475411,1173.9747253078074,51.96023277588557,,,,
2026-09-11 17:17:49.023237,device_0023,route_0029,event_094484,24.597448316700515,69.66468740967144,82.03030147577724,URBAN,CLEAR,NORMAL,0.08000950564654777,-0.046744037351802624,9.84371419568394,0.2769575456291055,0.3868295559778938,0.35029515614018214,0.011125006039456138,-0.0313038587997565,0.03862916044402854,0.0968419813325149,0.10066868147515884,0.09560283183618475,0.35330359705150777,0.9558332746439504,0.4791316699718411,0.8333333333333334,1182.7936295130366,50.72736147953584,,,,
2026-09-11 14:40:32.023237,device_0015,route_0001,event_000114,28.649057748208598,77.30315691051587,82.89269597727831,URBAN,CLEAR,NORMAL,0.14027373119325864,-0.12953127374548634,9.672204277437729,0.3199903703457682,0.3357690203023502,0.3431406792629639,-0.0023832612988171457,0.04584187083029554,-0.024188776483367955,0.10450290521925451,0.09790377509329477,0.10292235492261761,0.3648029342075001,1.114614717665365,0.4747913769449586,19.298245614035086,1170.7151707482878,48.688187719961995,,,,
2026-09-11 16:21:50.523237,device_0009,route_0046,event_060899,33.885921844482205,78.83194247554457,76.79047109442601,URBAN,WET,NORMAL,-0.17078606742109084,0.08103648091963403,10.008663839824175,0.2660232001866753,0.3276981028752952,0.2917966388625438,0.005754953035585625,0.024767223578796897,0.009784364977961115,0.10599109075377768,0.09653742009141009,0.09028647630860757,0.3648397006890211,1.0495648672155902,0.4147403864626509,23.21428571428571,1175.8012798150014,47.62709563372047,,,,
2026-09-11 16:19:58.623237,device_0010,route_0025,event_059780,23.161263106889177,77.11194139209455,9.84918776231184,RESIDENTIAL,CLEAR,NORMAL,-0.17556479811536618,0.04208534064320326,9.705592761141798,0.29740406043405304,0.30955403200536996,0.2831391026873468,-0.0004062815846444348,0.028526438938656355,-0.03766129860457347,0.09874335450211368,0.11691196204123072,0.10601679642740494,0.2960086307900711,0.6062389260238881,0.4154565425912973,10.526315789473683,1171.7788575814213,48.64399082745811,,,,
2026-09-11 16:24:00.523237,device_0017,route_0031,event_062199,23.30490000160339,79.22813671416552,60.351258215385386,URBAN,CLEAR,SPEED_BREAKER,0.02811045150862473,-0.28261320625592573,10.317792862822042,0.93192189534819,0.6184598808977951,1.6425816690779391,-0.08724332257691884,0.08489203085260863,-0.06032419196602994,0.22385265777416488,0.2720986186431385,0.2666812019556182,1.8262225527310643,6.322354790737162,1.2014065970332344,0.7042253521126761,1360.579416668302,52.183649943683676,,,,
2026-09-11 16:48:03.923237,device_0008,route_0043,event_076633,21.735005861431542,76.0937442043396,40.87356453714249,RESIDENTIAL,RAIN,NORMAL,0.07514626883477792,0.04785579446369986,9.670265278741255,0.382904655708744,0.29127521755351793,0.27364984414993204,-0.02938689365706231,-0.004530260730349128,-0.04053187659389808,0.0988198900654435,0.09458208375365745,0.10599970746350974,0.29796325142978436,0.7356992352101361,0.44269402680697806,4.0983606557377055,1174.5210483649005,51.936063712881634,,,,
2026-09-11 15:42:38.423237,device_0002,route_0029,event_037378,26.999911208269427,74.20382286962476,10.046368897236464,RESIDENTIAL,CLEAR,NORMAL,0.023037573727798376,-0.17463964169063845,9.779829919251021,0.31630795458089794,0.2980328487868872,0.2838280493971395,-0.008538802732315772,-0.008954536179462085,0.043081267790523,0.10406670174743238,0.10608616378896535,0.10610684537328766,0.282402571439445,0.704769737098836,0.42864258720709275,5.0,1189.0117987248957,50.462072844310214,,,,
2026-09-11 14:51:33.523237,device_0026,route_0019,event_006729,28.921493208268178,76.55804084612735,72.75357604394047,RESIDENTIAL,CLEAR,NORMAL,0.0010459175933637888,0.20370990923593305,9.73755865908229,0.3285234776895128,0.3741096578081243,0.3673400534746264,-0.02243994792069574,0.06122009577125655,0.015349444802649105,0.09497388649118226,0.08367370445385194,0.10879312097283307,0.36908031672161457,0.9501862303663913,0.49402978245595147,16.666666666666664,1156.2462834189637,49.29745575609877,,,,
2026-09-11 14:50:11.023237,device_0021,route_0019,event_005904,28.89199571320058,76.62568607669041,60.65667278206941,HIGHWAY,CLEAR,NORMAL,-0.023078179128817617,0.08567524873022035,9.867076698372305,0.31328735776545125,0.27528473123785674,0.2815424759327968,-0.0527501201771545,0.01695258780569853,-0.04602082835843518,0.09305020729056808,0.11459714033936286,0.09582420794802499,0.29217093904754204,0.8597874706308417,0.42951906516152644,16.666666666666668,1182.3087711011192,50.74816449523607,,,,
2026-09-11 16:30:17.223237,device_0013,route_0004,event_065966,31.886008014685554,82.08011560981737,58.7607058489324,URBAN,CLEAR,NORMAL,0.03371276898995612,-0.1174598020953654,9.668975851355935,0.3302046192935654,0.30626268795151185,0.32015415689806387,0.002073933404531097,0.03262575022068394,-0.023955058896580696,0.10447156669115862,0.09898085707740684,0.0913565773292358,0.3400326153942227,0.8268501071955381,0.42705966220866276,7.017543859649122,1155.7611609067421,49.31814801189647,,,,
2026-09-11 15:04:33.523237,device_0005,route_0025,event_014529,27.228540153816695,77.24654585590893,10.783073952769717,RESIDENTIAL,CLEAR,NORMAL,0.13940545890556338,0.08088389958298021,9.938855705420965,0.25503251973955965,0.2993189813535675,0.2930917475657861,0.0340837686988651,0.016505638109866907,0.055462507915273344,0.09207603055850035,0.09678418823259224,0.08336676322128436,0.32773524412683164,0.7900290304931978,0.3817000152507083,21.428571428571427,1173.3612685170888,47.72613644455269,,,,
2026-09-11 16:29:39.123237,device_0011,route_0015,event_065585,22.8953146468629,78.76723252785933,18.00803930115204,URBAN,CLEAR,NORMAL,-0.11191172949730974,-0.11071591559883494,9.905952771082848,0.2625832795149297,0.3053275143983831,0.2777115067169745,0.02126615264912174,0.0332882922009992,0.02803050394893061,0.08351357811576254,0.07993647422868908,0.09367169016232328,0.3003869171547064,0.7277971756035608,0.3981032430264566,9.01639344262295,1173.916838169756,51.962794992449886,,,,
2026-09-11 14:52:34.123237,device_0008,route_0043,event_007335,27.87290076979049,77.17306237710956,85.15031439354615,RURAL,WET,NORMAL,0.188090293412495,0.0963848951901924,9.585256511717732,0.259722400580828,0.2602125199622623,0.30861593533527815,-0.04750466237692791,-0.010151392417044634,-0.016854217315545154,0.09594142066668739,0.10860691094707843,0.10606775613908678,0.37033398913263044,1.0148670305749068,0.39601719772627675,10.655737704918034,1174.5210483649005,51.936063712881634,,,,
2026-09-11 17:07:47.323237,device_0008,route_0003,event_088467,32.61103847746666,70.478411113942,54.08766977058465,URBAN,RAIN,NORMAL,0.12165417331198185,0.00408554331814387,9.747933669900975,0.27252129945830345,0.3362445243110562,0.28143792909608006,-0.04144235304718274,-0.05727052310629256,-0.03794778952852476,0.11013718383840296,0.10573859798239547,0.09198880416679799,0.28590179280208966,0.6562347099044246,0.43223921377750546,9.836065573770492,1174.5210483649005,51.936063712881634,,,,
2026-09-11 15:44:02.923237,device_0006,route_0039,event_038223,31.7409218587902,78.3935751156481,58.91280262997529,SERVICE_ROAD,CLEAR,NORMAL,-0.03871291789475645,-0.09606123561871807,9.95465780216421,0.2969743396527508,0.31600354628884536,0.36767681262292456,-0.03221765663440487,-0.020359243445528374,-0.012081773199631949,0.10459093853985416,0.09672093369097823,0.08649456277167229,0.3997309011176686,0.9700587233069271,0.4589864579555021,17.857142857142854,1169.7676911232593,47.87275321839885,,,,
2026-09-11 16:17:18.023237,device_0014,route_0025,event_058174,23.30575999899587,77.11633916068789,40.29765310145801,URBAN,CLEAR,ROUGH_PATCH,0.17585983330714133,-0.12197707847761832,9.786112168803355,1.189862888845371,0.7066606270986152,0.9792924890328455,-0.03537698838618553,0.02664911221527504,-0.08830435881895167,0.19868741157357286,0.22922220521272807,0.16102289916864024,0.9718593328223598,2.4629048983714874,0.48190006669457425,1.9607843137254901,1067.897470709982,47.75739375624995,,,,
2026-09-11 17:09:35.623237,device_0017,route_0041,event_089550,26.914361378396947,85.03560085514133,9.9053631063364,HIGHWAY,RAIN,SPEED_BREAKER,0.11569710862297983,-0.2109898602121202,9.859743872514803,0.336126518378929,0.3223179421203876,0.4716685814987509,-0.027338307139050277,0.02582570359890548,-0.03587242374555618,0.08633569624790897,0.07489472299489806,0.07647520188805511,0.48120887712174876,1.4693637504594879,0.5205902536619613,14.788732394366198,1360.579416668302,52.183649943683676,,,,
2026-09-11 14:47:16.823237,device_0008,route_0040,event_004162,28.52797284952942,76.86467175701354,20.139490615917296,URBAN,WET,NORMAL,0.11180132103190389,0.019392622348833613,9.743587925821434,0.32383987084913723,0.3181803539852287,0.33907825270078684,-0.04843077044196674,-0.01310795475907848,-0.040930420058535325,0.10561573434550867,0.08758279762212538,0.11890557036862237,0.3398022967608598,1.0242824931969388,0.43803999414261185,4.0983606557377055,1174.5210483649005,51.936063712881634,,,,
2026-09-11 15:44:34.523237,device_0004,route_0013,event_038539,31.776342184775622,78.62832391623964,20.471069714524937,URBAN,DUSTY,NORMAL,-0.16891112620975063,-0.026716181276351773,9.577618493770323,0.3525327981781586,0.3129734314238591,0.2864401571974536,0.053558600693264666,-0.009390697416855468,0.02457532855377063,0.09497667653380032,0.09565302915975646,0.09746288574840213,0.35541347249565836,0.7908304418175476,0.44498061809175515,14.166666666666668,1194.4208269519643,50.2335513967164,,,,
2026-09-11 16:36:11.523237,device_0028,route_0031,event_069509,22.691565505342375,79.463987729274,10.62699311402689,RESIDENTIAL,CLEAR,NORMAL,0.1704177682714752,-0.0673472142017754,9.728346916442907,0.34957716868941646,0.3610149003021255,0.31226475105010626,-0.026526145803588464,0.01616049457394268,-0.054363114465447636,0.09522930686137415,0.11005709170846673,0.10071776023634987,0.31810716664859673,0.8840413226971435,0.48618934878979175,10.526315789473683,1164.8650637957344,48.932706260641424,,,,
2026-09-11 15:36:49.423237,device_0005,route_0015,event_033888,25.648143693036516,78.02789692788518,10.257102379845811,RESIDENTIAL,CLEAR,NORMAL,0.10626020730536903,0.05276476044142462,9.966335370075454,0.2620097474419678,0.3419056568938616,0.2393954385444091,0.02286372384368976,0.012738174607012303,0.051486023349355356,0.09912140935395637,0.09040289484505273,0.11044933382869357,0.2998097532223341,0.6052069832213292,0.39232127255021565,12.5,1173.3612685170888,47.72613644455269,,,,
2026-09-11 15:44:42.723237,device_0017,route_0004,event_038621,30.521865581626308,80.03373524596557,62.00020749822877,RESIDENTIAL,CLEAR,NORMAL,0.08880854826222791,-0.25738206898891675,9.845128847426704,0.2824870750648738,0.27348941513615127,0.3388602077059945,-0.025404537147141387,0.0025583781263198413,-0.00885474587098901,0.11839332536123562,0.09732143365103343,0.09852907342090582,0.3419234676102142,0.794978799871048,0.4348947038127108,4.918032786885246,1168.9485129122031,52.183649943683676,,,,
2026-09-11 17:21:19.323237,device_0018,route_0002,event_096587,20.617518982845436,80.41283268799485,42.32883564277718,URBAN,RAIN,NORMAL,-0.06534805800949824,-0.11942223483674973,9.933496151040496,0.37689530979795133,0.31234094879874236,0.2949557916552748,0.04861784292549499,-0.03264782986750359,0.0001481242629118344,0.10651703201144873,0.09455656790572578,0.1061623802635763,0.3288330855897423,0.8673981088082492,0.48831028116867425,19.166666666666668,1196.452449290308,50.14825289178003,,,,
2026-09-11 14:58:02.423237,device_0020,route_0015,event_010618,27.669439520397873,77.4852269830949,10.708488342010593,RESIDENTIAL,CLEAR,NORMAL,0.09432578579275593,-0.14707238172572965,9.58932499710861,0.3020856902539897,0.2630380208177637,0.28840810575007764,0.022743409552517743,0.01425464042249261,-0.04847541502760883,0.11172779705197669,0.10335957346596343,0.09788347557432149,0.35306927057422344,0.806422005316195,0.40224793223918015,18.75,1178.3195617621582,47.52530791923109,,,,
2026-09-11 15:44:16.323237,device_0008,route_0015,event_038357,25.25998552810147,78.13212187183298,9.885083936893606,URBAN,WET,NORMAL,0.17025457644856576,0.0013172697455490297,9.67256851540297,0.3087186088760411,0.36385089006790516,0.312917464866145,-0.06330256110800841,-0.0234316040458601,0.007522030746582191,0.10099026519735352,0.11804746753106413,0.0949337765168074,0.33339922536134264,0.8732676991755213,0.48012001728096215,4.0983606557377055,1174.5210483649005,51.936063712881634,,,,
2026-09-11 15:51:11.123237,device_0000,route_0006,event_042505,25.10314323007039,75.97626616640119,62.00147336098975,ARTERIAL,RAIN,NORMAL,-0.0396963889183095,0.22410866610212002,9.932845334752654,0.24813815135322492,0.3043189242181141,0.3077411745218394,-0.0020658200901373046,-0.03557221276426474,-0.04825144992242295,0.09451072980627499,0.10328418915527468,0.11933253999995319,0.33893700846442454,0.879548893949293,0.4264624065832253,16.666666666666668,1187.9876613670087,50.50557505871605,,,,
2026-09-11 15:35:01.323237,device_0020,route_0038,event_032807,30.857753585071062,79.18814535855434,63.43957097142959,RESIDENTIAL,CLEAR,NORMAL,0.10689989939644387,-0.11857621628971311,9.659660818320816,0.36052294235968085,0.36302843148424735,0.26412155349088945,0.04132589270813818,0.024807363657810246,-0.0633286340546207,0.10226955443419422,0.09914150045033213,0.08864093366961376,0.2929215152461822,0.7643822331248167,0.4496675501775352,19.642857142857142,1178.3195617621582,47.52530791923109,,,,
2026-09-11 16:14:58.623237,device_0024,route_0026,event_056780,24.659892895381006,80.5628758175057,19.453451768713737,HIGHWAY,CLEAR,NORMAL,0.17570048894818865,0.13364309518281664,9.941773543384038,0.34018108025850924,0.3184136903687789,0.30168469259677816,-0.004440690247205837,-0.05824833157309005,0.041517814896394556,0.08447340661586845,0.0973889525257158,0.10230130837654301,0.33913684405617106,0.9551510202877633,0.45239561202886025,12.295081967213115,1165.9444844817242,52.318099885446266,,,,
2026-09-11 15:47:37.423237,device_0024,route_0008,event_040368,31.99673617931533,78.16698363375784,9.726717786523388,RESIDENTIAL,CLEAR,NORMAL,0.14315075637398272,0.17187349698087823,9.962168353647709,0.33363617213966124,0.3115452310034865,0.27116325176921685,-0.0189906264363753,-0.04271358766154006,0.027598017531733503,0.08943692628739004,0.09943173047919451,0.0929327558990054,0.32278505403698887,0.7659553159721746,0.42428152182638784,22.950819672131146,1165.9444844817242,52.318099885446266,,,,
2026-09-11 15:34:19.223237,device_0022,route_0025,event_032386,25.623606335221414,77.19347245616498,81.5202555796881,RURAL,CLEAR,ROUGH_PATCH,0.05955447452107876,-0.024019417162280853,9.632164982133645,0.6777709898258849,0.7951279620749359,1.0130740210257287,0.016153137301228353,-0.07233635612966038,-0.1110570814206261,0.2227201299614026,0.2374789336552213,0.23406761515421717,1.0236091517826198,2.3037546660846324,0.4774194139170974,1.8181818181818181,1058.5018015070395,51.96023277588557,,,,
2026-09-11 15:09:57.923237,device_0029,route_0030,event_017773,30.015077093873668,78.13336122019376,9.817530875567119,RESIDENTIAL,CLEAR,NORMAL,-0.189075252023986,-0.20264950301277249,9.974755916290636,0.2507080842565736,0.31216438775631367,0.3774854328654434,-0.00305058071341294,-0.039594107767048324,0.004465589387417668,0.09332636538539273,0.1107113814479716,0.09429383327327992,0.42189336994832477,1.0305908414269904,0.4526863870288146,3.3333333333333335,1185.4321676861896,50.614452379095,,,,
2026-09-11 16:22:12.723237,device_0029,route_0000,event_061121,23.205885825546602,75.82705355440126,19.717598918787967,RESIDENTIAL,CLEAR,SPEED_BREAKER,-0.18793569227193885,-0.19443782230718862,10.084216619427565,0.4052302723257496,0.37571682040199006,0.6763100590350384,-0.011881301477773913,-0.034003801815107544,-0.0067452044681938685,0.09852814783442582,0.09475858148648073,0.08269771981464574,0.7457605529060205,3.5836187607814747,0.6154347840562767,0.7142857142857142,1383.0041956338878,50.614452379095,,,,
2026-09-11 15:10:17.823237,device_0027,route_0044,event_017972,30.115064263788206,76.91011490521159,57.888340764041565,SERVICE_ROAD,WET,SPEED_BREAKER,0.10609927921043193,0.2077405625943037,10.533445417379701,0.9255313886684199,0.8526297252505025,1.5208806635156777,0.09780609695660569,0.014910219979855043,-0.01482657530040455,0.22157553674841815,0.21838526213984877,0.2650982251986742,1.823580976307175,6.119539228357596,1.3343798385065266,0.7142857142857142,1372.2844004923106,51.009834386288524,,,,
2026-09-11 16:27:31.023237,device_0001,route_0048,event_064304,22.936145629011904,78.45429766189548,9.56969351833073,RESIDENTIAL,CLEAR,NORMAL,-0.18713408317165503,0.2274529000009556,9.93895797280386,0.24587052741232085,0.31865425953240445,0.29767993927442354,-0.039343479684738066,-0.040589287835166805,-0.04360474089659468,0.11571178331705326,0.10438513630944046,0.10909493210684504,0.3320916925753561,0.7264248894535985,0.42044422258264724,0.8771929824561403,1147.8114285371462,49.659725093210575,,,,
2026-09-11 16:36:20.123237,device_0007,route_0033,event_069595,34.04247528786935,80.28504060647049,10.452468265660837,URBAN,CLEAR,NORMAL,0.1309568908482759,-0.11378797728447759,9.620413629317648,0.33630267212992015,0.28948363014458567,0.28642580584898264,0.01309028505568937,0.021758247828021944,0.02943113693230958,0.10855479135108842,0.10004067271877842,0.09294936011310587,0.33167856218908187,0.978382184836116,0.44505249400374425,13.157894736842104,1156.3665497149682,49.29232864272136,,,,
2026-09-11 17:02:58.823237,device_0007,route_0021,event_085582,27.122171885525773,84.81087148963852,9.066902036762666,RESIDENTIAL,CLEAR,POTHOLE,0.07703757193017612,-0.14291842879281935,9.677894773780485,0.3083330891540586,0.2805269543266561,0.746239741944366,0.02061265669531348,0.02267717815394366,0.024920459791318194,0.0858781709862025,0.10397113989872471,0.08556372496658177,0.7540472647085003,3.0431308251984213,0.6779840593461874,21.27659574468085,953.4952252035703,49.29232864272136,3.708217301959216,7.681502452090931,6.27598302728457,MEDIUM
2026-09-11 15:05:19.023237,device_0000,route_0037,event_014984,28.81769036100475,75.7977463835626,81.46885987559872,RESIDENTIAL,WET,NORMAL,-0.02733418216881726,0.21166114485141646,9.958069693205532,0.2811865447031199,0.34403549635910097,0.3006161385693358,-0.0017684656570878402,-0.05005951907803278,-0.047448215192970225,0.1222497369412509,0.10816048863483602,0.11057649683503532,0.340265084446425,0.8718253122840967,0.4518451262210589,7.5,1187.9876613670087,50.50557505871605,,,,
2026-09-11 15:38:01.223237,device_0024,route_0048,event_034606,25.537778208941024,77.85043889701812,60.22057732838269,RESIDENTIAL,CLEAR,NORMAL,0.15113329953940305,0.10847351677231838,9.928573965666095,0.30277678949241893,0.30166617173104193,0.34026805108358643,-0.0084941150530972,-0.04264263369247291,0.06110891274151302,0.09596018359854541,0.12470491381205985,0.09565162040097641,0.36818706010258,1.2257405813938345,0.42920981253931123,11.475409836065573,1165.9444844817242,52.318099885446266,,,,
2026-09-11 14:56:10.023237,device_0003,route_0039,event_009494,29.317252395158743,77.49844433441748,74.97261730227474,HIGHWAY,CLEAR,NORMAL,0.04386806927963145,-0.011789757271463839,9.624051263876627,0.26541596223847125,0.3066999053465275,0.2930111176419072,0.03270052352580232,0.048005100057636106,0.03701676599292439,0.11529758312761142,0.10224994295738857,0.09492771028445371,0.33849567127347024,0.9503077418602786,0.4124980763853685,9.166666666666668,1178.291970417501,50.92116513256079,,,,
2026-09-11 15:33:47.723237,device_0025,route_0030,event_032071,31.095523657867496,78.83062897816488,10.115504095060075,URBAN,CLEAR,NORMAL,-0.0767683286408348,-0.0832589652148647,9.931731705834478,0.3142707631247811,0.3516301192422066,0.3434199656890369,-0.015557978408286488,-0.049936742787541386,0.012362723248324055,0.10095844561571743,0.08077815785355698,0.0914508249304423,0.373329922590822,1.1656397179835398,0.48808699502528435,16.666666666666668,1191.6511525911126,50.35030585044683,,,,
2026-09-11 14:48:57.523237,device_0002,route_0018,event_005169,28.951969656024097,77.44652937155848,38.41113122536085,URBAN,CLEAR,SPEED_BREAKER,0.10642705883735375,-0.08022074127153907,10.110145015498816,0.5533590716967968,0.4033429645513942,0.9940266586853139,-0.0022239665258540183,-0.015049642076207388,0.03871799889433218,0.16764854276776867,0.17243206294408903,0.14865047259919492,1.0747907892824635,3.6674589288441677,0.7454642717618988,0.7142857142857142,1387.1804318457116,50.462072844310214,,,,
2026-09-11 16:38:01.523237,device_0023,route_0033,event_070609,34.12153131123536,80.33098112345705,40.7369478604337,URBAN,CLEAR,NORMAL,0.07610476170940313,0.06586399928920013,9.82659752408309,0.3404642919367606,0.343974607122926,0.31994793843228875,0.009975226049283045,-0.009643753680212315,0.03397324341053814,0.09592233757570541,0.1119878699774628,0.08476786248997542,0.32350935322588625,1.0549190725139646,0.4850494566717418,20.0,1182.7936295130366,50.72736147953584,,,,
2026-09-11 14:59:12.323237,device_0014,route_0042,event_011317,29.573305242324725,77.37926877320203,43.97070611711618,URBAN,CLEAR,NORMAL,0.21266490769399216,-0.039059331061184706,9.734021256047884,0.3339906210531516,0.28426270930232195,0.2525184823422441,-0.0359162261122533,-0.018193497403005698,-0.05033233840531496,0.09963917207191479,0.10054413448390259,0.10045675087065874,0.2580700963320789,0.6987222016437276,0.4052844632748576,7.142857142857142,1172.5933011717448,47.75739375624995,,,,
2026-09-11 15:51:59.623237,device_0005,route_0016,event_042990,32.453953930522914,76.25258841847676,18.709806697083188,ARTERIAL,CLEAR,ROUGH_PATCH,0.24263168224644388,0.1168501701153942,9.963661785433498,0.8793003855688597,0.5834044949907558,1.2744552090513501,0.04878382082556143,0.003742707830740461,0.08079744636145984,0.19818410364071032,0.2141924382106643,0.1926564842107886,1.2939141095668532,3.0752161673214804,0.44553716505102137,1.9607843137254901,1068.5968695423487,47.72613644455269,,,,
2026-09-11 16:53:38.223237,device_0023,route_0037,event_079976,29.809937623842252,70.03758330134639,19.657536803006114,URBAN,CLEAR,NORMAL,0.027340639789841595,-0.06059589851173984,9.843094338810364,0.3446021044204286,0.318345053032392,0.32320871206767265,0.0098273834171536,-0.04170595545640897,0.033368691261154694,0.10560199151459405,0.09223589867896616,0.10464621339141447,0.33005707983530835,1.113071302565082,0.4862665631231973,22.5,1182.7936295130366,50.72736147953584,,,,
2026-09-11 16:20:31.223237,device_0016,route_0005,event_060106,25.733074323288896,72.68430787360977,18.683671457198795,URBAN,CLEAR,NORMAL,-0.10739769796480192,0.052089204615628694,9.846226478279723,0.28195956905753394,0.3055658220607915,0.33238615725628484,0.013089411104844536,-0.047850377387976185,0.05183555225909616,0.0935130789414884,0.11251382813300302,0.08432004800235086,0.3382335912327374,0.8763205704650989,0.44321945209001784,6.25,1173.9088107441603,47.70387570777382,,,,
2026-09-11 16:33:11.523237,device_0025,route_0001,event_067709,22.601811448924135,76.68159315866285,37.69049561166628,RESIDENTIAL,CLEAR,NORMAL,-0.2373089536216589,-0.049701540528024245,9.86567501032031,0.3843767635083534,0.3720887819419523,0.3503776783091969,-0.030292586495703308,-0.0270899399446846,-0.012573433270753833,0.1084160527670679,0.08989801798638224,0.10893998655247514,0.3599945443823424,0.845612387182177,0.5130612772376641,5.833333333333334,1191.6511525911126,50.35030585044683,,,,
2026-09-11 15:53:34.823237,device_0027,route_0032,event_043942,31.045424733135857,80.2241721767339,87.31154685852971,RESIDENTIAL,CLEAR,ROUGH_PATCH,0.16277386058337404,0.13751063733798838,9.986012658258788,0.6082634994593971,0.3923261184330515,1.2516610456206545,0.07278655978485324,0.036966563734014524,-0.05343029780182719,0.17641721425189816,0.2144301284621399,0.18585110251411746,1.271066307047045,2.988836784851726,0.40459335645099015,1.8181818181818181,1078.2234575296727,51.009834386288524,,,,
2026-09-11 15:53:42.323237,device_0029,route_0002,event_044017,25.001887065454593,78.6442441609825,20.83113375828311,RURAL,CLEAR,NORMAL,-0.2349687688966173,-0.2106008126026717,9.939502551118334,0.3101372988781803,0.34514961147124673,0.32885256432177223,0.011874433176299977,-0.03780716247275532,0.013555138505399363,0.09509238700928807,0.10948678927641058,0.09279653750961557,0.36411748849519965,0.9148295511020095,0.4701039461394089,11.666666666666668,1185.4321676861896,50.614452379095,,,,
2026-09-11 16:24:21.823237,device_0011,route_0026,event_062412,24.27105291491362,80.88740916886412,76.61664939089529,ARTERIAL,WET,NORMAL,-0.09774911174374273,-0.1427166994279633,10.018605359826058,0.334225873914705,0.352070038772743,0.29932414505426386,0.03630529100595285,0.027871151614341342,0.02882411085256096,0.08860825210328369,0.10033853716787941,0.09838781766654267,0.37623732807954274,0.9967177203564574,0.4789532947394844,22.13114754098361,1173.916838169756,51.962794992449886,,,,
2026-09-11 15:26:39.023237,device_0011,route_0003,event_027784,29.80418821077666,75.15877267582327,63.53430108581522,HIGHWAY,CLEAR,SPEED_BREAKER,0.010391607053823044,0.02749652062542154,10.552554627656427,0.9446059002153014,0.8460127350397522,1.6936924897262653,0.01943797942881651,-0.007531996029007158,0.040258798753258315,0.25163419240892226,0.2546639417271408,0.23957938436119636,1.9918341689781844,6.742346491720472,1.360445541685356,1.4084507042253522,1366.3622214762734,51.962794992449886,,,,
2026-09-11 15:16:26.523237,device_0027,route_0013,event_021659,30.405179931091812,77.97740280542953,87.37292758482738,RESIDENTIAL,CLEAR,NORMAL,0.1376055718926781,0.18478200020267402,9.92027545988052,0.3450705616879957,0.3140200611842152,0.3753722253338701,0.029814227489169492,-0.013102660481724097,0.0024916138193404173,0.09128721782418349,0.10755825552285127,0.07085610887446377,0.39485744283624397,1.0799568374104176,0.4705998688885368,5.0,1176.2437718505519,51.009834386288524,,,,
2026-09-11 15:32:38.123237,device_0003,route_0025,event_031375,25.714316764252306,77.1963113220013,41.88836660601828,URBAN,CLEAR,POTHOLE,0.05941526312944436,-0.15897444529864826,9.816077385742709,0.2822212330627695,0.37681516210559535,1.228040705407531,0.08207968559887395,0.01898831457038551,0.06786456293449533,0.20460769557423242,0.23674052780947513,0.25063515823273497,1.2389463501242597,5.242111139367561,0.8405644462108048,4.0,981.9099753479176,50.92116513256079,4.950267762455242,13.093088068109356,9.05721850680183,MEDIUM
2026-09-11 16:58:26.623237,device_0024,route_0032,event_082860,33.225198946142854,82.96231678693955,73.27873007407757,URBAN,CLEAR,NORMAL,0.15508780335676267,0.1294838432008372,9.98278137222509,0.2492004398011289,0.3120425295578661,0.28047950420004386,-0.0024530845598405623,-0.054640966707610455,0.0408106075495786,0.13225368546734836,0.1056391604863507,0.0889515665937467,0.34140507445843493,0.7715456925266384,0.4127501843591999,4.0983606557377055,1165.9444844817242,52.318099885446266,,,,
2026-09-11 15:02:34.923237,device_0015,route_0006,event_013343,27.574121448464904,76.85456928263092,74.53096602405876,URBAN,CLEAR,NORMAL,0.12595319600592586,-0.1062174830793495,9.63817927222773,0.3274268004693656,0.3298311388098938,0.29977970453285785,0.006285257657695439,0.05571636359225722,-0.04983026557554108,0.08790063723514138,0.10182245748828432,0.10379799977093639,0.3349793779418978,0.7037869084974098,0.44965649425284493,5.263157894736842,1170.7151707482878,48.688187719961995,,,,
2026-09-11 16:04:42.023237,device_0027,route_0036,event_050614,33.210643372125524,76.89872592993989,86.23691063532809,URBAN,CLEAR,NORMAL,0.09915424895002477,0.12008943124447198,9.952809878089397,0.33345742017204427,0.28447988736393964,0.296771378393878,0.03432599523234749,-0.009779189213621312,0.0053629088896195165,0.1168214746309052,0.11119030516807697,0.09254593432187938,0.33780681393663126,0.8430735727231031,0.43620140365338084,15.0,1176.2437718505519,51.009834386288524,,,,
2026-09-11 15:38:22.923237,device_0004,route_0017,event_034823,31.077654131757736,78.97595424873921,75.46844760573921,RESIDENTIAL,CLEAR,NORMAL,-0.17833080964516235,0.016239940295798862,9.593670073473563,0.27422822504615246,0.27789659494986624,0.2750583178124939,0.034203233515419464,-0.03308915386173568,-0.003041968824585835,0.09342812568717698,0.11558890514699825,0.08664778662210944,0.3370932255484774,0.8050897597150044,0.398075653684008,16.666666666666668,1194.4208269519643,50.2335513967164,,,,
2026-09-11 15:06:44.323237,device_0000,route_0001,event_015837,27.242342342715588,77.15861192571387,20.832063524324997,URBAN,RAIN,NORMAL,-0.022050819564808862,0.13970774004122447,9.953484732753571,0.30672294819636164,0.31024422288097026,0.307236165157756,0.027809700140285724,-0.04773810122347681,-0.016833320541178292,0.11554164281548689,0.0966790105651029,0.10428860215902336,0.34744779225120337,0.8012072833569857,0.3823673197784501,5.0,1187.9876613670087,50.50557505871605,,,,
2026-09-11 17:02:35.423237,device_0004,route_0014,event_085348,35.65978122271431,74.41105369346295,61.27219378523737,HIGHWAY,CLEAR,SPEED_BREAKER,-0.09316251491708485,0.07632372985675236,10.101212681045808,0.7981853320459025,0.7819965251916233,1.5082311025164303,0.030784566478898327,-0.047062149488803016,-0.018815498624320606,0.22486703859595822,0.21865054731869063,0.1783939715805457,1.6466775588804647,5.834401447403936,1.0846803351174392,1.4285714285714284,1393.4909647772915,50.2335513967164,,,,
2026-09-11 16:14:53.523237,device_0027,route_0003,event_056729,31.143552509677075,72.9264004474507,21.90211333310971,HIGHWAY,CLEAR,NORMAL,0.06779723724863934,0.1350389826151352,9.964240579243137,0.25859388970745795,0.3547823744208088,0.32948423039654473,0.04407332868555117,-0.0016544662867631994,-0.0023122540256787583,0.11014744889092747,0.09489003604252842,0.10214265422434606,0.37296126992293593,0.9140198555236374,0.4345171970270733,8.333333333333334,1176.2437718505519,51.009834386288524,,,,
2026-09-11 16:20:12.823237,device_0013,route_0037,event_059922,29.50399378359839,71.81499948391667,42.430478138683974,URBAN,CLEAR,NORMAL,-0.004710672616879399,-0.10130896059916543,9.6337375020835,0.2858985102006007,0.2952417579324478,0.31181723300246955,-0.00328497134474755,0.056838453635398106,-0.03799874747819039,0.10515589582012227,0.10930059605763229,0.10171832934630994,0.3492439353516855,1.0030625636963642,0.4342397057786699,22.807017543859647,1155.7611609067421,49.31814801189647,,,,
2026-09-11 15:36:40.923237,device_0002,route_0010,event_033803,30.022869905215764,79.89639352024183,10.367712069250885,HIGHWAY,CLEAR,NORMAL,0.013421467601371995,-0.08966523335370094,9.77752667197741,0.2931250537466199,0.31523361457031773,0.2988182934132387,-0.018310294681620636,-0.009468004039253406,-0.005486100530907419,0.09872583695332503,0.10833842770926723,0.1045969204870565,0.29871795591702194,0.9241494029171111,0.4319817360833658,16.666666666666668,1189.0117987248957,50.462072844310214,,,,
2026-09-11 15:13:24.323237,device_0019,route_0033,event_019837,30.177990999195615,78.02855252642688,78.5354061451139,HIGHWAY,CLEAR,NORMAL,-0.10635085726924713,0.12462168379286231,9.994487774251704,0.29524920396354676,0.2896189922000403,0.3048382208940963,0.03126097218548575,-0.03439376032973603,-0.010508929194021108,0.11117170818166809,0.1002001669563048,0.11280329170592719,0.36649684640958485,0.7704132772005057,0.4086142251378506,9.836065573770492,1174.5353318231532,51.93543212132559,,,,
2026-09-11 15:16:12.323237,device_0028,route_0049,event_021517,30.540728081965746,76.81448395039297,19.82999702016167,URBAN,RAIN,NORMAL,0.13255261933920887,-0.07669122991601023,9.777782278942173,0.26571080958424387,0.30187004103197695,0.27441917895819373,-0.0346482166997402,0.03224612579013815,-0.056932016823414505,0.09092761305999612,0.114036089540024,0.11650110480974292,0.27355833394931844,0.7672267217283526,0.4236673180022331,15.789473684210526,1164.8650637957344,48.932706260641424,,,,
2026-09-11 17:12:20.123237,device_0010,route_0035,event_091195,22.758303933306777,83.13216090901281,82.98608650477354,RESIDENTIAL,CLEAR,NORMAL,-0.22182225896409716,0.03625121585772354,9.775321946068724,0.32547793672001574,0.3470956382474993,0.2646334527722431,-0.0035807836289214975,0.061838702279774706,-0.03895914792541817,0.09055369221249028,0.09282404733210502,0.10425231562195,0.26641634238848755,0.772795967582093,0.44259531148114034,17.543859649122805,1171.7788575814213,48.64399082745811,,,,
2026-09-11 15:27:01.623237,device_0020,route_0048,event_028010,26.11557054162624,77.71629100442547,62.92501275190543,URBAN,CLEAR,NORMAL,0.00797495159303108,-0.17873026682531162,9.792837649115269,0.29017454256246766,0.32270185800379625,0.2958508036790312,0.026438549633596254,0.018062571640906584,-0.05047469285667318,0.0991334555100445,0.10345540140729169,0.10459447744460977,0.2988068142091921,0.8824632853508785,0.44715079256737655,11.607142857142856,1178.3195617621582,47.52530791923109,,,,
2026-09-11 15:30:42.623237,device_0027,route_0043,event_030220,25.84573067155854,76.81651274428285,18.473296197607528,HIGHWAY,CLEAR,SPEED_BREAKER,0.042955096999358254,0.1263730225900765,10.141821115066312,0.3582217388420421,0.3701250514289188,0.5552526730078711,0.02698620363714376,0.00018098613079621121,-0.002063646987201469,0.10828677465175823,0.08301435966114847,0.0944829024383062,0.6664789953224854,3.177514291137747,0.5944862993867881,1.4285714285714284,1372.2844004923106,51.009834386288524,,,,
2026-09-11 16:29:00.723237,device_0024,route_0046,event_065201,34.25698438428566,78.94114842781144,73.58871094758919,RURAL,CLEAR,NORMAL,0.12405901739483301,0.22897602124574937,9.961793039507938,0.3352024137867836,0.2895881101351735,0.3509302906370039,0.0007940887090178691,-0.0569047633854855,0.055151074740897074,0.09557521812124181,0.10904453918080258,0.11661892997222219,0.39194130729508164,0.8515949461188992,0.48030009645627686,18.0327868852459,1165.9444844817242,52.318099885446266,,,,
2026-09-11 15:17:26.723237,device_0026,route_0035,event_022261,27.121824612056674,78.72832577828669,75.12581036936933,RESIDENTIAL,CLEAR,NORMAL,0.043951427901739754,0.20067403002486928,9.617320721920674,0.2864686938804585,0.3309870633183426,0.33076525373636945,0.016203097693322083,0.037971813674182335,0.03355162463063438,0.08175251946112126,0.09714304234918471,0.09317124023716195,0.371144061536128,1.0589421161275983,0.42355425122129275,7.017543859649122,1156.2462834189637,49.29745575609877,,,,
2026-09-11 15:42:12.123237,device_0020,route_0002,event_037115,25.5774457384086,78.41198347318274,10.283255048022008,URBAN,CLEAR,NORMAL,0.06541102487002341,-0.1673350549548132,9.637369043732743,0.2646079357374049,0.32036856372367645,0.3332318273783361,0.028860459857197557,0.026163190021605602,-0.06081708751619424,0.08956078565413175,0.10305801309618724,0.09591936532111442,0.365696481254041,0.9870424603645418,0.4524216789360333,21.428571428571427,1178.3195617621582,47.52530791923109,,,,
2026-09-11 15:53:44.023237,device_0027,route_0048,event_044034,24.71191796334031,78.04205436042987,75.14630438682158,URBAN,CLEAR,NORMAL,0.15749722433119745,0.10037165493320445,9.985392924588576,0.2842464741448903,0.3620352778800431,0.38222374466261083,0.04509181940491727,-0.01826099706482172,0.01836432150877989,0.0924818469793908,0.10220021016801976,0.1296329319828477,0.42752462585575823,0.9410216879161339,0.469531146649614,10.833333333333334,1176.2437718505519,51.009834386288524,,,,
2026-09-11 16:12:59.923237,device_0025,route_0040,event_055593,28.412986640079485,72.24073695964724,62.88566879159249,URBAN,CLEAR,POTHOLE,-0.14340702978335634,-0.08606979114252149,10.642652689394318,0.9385262817523436,1.0937097139861551,3.549162884675493,-0.05528541140803365,-0.0802069426856126,-0.027736257165172234,0.387090718140149,0.2698841227276692,0.2517269928039985,3.799251436214543,17.23846698686345,2.5753424274401473,1.0,993.0426271592604,50.35030585044683,11.894097425895561,23.181537738725694,23.87822776024854,CRITICAL
2026-09-11 15:37:34.423237,device_0022,route_0000,event_034338,25.536158117452985,76.43515654698722,10.122920148088912,URBAN,CLEAR,NORMAL,0.014577290650411872,0.06888299771234811,9.61092664241221,0.31925034301597,0.29715275135037494,0.32012806822507867,-0.028956184056327307,-0.019735531342478674,-0.036689320192337074,0.10270210157995885,0.12372729421494535,0.1160071856095288,0.36566742459961615,0.8196264876333981,0.4797483545045293,15.573770491803279,1173.9747253078074,51.96023277588557,,,,
2026-09-11 14:55:15.623237,device_0015,route_0041,event_008950,28.52715061773468,77.96875443356468,9.791462288787525,URBAN,RAIN,NORMAL,0.11385289218700731,-0.04562480771734378,9.639122607986598,0.30823390944889384,0.3226531493552999,0.255423690196856,0.001197429957910055,0.05765249894801395,-0.04024434649940837,0.08990561387506074,0.11208716187763751,0.10316144178214925,0.29667832381459713,0.7716713785099678,0.4174859124033423,17.543859649122805,1170.7151707482878,48.688187719961995,,,,
2026-09-11 16:07:51.223237,device_0025,route_0007,event_052506,25.681187433603327,80.8717785127175,19.68881960756288,RESIDENTIAL,CLEAR,NORMAL,-0.13093923669875743,-0.0666065989005386,9.987192846609336,0.34014815904540974,0.3388169218320059,0.33941656855243096,-0.0035412989118146685,-0.04302474555192728,0.00922942221854467,0.1082953248237148,0.0906852969900541,0.1070411347940294,0.39047822159355366,1.1865795859047026,0.47467071376425707,8.333333333333334,1191.6511525911126,50.35030585044683,,,,
2026-09-11 17:01:30.523237,device_0029,route_0016,event_084699,36.09402132974585,75.34716083646751,40.53210045267045,URBAN,CLEAR,POTHOLE,-0.13028233923471672,-0.1343706115611217,10.17472913578169,0.8115778491644199,0.47956879753132603,1.081369299018332,0.0020475250553842745,-0.04768499609285119,-0.028663728181037112,0.18158642767871352,0.20924641545624195,0.2209012907265218,1.2279968077962438,5.334434368599501,1.1551099049840368,1.0,987.8601397384913,50.614452379095,4.615988324714907,9.484559865697353,6.914763269575748,MEDIUM
2026-09-11 15:28:25.823237,device_0011,route_0024,event_028852,28.69990859899697,74.60011228880418,10.403751034822331,RESIDENTIAL,CLEAR,POTHOLE,-0.07339467721082502,-0.06748151633927675,10.045634987188627,0.2858127175285609,0.27284918164183086,1.0084731736440629,0.034607152008796015,-0.005285888792337473,0.02172892833279448,0.09849556876465566,0.07530138466391015,0.07900683936964949,1.0406225644272302,3.868306585538164,1.0718249664048274,19.0,962.2269165325869,51.962794992449886,10.590471321096796,16.649552855886697,18.767002414709573,CRITICAL
2026-09-11 16:01:20.023237,device_0020,route_0016,event_048594,32.94269444039949,76.13177028846384,10.133109803612399,HIGHWAY,RAIN,NORMAL,0.02131533733031482,-0.10183213118876498,9.656799689838257,0.2538469865628695,0.26370761016237826,0.2944630165993586,0.032763721101408,0.03019641324806237,-0.030775293307446352,0.11946819741164134,0.10271639390301607,0.09136179176247038,0.324775604583994,0.8092451828771594,0.38659128031641105,16.07142857142857,1178.3195617621582,47.52530791923109,,,,
2026-09-11 16:43:38.223237,device_0007,route_0014,event_073976,34.708529175507756,74.78605777649489,65.90914177465287,RURAL,CLEAR,NORMAL,0.1080159758443025,-0.21813629232903745,9.623332261087395,0.28881323111388824,0.32413935632396706,0.2866757287529918,0.03521099182251091,0.011021819680853967,0.01996427215011255,0.09551951550669581,0.09268693009755867,0.10063434100444862,0.327946245158301,0.9104622383565246,0.4330558998073481,7.017543859649122,1156.3665497149682,49.29232864272136,,,,
2026-09-11 15:56:17.223237,device_0012,route_0034,event_045566,27.415975887719675,73.32941670099586,43.1982531426242,RURAL,CLEAR,NORMAL,0.0681987420804207,0.234959479511124,9.795134170063733,0.3251702685868864,0.27353587844641863,0.38039662752368514,-0.04861857698622383,-0.016596740070583395,-0.0018091354597564561,0.09001448466943848,0.1004638108291335,0.0980775033287097,0.38330217597973265,0.9408750286799847,0.46199700552334305,12.5,1178.0852418549218,47.53476065265595,,,,
2026-09-11 17:05:24.323237,device_0013,route_0009,event_087037,20.960340596371907,78.51426798005795,87.87454419863708,RESIDENTIAL,CLEAR,NORMAL,-0.15312204896384932,-0.06980361659102124,9.679064040502002,0.3243805606097577,0.2924401274672925,0.31074610984403805,-0.012693732871816223,0.08292419648572336,-0.034300267392901096,0.10938026429176255,0.08979359625082838,0.10371051706224373,0.32937757254399286,1.0242361404215536,0.42603992638718485,21.052631578947366,1155.7611609067421,49.31814801189647,,,,
2026-09-11 14:58:55.323237,device_0020,route_0028,event_011147,28.02620240445824,76.48505821162455,54.384832203339386,URBAN,CLEAR,NORMAL,0.04206173262135811,-0.09152792227680481,9.669080408162825,0.3168929041175535,0.2643883856306752,0.31191183390388466,0.035418326940119,0.014027478209848085,-0.0687227571892561,0.11093074379076778,0.11719137323552506,0.0920195698775969,0.3339385753218519,0.9886856759147893,0.44622313049780477,17.857142857142854,1178.3195617621582,47.52530791923109,,,,
2026-09-11 17:05:01.523237,device_0023,route_0036,event_086809,36.453462837120966,76.61315158791638,64.50876536643136,URBAN,CLEAR,POTHOLE,0.08582877254081218,0.21635235274497158,10.712012785701784,0.574627276273774,1.3310087776170416,3.8907003049987714,0.01827261055530175,-0.07655206478341255,0.019695658971019835,0.3517906122226392,0.26552809534200955,0.28158996663339125,4.148924428656047,17.112628788538323,2.46156624665214,1.0,985.6613579275306,50.72736147953584,11.330553012970292,30.21137660971631,27.20359442114187,CRITICAL
2026-09-11 16:41:04.923237,device_0014,route_0016,event_072443,35.024382045288874,75.61338349181891,64.9213169158542,HIGHWAY,DUSTY,NORMAL,0.21726088483617276,-0.030698717954073855,9.738154293252624,0.3172297801542754,0.3701441478647291,0.2874191771559953,0.0008282435245196949,-0.026052022584118702,-0.03557782227256343,0.11440105357288356,0.09800657896379547,0.11618959422928271,0.2891216873810843,0.6689911498056027,0.4978442374372816,16.96428571428571,1172.5933011717448,47.75739375624995,,,,
2026-09-11 15:26:33.023237,device_0017,route_0021,event_027724,28.16241963982346,79.71273547981151,9.88437676061194,RURAL,CLEAR,NORMAL,0.04993338657807122,-0.1305991105061618,9.820159486403169,0.3348189794251294,0.27661583576666404,0.3314782976908441,-0.031075874202131,0.006650330518428825,-0.017234875839938733,0.09244358412488327,0.10818320425635318,0.09226541690366845,0.332033422760399,0.9447560188004154,0.44770567428345637,20.491803278688526,1168.9485129122031,52.183649943683676,,,,
2026-09-11 15:10:29.823237,device_0021,route_0014,event_018092,30.03285587003722,76.62936451240947,37.0637184750689,HIGHWAY,WET,NORMAL,0.04537856490202454,0.06942674416653838,9.954951346113832,0.2793123379133456,0.30352377058753444,0.3728607625279103,-0.019180556767764204,0.03526909723147431,-0.044233399672376716,0.10183323536784747,0.11037535257708904,0.0835403433194138,0.40761295016376997,0.95807462755484,0.46237682337973157,12.5,1182.3087711011192,50.74816449523607,,,,
2026-09-11 17:03:03.223237,device_0028,route_0047,event_085626,21.30034612654235,79.40483919571598,38.25603231170482,URBAN,WET,NORMAL,0.19206338227036343,-0.019262996851868944,9.683564017280712,0.25814314419654066,0.2808865282259978,0.30850029478807334,-0.03779063535843788,0.019929297040137198,-0.040326729190573674,0.11198287198959325,0.10295981662419867,0.09693000380306616,0.32771189551157726,0.7952162166153283,0.3919078299245482,10.526315789473683,1164.8650637957344,48.932706260641424,,,,
2026-09-11 17:11:47.223237,device_0001,route_0043,event_090866,20.474080135961295,75.87216941879747,10.416905077031203,HIGHWAY,CLEAR,NORMAL,-0.1551046887542225,0.3088964336011467,9.968500962843931,0.3166751974184813,0.29925327427485104,0.28420012290668495,-0.04089643117384836,-0.024884171733372984,-0.053070143287698546,0.10196200523592344,0.09958305468226869,0.09952564984832597,0.3382733177508279,0.6915584781457262,0.40628672194124027,7.894736842105263,1147.8114285371462,49.659725093210575,,,,
2026-09-11 15:12:36.223237,device_0026,route_0032,event_019356,29.668224373146366,78.49439180549909,21.07885757865894,URBAN,RAIN,NORMAL,0.051254155191525985,0.18626225577006195,9.642202311772767,0.3618083812170091,0.3225360176171154,0.2978697359514956,-0.0166947838650804,0.04461352106579944,0.01957192625148818,0.11071088208665235,0.10043206234909828,0.1004974730934463,0.3299127123164222,0.9896560779571626,0.4842242339241232,13.157894736842104,1156.2462834189637,49.29745575609877,,,,
2026-09-11 15:35:03.823237,device_0011,route_0013,event_032832,31.312873321144274,78.4082658402641,36.09103012754015,URBAN,CLEAR,SPEED_BREAKER,-0.17683625634119787,-0.2196383038208848,10.246976050372343,0.41630126734703754,0.5641249494570112,0.852586774715063,0.03352994088830814,0.01307348253472354,0.048869242513326264,0.14944732681875497,0.14548424396615103,0.15688603037945156,0.9964693014893566,3.3549935245524356,0.7915278465267971,0.7042253521126761,1366.3622214762734,51.962794992449886,,,,
2026-09-11 17:09:13.823237,device_0017,route_0047,event_089332,20.979941758971215,79.49664804201291,79.58612237598422,RESIDENTIAL,CLEAR,NORMAL,-0.028477965684791443,-0.20041876225319985,9.83870973681943,0.3459393240748573,0.2633769288566002,0.3692019961414743,-0.036584562181932505,0.004239066839454469,-0.00402364355467384,0.09305679748267871,0.09784373549122873,0.1122489464434897,0.37304472262460514,0.7714222214718944,0.4833131832498726,18.852459016393443,1168.9485129122031,52.183649943683676,,,,
2026-09-11 15:32:33.923237,device_0018,route_0037,event_031333,29.067630514435535,74.34873973164272,75.42463467226285,RESIDENTIAL,WET,NORMAL,-0.05999074991971829,-0.0953066314123678,9.978567896757053,0.3429791119504966,0.32792159844852514,0.3048973237625385,0.03218291572161683,-0.0271155717061803,0.014098377819099549,0.10171098776046215,0.10535129356294005,0.10365290072164413,0.35964428581424585,0.8363436222270106,0.45129566620832895,3.3333333333333335,1196.452449290308,50.14825289178003,,,,
2026-09-11 16:35:14.623237,device_0016,route_0033,event_068940,33.99182487545722,80.25539963744684,19.621805928577654,URBAN,CLEAR,ROUGH_PATCH,-0.02244279938293349,0.03687256297194669,9.852375202960086,1.306349297395704,0.7354090447935548,0.9816895272059013,0.01797719577807654,-0.05266051043790404,0.01970173023644838,0.16913694186624625,0.22500229789929183,0.201966383521815,0.9792796477847668,2.6257308034334486,0.4448127252374575,1.9607843137254901,1069.0955240705746,47.70387570777382,,,,
2026-09-11 15:34:41.823237,device_0022,route_0018,event_032612,31.17722180618291,78.51397866967227,72.06551009094302,RESIDENTIAL,CLEAR,NORMAL,0.020195500749224923,0.0530722666691439,9.609901621525486,0.25063792397821183,0.33741596732153933,0.3098895133888284,-0.018177113332024167,-0.024229286899141392,-0.05385249487558106,0.10021560298955322,0.09261564631442018,0.09040523744915127,0.3608236943032047,0.9252321620701078,0.4338176320851516,9.836065573770492,1173.9747253078074,51.96023277588557,,,,
2026-09-11 15:48:48.223237,device_0009,route_0027,event_041076,27.136572210916317,80.47657388394818,20.600165462077772,HIGHWAY,CLEAR,NORMAL,-0.1564661851142655,0.14819012463844647,9.9398914772391,0.28421090873841626,0.26295559953540915,0.2539769729691006,0.023738819260299727,0.018278973444172685,-0.014843654730899889,0.10778959407582336,0.09266579832986853,0.10914091756332311,0.2941683172707346,0.7978947629049618,0.3683107709997779,20.535714285714285,1175.8012798150014,47.62709563372047,,,,
2026-09-11 15:08:18.923237,device_0018,route_0012,event_016783,27.079752574181516,77.20436302968737,37.79249829457711,HIGHWAY,RAIN,POTHOLE,-0.09375781556185421,-0.1371072221140771,10.057886212259525,0.36546087141332734,0.3488447593951814,0.49823506029476194,0.06835245097330592,-0.050335954781579366,0.012315919264635981,0.22215484128933985,0.1794263624241884,0.18556370636420036,0.5769162545087633,2.3190341328938793,0.6070489428349449,21.0,997.0437077419235,50.14825289178003,1.078093286261343,3.008167090081043,2.145075560807774,LOW
2026-09-11 15:48:53.623237,device_0025,route_0025,event_041130,24.83763089045007,77.16749633234409,9.821435333337483,URBAN,CLEAR,NORMAL,-0.10450289748564787,0.007582661786227221,10.04771789608122,0.27335109254550227,0.3342515992991189,0.349994954960691,-0.044907891496609675,-0.029427866644974963,0.01200918199334303,0.08874681028944578,0.11073008429740211,0.1081456953543974,0.4347152424202746,1.00411549356863,0.4410792674249089,11.666666666666668,1191.6511525911126,50.35030585044683,,,,
2026-09-11 16:50:52.423237,device_0028,route_0023,event_078318,24.78419849377819,83.19195299776187,9.390615156521106,HIGHWAY,CLEAR,NORMAL,0.03529597848038189,0.016786868749338667,9.722707417801237,0.3550953193436529,0.3461309797377544,0.38965669859342855,-0.05298702492431171,0.011825053962330268,-0.028946301490657477,0.10656485216852639,0.11129748103118578,0.0940230909745085,0.3949599641505938,1.0653260866489482,0.5173297210237228,16.666666666666664,1164.8650637957344,48.932706260641424,,,,
2026-09-11 16:40:37.523237,device_0016,route_0014,event_072169,34.55727339129001,74.84554567132139,38.263467888272324,RURAL,CLEAR,NORMAL,-0.031812283611764816,0.0512935819605033,9.870845826893989,0.30674813900925685,0.31119284751569726,0.29660118409424524,0.04174623087065416,-0.03359468834967569,0.05643254348258607,0.09830217677403567,0.10411039434659755,0.09929778767998997,0.3062209135716566,0.6806574464878317,0.4117366991506599,12.5,1173.9088107441603,47.70387570777382,,,,
2026-09-11 14:47:15.723237,device_0005,route_0003,event_004151,28.71070433265734,76.98126003426344,82.08821316937536,HIGHWAY,CLEAR,NORMAL,0.21112246691213193,0.08669322461348664,9.977826320183937,0.2852187689894458,0.31538022166477797,0.33148267344806587,0.06043810859520433,0.015564333146655717,0.05068129672056295,0.08941654257803994,0.10843735249859125,0.09883932382111961,0.37961800183407374,0.8500893238552383,0.4132890363121511,9.821428571428571,1173.3612685170888,47.72613644455269,,,,
