timestamp,device_id,route_id,event_id,latitude,longitude,speed_kmph,road_type,weather,event_class,accel_x_mean,accel_y_mean,accel_z_mean,accel_x_std,accel_y_std,accel_z_std,gyro_x_mean,gyro_y_mean,gyro_z_mean,gyro_x_std,gyro_y_std,gyro_z_std,vibration_rms,vibration_peak,jerk_rms,frequency_dominant_hz,event_duration_ms,sampling_rate_hz,pothole_depth_cm,pothole_length_cm,pothole_width_cm,severity
2026-09-11 16:46:32.723237,device_0001,route_0017,event_075721,34.042658888895865,81.15245382095478,54.59789115566063,URBAN,CLEAR,ROUGH_PATCH,-0.2018402659268816,0.23830528413388,9.90984728029424,1.0234691920414711,0.6488821141258807,1.1274182627181035,-0.0295239230929842,-0.0071535655459078,-0.0431954332640449,0.2064374841771345,0.2542720497777904,0.215153600787855,1.1226825483536886,2.796614315290048,0.4481324877451897,1.923076923076923,1047.126215507572,49.659725093210575,0.0,0.0,0.0,UNKNOWN
2026-09-11 16:53:59.023237,device_0028,route_0039,event_080184,35.28077848640317,79.70103020922495,63.50053844781647,URBAN,WET,NORMAL,0.2152191224436513,-0.0342006229989387,9.805874317634608,0.291991706978071,0.3503872981278195,0.3006131565122264,-0.0838997404681746,0.017260097577925,-0.0547828752561872,0.1111677738659944,0.0994249740506914,0.1001842373613531,0.3004284251012828,0.642022250635554,0.4700570538018569,8.771929824561402,1164.8650637957344,48.932706260641424,0.0,0.0,0.0,UNKNOWN
2026-09-11 15:13:27.023237,device_0018,route_0036,event_019864,30.45617225750457,77.14161704982575,9.525918250536524,HIGHWAY,CLEAR,POTHOLE,-0.1177589106035024,-0.048592893636892,10.073573744274375,0.3635985393000833,0.3594836833256321,1.4164847728091177,0.0711158755184707,-0.0275485061336842,0.0274800931858457,0.0931480409460973,0.0854584648496177,0.0905355726007169,1.445079822487228,5.9173524496582015,1.335957137704051,18.0,997.0437077419236,50.14825289178003,11.644722483829336,22.054878411619157,21.202996392124252,CRITICAL
2026-09-11 16:48:10.523237,device_0022,route_0042,event_076699,35.436198392796214,77.82774091304859,9.500615867321905,URBAN,RAIN,NORMAL,0.025731994153732,0.0375273879455428,9.68300876599345,0.3993605276583785,0.3564122995476873,0.3270267238874115,-0.0049893430452226,-0.0138683030278151,-0.0170496663874381,0.0943092499344628,0.0985063775296829,0.1029680060684357,0.3436405494854634,0.8760982477893897,0.5053350691147814,22.13114754098361,1173.9747253078074,51.96023277588557,0.0,0.0,0.0,UNKNOWN
2026-09-11 17:15:19.723237,device_0016,route_0027,event_092991,25.166967472311537,84.70957840067572,43.776757891108176,RESIDENTIAL,CLEAR,NORMAL,-0.0052416643526375,0.1267918312777879,9.80518416826145,0.3101449101820268,0.3205211425146002,0.3143693821784558,-0.0124040801958926,-0.0410943096545971,0.044845937138389,0.1020728559355342,0.1080875742718179,0.1037661872984415,0.3153896855432904,0.8716561506637088,0.4399743969716759,16.96428571428571,1173.9088107441603,47.70387570777382,0.0,0.0,0.0,UNKNOWN
2026-09-11 16:47:44.023237,device_0000,route_0016,event_076434,35.372628866951466,75.52665863237988,59.177884126255655,HIGHWAY,WET,ROUGH_PATCH,-0.0208017071670624,0.1891327412136469,9.84363344832608,0.8580886874923097,0.574579899121548,0.5937377189164788,0.0422649873716919,-0.0507263271904676,-0.0688713184232446,0.1651132029153804,0.1719479184350602,0.1537121044561342,0.605876276150828,1.4637823939116057,0.3619697624830622,1.818181818181818,1088.9886895864247,50.50557505871605,0.0,0.0,0.0,UNKNOWN
2026-09-11 17:00:21.023237,device_0004,route_0004,event_084004,32.785471359622214,83.43002827911256,18.30829369045937,URBAN,RAIN,NORMAL,-0.1793490057179875,-0.0711328427038459,9.594274730591764,0.2797481514000769,0.3103982094818195,0.314430966645949,0.0317561299746023,-0.01254975904858,0.041693183353612,0.1001342095260462,0.0837287844761984,0.1114670202845082,0.3707024867119926,0.8642152127189942,0.4644498140958213,6.666666666666667,1194.4208269519645,50.2335513967164,0.0,0.0,0.0,UNKNOWN
2026-09-11 16:55:12.323237,device_0010,route_0033,event_080917,34.92177571518512,80.79830979905452,60.389148652328345,RESIDENTIAL,CLEAR,NORMAL,-0.1903176562579839,0.120446029047684,9.76930322334028,0.2996985670969987,0.3363402178089301,0.3207290400947023,0.0018891238452232,0.0413689388549825,-0.0107415979704267,0.0995903799730396,0.1052581179397313,0.0962301458696702,0.3185168033439289,0.8836685104204722,0.4598978565991651,8.771929824561402,1171.778857581421,48.64399082745811,0.0,0.0,0.0,UNKNOWN
2026-09-11 16:21:37.323237,device_0016,route_0031,event_060767,23.425127986255674,79.18168142979442,36.176046144186,RURAL,WET,NORMAL,-0.0600944096392087,0.0481619492546171,9.851122346263557,0.33441205192941,0.3160736919102024,0.3617855354424751,-0.0094997003193861,-0.0399259048757071,0.0230024811567681,0.0883555946163269,0.0966338600424451,0.1141640461865163,0.3647818906089644,0.8266413909211696,0.51289407788073,16.96428571428571,1173.9088107441603,47.70387570777382,0.0,0.0,0.0,UNKNOWN
2026-09-11 16:03:48.023237,device_0024,route_0049,event_050074,33.07575714520572,76.40325665339904,38.01429466874844,HIGHWAY,WET,SPEED_BREAKER,0.3418297328954238,0.0799462541533161,10.351240013508564,0.7028841464825526,0.6882439152419088,1.197023792284243,-0.0493283319375237,-0.05403209516334,0.0326960562663539,0.129686606702795,0.1515723553849715,0.1491497800398261,1.4099336090390726,5.279392093127793,0.8104156741954822,0.7042253521126761,1357.0829245606951,52.318099885446266,0.0,0.0,0.0,UNKNOWN
2026-09-11 15:26:30.723237,device_0009,route_0022,event_027701,31.15079551607533,77.12176425927397,39.0737254711424,RESIDENTIAL,CLEAR,NORMAL,-0.2124776035303094,0.0188313989386347,9.885303229077644,0.2826001004963128,0.280759224382146,0.3331153729027564,-0.0121291934704,0.0349430990075767,0.010787137780368,0.0865629849962287,0.1054213230127828,0.0964090702593789,0.3468475951317532,0.8990471582338184,0.414233323341202,14.285714285714285,1175.8012798150014,47.62709563372047,0.0,0.0,0.0,UNKNOWN
2026-09-11 15:50:34.723237,device_0002,route_0031,event_042141,24.988540002005557,78.58015064286367,86.63240850732855,URBAN,RAIN,NORMAL,0.0992078359306446,-0.04103518132188,9.661647635811152,0.3385604591359888,0.3161783651538243,0.3023215242477727,-0.0101659487874167,-0.004376923764955,0.0130821290429327,0.0964051212068439,0.0873428091617464,0.0892683917198004,0.3276634665943728,0.924173928433083,0.4562895277985206,18.333333333333336,1189.0117987248957,50.46207284431021,0.0,0.0,0.0,UNKNOWN
2026-09-11 15:55:28.623237,device_0028,route_0031,event_045080,24.74181242771995,78.6750969663874,21.714880186145976,RESIDENTIAL,CLEAR,NORMAL,0.2128866843376051,-0.091790941959324,9.764228404268518,0.3871752315228846,0.250993199952255,0.2727718220055948,-0.0483958446265785,-0.0226479627683409,-0.0407005896999241,0.0894876369173939,0.1018407342146182,0.1059331540813285,0.2736968890495461,0.7850997348867033,0.436382507338735,6.140350877192982,1164.8650637957344,48.932706260641424,0.0,0.0,0.0,UNKNOWN
2026-09-11 15:08:04.423237,device_0004,route_0021,event_016638,28.36184935965139,78.73588418709106,21.00966174111801,HIGHWAY,CLEAR,NORMAL,-0.1400884848472395,0.003270969536369,9.670352120266902,0.2510584046556492,0.3287482903377214,0.3559949423914141,0.0612632558412121,-0.0109212545817412,-0.0025058388428357,0.1260025423990704,0.0907588753235731,0.0954140701690033,0.3743393911394901,1.0572588946993164,0.4518951387244118,15.833333333333334,1194.4208269519645,50.2335513967164,0.0,0.0,0.0,UNKNOWN
2026-09-11 15:14:23.023237,device_0025,route_0033,event_020424,30.223862076891532,78.05522924653403,20.056637729045352,URBAN,CLEAR,NORMAL,-0.1333145437240787,-0.0896259623804142,9.94661779909056,0.3569655735116306,0.3404558599256981,0.3366887117112882,-0.015851758419312,-0.0334714873430904,0.0032697108321074,0.1033323390751329,0.1102418356823172,0.0973923014094069,0.3719365429770455,0.8533166343496408,0.4670825530503448,4.166666666666667,1191.6511525911126,50.35030585044683,0.0,0.0,0.0,UNKNOWN
2026-09-11 17:08:10.823237,device_0018,route_0023,event_088702,24.28022367882148,83.97795546535987,18.02208029526688,RURAL,CLEAR,POTHOLE,-0.1394764144123044,-0.1016936736996686,10.219172444847594,0.4359332180144856,0.3171220895082103,1.7366662685870116,0.0297920695046541,-0.0372178936570736,0.0145556172716422,0.1176552285543996,0.1123361551077787,0.1199828001024179,1.7999980670752838,6.023332041851658,1.4853946408697354,19.0,997.0437077419236,50.14825289178003,13.487993768409671,26.21701365855728,25.99705695135261,CRITICAL
2026-09-11 14:40:35.523237,device_0025,route_0044,event_000149,28.541887154920104,77.21725705167549,43.03621921369333,URBAN,CLEAR,SPEED_BREAKER,-0.0799496877753466,-0.0562797082998414,10.307836121421472,0.6373587393500199,0.4717102419332559,1.1477382705436736,-0.0232341695407516,-0.0477474096504055,0.0376080529274276,0.18538174573963,0.1681844056993551,0.1835945607820014,1.298922421768301,4.40989244903264,0.8170150242784222,0.7142857142857142,1390.2596780229646,50.35030585044683,0.0,0.0,0.0,UNKNOWN
2026-09-11 14:43:16.723237,device_0010,route_0043,event_001761,28.36660516949139,77.26001193528015,9.907242632941037,RESIDENTIAL,CLEAR,NORMAL,-0.2483901420534563,0.0654325872091518,9.663879292352632,0.2833926286154711,0.2842359012729125,0.3227880839982134,-0.0028008090721684,0.0570665618383216,-0.0311333818566656,0.1038541130123273,0.1197508361467791,0.0978632039220992,0.3451549694386681,0.7998148230818707,0.4215981114136157,12.280701754385964,1171.778857581421,48.64399082745811,0.0,0.0,0.0,UNKNOWN
2026-09-11 16:25:32.623237,device_0007,route_0014,event_063120,33.80006625828059,75.14415271009221,64.30473390406328,URBAN,CLEAR,NORMAL,0.1471646294860819,-0.1442263765469598,9.597413521040911,0.3328743310799331,0.3367811910566924,0.2850733640256151,0.0288843556634593,0.027054884640749,0.0240291677523425,0.0929976975534393,0.0973689864435152,0.0862873090945605,0.3431272341525249,0.8949024728453416,0.4533679871873024,5.263157894736842,1156.3665497149682,49.29232864272136,0.0,0.0,0.0,UNKNOWN
2026-09-11 16:35:36.723237,device_0002,route_0033,event_069161,34.008692704462604,80.26524023245261,76.4718509777744,HIGHWAY,DUSTY,NORMAL,-0.0655123297219219,-0.1449734075455925,9.70845134690458,0.2881083631040905,0.2736246916652322,0.2885275290413516,-0.0131969798066657,-0.0133603975812745,0.0358289322762486,0.0976377796021955,0.118964429873896,0.0813524040475029,0.3021836052576526,0.7464291503880087,0.4080243460577093,11.666666666666668,1189.0117987248957,50.46207284431021,0.0,0.0,0.0,UNKNOWN
2026-09-11 16:28:28.923237,device_0007,route_0046,event_064883,34.22974632879965,78.93242453459624,9.057351211777052,HIGHWAY,CLEAR,NORMAL,0.1594858906134726,-0.1478891335671347,9.598838208563604,0.3605251588315642,0.3101952562798507,0.3169756146044809,0.011294239345333,0.0197556021981421,0.0136740761588395,0.1066139904805773,0.0963012504577348,0.1087383063816541,0.3667588634447341,0.8362662525137363,0.4196732572462756,2.631578947368421,1156.3665497149682,49.29232864272136,0.0,0.0,0.0,UNKNOWN
2026-09-11 14:44:30.123237,device_0016,route_0001,event_002495,28.435919016325045,77.28114824720883,72.06601563097858,HIGHWAY,CLEAR,NORMAL,-0.0505029899643253,0.069648907902374,9.780074599415192,0.291511659975622,0.2880401555742982,0.2856612126023601,0.0074255845279981,-0.045613669094917,0.0309005779891866,0.0964888365535076,0.1197273954612615,0.0938224248237877,0.2864152202406658,0.6096016545556662,0.3845637051489969,20.535714285714285,1173.9088107441603,47.70387570777382,0.0,0.0,0.0,UNKNOWN
2026-09-11 16:54:10.223237,device_0028,route_0035,event_080296,23.448261264353125,82.43585280821496,78.13256743877027,HIGHWAY,CLEAR,NORMAL,0.1302847155543327,-0.0963639965206577,9.696039986196498,0.3557184145880215,0.3147042474079052,0.2810153714671168,-0.0329560549334904,0.0073954039600371,-0.0475423887743347,0.1003827140830754,0.1081794762874367,0.1060227474525402,0.2958699212928062,0.6618315539439443,0.4388592511197484,15.789473684210526,1164.8650637957344,48.932706260641424,0.0,0.0,0.0,UNKNOWN
2026-09-11 15:12:45.323237,device_0023,route_0047,event_019447,27.02237699924421,77.76794441578922,77.70830059488921,RESIDENTIAL,CLEAR,NORMAL,0.0793240390502304,0.0119702336810141,9.786081925925595,0.2884226138931568,0.2848465786616656,0.2657273989213246,-0.0070412025259118,-0.0414310061382404,0.0188926856504762,0.0925525556092264,0.0935788724273757,0.0926248090236453,0.2663093750885899,0.5508610458758199,0.3785750186700897,2.5,1182.7936295130366,50.72736147953584,0.0,0.0,0.0,UNKNOWN
2026-09-11 15:49:13.723237,device_0021,route_0028,event_041331,26.19107560529269,74.4847070663248,19.190439234405,RESIDENTIAL,WET,NORMAL,0.0243711018215212,0.049209178141711,9.825254829940478,0.3332987678586983,0.2656262192820447,0.2422360136841803,-0.0350287277368917,0.0251169496066685,-0.0152510392168273,0.1029202586444253,0.1000543572448933,0.1006751233824025,0.2441255454859789,0.7440756302122811,0.4114372480762133,1.6666666666666667,1182.3087711011192,50.74816449523607,0.0,0.0,0.0,UNKNOWN
2026-09-11 15:05:09.423237,device_0004,route_0008,event_014888,29.800085483994625,77.51383568803372,36.68842989477508,RESIDENTIAL,CLEAR,NORMAL,-0.1188725134535738,-0.0335276821404212,9.669029498748072,0.3096404343335629,0.290711474342841,0.2988152281804497,0.0363259644380734,-0.0308491351239203,0.0227598333326728,0.0951347608661227,0.0925161639066581,0.1014215485201547,0.3225629475568886,0.8849693907731613,0.4420326475528045,22.5,1194.4208269519645,50.2335513967164,0.0,0.0,0.0,UNKNOWN
2026-09-11 17:08:04.223237,device_0011,route_0028,event_088636,23.314778648673112,71.35029921319725,18.13479179990575,RESIDENTIAL,CLEAR,SPEED_BREAKER,-0.0634159190876992,-0.1075587505330793,10.108657376943452,0.341067533774933,0.3580824309606021,0.559736746054969,0.0291286957328359,0.0099018422017859,0.0115621606649892,0.0956955842464239,0.0899827117768234,0.0949885246087811,0.647573773656615,2.4679941816445137,0.5509303225623551,1.4084507042253522,1366.3622214762734,51.962794992449886,0.0,0.0,0.0,UNKNOWN
2026-09-11 17:18:29.823237,device_0002,route_0037,event_094892,30.03762262844646,68.7157646187848,42.21062512634415,RESIDENTIAL,CLEAR,NORMAL,-0.0685481195756365,-0.1670843613069681,9.803401746674696,0.2777426468251272,0.3205163973151007,0.3253856912750993,-0.0130631279305003,-0.0086061872898283,0.0499320973923923,0.100739536818638,0.1251787545690609,0.1155415066809175,0.3254758023088471,0.7737298677420661,0.4544671334696818,19.166666666666668,1189.0117987248957,50.46207284431021,0.0,0.0,0.0,UNKNOWN
2026-09-11 17:14:53.723237,device_0012,route_0032,event_092731,33.778132753377555,83.65690675878122,72.28721173440591,URBAN,CLEAR,NORMAL,0.1873072954272399,0.2257811254400588,9.668615805044054,0.37409492351166,0.3063389572684692,0.3397084679758486,-0.0555536368808453,-0.0461670329323028,0.0148218348814238,0.1228529256599438,0.1001922955310216,0.1071612315788193,0.3569649281226874,0.877202257711172,0.5144978214636982,12.5,1178.0852418549218,47.53476065265595,0.0,0.0,0.0,UNKNOWN
2026-09-11 15:28:53.623237,device_0010,route_0026,event_029130,26.567900063178907,78.96788538861003,57.92730898753781,ARTERIAL,CLEAR,NORMAL,-0.1639114962191311,0.0349320299934309,9.71661804135204,0.3371234331756688,0.3439173221721011,0.363420840690553,0.0020746224973329,0.0309813239069002,-0.0269906207210836,0.1059913634062095,0.104694818524828,0.1029458310724883,0.3699723519225146,0.8888283211429364,0.50285394801089,5.263157894736842,1171.778857581421,48.64399082745811,0.0,0.0,0.0,UNKNOWN
2026-09-11 16:52:02.823237,device_0019,route_0011,event_079022,23.89711954071234,71.89868096977776,41.36608907981938,URBAN,WET,NORMAL,-0.2218278561356161,0.1672816359533361,9.97297429210039,0.3214741551284666,0.3357265491489977,0.3769295408660084,0.0273593833428267,-0.0193750123051462,-0.0151143502821155,0.1197468200927569,0.1060526187348592,0.1022837676962903,0.4236453164193088,1.2799804619018555,0.4827382595984396,17.21311475409836,1174.5353318231532,51.93543212132559,0.0,0.0,0.0,UNKNOWN
2026-09-11 17:01:54.223237,device_0023,route_0041,event_084936,27.006822070461777,84.63097717994631,9.11887494804844,RURAL,DUSTY,NORMAL,0.1194380716183718,0.047853652317258,9.848781454713976,0.3039808175785089,0.3316411971171993,0.2985269943723156,0.0001593334591228,-0.0483683574205597,0.0314466597887252,0.1050238807732889,0.1110240145847703,0.0955802238116759,0.3046425807642056,0.7476619285756723,0.4259234289776339,8.333333333333334,1182.7936295130366,50.72736147953584,0.0,0.0,0.0,UNKNOWN
2026-09-11 15:08:22.723237,device_0015,route_0027,event_016821,28.05685140032307,78.4988492715036,20.86372248089148,URBAN,CLEAR,NORMAL,0.1060175631305582,-0.1585555718269707,9.63068547024996,0.3151896171837459,0.2873740194576373,0.3474349321049299,0.0066319647114282,0.0473299995722155,-0.0355883208748628,0.095491974591519,0.0973182711451183,0.100864584138789,0.3794961433587295,0.8877480797897146,0.4548863053140087,1.7543859649122806,1170.7151707482878,48.688187719962,0.0,0.0,0.0,UNKNOWN
2026-09-11 15:41:33.923237,device_0015,route_0034,event_036733,27.63157247303658,74.09380700313612,39.02330274296765,HIGHWAY,WET,NORMAL,0.2105735999750262,-0.093396101331652,9.673497264857051,0.3016321329825078,0.340371623663028,0.3453225217760372,-6.791023545885919e-05,0.0526937595053944,-0.0239900312758871,0.1052909355897096,0.0940898632543695,0.089644837495482,0.3601646266373728,0.7641941347964014,0.4704613735608886,22.807017543859647,1170.7151707482878,48.688187719962,0.0,0.0,0.0,UNKNOWN
2026-09-11 15:06:20.823237,device_0011,route_0014,event_015602,29.82452511105578,76.71135112728571,79.2833866113815,RESIDENTIAL,CLEAR,NORMAL,-0.0642863408434835,-0.1336365235882235,9.993137721748752,0.3117889075015145,0.3412369710617203,0.2569967402473968,0.0337361695524945,0.0040987265480721,0.0111487472473371,0.0943273200091209,0.1013523232245836,0.0918457694847221,0.3288755506833615,0.6921473152368662,0.4539627871418276,22.950819672131143,1173.916838169756,51.962794992449886,0.0,0.0,0.0,UNKNOWN
2026-09-11 15:27:53.923237,device_0009,route_0035,event_028533,26.72471040272076,79.12898877794495,62.019271888756656,RESIDENTIAL,CLEAR,NORMAL,-0.1915449726555327,0.0982385810863324,9.881998707310544,0.3285563575781249,0.3079619329390178,0.3141457000451559,-0.0005056963140834,0.0292074742028999,0.0111280911388867,0.13602910662705,0.1009886526187117,0.0992105950071221,0.325931180779715,0.8300665033566137,0.4256121116124167,2.6785714285714284,1175.8012798150014,47.62709563372047,0.0,0.0,0.0,UNKNOWN
2026-09-11 16:36:37.523237,device_0005,route_0010,event_069769,31.52379441420644,82.76186670317682,72.07211006245825,HIGHWAY,WET,NORMAL,0.1806924408325227,0.0327120228502387,9.97205094148373,0.3128849274961515,0.3013152298522956,0.3028959416625715,0.0726970160233611,0.0193203850983719,0.0369613958585947,0.0967063125797898,0.0828910524067403,0.0981887611824512,0.3542553473476532,0.8508344798913363,0.4461964900002417,8.928571428571427,1173.3612685170888,47.72613644455269,0.0,0.0,0.0,UNKNOWN
2026-09-11 14:59:21.123237,device_0026,route_0018,event_011405,29.457452184328364,77.68925235964568,40.784158142203,HIGHWAY,WET,NORMAL,-0.0379729029696607,0.1491441405622201,9.720133762533091,0.3945789381272164,0.3318983067810573,0.3523471838029281,0.0032542644169131,0.0040789146895294,0.0337558108272434,0.093581366513086,0.1128809352774441,0.1090172836580611,0.3596117793573847,0.8194373349211315,0.4954112436128397,8.771929824561402,1156.2462834189637,49.29745575609877,0.0,0.0,0.0,UNKNOWN
2026-09-11 17:21:45.823237,device_0025,route_0038,event_096852,35.267924234793945,82.89275226068847,9.418949013136334,URBAN,WET,NORMAL,-0.0426549172005959,-0.0848499900648792,9.94700607962921,0.3348820518431036,0.3217182489911181,0.2384649035335582,-0.024407894134156,-0.0312755544041236,-0.0052875478080995,0.1185770968183368,0.1115342104363212,0.107442911097902,0.2863941924729146,0.6645326465444441,0.409356477462535,23.333333333333336,1191.6511525911126,50.35030585044683,0.0,0.0,0.0,UNKNOWN
2026-09-11 15:07:13.623237,device_0003,route_0041,event_016130,28.383437458954432,78.59819289157782,63.37756345916957,RESIDENTIAL,RAIN,ROUGH_PATCH,0.0251714979433121,-0.1390164954636647,9.597407862680226,0.7997197035064785,0.5677683471161168,0.935457401098171,0.0646468456449224,0.0070045123009461,-0.0370586145678387,0.2006690250220758,0.2501666292257916,0.2562962201635365,0.9335581764279024,1.943973369725886,0.3794630415036769,1.818181818181818,1080.1009728827094,50.92116513256079,0.0,0.0,0.0,UNKNOWN
2026-09-11 15:13:19.823237,device_0015,route_0042,event_019792,30.33337659323569,77.43745483824343,75.01477390390758,HIGHWAY,CLEAR,NORMAL,0.1261472027958788,-0.1339308031073488,9.642495292142543,0.3133957323736491,0.2924811304499687,0.271938161275596,-0.0145778255278627,0.0630444893322017,-0.0476157897319301,0.0921331461988895,0.0949365791268311,0.0839291617636281,0.3083961756802563,0.7914311042839266,0.4202945157656668,1.7543859649122806,1170.7151707482878,48.688187719962,0.0,0.0,0.0,UNKNOWN
2026-09-11 17:09:38.323237,device_0011,route_0005,event_089577,24.315570972356817,70.44497905546321,9.628754683707752,URBAN,CLEAR,NORMAL,-0.0138754832576673,-0.1094456648072432,9.954747480559975,0.3138043413708443,0.3808363118792485,0.312650558429657,0.0268542806820395,-0.0046689993378906,0.0381878171644948,0.0973974110330164,0.1133041179422349,0.1050754558640575,0.3544789550497325,0.8398979801319619,0.4693663627104915,4.918032786885246,1173.916838169756,51.962794992449886,0.0,0.0,0.0,UNKNOWN
2026-09-11 15:47:16.923237,device_0010,route_0024,event_040163,28.70533185715207,73.58295083092285,10.470267916614247,URBAN,RAIN,NORMAL,-0.1747583947292806,0.0240941268301859,9.64295896533055,0.3227714225048553,0.3058255118005344,0.3290545899664954,-0.0007085869763213,0.0364153690721896,-0.0441239279862552,0.1073834018395711,0.105776767710026,0.0941271347054093,0.3619423242152857,0.8541720090142988,0.4902236949902345,10.526315789473683,1171.778857581421,48.64399082745811,0.0,0.0,0.0,UNKNOWN
2026-09-11 15:33:18.223237,device_0012,route_0029,event_031776,27.235529691798803,74.64904905386624,10.966930626054552,HIGHWAY,CLEAR,OTHER_ANOMALY,0.4856516628082263,0.4460293988299573,10.328450984469235,0.8571017657797994,0.7013281114070646,1.5243436710539229,-0.0445427563841212,-0.0527149285122474,-0.0009386562843963,0.3607372968371211,0.3228696759229313,0.2873958705118879,1.7226074687558566,4.5590463945609,0.5685114798005216,1.1904761904761905,883.5639313911913,47.53476065265595,0.0,0.0,0.0,UNKNOWN
2026-09-11 15:22:33.623237,device_0028,route_0025,event_025330,26.25768297514029,77.2143000557663,9.16740191463276,RESIDENTIAL,CLEAR,NORMAL,0.1604469306541074,-0.0523790823481614,9.697393311778894,0.2973322503783662,0.325739947306687,0.3377191460676849,-0.0229192275071571,0.0168375503306501,-0.0335097413466864,0.1075529435989339,0.1081946119518294,0.1053008878236811,0.3494868036342674,0.9002367598031995,0.4553444015812483,14.912280701754383,1164.8650637957344,48.932706260641424,0.0,0.0,0.0,UNKNOWN
2026-09-11 16:52:16.223237,device_0010,route_0029,event_079156,25.2420857546337,70.88313458497066,9.824768964178276,URBAN,WET,NORMAL,-0.1808950387558173,0.0472912873876548,9.721441717365636,0.3316210326332509,0.2830600721208033,0.2872391502156736,0.002088514771601,0.0326213133114776,-0.0337357482400504,0.1077204865796,0.1030326677984912,0.117863060788925,0.2962467095112315,0.7236421809237736,0.442242369396245,13.157894736842104,1171.778857581421,48.64399082745811,0.0,0.0,0.0,UNKNOWN
2026-09-11 16:06:29.123237,device_0028,route_0047,event_051685,24.235143129369444,78.56543734591236,38.019449989597625,URBAN,CLEAR,NORMAL,0.1749299556914308,-0.0422681094922675,9.688882001744666,0.3194747089380473,0.2960342635284342,0.2509479915114874,-0.0195675879900521,0.0133831404849992,-0.038266726474365,0.0819080858789643,0.0923596426847986,0.093908103962969,0.2709936686885951,0.7087768485669148,0.4215575962855078,23.684210526315788,1164.8650637957344,48.932706260641424,0.0,0.0,0.0,UNKNOWN
2026-09-11 16:46:10.423237,device_0027,route_0015,event_075498,22.034035347594283,78.99819597591967,10.148326384603015,URBAN,CLEAR,NORMAL,0.0819265802155201,0.1313203172417023,9.92836770412362,0.3022939455323121,0.3518603155344155,0.2697117147589963,0.0411513296133553,-0.0030933944545597,-0.0238334378973375,0.0971680277153693,0.0804303074782773,0.0939073680050651,0.3025559777155488,0.7478809995342726,0.4441384415719795,3.333333333333333,1176.243771850552,51.00983438628853,0.0,0.0,0.0,UNKNOWN
2026-09-11 14:48:13.323237,device_0012,route_0002,event_004727,28.278576906263154,77.32214765453594,40.5263422107026,RESIDENTIAL,CLEAR,NORMAL,0.134948618149258,0.1601600344048251,9.755679704908712,0.289327321032476,0.335879427977712,0.3212467342725503,-0.0353923720079915,-0.0165639346137355,-0.0285657528979309,0.0970760558513232,0.0907921731052457,0.1204374716086785,0.3199156749332081,0.7385074241149301,0.4536036065298606,16.07142857142857,1178.0852418549218,47.53476065265595,0.0,0.0,0.0,UNKNOWN
2026-09-11 17:02:20.423237,device_0024,route_0021,event_085198,27.129130683814317,84.77682059283272,40.49884529275173,RESIDENTIAL,CLEAR,NORMAL,0.1359214031606757,0.199394468357213,9.918220605058256,0.3253448059843681,0.2667832361066718,0.3274479390286946,0.00157577141847,-0.0550641393345152,0.0307643467836288,0.098662728095371,0.100469054733141,0.1120759511797414,0.3529924705162677,0.7103071920538522,0.4417118279240316,23.770491803278688,1165.9444844817242,52.318099885446266,0.0,0.0,0.0,UNKNOWN
2026-09-11 15:40:00.123237,device_0015,route_0037,event_035795,29.135724216854967,73.95315696494818,19.943777073427466,URBAN,CLEAR,POTHOLE,0.1165184978995742,-0.1591623767224499,9.740067687970267,0.302243211484179,0.3751445123163454,0.392289191269455,0.0147404932636998,0.0230599576934453,-0.0308105467153821,0.1200129277825197,0.1033346693039246,0.1184401641124593,0.4075468691320166,1.2155897530875048,0.479941033975478,3.191489361702128,965.32654430122,48.688187719962,1.1442378124770824,2.275887315542759,1.7720373679747048,LOW
2026-09-11 15:00:46.223237,device_0013,route_0010,event_012256,29.12371892640168,78.18000970707531,9.767983263736076,ARTERIAL,DUSTY,NORMAL,-0.0799372671546525,-0.0987505230010496,9.702715619566169,0.2678002058881211,0.3494020217552462,0.2900650566407325,-0.0005013101855858,0.0455872103442106,-0.0104427853357923,0.0949789008368578,0.1006280568046503,0.1011659956671835,0.3039071560008449,0.7340697855424523,0.4459190383833427,21.052631578947366,1155.761160906742,49.31814801189647,0.0,0.0,0.0,UNKNOWN
2026-09-11 15:39:52.423237,device_0019,route_0002,event_035718,25.694034455708,78.36492473151812,39.25906029457578,HIGHWAY,CLEAR,NORMAL,-0.1939753972513553,0.1883012520301525,9.932155341982185,0.3352442637536234,0.3323782252500171,0.2595641097285376,-0.0048066476773203,-0.0040456712803653,-0.0092587769511574,0.0989334621504984,0.114297749621599,0.0910992481878896,0.2985284642674419,0.617650615760315,0.4326012769597972,10.655737704918034,1174.5353318231532,51.93543212132559,0.0,0.0,0.0,UNKNOWN
2026-09-11 16:37:55.723237,device_0017,route_0001,event_070551,22.347627803479774,76.65546119933609,60.869833769881566,HIGHWAY,DUSTY,NORMAL,0.0627728937858458,-0.1513936809811188,9.821808405569035,0.2591844936214199,0.2988182266732853,0.3319452783420029,-0.0233396297141586,-0.0029130961483251,-0.0360308520524217,0.0946873404365121,0.1049237564084909,0.1160741803149881,0.3332001737370218,0.7105310079279477,0.4491177470584256,19.672131147540984,1168.9485129122031,52.18364994368368,0.0,0.0,0.0,UNKNOWN
2026-09-11 16:10:58.023237,device_0004,route_0002,event_054374,24.13807915563885,78.99265443962199,36.3877680124466,RESIDENTIAL,CLEAR,NORMAL,-0.1366591360048371,0.0629973635548921,9.553806527121406,0.3824796707234585,0.2801439007874806,0.3188391746755319,0.052617477132918,-0.0345649298972386,0.0121615430422183,0.1135529662431738,0.0943112951820797,0.1219015052062017,0.3975997021377562,0.8623977448086304,0.464933279564426,14.166666666666668,1194.4208269519645,50.2335513967164,0.0,0.0,0.0,UNKNOWN
2026-09-11 15:46:29.723237,device_0011,route_0036,event_039691,32.23221982982938,76.98484578179401,75.5523973349146,HIGHWAY,CLEAR,SEVERE_POTHOLE,-0.0734065913552946,-0.3051761525140711,12.369511475354969,0.4449510187451297,0.8582249693820245,9.856242041512989,-0.0450023793168294,0.0869964413971748,0.0696127528066779,0.6554166181279001,0.7525092407128502,0.8117981818207228,10.218550491269593,43.29843172712164,5.2607724352778105,1.0,962.2269165325868,51.962794992449886,13.64490310045952,27.17212498070663,33.599760387610694,CRITICAL
2026-09-11 17:16:30.823237,device_0027,route_0016,event_093702,36.87985526897805,75.15164468439608,55.65136516948826,URBAN,CLEAR,NORMAL,0.095476485140095,0.1550071019342438,9.94298359191323,0.3099512312016557,0.314574136589692,0.3322946859928861,0.0255638262546336,-0.0231289936938134,-0.0081209654580568,0.1163666353908059,0.108694695030699,0.1008700445509987,0.3650073905832487,0.9423824574338332,0.4445940775996956,4.166666666666667,1176.243771850552,51.00983438628853,0.0,0.0,0.0,UNKNOWN
2026-09-11 16:43:09.723237,device_0011,route_0035,event_073691,23.86573178471263,82.01428871188284,41.75147037322191,URBAN,CLEAR,NORMAL,-0.0728916571355412,-0.1334058032916243,9.8654076371463,0.2716669274841916,0.4128973154108527,0.2994955811083854,0.0307468316221302,0.0302230237076366,0.0407498603197707,0.0906716308954273,0.1008640959396126,0.1020315258917603,0.3117479821964889,0.8183423378381356,0.4932321040336625,15.57377049180328,1173.916838169756,51.962794992449886,0.0,0.0,0.0,UNKNOWN
2026-09-11 17:23:47.623237,device_0022,route_0019,event_098070,32.15830614604584,69.00769917054642,9.059948922953172,URBAN,DUSTY,NORMAL,0.0623783737763878,0.0695115346842697,9.65190464815482,0.3503727622608265,0.3266836024424276,0.3232930395832681,-0.0103017190266402,-0.0057829426134831,-0.0436260004503684,0.1168999828930948,0.1008090762111375,0.0950296031478632,0.3499779294345338,0.8295815997998393,0.491401370415245,12.295081967213116,1173.9747253078074,51.96023277588557,0.0,0.0,0.0,UNKNOWN
2026-09-11 14:41:18.123237,device_0024,route_0000,event_000575,28.474217527062464,77.20216137579446,39.9410842755004,HIGHWAY,CLEAR,NORMAL,0.169706076767954,0.1070562103296866,9.958155632676489,0.3053085211176656,0.3512851818344746,0.3280123499989117,-0.0165194227185773,-0.061034065384832,0.0557930394522625,0.1065016056542433,0.1145863247045732,0.1075961668750636,0.3697282690671223,0.8044528622792217,0.472591820394071,20.49180327868853,1165.9444844817242,52.318099885446266,0.0,0.0,0.0,UNKNOWN
2026-09-11 17:01:21.623237,device_0018,route_0019,event_084610,31.68144821507352,70.1203882370767,10.116201275393406,RESIDENTIAL,CLEAR,OTHER_ANOMALY,0.3754339838993441,-0.0064847899093843,10.54964676770975,1.0188645478257532,0.4638982037111795,1.436990587143982,0.052667559170501,-0.0095032143182314,0.0531428175325295,0.3336457594879759,0.29649110295942,0.2736848750452118,1.701512044801751,4.648111304409428,0.5999910934100344,2.2222222222222223,897.3393369677311,50.14825289178003,0.0,0.0,0.0,UNKNOWN
2026-09-11 16:23:17.523237,device_0006,route_0044,event_061769,33.98075792673361,76.15487517552076,40.732432333322464,RURAL,CLEAR,POTHOLE,-0.0524597756773855,0.0003934895156306,10.04582877642826,0.3216154248495694,0.449065471730819,0.6982278169810061,-0.0496762739045234,-0.0190412893848953,-0.0371103511021296,0.2251570965630311,0.1770367107914862,0.2205350428796604,0.7760675864835567,3.849514319122632,0.6711071918628674,9.574468085106382,981.7693121927356,47.87275321839885,3.661297920140939,8.32601207176083,6.185198796676723,MEDIUM
2026-09-11 15:34:06.623237,device_0021,route_0008,event_032260,31.29733268443708,77.95896542500628,81.87811090288804,URBAN,CLEAR,NORMAL,0.0877959405676604,0.0801313385350791,9.85533856075146,0.3155786501889199,0.2519452052590828,0.2750018119965646,-0.0443439407388121,0.0400727911777893,-0.0213693998082262,0.0981960770050653,0.0856467722874044,0.0868306339103643,0.2818142582823892,0.6262916966489058,0.4029328158959712,1.6666666666666667,1182.3087711011192,50.74816449523607,0.0,0.0,0.0,UNKNOWN
2026-09-11 16:57:20.523237,device_0023,route_0036,event_082199,36.040243308931,76.6492679292627,41.12070930314864,URBAN,CLEAR,NORMAL,0.1031051971798227,0.057157709701463,9.849116219679887,0.3180083763107825,0.3181298646873068,0.3363865188235027,-0.001178589308461,-0.0448826724623531,0.0289128408141481,0.1006530797481541,0.0956089942757056,0.0962460765490866,0.3402988865438396,0.8589734183161291,0.4699157209180505,7.5,1182.7936295130366,50.72736147953584,0.0,0.0,0.0,UNKNOWN
2026-09-11 15:40:49.623237,device_0018,route_0045,event_036290,25.508966461890243,78.16738150338774,82.94608404194418,URBAN,CLEAR,ROUGH_PATCH,0.0155037616184963,-0.1448811739210873,9.989047907352806,1.4097701250889143,0.7224231983859386,0.8873205424234973,0.034815695780605,0.0094808070733658,0.0366073154758865,0.214269610354521,0.2139174183364012,0.2407412603881756,0.9194673844591664,2.5721856692930345,0.4857183184210332,1.818181818181818,1096.7480785161158,50.14825289178003,0.0,0.0,0.0,UNKNOWN
2026-09-11 16:51:05.523237,device_0011,route_0018,event_078449,34.89365449007369,80.29715254049951,19.26237582469853,HIGHWAY,CLEAR,NORMAL,-0.0879665875650799,-0.1425718371644309,9.948524566020208,0.2738380526768093,0.2937005357416192,0.3057701054837358,0.0194780845255903,0.0011147413065211,0.0538042118508722,0.097496479603813,0.107523296336553,0.0920203009763024,0.3434104016075306,0.9969652440192966,0.4402146767712832,21.311475409836067,1173.916838169756,51.962794992449886,0.0,0.0,0.0,UNKNOWN
2026-09-11 16:20:26.123237,device_0019,route_0021,event_060055,27.58124032421437,82.56155345083448,65.08525191170338,RESIDENTIAL,CLEAR,NORMAL,-0.1705500580803613,0.1623312158558272,10.008499224381112,0.3335858237920611,0.3427799749135199,0.2768443842515261,0.0116419905208576,-0.018364933856333,-0.0077680142603323,0.1163559038624947,0.1054251011867053,0.110255176773137,0.3541876279965221,0.7946317853534062,0.4628124728680567,5.737704918032787,1174.5353318231532,51.93543212132559,0.0,0.0,0.0,UNKNOWN
2026-09-11 15:56:55.423237,device_0029,route_0032,event_045948,31.157722117581248,80.36545833056093,59.903656787069934,URBAN,CLEAR,NORMAL,-0.1667902413939069,-0.1750897298283925,9.934746027213484,0.3099000405123699,0.3702584790548345,0.3371506932754472,3.343618352927707e-05,-0.0407470083526774,-0.0075210617168317,0.0958194351452959,0.1024416151008366,0.1190626212213598,0.3667866815263279,0.9204079720820388,0.4745002782146392,4.166666666666667,1185.4321676861896,50.614452379095,0.0,0.0,0.0,UNKNOWN
2026-09-11 15:27:18.323237,device_0006,route_0023,event_028177,27.219807736183157,79.39677265374014,37.98694545835895,RESIDENTIAL,CLEAR,NORMAL,-0.1057385978740955,-0.0948044338574705,9.96114304813976,0.3241569517701584,0.2984573619484472,0.2761247545202654,0.0003767456273585,0.0094991104349249,0.0061086120123568,0.0923976042622882,0.1026223792991244,0.095322639956355,0.3236017033086982,0.6990888991627191,0.3936485400186351,6.25,1169.7676911232593,47.87275321839885,0.0,0.0,0.0,UNKNOWN
2026-09-11 17:01:06.923237,device_0018,route_0029,event_084463,25.018860015115266,70.46136623828636,18.06424241856553,RURAL,CLEAR,NORMAL,-0.0639587808820879,-0.1136723039077076,10.041308788838284,0.2875191450993374,0.3553572730358896,0.325473975570141,0.0167356371736544,-0.0374317695085472,0.0120818241515515,0.0959385161106787,0.1001337627508132,0.098495075051568,0.4128786896058448,1.124143407238666,0.4752747598035208,5.833333333333334,1196.452449290308,50.14825289178003,0.0,0.0,0.0,UNKNOWN
2026-09-11 14:41:18.423237,device_0004,route_0007,event_000578,28.56588753706404,77.19937797993067,56.97104119671312,RURAL,RAIN,POTHOLE,-0.2309001934754699,0.2262424682118524,10.44137626867067,1.053968341310629,1.2491280366829811,3.5405941924585584,0.0683317891382343,-0.0287459484967556,0.0077878556204064,0.2935396164637321,0.2954825500200746,0.2244975447936452,3.80534759894988,16.598577117263403,2.5426405085963504,1.0,995.3506891266368,50.2335513967164,11.625192029136588,32.70201639018557,28.19641765190274,CRITICAL
2026-09-11 15:31:56.523237,device_0005,route_0022,event_030959,31.44317235092004,77.10463682284906,9.422921258036672,ARTERIAL,DUSTY,NORMAL,0.1754905359262573,0.0559971206858556,9.936080412208414,0.2861980103113656,0.3865338065259159,0.3307929376089587,0.0478565149493346,0.011561785268723,0.030610316189208,0.1042606529933541,0.10361318837754,0.1105934751624467,0.3631206341239237,0.8254269978279787,0.4431838585255646,0.8928571428571428,1173.3612685170888,47.72613644455269,0.0,0.0,0.0,UNKNOWN
2026-09-11 16:27:29.623237,device_0014,route_0038,event_064290,33.02588125256402,81.00914106618706,64.98640584865596,RESIDENTIAL,CLEAR,SEVERE_POTHOLE,0.183497757232952,-0.1211579838254397,11.327882331710397,0.3404407477536277,0.2766761552197634,8.16256562975091,-0.1163839024152506,0.1229726660694669,-0.0925693706442395,0.8679646496144918,0.5911905751608086,0.6181924046961816,8.306524656135387,39.89159454324471,5.250047172804436,1.0638297872340423,984.1408063405715,47.75739375624995,14.497858469487053,35.37918932605268,26.022637765612444,CRITICAL
2026-09-11 15:04:33.723237,device_0020,route_0040,event_014531,28.50502062998099,75.93247309246803,42.52554318179212,RESIDENTIAL,RAIN,NORMAL,0.0827209285479427,-0.2025435327391234,9.558270688450031,0.3528954902910697,0.2835899131502135,0.2759626999194757,0.0049868642889093,0.0198619640454635,-0.0463197162024084,0.1049755135478745,0.0931047987324686,0.102533401344386,0.3585148132195336,0.9185293419069128,0.4347526094003522,5.357142857142857,1178.3195617621582,47.52530791923109,0.0,0.0,0.0,UNKNOWN
2026-09-11 15:10:13.923237,device_0028,route_0030,event_017933,30.027341689249457,78.1413970740244,83.08373195812362,SERVICE_ROAD,DUSTY,NORMAL,0.157270690532613,-0.0673025874815272,9.807799379286031,0.3213447781834798,0.3085842093709172,0.3242092286920703,-0.0371515875455149,-0.0058571686736543,-0.0490427112500397,0.0920177999161568,0.1005366986931311,0.1120255322888877,0.3237466800379346,0.6473962120673704,0.4728578716669425,23.684210526315788,1164.8650637957344,48.932706260641424,0.0,0.0,0.0,UNKNOWN
2026-09-11 15:36:21.423237,device_0000,route_0000,event_033608,25.599774596520348,76.45192626762756,76.39351423220072,URBAN,RAIN,NORMAL,-0.0662291734035132,0.2066995674428273,9.897056880601744,0.3161518002372349,0.2842740962926069,0.2789720387316606,0.0093643019546009,-0.0238405836413025,-0.0454033110835312,0.0992753114605355,0.1161111453337228,0.1016830250852673,0.2969462139057182,0.7514021436567333,0.4205064334862028,6.666666666666667,1187.9876613670087,50.50557505871605,0.0,0.0,0.0,UNKNOWN
2026-09-11 16:03:36.523237,device_0004,route_0026,event_049959,25.13032576020263,80.16940473612968,10.983082794708166,HIGHWAY,WET,ROUGH_PATCH,-0.1186140262591852,0.0336427133025266,9.6171231437955,0.9788730489920174,0.3530170657664919,0.8923336235000172,0.012228020657417,-0.0123521423042233,-0.0441855214296515,0.1814976446201457,0.1851392225763526,0.1620176143679193,0.8762005639091643,1.805034641605035,0.4161665567848813,1.818181818181818,1094.8857580393003,50.2335513967164,0.0,0.0,0.0,UNKNOWN
2026-09-11 16:31:20.423237,device_0020,route_0006,event_066598,23.061588251753957,75.25070568215409,77.38647933899696,RURAL,CLEAR,NORMAL,0.0445583590237266,-0.1089830266832751,9.671665095311116,0.2850474081266855,0.2852839980058409,0.3249290593216681,0.0228192978828078,0.0046289093972145,-0.0250053174858876,0.0988597989548773,0.0866694207826503,0.1096409767433461,0.3462767067109961,0.7901147192471427,0.4053622975401557,0.8928571428571428,1178.3195617621582,47.52530791923109,0.0,0.0,0.0,UNKNOWN
2026-09-11 17:25:29.523237,device_0005,route_0014,event_099089,36.80929994157741,73.9578756546572,9.187831698842317,URBAN,DUSTY,SPEED_BREAKER,0.180021691866191,0.1666540493949662,10.11032272531944,0.2903108221342664,0.2979933572581055,0.4100186037202531,0.0352938998835832,0.0072226486056238,0.0519426377797135,0.0813079997787877,0.0927031787792898,0.0733194636863993,0.5210710329473838,2.228147311764703,0.4511016863338186,2.2727272727272725,1382.890066466569,47.72613644455269,0.0,0.0,0.0,UNKNOWN
2026-09-11 15:37:45.723237,device_0020,route_0011,event_034451,26.546105548149303,74.90680525845876,10.289336565001314,RESIDENTIAL,CLEAR,NORMAL,0.0597628222930429,-0.1923924215239252,9.74795727586069,0.3270633104195449,0.3222244880934389,0.3027377295447056,0.0484070847176527,0.0111952802846143,-0.0547654128479711,0.097119129139046,0.1051608932709708,0.1039852877903582,0.3056562336976282,0.6903473357179575,0.4455701468408756,2.6785714285714284,1178.3195617621582,47.52530791923109,0.0,0.0,0.0,UNKNOWN
2026-09-11 15:37:08.623237,device_0020,route_0015,event_034080,25.631255347469743,78.03212657929927,59.71949157500763,RESIDENTIAL,CLEAR,NORMAL,0.0494931260601855,-0.1821314460473349,9.61147436967008,0.3179308339362542,0.2643105267365164,0.2896572411886787,0.0294683747547046,0.0249198516202105,-0.0676694014180151,0.094343127703089,0.100798067458863,0.0926874037785527,0.3373906773500504,0.7717739622567787,0.4248599300089808,5.357142857142857,1178.3195617621582,47.52530791923109,0.0,0.0,0.0,UNKNOWN
2026-09-11 16:26:19.323237,device_0011,route_0017,event_063587,33.16307939006485,80.50665888591477,86.70156481999624,RESIDENTIAL,CLEAR,SPEED_BREAKER,-0.210480736193262,-0.2572987845724933,10.671454644811616,1.1951363322981226,1.1166555905592803,2.1702064632223856,-0.0228920850105067,0.0057582255068589,0.1207644425779442,0.338513799601072,0.339268844382942,0.3708096085697783,2.56349062722025,9.27391189223286,1.6813757485859269,1.4084507042253522,1366.3622214762734,51.962794992449886,0.0,0.0,0.0,UNKNOWN
2026-09-11 14:47:29.923237,device_0012,route_0016,event_004293,29.076776433100665,77.09297495302206,72.50498765570799,URBAN,CLEAR,ROUGH_PATCH,0.0574461623932891,0.2107352056463063,9.675983945678391,0.7456399401978062,0.5894382603017491,0.9103114528420578,-0.0455648544207596,-0.0423616200156745,0.004710840471164,0.2086524951667503,0.1951020712035992,0.1966295562274045,0.9220633202120292,2.085656766865148,0.4677663123911829,1.96078431372549,1072.8990595464466,47.53476065265595,0.0,0.0,0.0,UNKNOWN
2026-09-11 16:35:30.823237,device_0021,route_0023,event_069102,25.23192999760769,82.49436868374532,83.22912140006885,RESIDENTIAL,CLEAR,NORMAL,0.0784042959900809,0.0802046742246679,9.851083812165172,0.3122026047406487,0.3182600408403527,0.2948683380273482,-0.0372365584886918,0.0094994881577009,-0.0181935894469582,0.1024957734595072,0.1013067293258175,0.1034572276480611,0.3025487069399706,0.7546734415945657,0.4571624438229306,10.0,1182.3087711011192,50.74816449523607,0.0,0.0,0.0,UNKNOWN
2026-09-11 17:04:21.723237,device_0028,route_0047,event_086411,21.23262727069742,79.42455104083304,9.97987204636794,URBAN,CLEAR,NORMAL,0.1248973668841688,-0.0005127599829137,9.7765786241492,0.339404036436329,0.272718782262305,0.2906848683229613,-0.0149279783760044,0.0017231860688743,-0.047923847566736,0.0960677999865176,0.1034597362381378,0.1000640097072116,0.2926584359506139,0.7168572363357022,0.4304055584855566,4.385964912280701,1164.8650637957344,48.932706260641424,0.0,0.0,0.0,UNKNOWN
2026-09-11 17:26:08.223237,device_0013,route_0004,event_099476,33.557226456318766,84.58794681895495,41.61941327409181,RESIDENTIAL,CLEAR,NORMAL,-0.0443538193108734,-0.108463768194744,9.652011470950043,0.3638714278917279,0.3060986456222259,0.3023530136187363,-0.0148465114911037,0.0653449330334834,-0.0394989754154441,0.101115705318564,0.1101211086485457,0.1087472598717186,0.3303024206208252,0.6420545942445735,0.4859653357200624,20.175438596491222,1155.761160906742,49.31814801189647,0.0,0.0,0.0,UNKNOWN
2026-09-11 16:10:13.523237,device_0008,route_0016,event_053929,33.408426304022406,76.01535674473546,20.76729572484636,HIGHWAY,WET,ROUGH_PATCH,0.2040626148252368,0.0784852487085402,9.771883118319684,0.8158436059785159,0.3343738786473523,0.8673665098696912,-0.0453595024558845,-0.0183879493064818,0.0087956316514894,0.1574528642717766,0.1562803343299577,0.1613935587831949,0.8657676753368526,1.9690101488579472,0.3957013058213305,1.818181818181818,1058.994387869992,51.936063712881634,0.0,0.0,0.0,UNKNOWN
2026-09-11 17:05:27.623237,device_0010,route_0012,event_087070,20.759805945639908,77.0799434910991,19.000355610303345,RURAL,CLEAR,NORMAL,-0.2010312713602906,0.026392286093157,9.643317466911173,0.336909441353253,0.3370589978096701,0.2862940920329632,-0.0151002193595457,0.0498091322128817,-0.0284649794105904,0.0813647329500764,0.1127155300301177,0.0967874419018306,0.3188757671389226,0.8750397149452436,0.4442139907320463,7.017543859649122,1171.778857581421,48.64399082745811,0.0,0.0,0.0,UNKNOWN
2026-09-11 16:28:48.923237,device_0001,route_0020,event_065083,24.502483662724387,73.00829229414583,18.762698912422003,URBAN,RAIN,OTHER_ANOMALY,0.3767982906252515,0.2814098788468338,10.52098923581136,1.5245111119369137,0.4808082405517226,1.3969137891416517,-0.0381783643289876,-0.0495036387450517,-0.1079261524894883,0.2169690061999553,0.1885908427569859,0.2991404235381527,1.7536285136134842,4.818831550375048,0.6616502944152802,1.1904761904761905,845.7557894484236,49.659725093210575,0.0,0.0,0.0,UNKNOWN
2026-09-11 15:31:31.823237,device_0000,route_0034,event_030712,27.778565034378712,74.61500983323975,54.51185615100482,URBAN,RAIN,NORMAL,-0.0192319399830887,0.183668157717322,9.844362103486594,0.3198709929584572,0.2943689214420855,0.3564441617857841,0.0234484553055182,-0.0339096136875629,-0.0336451242522714,0.1015304440478481,0.0995049101999518,0.0831387445387626,0.3595960477196491,0.9946157795832864,0.4448879491739348,1.6666666666666667,1187.9876613670087,50.50557505871605,0.0,0.0,0.0,UNKNOWN
2026-09-11 16:02:18.823237,device_0019,route_0039,event_049182,32.66526367512302,78.73504848622811,54.91932514966077,URBAN,RAIN,ROUGH_PATCH,-0.0777880511479663,0.159409085576352,9.996063416491143,0.630036412942767,0.5589495949846619,0.9061255457034696,0.0154625158858661,0.0255578052388016,-0.0040690928621568,0.2194737879240388,0.2182118428023436,0.22996307406754,0.9273829499679984,2.299104645230617,0.4132211965143448,1.818181818181818,1059.007266397925,51.93543212132559,0.0,0.0,0.0,UNKNOWN
2026-09-11 16:15:44.023237,device_0012,route_0037,event_057234,29.46296203560576,72.05320750294977,9.258151435885408,RESIDENTIAL,CLEAR,NORMAL,0.1602365278607303,0.1787885632078335,9.768258916478752,0.348700325344139,0.3420800173714839,0.3216735123516205,-0.019789236944277,-0.0297088241363147,-0.0449856993570989,0.112592065758414,0.097266819755168,0.1033876350144987,0.3221739518149112,0.7124420920671444,0.468477396143768,8.928571428571427,1178.0852418549218,47.53476065265595,0.0,0.0,0.0,UNKNOWN
2026-09-11 15:06:26.923237,device_0003,route_0010,event_015663,29.266094594606287,78.45180137890024,85.63585404817609,URBAN,WET,NORMAL,0.1032604218972643,-0.1197530771890464,9.584582798369128,0.3106127971219204,0.3390097350232172,0.3410151781403015,0.0249137482355889,0.0239024051659803,0.0552492881992342,0.1049888417155198,0.0992025778387487,0.1007103303234127,0.3938566196944222,1.0782273245994105,0.4589536335193855,1.6666666666666667,1178.291970417501,50.92116513256079,0.0,0.0,0.0,UNKNOWN
2026-09-11 15:13:37.223237,device_0010,route_0037,event_019966,28.89378937027331,75.3562376496432,59.80280504917686,RESIDENTIAL,CLEAR,SPEED_BREAKER,-0.2117230731318446,0.0760406047726938,10.267507977739736,0.8203824536666341,0.7337928349218518,1.7666163051610706,0.0213223697453166,0.0623974464026595,0.0096101597278389,0.194756753776696,0.2087474559705719,0.2269354596125999,1.9321856337312704,6.396022934860536,1.1949594365221006,0.7575757575757576,1356.7965719363824,48.64399082745811,0.0,0.0,0.0,UNKNOWN
2026-09-11 17:13:31.823237,device_0011,route_0002,event_091912,21.00720804019217,80.25588044944661,82.40232130377407,HIGHWAY,CLEAR,SEVERE_POTHOLE,0.2114619942781002,-0.2851561940962571,14.200636800077078,1.2179370253496271,0.641167403309571,17.345210271648657,0.0045253972108868,0.1024763065987353,-0.0755205609470115,0.6596008656029589,0.7919498278867755,0.8091576642261405,17.865206592050757,73.6751493751513,8.943565803995293,1.0,962.2269165325868,51.962794992449886,21.997950743593996,44.06674470983794,36.80726813650923,CRITICAL
2026-09-11 17:13:36.323237,device_0006,route_0009,event_091957,20.523722090171084,78.58571737407951,18.29475247440431,RURAL,WET,NORMAL,-0.1147059240951529,-0.0382185316216492,9.932317461284606,0.2995860582425315,0.3173126156123891,0.3176399850942151,-0.01160283698316,0.0142130838917545,0.0256431725673555,0.1065845131322928,0.1036537394206353,0.0957367464750027,0.3467392168639384,0.9810411408745824,0.4656544156587106,16.96428571428571,1169.7676911232593,47.87275321839885,0.0,0.0,0.0,UNKNOWN
2026-09-11 16:55:55.223237,device_0013,route_0008,event_081346,35.528912770781474,79.21749543636619,79.95428401624422,RESIDENTIAL,CLEAR,NORMAL,-0.0456455289505071,-0.0818797052913772,9.644884809569636,0.3115832082294612,0.2748550327344169,0.3095257604034173,-0.0025319200639162,0.0637274213992433,-0.0074070479044549,0.0844390922369671,0.0882886696925201,0.1008017229167686,0.344249130883805,1.000521065935672,0.411024569587051,11.403508771929824,1155.761160906742,49.31814801189647,0.0,0.0,0.0,UNKNOWN
2026-09-11 16:12:33.123237,device_0004,route_0035,event_055325,25.02892396571061,80.84071214093086,36.40776337191629,URBAN,CLEAR,SPEED_BREAKER,-0.207448272671852,-0.0220352914784173,9.901367746851156,0.5572290882546194,0.5045281131343395,1.0220536695274725,0.0427189298696928,-0.0083321508364413,0.0169718740281864,0.1649697935155739,0.1199897512605942,0.1145937580036239,1.0683816770383463,3.984520032417436,0.7523238548750841,0.7142857142857142,1393.4909647772915,50.2335513967164,0.0,0.0,0.0,UNKNOWN
2026-09-11 15:30:06.323237,device_0007,route_0022,event_029857,31.344316944727275,77.11027545874889,20.38587812592567,RESIDENTIAL,CLEAR,ROUGH_PATCH,0.125048187177329,-0.134399640942406,9.665494527485713,1.0795141363077547,0.6657242685761569,0.9684418282377872,0.0893242176169182,-0.0103784862811624,0.1050173007232124,0.1831273090904794,0.163843978480211,0.2688741450286325,0.9472633729980924,2.192108587549276,0.420219111427741,1.923076923076923,1054.9308874592691,49.29232864272136,0.0,0.0,0.0,UNKNOWN
2026-09-11 16:39:02.823237,device_0027,route_0042,event_071222,34.94517659801349,77.79032852879226,39.56703182953648,URBAN,RAIN,NORMAL,0.1073993383624328,0.2150759107149774,10.023410959584302,0.3110063508587431,0.2873058343233952,0.323211951744226,0.0409460586966348,0.0156065444796524,0.0250366275620667,0.0932970565870376,0.1070583588785689,0.1015662420540052,0.4006058031339541,1.1004125516538077,0.4542629496336013,15.833333333333334,1176.243771850552,51.00983438628853,0.0,0.0,0.0,UNKNOWN
2026-09-11 16:07:46.423237,device_0025,route_0030,event_052458,32.63607002234373,79.82463497607178,9.899123871405802,ARTERIAL,CLEAR,NORMAL,-0.0965423130063552,-0.0606123720189537,9.824070939155964,0.3356051106657581,0.3902998984457539,0.3884311950052529,-0.0078263177701908,-0.0454928915405562,0.0111217794712426,0.0930794687568391,0.1210587767331787,0.0989402794173289,0.3897963371696097,0.9416956092889616,0.5557979988934013,8.333333333333334,1191.6511525911126,50.35030585044683,0.0,0.0,0.0,UNKNOWN
2026-09-11 17:07:35.123237,device_0026,route_0038,event_088345,34.68233968665426,82.40069975800616,20.22243896720355,RESIDENTIAL,CLEAR,NORMAL,0.0029278917713807,0.2351599826462318,9.70476403118709,0.2609551050064692,0.3210485092266009,0.2957189791658658,-0.0092008981151592,0.0243960535581491,0.0239549725941854,0.0917377904090638,0.122515902030349,0.1038549412159029,0.3053617565812281,0.846942827312926,0.4056459545874235,7.894736842105263,1156.2462834189637,49.29745575609877,0.0,0.0,0.0,UNKNOWN
2026-09-11 16:57:36.923237,device_0013,route_0014,event_082363,35.40982948448441,74.50936350739772,64.02064654063832,RESIDENTIAL,CLEAR,NORMAL,-0.0268048636972272,-0.1199589719236652,9.671216079026868,0.351520020688938,0.2819086968334855,0.3098845786116696,-0.0132627494081024,0.0298501312440653,-0.0072875592456103,0.1007575999195977,0.0859356795085745,0.0859489914925362,0.332050266558918,0.7538145304838455,0.4494397119962047,21.929824561403507,1155.761160906742,49.31814801189647,0.0,0.0,0.0,UNKNOWN
2026-09-11 16:29:15.523237,device_0002,route_0026,event_065349,24.06837088406045,81.05698695973892,36.36941422134002,URBAN,WET,NORMAL,0.065810580598541,-0.1476118363626639,9.714772744889236,0.2619270127285947,0.3026391984561501,0.2998935823978766,-0.0321009446635115,-0.0209909754387928,0.0294276586095971,0.1016829938273291,0.0998712284013079,0.0892759979284082,0.3069035886337209,1.0477636467017408,0.4221088508356662,21.666666666666668,1189.0117987248957,50.46207284431021,0.0,0.0,0.0,UNKNOWN
2026-09-11 16:19:45.523237,device_0015,route_0043,event_059649,23.23931982655981,76.35821016974953,55.24302702844076,ARTERIAL,CLEAR,NORMAL,0.1061030969343046,-0.0666705905980999,9.65873292424074,0.3001510260077873,0.3067626434582985,0.342662478591009,-0.004411758192916,0.0660946823307408,-0.0434499451289701,0.0960680374406725,0.08735845972478,0.1062540652813988,0.3652844471502398,1.1494022259239998,0.4384163859919033,11.403508771929824,1170.7151707482878,48.688187719962,0.0,0.0,0.0,UNKNOWN
2026-09-11 15:55:15.823237,device_0017,route_0031,event_044952,24.752723170903653,78.67073445589502,9.06640478140199,URBAN,WET,NORMAL,0.035531540077807,-0.1663157898184922,9.838591079399736,0.3570859617476964,0.3340822071280965,0.3133694431412364,-0.0200101488505814,0.0089871258489636,-0.0345309316870885,0.1118608898812669,0.1035198026250102,0.1101503388602286,0.3176610810979347,0.6306860452932366,0.4764141152812414,0.819672131147541,1168.9485129122031,52.18364994368368,0.0,0.0,0.0,UNKNOWN
2026-09-11 15:46:13.123237,device_0007,route_0046,event_039525,32.04140061005557,78.29054209252013,37.17413613446539,HIGHWAY,DUSTY,NORMAL,0.0613475893224262,-0.1222259557447835,9.588798445508504,0.2984485363803819,0.2842994055428818,0.3211269479719581,0.0108319855135285,0.0132042188677812,0.0206954261543566,0.0949072838470861,0.0931074154317458,0.1228861487809924,0.3787060341103871,1.0881938693514552,0.4268701421760779,21.929824561403507,1156.3665497149682,49.29232864272136,0.0,0.0,0.0,UNKNOWN
2026-09-11 15:03:34.123237,device_0012,route_0021,event_013935,28.410447882028908,78.49765737139167,54.986343595466735,HIGHWAY,CLEAR,SPEED_BREAKER,0.1495224013655332,0.0883751904852105,10.222070657912866,0.7737085636010157,0.7087325562845147,1.3037514643234696,-0.0479850236761917,-0.007580478894416,-0.0693997131929591,0.2677890377696493,0.2165406214081687,0.257666746070321,1.4624491407884377,5.897503413407966,1.0011868378419606,0.7575757575757576,1388.4576064718722,47.53476065265595,0.0,0.0,0.0,UNKNOWN
2026-09-11 17:16:38.623237,device_0006,route_0048,event_093780,20.3540407923992,79.05345645253583,57.04927111845044,HIGHWAY,CLEAR,POTHOLE,0.1363379687862743,-0.2534495161710474,10.49847916392822,0.8760928967659438,0.5210869418034965,3.1264842754215523,0.0149642915529267,0.0352266326366461,0.0708045945616895,0.2903565194076868,0.2911511957953378,0.256308971903992,3.2908787480114308,16.22970050222749,2.30250861983848,2.127659574468085,981.7693121927356,47.87275321839885,11.8355507461447,18.9303868168042,18.394197545785914,CRITICAL
2026-09-11 17:10:09.023237,device_0008,route_0032,event_089884,33.618777330326395,83.45656665102328,18.03081608166364,RESIDENTIAL,CLEAR,NORMAL,0.1366746421584441,0.0222952867514711,9.73682918677894,0.3018866878373581,0.3152779661748591,0.335359238830154,-0.0544820278882864,-0.0271699807976013,-0.0089726404500816,0.11113849561669,0.1086107562464879,0.0990584528833962,0.3375729428681874,1.0128460611255363,0.458631057764181,2.459016393442623,1174.5210483649005,51.936063712881634,0.0,0.0,0.0,UNKNOWN
2026-09-11 16:55:34.923237,device_0009,route_0046,event_081143,35.632582846177726,79.34482297587546,19.021786171928984,RESIDENTIAL,CLEAR,NORMAL,-0.1662824762564576,0.0632317930772471,9.888445130485628,0.2679651129155764,0.2900755275242607,0.2839495450255358,-0.0033306375949262,0.0427101170260859,0.0027373770444015,0.1181422308034684,0.0965001718142441,0.0844016902770514,0.3004633507017472,0.8087820381998441,0.3716421106189179,4.4642857142857135,1175.8012798150014,47.62709563372047,0.0,0.0,0.0,UNKNOWN
2026-09-11 17:20:00.523237,device_0013,route_0042,event_095799,37.1490113696045,77.95882683031708,60.016540463656426,URBAN,RAIN,NORMAL,0.000461692271779,-0.0816815469491758,9.636638774307198,0.3426300265467274,0.3053687691100574,0.2705716874280749,-0.0199636757609486,0.0450096692078092,-0.0258296913114416,0.1092342635908286,0.0964898372653864,0.1089622517134111,0.3076411938431799,0.7770807836909626,0.4172038928635837,3.508771929824561,1155.761160906742,49.31814801189647,0.0,0.0,0.0,UNKNOWN
2026-09-11 17:09:21.023237,device_0002,route_0047,event_089404,20.973781409979143,79.49846770717676,19.419030157274747,URBAN,CLEAR,NORMAL,0.0180947044194795,-0.1511518356865405,9.662453753204382,0.2955350252899598,0.272757319348006,0.3035466600216802,-0.0182381477623158,0.011046515994747,0.0169186507823547,0.0962370687276222,0.10275971331359,0.1019796321725975,0.3288144414788988,0.8327096003001024,0.4091425494145079,6.666666666666667,1189.0117987248957,50.46207284431021,0.0,0.0,0.0,UNKNOWN
2026-09-11 16:12:22.923237,device_0019,route_0009,event_055223,23.7838753129336,78.05208852780787,39.01780373026812,URBAN,CLEAR,NORMAL,-0.1652866582414289,0.1838713635118938,9.917290772275022,0.303172285318945,0.3131180592866845,0.3242341468400907,0.0230703216986898,-0.0032051876404916,-0.0106716467780489,0.1082643758719407,0.1112077293544167,0.0892349139728742,0.3504004945089484,0.899154909637577,0.419809716995446,4.0983606557377055,1174.5353318231532,51.93543212132559,0.0,0.0,0.0,UNKNOWN
2026-09-11 16:43:05.123237,device_0024,route_0017,event_073645,33.89213179738832,81.04190901034247,18.7732134227455,RESIDENTIAL,CLEAR,NORMAL,0.179679676043604,0.2571709086258965,9.969575916387656,0.2950226950354668,0.2966295838601888,0.2896050955341315,-0.0121193969200283,-0.0379755777353118,0.0435384360799937,0.0927275156543951,0.1188212504727379,0.0910877874766898,0.3407187372104603,0.8829586947257297,0.4231612803027732,18.0327868852459,1165.9444844817242,52.318099885446266,0.0,0.0,0.0,UNKNOWN
2026-09-11 16:30:49.923237,device_0017,route_0013,event_066293,34.030978368377,79.6992294675252,80.45099625539216,HIGHWAY,CLEAR,ROUGH_PATCH,0.1084819405220988,-0.2162997437160342,9.760499176747407,0.9886530903477496,0.5392090931651339,0.6525814442825061,-0.0222449798821464,-0.0160792367398525,-0.0360753679639052,0.1194691142958847,0.1672029430233901,0.174017356640893,0.6503901282244722,1.6001253598252134,0.4437385636561205,1.7857142857142856,1073.1330610341536,52.18364994368368,0.0,0.0,0.0,UNKNOWN
2026-09-11 16:29:34.523237,device_0027,route_0031,event_065539,23.02460401923763,79.33568348018385,84.70251257521767,RURAL,CLEAR,POTHOLE,0.0616658737979263,-0.0104458792221416,11.32191430409515,1.2884579517452996,1.090769175863296,5.719085185086871,-0.0327559324816137,-0.040570624534463,0.0662905149716548,0.506546174401089,0.3870725402887358,0.3215597521025964,6.074840309610678,25.576316439719267,3.299086980142301,2.0,980.2031432087932,51.00983438628853,13.825317559947894,34.7045893550273,23.658281667063854,CRITICAL
2026-09-11 15:27:11.623237,device_0024,route_0005,event_028110,27.27179326213251,75.11587836996455,10.029309344200817,URBAN,CLEAR,NORMAL,0.1759214488940745,0.210961564055606,10.004115468034325,0.3332764790750558,0.3295869087994741,0.307747517738893,-0.0083495300540544,-0.0393741035724398,0.02523080845959,0.1063397690441622,0.1018773850767388,0.098418697453159,0.3766247108701598,0.9486936380524787,0.4629163524131521,13.934426229508198,1165.9444844817242,52.318099885446266,0.0,0.0,0.0,UNKNOWN
2026-09-11 15:50:13.423237,device_0028,route_0022,event_041928,32.42790836892609,77.04571975308926,80.71994832702245,URBAN,CLEAR,ROUGH_PATCH,0.1237776148775427,-0.0418802657735134,9.734994649536532,0.953752332595649,0.5138687544932148,1.3713437970768123,-0.1096922281381541,-0.0418015828332286,-0.0561954823921657,0.1985802651979629,0.2294358284597816,0.1750850202565662,1.3581402189935117,3.3124961016131778,0.4375987348897984,1.923076923076923,1062.68391784874,48.932706260641424,0.0,0.0,0.0,UNKNOWN
2026-09-11 17:04:35.223237,device_0009,route_0027,event_086546,25.411408704864613,84.18394479897421,43.79616590799088,URBAN,CLEAR,NORMAL,-0.0958553295442545,0.0084883746990398,9.949825678178582,0.305835831987982,0.3558137429059619,0.3360729510945293,0.0157159141911909,0.0268135030976798,-0.0096853806522519,0.1020449047901061,0.1175984382983441,0.1027685176315018,0.3734309733259252,1.002866983596748,0.4966655784125643,17.857142857142854,1175.8012798150014,47.62709563372047,0.0,0.0,0.0,UNKNOWN
2026-09-11 16:57:59.123237,device_0025,route_0011,event_082585,23.68521634935126,71.65821915707913,38.627525713918935,RESIDENTIAL,CLEAR,NORMAL,-0.1746043278906875,-0.0604022894777895,9.931049540107267,0.3324707678540157,0.3436148598979019,0.3467810043766727,-0.0206221602766221,-0.0210860545375244,0.0121263935452105,0.0889227204299037,0.1078032871697086,0.1006258983963806,0.377075000079236,0.9192346251900768,0.4986188794640405,20.0,1191.6511525911126,50.35030585044683,0.0,0.0,0.0,UNKNOWN
2026-09-11 15:44:40.923237,device_0018,route_0049,event_038603,32.057473856635774,76.56842833156439,10.09636381159812,HIGHWAY,CLEAR,ROUGH_PATCH,-0.0222703674951974,-0.204822163424803,10.009119343127908,0.8267686390112472,0.5805045118716933,0.8417542005909687,0.0259181998747021,0.0269904027158541,0.0087704026003529,0.1423175735116363,0.1678179372238938,0.1364240268151484,0.8603598401481353,2.1205547624660745,0.3892455215648466,1.818181818181818,1096.7480785161158,50.14825289178003,0.0,0.0,0.0,UNKNOWN
2026-09-11 17:13:06.323237,device_0017,route_0033,event_091657,35.75592603225067,81.28540356976369,18.55580423902812,RESIDENTIAL,CLEAR,NORMAL,0.1415330509650535,-0.1964731330239437,9.789448117657065,0.2654291164455324,0.3522642707001654,0.3125385705565258,-0.0203342943166926,0.0080290649763247,-0.0388048248551617,0.1082300028768454,0.108891946511202,0.0965609174493692,0.3144533507424446,0.8993074368190541,0.4215474863103899,3.278688524590164,1168.9485129122031,52.18364994368368,0.0,0.0,0.0,UNKNOWN
2026-09-11 16:24:59.223237,device_0009,route_0044,event_062786,34.070402536655294,76.13750344329742,21.50870124115439,URBAN,CLEAR,NORMAL,-0.1107862857248231,0.0803295531408763,9.88704217762081,0.3022738089396033,0.3386999310645457,0.2572113480450733,0.0154977108925047,0.0216383715642003,0.0059435218843227,0.0932422356019707,0.1152734732704665,0.1006340849175407,0.2748862927433171,0.6987235648022949,0.4064790032794945,0.8928571428571428,1175.8012798150014,47.62709563372047,0.0,0.0,0.0,UNKNOWN
2026-09-11 17:00:54.623237,device_0019,route_0018,event_084340,35.37145441307162,80.52616860154659,19.857003105053277,RURAL,CLEAR,NORMAL,-0.1510496021119784,0.1081836480077323,9.951722308739557,0.2978911567125001,0.3023852705850647,0.3389815489897039,0.0119525925303924,-0.0212247107329846,-0.0137161017552263,0.0955445564968898,0.0936314336109205,0.095961022018606,0.3737320546815638,0.869310059134131,0.4417514730130163,14.75409836065574,1174.5353318231532,51.93543212132559,0.0,0.0,0.0,UNKNOWN
2026-09-11 15:46:48.023237,device_0007,route_0043,event_039874,24.99075953323632,76.66636593322549,10.8597961146438,URBAN,CLEAR,NORMAL,0.1189876262601205,-0.0571978181805906,9.56577689384608,0.3064912471053422,0.3039180503632214,0.3593401748759507,0.0445056545201954,0.0154830177167893,0.0335104657864572,0.093679077051287,0.1116762632130583,0.0772151904334588,0.4245117568422205,0.952338827411527,0.45534104897897,1.7543859649122806,1156.3665497149682,49.29232864272136,0.0,0.0,0.0,UNKNOWN
2026-09-11 16:51:07.423237,device_0021,route_0013,event_078468,35.02004059995822,80.16889624123058,41.7869313496853,ARTERIAL,CLEAR,NORMAL,0.083092823250035,0.0741623980700937,9.889323648501556,0.3014217740560004,0.3183258304884049,0.2682943100070435,-0.03463686194415,0.0173947769100829,-0.0259420644485139,0.1112917035203966,0.1046198561628641,0.0958813280285396,0.2866810321314634,0.8578460893000699,0.4329062929727745,13.333333333333334,1182.3087711011192,50.74816449523607,0.0,0.0,0.0,UNKNOWN
2026-09-11 15:33:03.723237,device_0023,route_0037,event_031631,29.072062863562877,74.32220200831455,21.296925902337986,ARTERIAL,CLEAR,NORMAL,0.1510238850380579,0.0784229797742432,9.777410261108438,0.2783291438905088,0.2738238466437102,0.2575466479878227,-0.0069087942880179,-0.0222494436630701,-0.0018079030490235,0.0946623363478542,0.1113782262370192,0.1037283160005231,0.2572810890955472,0.745045455468091,0.3861372012024808,10.0,1182.7936295130366,50.72736147953584,0.0,0.0,0.0,UNKNOWN
2026-09-11 15:05:15.823237,device_0012,route_0047,event_014952,27.41111202792761,77.65703426317444,10.820680131732216,URBAN,CLEAR,NORMAL,0.2006914464125878,0.2222088192848227,9.731934985315638,0.2875866618926812,0.3392660284892691,0.3410057240192385,-0.0426618722915681,-0.018230680634131,0.0029197016750687,0.1029234445393005,0.0991756628087454,0.096760869011668,0.347380189243152,0.7614508853810662,0.4161220336383683,9.821428571428571,1178.0852418549218,47.53476065265595,0.0,0.0,0.0,UNKNOWN
2026-09-11 15:45:53.723237,device_0028,route_0011,event_039331,26.25618624089822,74.57743396496026,86.32845472193526,RURAL,CLEAR,NORMAL,0.1565153333936309,-0.0047805210108395,9.711023295332142,0.3260253347999139,0.3154372948170246,0.352698793360717,-0.0517609763662855,0.0198459035885704,-0.0340156959253998,0.1103328367348573,0.0921299843532326,0.1024856163999689,0.3607527823301611,0.7643865668891969,0.4756226611050064,21.052631578947366,1164.8650637957344,48.932706260641424,0.0,0.0,0.0,UNKNOWN
2026-09-11 16:01:19.323237,device_0028,route_0003,event_048587,30.7662956336794,73.55428376464107,74.9268444201631,URBAN,RAIN,ROUGH_PATCH,0.2233074402930546,-0.0464914411074819,9.818460572669666,0.9671079737748292,0.5811209477065179,0.8077981701253767,-0.043877249260802,0.0373119641755991,-0.0707086562839071,0.1998204314496642,0.1754898683526354,0.1977350760096039,0.802753589283768,2.0291496688687864,0.3778279357462242,1.923076923076923,1062.68391784874,48.932706260641424,0.0,0.0,0.0,UNKNOWN
2026-09-11 16:59:40.023237,device_0006,route_0018,event_083594,35.31109776682636,80.49736487705266,21.20999794001697,HIGHWAY,CLEAR,NORMAL,0.0110896277306288,-0.0457288981408983,9.943356945207857,0.2936015629039795,0.2469361793074801,0.3415101922737577,-0.0200617505714547,-0.0468841213318175,0.0146864249491857,0.1050522021900073,0.106673913452423,0.0994204022239463,0.3746496559758208,0.8236038357128912,0.4123888382255105,0.8928571428571428,1169.7676911232593,47.87275321839885,0.0,0.0,0.0,UNKNOWN
2026-09-11 15:49:29.323237,device_0019,route_0032,event_041487,30.907758419923034,80.05130736809025,9.99616562828349,SERVICE_ROAD,WET,NORMAL,-0.2188679812212746,0.095193038955076,9.954469517700112,0.3648105921136385,0.3211927055092238,0.3590082581154953,-0.0073634350281825,-0.0323800945692937,-0.0061507723084645,0.0872248962077588,0.0949582860553069,0.1077357289589344,0.3936499830290407,0.8844244566942852,0.4748862920474643,4.0983606557377055,1174.5353318231532,51.93543212132559,0.0,0.0,0.0,UNKNOWN
2026-09-11 15:46:23.323237,device_0023,route_0048,event_039627,25.09796060530109,77.95234866356402,74.24364622035372,RESIDENTIAL,CLEAR,ROUGH_PATCH,0.140731983778852,0.0625319296080083,9.806656302885688,1.3282552276550847,0.663377886607358,1.1925779946713513,-0.0188973860912625,-0.0219541837366295,0.0358635313995395,0.1865207759390829,0.2169477698803545,0.1845200015172134,1.1729123842755422,2.937158433076503,0.4306929829412185,1.818181818181818,1084.2274937202835,50.72736147953584,0.0,0.0,0.0,UNKNOWN
2026-09-11 17:06:50.023237,device_0027,route_0028,event_087894,23.35993763819033,71.3994570916055,39.35853168664594,RESIDENTIAL,CLEAR,OTHER_ANOMALY,0.4673422457270404,0.3302905065867291,10.40110761888943,0.7208243028953013,0.6939891774334851,0.978484304972588,0.0833242775799546,-0.0954990922434576,0.049815872970055,0.2944425012602997,0.2349171023241855,0.2165064238523165,1.2450407746775334,3.304309605690886,0.4945845720945724,2.2222222222222223,882.182828887914,51.00983438628853,0.0,0.0,0.0,UNKNOWN
2026-09-11 15:24:10.923237,device_0003,route_0001,event_026303,26.30615717826725,77.06227077864695,72.66233627048251,RESIDENTIAL,CLEAR,NORMAL,0.0314268094779452,-0.0891027965943464,9.67356390186893,0.3331603314629045,0.3205555093108533,0.2996278432749691,0.0605653884570178,0.0673539433174713,0.0392350652449439,0.1048065662028579,0.0940188722618139,0.0871651785953926,0.3187133531641559,0.7497751972782609,0.4710227252313037,10.833333333333334,1178.291970417501,50.92116513256079,0.0,0.0,0.0,UNKNOWN
2026-09-11 16:32:40.923237,device_0015,route_0023,event_067403,25.31461279932259,82.36577549695355,20.006673577970247,RESIDENTIAL,WET,NORMAL,0.1448381442397449,-0.0579629313626917,9.663703696210774,0.3267393336818066,0.3347241623464042,0.3329120485509701,0.0137112254453665,0.0423151093884092,0.012533557330604,0.0917094975214733,0.1056907144995892,0.1079500530031848,0.3506278455817118,0.7550277988304153,0.4686832552134128,1.7543859649122806,1170.7151707482878,48.688187719962,0.0,0.0,0.0,UNKNOWN
2026-09-11 17:23:49.023237,device_0006,route_0015,event_098084,20.07228467395555,79.52505360123627,63.87865993012096,URBAN,CLEAR,SPEED_BREAKER,-0.1725503117477079,-0.1207952560319986,10.491723380930855,0.9235432685789272,0.5801265870471021,1.6503693629563891,-0.034843609968921,-0.0005339813790547,-0.0006583705357659,0.2572229334608293,0.2346982080133905,0.2192416964992743,1.893892121417429,7.2977785914438655,1.1429307501547092,0.7575757575757576,1378.6547788238413,47.87275321839885,0.0,0.0,0.0,UNKNOWN
2026-09-11 17:19:40.723237,device_0007,route_0046,event_095601,36.88015570660433,79.71092638632095,72.16599358437344,RURAL,CLEAR,SPEED_BREAKER,0.3312979449333788,-0.1768813208946745,10.180624531696228,1.087918305036016,0.8944440824048968,1.6619050660909715,0.021319152167935,0.017743651803551,0.0816896703118316,0.2537791664122472,0.2683598584914903,0.2904701127722545,1.886355018731933,6.930393762198818,1.306105684838924,0.7462686567164178,1359.237874226366,49.29232864272136,0.0,0.0,0.0,UNKNOWN
2026-09-11 14:48:42.523237,device_0016,route_0000,event_005019,28.08751679813709,77.1012690348647,62.35343292842384,URBAN,CLEAR,NORMAL,-0.0217602715518675,0.0659622431038562,9.96977488426567,0.2710271452232637,0.333541089112966,0.3357225055177945,0.0037993944876183,-0.0468847773949407,0.0263627583193179,0.0962822981400073,0.0894976144647117,0.1037563053127612,0.3822726148373784,1.0513961364382247,0.422334712040868,5.357142857142857,1173.9088107441603,47.70387570777382,0.0,0.0,0.0,UNKNOWN
2026-09-11 14:49:02.923237,device_0023,route_0045,event_005223,28.189346430747275,77.38050075879555,41.45841821228703,RESIDENTIAL,CLEAR,NORMAL,0.0538746065104203,0.0197614247814128,9.858026115573496,0.3046606137321502,0.3365122342042332,0.2987480508326175,-0.0012088447648961,-0.00675194703622,0.0207030724879733,0.1021717167470313,0.1107765251718945,0.1004549932531256,0.3040493689910761,0.674892560228205,0.4565187183483872,10.833333333333334,1182.7936295130366,50.72736147953584,0.0,0.0,0.0,UNKNOWN
2026-09-11 15:06:38.623237,device_0005,route_0019,event_015780,29.24212973147959,75.80931440848562,10.45017104357161,URBAN,CLEAR,SPEED_BREAKER,0.1546701445210144,0.0948976267044727,10.14561735097026,0.2551574314513721,0.2817358820852035,0.5856448745064314,0.0412993647868483,0.0247854404110614,0.0299285810030832,0.0649215847380582,0.075662088881554,0.0776834064989469,0.6850429830601426,3.208261256249843,0.478938301900476,0.7575757575757576,1382.890066466569,47.72613644455269,0.0,0.0,0.0,UNKNOWN
2026-09-11 15:56:16.223237,device_0023,route_0020,event_045556,25.71308153460052,74.28038268424915,58.14816105774951,URBAN,CLEAR,NORMAL,0.1039457631152848,0.0426010908926458,9.816893364540894,0.2688563723704328,0.3080847916303006,0.2929473109277625,-0.0056261750402307,-0.0265640122162014,0.0354352753655303,0.1143056010090409,0.0896373515838297,0.0995565798740433,0.2951138002923925,0.9720670277542354,0.4151875487371446,1.6666666666666667,1182.7936295130366,50.72736147953584,0.0,0.0,0.0,UNKNOWN
2026-09-11 15:01:50.223237,device_0018,route_0021,event_012896,28.42932118150781,78.40592553571472,18.99758200748688,HIGHWAY,WET,NORMAL,-0.0836032880082103,-0.2041162636532812,9.926676555226033,0.3529376450819291,0.4090622439955349,0.2846439151576874,0.0250896626576493,-0.0408503079428441,0.0119793442851904,0.0875222666416246,0.1181515353757555,0.104660899808983,0.3205378959554264,0.9206675095910324,0.5222617904425139,14.166666666666668,1196.452449290308,50.14825289178003,0.0,0.0,0.0,UNKNOWN
2026-09-11 15:37:31.023237,device_0020,route_0045,event_034304,25.67962914491348,78.11725737446216,39.19984613091324,RESIDENTIAL,WET,NORMAL,0.0939935312355733,-0.1669158903346168,9.654862812612745,0.2931782128133113,0.3611478573070888,0.3743161254208774,-0.0015767844015149,0.0105922781713623,-0.057559791528734,0.1096428028149824,0.1083519287646652,0.1003125327987179,0.3982241026234607,1.020076154137449,0.5090716961949269,8.035714285714285,1178.3195617621582,47.52530791923109,0.0,0.0,0.0,UNKNOWN
2026-09-11 17:15:52.823237,device_0017,route_0042,event_093322,36.92687579404275,77.94191964982728,9.933059571425192,HIGHWAY,DUSTY,SEVERE_POTHOLE,0.0390250854270905,-0.2160105165654467,9.995335852771776,0.2933309574771381,0.2986388055462426,2.343812682567484,-0.0083501437236679,0.0491491397904258,-0.0249461385652594,0.1068281773846006,0.1064863314188015,0.1271178616232622,2.347050164818125,8.756901573789756,2.2794368176741537,20.0,958.1545187804944,52.18364994368368,14.448863325760058,40.13790778459577,27.77074005736757,CRITICAL
2026-09-11 14:49:13.023237,device_0004,route_0013,event_005324,29.07801531538624,77.34704582860553,84.65295581537886,RESIDENTIAL,CLEAR,ROUGH_PATCH,-0.1469186587389983,-0.042132864477058,9.587777275177071,0.7389074676987751,0.415123542590199,0.823781473178854,0.0369485991918962,-0.0054918441208515,0.0151923695573474,0.2053525789588835,0.2264682239463482,0.1982574767033652,0.8244806956184262,1.876871974876213,0.4164492778285112,1.818181818181818,1094.8857580393003,50.2335513967164,0.0,0.0,0.0,UNKNOWN
2026-09-11 16:08:33.123237,device_0022,route_0022,event_052925,33.41527889163762,76.9865995901433,10.255198153178418,HIGHWAY,WET,NORMAL,0.1120877198128603,0.004514178489319,9.600938663255908,0.3479155053665036,0.3011807256647779,0.3335253961640814,0.0088728465254822,-0.0279424918929342,-0.0060901679265656,0.0933042843593111,0.0931607789642814,0.1018995937827374,0.3821993941180956,1.1308192687154612,0.4644832787903132,15.57377049180328,1173.9747253078074,51.96023277588557,0.0,0.0,0.0,UNKNOWN
2026-09-11 16:25:07.023237,device_0011,route_0041,event_062864,27.44830117142532,82.69569074620117,82.74928291765991,URBAN,CLEAR,NORMAL,-0.1244463303010896,-0.1432061784377712,9.940686880023003,0.3607198692841732,0.3985023027917696,0.3195669521090287,0.0336055683147147,0.0116857076366101,0.0177109384660681,0.0997185387321224,0.107789950445314,0.0925427797054983,0.3527949708339439,0.8063895803437617,0.5333603486849625,23.770491803278688,1173.916838169756,51.962794992449886,0.0,0.0,0.0,UNKNOWN
2026-09-11 14:53:42.423237,device_0013,route_0036,event_008018,29.39471627687771,77.2349386097258,72.70071052650039,RURAL,CLEAR,NORMAL,-0.0386668201203458,-0.1013337125446139,9.666122744193547,0.287528855327855,0.3378040019494114,0.3037470346724591,-0.0393956222952705,0.0584074781515412,-0.0168090211875064,0.0974042293338652,0.1263821702999595,0.1053710355603483,0.3303119722109474,0.6864906347946977,0.4581613552961838,19.29824561403509,1155.761160906742,49.31814801189647,0.0,0.0,0.0,UNKNOWN
2026-09-11 16:58:35.023237,device_0004,route_0041,event_082944,27.0466866130434,84.45643899717078,62.96067721399056,RESIDENTIAL,CLEAR,NORMAL,-0.1650655501602985,0.0272104091014359,9.6023797890634,0.3142252671796774,0.2687112883165497,0.2847572069862328,0.0570524860439168,-0.0046324147633888,0.0147350036100892,0.0894134686787213,0.0998204667157411,0.097066335128947,0.3419421866911216,0.8162216508981874,0.4183948553476112,10.833333333333334,1194.4208269519645,50.2335513967164,0.0,0.0,0.0,UNKNOWN
2026-09-11 17:10:58.223237,device_0028,route_0035,event_090376,22.81001600387886,83.07967491496895,40.80889357747121,SERVICE_ROAD,WET,ROUGH_PATCH,0.1088416924140854,-0.111163288885801,9.687257724336886,0.5340166298774094,0.7126090648343136,1.2437908171751626,-0.0648944169061115,-0.0547089189914133,-0.0138346253448703,0.2237476008060723,0.1569041648661598,0.204483239786002,1.233458037722094,2.74885544372048,0.4052100099475045,1.923076923076923,1062.68391784874,48.932706260641424,0.0,0.0,0.0,UNKNOWN
2026-09-11 15:49:52.623237,device_0014,route_0040,event_041720,28.444183225704503,73.4881192135404,21.19439360079418,HIGHWAY,RAIN,NORMAL,0.1680581213519196,-0.0543920654442788,9.824212708391586,0.2993537377430921,0.3100732337794481,0.3289888353376986,-0.0234058882595058,-0.0281815877472776,-0.0464641167365949,0.0935747589026958,0.0934422761001886,0.1022745147991209,0.3310609890891411,0.8459604534440199,0.434013039450787,13.392857142857142,1172.5933011717448,47.75739375624995,0.0,0.0,0.0,UNKNOWN
2026-09-11 14:41:47.223237,device_0018,route_0015,event_000866,28.516126785887295,77.25804451963678,38.21232071216479,HIGHWAY,RAIN,NORMAL,-0.0912815853925466,-0.1440447076403027,10.035629150230276,0.3395618574688667,0.3298325068268549,0.2944247627821147,0.0720373642004467,0.0081254430482891,-0.0069719037122139,0.0887996349615815,0.1007342445193099,0.1063625662800154,0.3851479146713453,0.8981502039593234,0.4647171496038179,15.0,1196.452449290308,50.14825289178003,0.0,0.0,0.0,UNKNOWN
2026-09-11 17:24:24.923237,device_0016,route_0034,event_098443,26.12485720420902,68.75248340756266,85.43425158864241,URBAN,CLEAR,NORMAL,-0.0244260656714915,-0.0093842494417368,9.780469631311778,0.3173775457086942,0.3028858970262725,0.3139307977484928,0.0116530722184216,-0.0432994401429095,0.0194460017557324,0.109754844536253,0.1026164557762144,0.0800535737299348,0.3136721613745706,0.7204233751457885,0.4352590873592293,10.714285714285714,1173.9088107441603,47.70387570777382,0.0,0.0,0.0,UNKNOWN
2026-09-11 16:58:44.523237,device_0014,route_0044,event_083039,35.85811882242034,75.78826009213756,39.7405759808516,HIGHWAY,CLEAR,NORMAL,0.1829150450352051,-0.12701107833406,9.841165361208754,0.3544483168190006,0.3293609417497856,0.2681177415307721,-0.0298298152550894,-0.0214149904589065,-0.048071412744297,0.0861772373775786,0.1036194663969112,0.115273421523188,0.2713333771910992,0.7783997843289594,0.4687208535823096,20.535714285714285,1172.5933011717448,47.75739375624995,0.0,0.0,0.0,UNKNOWN
2026-09-11 15:03:33.023237,device_0027,route_0040,event_013924,28.5062734077172,75.98710817561022,41.69746152144553,HIGHWAY,CLEAR,SPEED_BREAKER,0.1099666962788717,0.0451408360927074,10.357122997897047,0.3210489109950469,0.5276153281374499,1.1724539933552232,0.0806116700234382,0.0051498437453348,0.0106707479647108,0.1778191014102843,0.2025311308670355,0.1609934182756383,1.324452799416296,4.887532266030872,0.8449651767633479,0.7142857142857142,1372.2844004923106,51.00983438628853,0.0,0.0,0.0,UNKNOWN
2026-09-11 16:53:29.823237,device_0016,route_0017,event_079892,34.345068503866734,81.37432644254385,10.39706519962429,HIGHWAY,CLEAR,NORMAL,-0.0359552212052571,0.0554197995743891,9.930085087502516,0.3084466486230314,0.2803802804818341,0.3229562263108047,0.0115987343204004,-0.0381663113280596,0.0296925528419579,0.0930380869877413,0.0813197813311419,0.0930439194141029,0.3505484526526338,0.7610578693771242,0.419580903173587,1.7857142857142856,1173.9088107441603,47.70387570777382,0.0,0.0,0.0,UNKNOWN
2026-09-11 15:32:18.923237,device_0004,route_0000,event_031183,25.81078993397163,76.50710837029337,42.37399748283802,URBAN,DUSTY,NORMAL,-0.1129049444070054,0.068940109943764,9.650487342011605,0.2983786265040978,0.3724406444528897,0.2963707724157683,0.0598052652924995,0.0005745278461993,0.0336151968870898,0.098822166810507,0.1109094616265301,0.0974733216055217,0.3252367282713125,0.7533832098861755,0.4723170561039194,19.166666666666668,1194.4208269519645,50.2335513967164,0.0,0.0,0.0,UNKNOWN
2026-09-11 15:03:20.523237,device_0019,route_0010,event_013799,29.188000840353464,78.3030258198438,54.03202694679759,ARTERIAL,WET,POTHOLE,-0.2718428236782355,0.0508313886709601,10.339524846470146,0.5173450500494412,0.8229718454049992,1.5051264545911276,-0.0153187804832426,-0.0130472574553577,-0.0164272664591134,0.278830316167396,0.2647246065268039,0.2756608954667523,1.693817936356185,8.528387581647628,1.1583290026599793,5.0,962.7338785435682,51.93543212132559,4.803713283780512,10.255917454120782,9.844004469379378,MEDIUM
2026-09-11 15:48:39.423237,device_0017,route_0030,event_040988,31.769546521770103,79.2655998288566,75.22489024607275,URBAN,CLEAR,NORMAL,0.1636347155052964,-0.2066837722258655,9.824917698993184,0.3040014684877206,0.3688964199987228,0.3439681635888129,-0.0069323642415562,0.0318654413742209,-0.0181894429654584,0.1017426134886395,0.1067755472281919,0.0942408521068143,0.3479296097216534,0.8526693355369339,0.4828521320923695,17.21311475409836,1168.9485129122031,52.18364994368368,0.0,0.0,0.0,UNKNOWN
2026-09-11 16:31:33.923237,device_0025,route_0019,event_066733,31.047899474477024,71.59791666128251,37.02893846066807,HIGHWAY,WET,ROUGH_PATCH,-0.0583906788915134,-0.0564716110619073,9.926296079809225,0.6284196887268921,0.5308681235552513,0.7307818488757704,-0.0390491305853368,-0.0431786224593706,0.0050130324315659,0.1291611122543619,0.1485352231927519,0.1365452887411464,0.737308443948306,1.6211956566519472,0.439764108309367,1.818181818181818,1092.3468898751864,50.35030585044683,0.0,0.0,0.0,UNKNOWN
2026-09-11 16:50:53.623237,device_0001,route_0048,event_078330,21.70734561480169,78.739485371395,38.11698860810444,URBAN,CLEAR,SEVERE_POTHOLE,-0.1760094208540398,0.1494732945092184,10.58635958593712,0.2481582829007999,0.3312908977659969,3.6063141594043535,-0.0373289476214627,-0.0459020454555732,0.0272134445528021,0.3360285404806572,0.3982231848612848,0.4371648397097876,3.6954643764188577,16.406380144295547,2.631916465796838,6.382978723404255,946.4410024779978,49.659725093210575,11.659621938772016,18.42742137950908,24.326702968281285,CRITICAL
2026-09-11 15:20:58.423237,device_0021,route_0048,event_024378,26.433906120659845,77.64240733398412,20.460612772162115,ARTERIAL,CLEAR,NORMAL,0.0456421809103934,0.1000140892013253,9.875202692994826,0.2885908210213709,0.3390924264775694,0.3001422197780091,-0.0002926444049793,0.0094809719874155,-0.0304457400416175,0.0943224768590035,0.1059035472377737,0.1090417463856669,0.3132389618401014,0.8464751644407489,0.4284623725366229,22.5,1182.3087711011192,50.74816449523607,0.0,0.0,0.0,UNKNOWN
2026-09-11 15:19:22.023237,device_0003,route_0046,event_023414,30.65104140763712,77.88253529109797,78.70182426559586,URBAN,RAIN,NORMAL,-0.0634542041009301,-0.159791053026882,9.619946034162076,0.2595781103517149,0.2341796149153896,0.3171338513163985,0.0602771969950208,0.0500144174806258,0.0344210163085393,0.1016390017535151,0.0926935119996597,0.1064654924154002,0.36029280850273,0.9305101319151934,0.3701349252933899,5.0,1178.291970417501,50.92116513256079,0.0,0.0,0.0,UNKNOWN
2026-09-11 17:22:56.523237,device_0024,route_0024,event_097559,28.73362374742407,68.42131649616897,54.03290691802432,RESIDENTIAL,CLEAR,NORMAL,0.2037844302233025,0.2261549675566766,9.934155776146566,0.2917555126605364,0.2964666453257816,0.3164891974013236,-0.0036507068548002,-0.0755944021794378,0.039295602550718,0.0965750318105443,0.0955839367440795,0.0966549270831927,0.3500547452218925,0.8530645646242103,0.4260997555137465,14.75409836065574,1165.9444844817242,52.318099885446266,0.0,0.0,0.0,UNKNOWN
2026-09-11 15:18:39.823237,device_0003,route_0044,event_022992,30.558238747956395,76.8233868999668,54.229861331229976,URBAN,CLEAR,NORMAL,0.0051871232602498,-0.069813133906015,9.642409597637014,0.2693186621904228,0.2969920786403648,0.3084231643538642,0.0754265388352433,0.0697403391004815,0.0417045128300764,0.1074800489381457,0.0941577818303196,0.1000789502784897,0.3402782048447084,0.8127407958831991,0.4012816475236813,22.5,1178.291970417501,50.92116513256079,0.0,0.0,0.0,UNKNOWN
2026-09-11 14:45:43.723237,device_0018,route_0011,event_003231,28.4016701419647,77.01408378593212,73.65463333593708,URBAN,DUSTY,NORMAL,-0.071853071877268,-0.1711315205304378,10.013524175758535,0.3366992461366472,0.3287392311220143,0.3143547258654924,0.0582780128558081,-0.0145546682105886,0.0027414169176601,0.1151275339324449,0.0929852522793364,0.1025216926363305,0.3827736141376754,0.7617043181421561,0.4959601794733894,20.833333333333336,1196.452449290308,50.14825289178003,0.0,0.0,0.0,UNKNOWN
2026-09-11 15:50:20.123237,device_0011,route_0010,event_041995,30.364609555019268,80.549115210155,37.96557238701446,RURAL,CLEAR,NORMAL,-0.075825471182028,-0.1405140136817906,10.041828390123824,0.3243541638195403,0.3158702366525557,0.3344237585115588,0.0433759365230044,0.0240007886379506,0.0397021193081529,0.0996297141100298,0.0876297799824672,0.1023864397873128,0.419814019336838,1.0824505825936352,0.4514378481817672,4.0983606557377055,1173.916838169756,51.962794992449886,0.0,0.0,0.0,UNKNOWN
2026-09-11 16:02:19.323237,device_0023,route_0006,event_049187,24.536845529022337,75.77512208181034,9.226599635515464,URBAN,RAIN,ROUGH_PATCH,0.1457384253914286,0.0360643277657367,9.81509898326229,1.0107816539810144,0.4607544244377305,0.9259419537279134,-0.0058587854171252,-0.0382894836232531,-0.0369176154478391,0.1884322350858335,0.2361371430734009,0.196860319316088,0.929841685477612,2.156543477442044,0.4505663486598735,1.818181818181818,1084.2274937202835,50.72736147953584,0.0,0.0,0.0,UNKNOWN
2026-09-11 15:17:52.023237,device_0019,route_0016,event_022514,30.66714083963767,76.69743631049415,9.15147458166284,RESIDENTIAL,CLEAR,POTHOLE,-0.1284246111803703,0.1382636983182538,10.020499300192323,0.2462048522147072,0.3394418815226037,0.593368332020054,0.0341003702922027,-0.0041209512587244,-0.0102080969205173,0.1228139555888615,0.0875161980492622,0.0891226269218172,0.6386039055228561,2.5521694799249843,0.5720631383672602,9.0,962.7338785435682,51.93543212132559,3.1462829911212107,5.452020707753484,6.464718006883404,MEDIUM
2026-09-11 15:15:53.123237,device_0010,route_0040,event_021325,28.48973684900704,75.3215835912165,43.88222426396126,URBAN,CLEAR,ROUGH_PATCH,-0.184214755304067,0.0001297199446105,9.74686599124156,1.2208680924518671,0.419644957979683,1.0582238003912203,0.0266099915509192,0.068235741821238,-0.046630194377423,0.2100256299809094,0.2331128469611007,0.2123146991192933,1.0145025089743172,2.384192091912734,0.4458355589114014,1.923076923076923,1068.9912384953316,48.64399082745811,0.0,0.0,0.0,UNKNOWN
2026-09-11 17:04:03.923237,device_0013,route_0018,event_086233,35.52482983500053,80.59993164490884,41.315303311324726,HIGHWAY,RAIN,NORMAL,0.0274043838492057,-0.0685761781995282,9.679547927837262,0.3466302546374317,0.3233866127864185,0.3308555576869348,-0.0001403422772731,0.0394959266464032,-0.0273396921170143,0.1066462513748622,0.0993613096096081,0.1026327055677079,0.3488022125146376,0.9695479748174308,0.4880509436017125,23.684210526315788,1155.761160906742,49.31814801189647,0.0,0.0,0.0,UNKNOWN
2026-09-11 17:07:13.223237,device_0020,route_0045,event_088126,21.035487518765223,79.48118543689527,87.1015377972762,RURAL,CLEAR,NORMAL,0.075684798834983,-0.2031103144526986,9.62693405218818,0.3374315266540575,0.3288926071212104,0.3433900928253789,0.0274021959594189,0.0230739692542751,-0.0751220750870601,0.0783372462972788,0.0986733836379585,0.079978816050143,0.3784033543250956,1.1267535573329877,0.4908194279532551,19.642857142857142,1178.3195617621582,47.52530791923109,0.0,0.0,0.0,UNKNOWN
2026-09-11 15:30:02.923237,device_0011,route_0016,event_029823,31.30490655910004,76.53861472425642,43.642095995849246,URBAN,CLEAR,NORMAL,-0.0920826510379367,-0.2374822980894973,9.96446757722325,0.2428185729823685,0.34776515865177,0.3264537684887885,0.0594070578583461,-0.0020522057419106,0.0421600709686484,0.1113737253795829,0.0908875907188825,0.0932459801477919,0.3704527159537832,0.7371640062560871,0.4455653923697498,6.557377049180328,1173.916838169756,51.962794992449886,0.0,0.0,0.0,UNKNOWN
2026-09-11 17:14:29.023237,device_0003,route_0010,event_092484,32.47167263760045,84.57137784654616,10.562176252360736,URBAN,WET,NORMAL,0.019432696608034,-0.0849112476606753,9.655017551683692,0.2921116942848433,0.2769720301693265,0.3347831132009216,0.0568243856634696,0.0460761357898313,0.0308407449867011,0.0929507230280893,0.0866124419371182,0.088685708318277,0.3631156740144758,0.8061303408759741,0.4414214723764696,24.166666666666668,1178.291970417501,50.92116513256079,0.0,0.0,0.0,UNKNOWN
2026-09-11 16:34:23.023237,device_0020,route_0048,event_068424,22.575035896914027,78.53793069062823,19.9587397497942,RESIDENTIAL,CLEAR,NORMAL,0.0672369941937984,-0.1281551956082934,9.65577852246943,0.3073387902684225,0.2826825737155565,0.31887365319452,0.0439036819390323,0.003670298485533,-0.0410051717154381,0.0798305204254079,0.0835623874996177,0.0967063037151905,0.3456218695641198,0.7287542098106474,0.4320237797144761,8.928571428571427,1178.3195617621582,47.52530791923109,0.0,0.0,0.0,UNKNOWN
2026-09-11 16:27:48.923237,device_0019,route_0003,event_064483,31.501635589161666,72.32836663241103,18.320529240629742,URBAN,DUSTY,POTHOLE,-0.1583139648529742,0.1634799009115342,10.150368109154892,0.4193888623589987,0.4357420635960694,0.7100327736215297,-0.0140994576298323,-0.0362311299254424,-0.0190495951334121,0.1117133123109556,0.1006370816181667,0.1063556324964433,0.8090362820817198,4.238432846081944,0.7928883322944645,19.0,962.7338785435682,51.93543212132559,2.243744842788823,5.796674130760382,5.164767502320434,LOW
2026-09-11 16:05:22.523237,device_0020,route_0040,event_051019,28.42337719121928,72.65210289031438,43.03450684483676,URBAN,CLEAR,NORMAL,0.0683697630298957,-0.1614944539200631,9.6783083116228,0.3287277788488381,0.2970592121102555,0.3136910170957415,0.0339757801302291,0.0365028829187963,-0.0478397079450526,0.1044631688793269,0.106484957782721,0.0886569791185123,0.3313291218246397,0.8142774947347764,0.4172698991304699,20.535714285714285,1178.3195617621582,47.52530791923109,0.0,0.0,0.0,UNKNOWN
2026-09-11 15:24:55.923237,device_0027,route_0018,event_026753,30.702033923091307,78.28619455063746,36.733148530630366,RESIDENTIAL,WET,NORMAL,0.0118573696246802,0.0652565827778917,9.867461925191082,0.3355173541132044,0.2724573154648363,0.3181672538474754,0.0219166710867544,0.0049345944795533,-0.0159659251156234,0.1054077708969822,0.1074902509217672,0.093644191235688,0.3275206344522562,0.9804536430825052,0.4456399590206124,1.6666666666666667,1176.243771850552,51.00983438628853,0.0,0.0,0.0,UNKNOWN
2026-09-11 16:03:36.923237,device_0028,route_0003,event_049963,30.83006255358077,73.44812837848272,62.497736919315074,URBAN,CLEAR,NORMAL,0.1283446959168467,-0.0496730575126241,9.704800167873708,0.3254037619968872,0.2853106186163262,0.2921983223126301,-0.0490808110167209,-0.0135474626742101,-0.0197641568233329,0.1079407077359799,0.0847097842527468,0.1004868949036709,0.3022651663730915,0.7826757833571492,0.4200070885385362,1.7543859649122806,1164.8650637957344,48.932706260641424,0.0,0.0,0.0,UNKNOWN
2026-09-11 15:51:33.723237,device_0024,route_0041,event_042731,27.85110158280655,80.93048466724424,58.47316680659574,HIGHWAY,CLEAR,NORMAL,0.2845451690439565,0.1647215245666864,9.951577695484149,0.2864779568735284,0.2786049557210446,0.3258474148687809,-0.0180917109091321,-0.0138102072511287,0.0309596284691688,0.1116589548045876,0.1069722015121821,0.0937378390559964,0.3653938125154405,0.9252887316622882,0.4412014086654657,22.950819672131143,1165.9444844817242,52.318099885446266,0.0,0.0,0.0,UNKNOWN
2026-09-11 15:28:46.223237,device_0025,route_0013,event_029056,31.00610408490642,78.26260861292158,19.552090517556056,RESIDENTIAL,CLEAR,NORMAL,-0.1687693165817085,-0.084393955265873,9.954613993070035,0.3797444676401972,0.331365408763107,0.3216184283980096,-0.0194556457975266,-0.037876692566965,0.0275810686234159,0.1036957350494923,0.1035967358533712,0.0987001628214108,0.3611962958960635,0.8992171829287408,0.4980406253267608,3.333333333333333,1191.6511525911126,50.35030585044683,0.0,0.0,0.0,UNKNOWN
2026-09-11 16:12:32.323237,device_0026,route_0023,event_055317,25.901514786512813,81.45116653889906,41.73554322319569,URBAN,CLEAR,NORMAL,0.0328721658222733,0.2018100120462372,9.67720524878675,0.312313046360084,0.3183916154236533,0.2947817582385128,-0.0132693701494271,0.0454769939761762,0.0305568964015396,0.093622268728158,0.100501555751417,0.099824567048797,0.3135773339901793,0.7308521409063626,0.448503908032315,11.403508771929824,1156.2462834189637,49.29745575609877,0.0,0.0,0.0,UNKNOWN
2026-09-11 15:39:30.223237,device_0004,route_0041,event_035496,27.996156768505497,80.29633186539895,19.07947285231252,RURAL,WET,NORMAL,-0.111441921858064,-0.0326861933426643,9.655830193489727,0.2971409161047968,0.3072251486250155,0.3344837014024509,0.0328671686975229,-0.000998811454906,0.0226413654974765,0.1003863068392608,0.0967346964711741,0.1046889339695236,0.3611707812791582,0.8747663873796903,0.416026443370079,1.6666666666666667,1194.4208269519645,50.2335513967164,0.0,0.0,0.0,UNKNOWN
2026-09-11 16:14:14.323237,device_0027,route_0015,event_056337,23.69837696616318,78.55156243649755,61.14620894614524,RURAL,RAIN,ROUGH_PATCH,0.1380501181718846,0.1431551875707653,9.944150583654563,0.9121059983332952,0.5493829967087662,1.092300949507619,0.0320455896040822,0.0174543073742439,0.0721857435290134,0.2378037311362527,0.2348027385594332,0.2338513518350542,1.1066583845262377,2.800821895981457,0.4758593798230824,1.818181818181818,1078.2234575296727,51.00983438628853,0.0,0.0,0.0,UNKNOWN
2026-09-11 16:52:28.323237,device_0021,route_0003,event_079277,32.18590389899892,71.18725213400269,10.132079840321106,RESIDENTIAL,WET,POTHOLE,0.0116116916938503,0.1589187930440857,10.01918055461931,0.3615943266934001,0.3036064902816683,0.7888864445856385,-0.0323258414232533,0.0412975282006333,-0.0363875122872641,0.0994008729608916,0.1037291520905306,0.0865756632888057,0.8228679350415519,4.71891510721491,0.6318480632307496,2.0,985.2573092509326,50.74816449523607,1.8239733334312211,5.194610346921971,2.4678757561029245,LOW
2026-09-11 14:49:27.023237,device_0025,route_0048,event_005464,28.09063526580548,77.25760767408046,21.40782912590026,RURAL,CLEAR,NORMAL,-0.0515527561341421,-0.0999281350951672,9.91538843056162,0.3261562859137841,0.3251233350285132,0.3199239300551383,-0.0091006916435867,-0.0416049398709462,0.0142870185752215,0.1042757914181072,0.1187469622859174,0.1084819418429359,0.345966224655489,0.8192497823542801,0.4882614457029395,16.666666666666668,1191.6511525911126,50.35030585044683,0.0,0.0,0.0,UNKNOWN
2026-09-11 16:37:16.123237,device_0028,route_0000,event_070155,22.41966834530913,75.62192069772209,76.86509045222903,URBAN,CLEAR,ROUGH_PATCH,0.1720029920879341,-0.0435486714279685,9.711099355255564,0.8049629600545052,0.5516661526829776,1.2427342966097403,-0.0221574508455119,0.0023904799567191,-0.0804526580117299,0.1842043910127794,0.1807105220342077,0.2280739366383329,1.2334277870182486,2.7570994797251576,0.4392123198340595,1.923076923076923,1062.68391784874,48.932706260641424,0.0,0.0,0.0,UNKNOWN
2026-09-11 16:38:07.523237,device_0019,route_0019,event_070669,31.187457375959955,71.2724322643229,61.60651999002633,RESIDENTIAL,WET,NORMAL,-0.2053508980514777,0.1510986432052507,9.92819163579053,0.2979100695427494,0.2924571306050503,0.3035266022290419,0.0143220406804384,-0.0126230951471537,-0.0074413363183888,0.0962252550698568,0.1161039742978657,0.0891109377435762,0.3350288989005637,0.7748793718208287,0.4332931486106234,19.672131147540984,1174.5353318231532,51.93543212132559,0.0,0.0,0.0,UNKNOWN
2026-09-11 16:13:41.923237,device_0005,route_0045,event_056013,23.80667126973547,78.66717291209709,10.292697716462168,URBAN,CLEAR,NORMAL,0.190643128894518,0.1717554084873862,9.99609253700926,0.269529624770955,0.3677459283047319,0.283794763776627,0.0419958108587348,0.0111179749123913,0.0405880465303881,0.0997054309955682,0.101152410068008,0.1096150951738177,0.3508899265999144,0.8556693773215418,0.4586088669879004,2.6785714285714284,1173.3612685170888,47.72613644455269,0.0,0.0,0.0,UNKNOWN
2026-09-11 15:00:29.123237,device_0025,route_0033,event_012085,29.576154975875117,77.67717223017868,61.8691459253048,RESIDENTIAL,CLEAR,NORMAL,-0.0645373382961958,-0.0365193770287381,9.97998519801742,0.3631237886935088,0.3325236414582659,0.3490790302347606,-0.0222217496565058,-0.0408691083147272,0.0020804038498291,0.0969027645030748,0.1024002207770426,0.0943225513645894,0.3968348971127196,0.9913462332407654,0.4983821406228125,13.333333333333334,1191.6511525911126,50.35030585044683,0.0,0.0,0.0,UNKNOWN
2026-09-11 16:15:02.423237,device_0000,route_0027,event_056818,26.539353310914123,81.75993495807325,79.86340979598597,URBAN,RAIN,NORMAL,-0.0526174190183986,0.1633411700242342,9.858933450544592,0.248453356289531,0.2881028196406446,0.2891566425858347,0.0110892287933545,-0.0433235194403597,-0.0389662584096199,0.1191337034417363,0.1133780657300588,0.0918211540884159,0.2964953847075416,0.9397966596029584,0.4104235182124531,15.833333333333334,1187.9876613670087,50.50557505871605,0.0,0.0,0.0,UNKNOWN
2026-09-11 15:13:40.623237,device_0001,route_0019,event_020000,29.39165134857768,75.46039284731498,81.70664493921089,HIGHWAY,CLEAR,NORMAL,-0.0803185581116787,0.160564847399983,9.888439676592418,0.4054669181670955,0.2882561072350939,0.2944967913973561,-0.0389039444216109,-0.0412023697858966,-0.0456968895651383,0.1050798636629185,0.1041174402960022,0.1192203588500404,0.3113412720568757,0.7282515143041266,0.4793190351061546,8.771929824561402,1147.8114285371462,49.659725093210575,0.0,0.0,0.0,UNKNOWN
2026-09-11 16:35:27.223237,device_0014,route_0013,event_069066,34.25632790487592,79.80641181341836,84.8572022425898,RURAL,RAIN,POTHOLE,0.355354076047211,-0.3378586945071271,9.881328273954065,0.9483810701316234,1.7382980524814702,0.4219888348395936,-0.0868322131871978,0.0104342134512767,-0.015738732524119,0.3543258232752582,0.4292801534610285,0.5266153445761775,1.0361722689916055,5.649524952369861,1.5936956322504274,2.127659574468085,984.1408063405715,47.75739375624995,1.492771538507372,4.431210723733291,3.4647783042714098,LOW
2026-09-11 16:04:25.823237,device_0027,route_0022,event_050452,33.193126280251484,76.99976038771972,57.94266244712013,ARTERIAL,CLEAR,SPEED_BREAKER,0.1627834312230136,0.0397844470129179,10.424604589268537,0.4643470091793355,0.6951275617358329,1.462890470436673,0.0369223089867971,0.0013168083830764,-0.050066137515051,0.2639588901125622,0.2043838372186283,0.2850393098171025,1.636766578936631,6.511409937097952,0.8915182750693575,0.7142857142857142,1372.2844004923106,51.00983438628853,0.0,0.0,0.0,UNKNOWN
2026-09-11 17:11:31.523237,device_0006,route_0046,event_090709,36.45812503550718,79.58704532625882,10.112505484030404,SERVICE_ROAD,WET,NORMAL,-0.0980314825753272,-0.1315242502189724,9.910438463257956,0.3087707942634538,0.3371128403261525,0.322626125607322,-0.0268554729095806,-0.0045967264140619,0.0020148553843074,0.114204652315737,0.0866971464646333,0.0940082888342979,0.3442009637834397,0.9593335954410788,0.4926893442107504,20.535714285714285,1169.7676911232593,47.87275321839885,0.0,0.0,0.0,UNKNOWN
2026-09-11 16:08:29.023237,device_0018,route_0028,event_052884,25.48855050426004,73.71951937744048,59.23105807217736,URBAN,WET,OTHER_ANOMALY,0.1789313614329445,0.0786090433994781,10.51091198892314,0.7156342610924648,0.6268429196980215,1.3507838181143663,0.1372544359161994,-0.0210921910482561,0.0140637360840005,0.2883388473201689,0.2996576449524541,0.2482818044255459,1.5815290045221346,4.458369737845965,0.5460104278340616,1.1111111111111112,897.3393369677311,50.14825289178003,0.0,0.0,0.0,UNKNOWN
2026-09-11 15:31:56.923237,device_0009,route_0031,event_030963,25.92657131608922,78.2189985681849,9.08984365699619,ARTERIAL,CLEAR,NORMAL,-0.065773931937988,0.0665128371341813,9.906094615540969,0.2994146662768453,0.2975838347381119,0.3530755925614544,0.0184699383386614,0.0004668115872783,0.0124282098779116,0.1037406218175839,0.1091953768778189,0.1056558656197997,0.3713079564556201,0.8534598339031874,0.4335886532594327,6.25,1175.8012798150014,47.62709563372047,0.0,0.0,0.0,UNKNOWN
2026-09-11 15:37:57.923237,device_0005,route_0037,event_034573,29.11704281777668,74.06161497184726,77.60604785841394,URBAN,CLEAR,NORMAL,0.1534712621915661,0.068877642674794,9.89986164962738,0.3193159250832411,0.2734126080532457,0.3006902590375552,0.0695035356875089,0.0102073878077545,0.0324474324648907,0.0980932209728089,0.1032198242746094,0.1059020597188038,0.3240472746088077,0.8713704249969716,0.4043099337704356,4.4642857142857135,1173.3612685170888,47.72613644455269,0.0,0.0,0.0,UNKNOWN
2026-09-11 15:05:50.023237,device_0017,route_0014,event_015294,29.798628251818933,76.72157710672622,21.074583785125725,RESIDENTIAL,CLEAR,NORMAL,0.0457476285518099,-0.2300743190178278,9.769952435313174,0.3266165193170275,0.3010593321679487,0.3296053027560939,-0.01039304808008,0.0198412407902272,-0.0481774254765519,0.0930642797555436,0.1175543975438544,0.0954866285567559,0.3304668105480201,0.938877542476778,0.4760515936047261,10.655737704918034,1168.9485129122031,52.18364994368368,0.0,0.0,0.0,UNKNOWN
2026-09-11 15:26:52.423237,device_0006,route_0014,event_027918,30.85513444837239,76.30535150707328,19.32286757926753,RURAL,RAIN,NORMAL,-0.0474596182389492,-0.0295820765356938,9.870144668391916,0.3019239028842314,0.2950750062580079,0.2953399974222831,-0.0115272605896351,0.0101017376866905,0.0118191839292673,0.1106330806325957,0.0896429344762854,0.0883743641081584,0.3043605703361126,0.7031551896395705,0.4325723303801356,6.25,1169.7676911232593,47.87275321839885,0.0,0.0,0.0,UNKNOWN
2026-09-11 15:57:12.623237,device_0007,route_0032,event_046120,31.167193556934464,80.37742556569697,42.63524137832032,URBAN,CLEAR,NORMAL,0.1162726085288286,-0.1905435867209753,9.627657401878858,0.3305662822102536,0.3127488127006455,0.3107801814596801,0.0227852075013191,0.0080167748405932,0.0028140433072368,0.1039782758005047,0.118565008973282,0.1096782995684039,0.3505535127191054,0.7924076103967206,0.4613429468401029,9.649122807017545,1156.3665497149682,49.29232864272136,0.0,0.0,0.0,UNKNOWN
2026-09-11 15:38:47.923237,device_0002,route_0032,event_035073,30.54873712449196,79.60025042895427,19.414226786305942,HIGHWAY,WET,NORMAL,0.0032057044577127,-0.1794390382535479,9.710483862337808,0.3314107369760211,0.3342377875389506,0.3269378704564009,-0.0130124331112087,0.0019713419842263,0.020428888240184,0.0942535645475458,0.0883737485253332,0.1106995201245632,0.3340630368659578,0.8706353397793425,0.4763477810256487,22.5,1189.0117987248957,50.46207284431021,0.0,0.0,0.0,UNKNOWN
2026-09-11 14:57:55.623237,device_0017,route_0035,event_010550,27.863161689961952,77.9803575121485,42.17745513110795,RURAL,CLEAR,NORMAL,0.0540346580166216,-0.2561142017193556,9.84523975520732,0.2994922744885356,0.2853475287576026,0.312373723822492,-0.0167717485218122,-0.0023835272772593,-0.005553986422679,0.0890938259713519,0.1016127830157113,0.0962090129999851,0.3146354910179433,1.012290762800237,0.4351549950663864,23.770491803278688,1168.9485129122031,52.18364994368368,0.0,0.0,0.0,UNKNOWN
2026-09-11 17:12:13.323237,device_0017,route_0040,event_091127,28.33376740598017,69.04596918794357,65.57294635312381,RURAL,CLEAR,NORMAL,0.1047383394935563,-0.1851943866394852,9.699442797273536,0.3310552017598565,0.3485695580867983,0.3028829574358634,-0.0209278365872461,0.0127324640225521,-0.0144059673634355,0.0980013696621393,0.0990510285739521,0.0902501530866458,0.3156273562665663,0.7170130733942166,0.4451070427199225,1.639344262295082,1168.9485129122031,52.18364994368368,0.0,0.0,0.0,UNKNOWN
2026-09-11 14:41:29.623237,device_0027,route_0049,event_000690,28.69178517201715,77.1146438328634,60.73725953300624,URBAN,CLEAR,POTHOLE,0.0886914950734365,0.1385932557655831,10.274064035814533,0.6011056062591973,0.5357625415524989,1.5719988985296056,0.0571516983491993,-0.0167372379730421,-0.01381062592489,0.3031804853422495,0.2081695852349616,0.2349573578057282,1.6982342375133457,7.251696551692525,1.0901137116692727,1.0,980.2031432087932,51.00983438628853,4.384538060091177,6.705188715384486,6.923515051521817,MEDIUM
2026-09-11 16:49:53.523237,device_0001,route_0044,event_077729,35.38939768204366,75.87988529650322,37.09360598554883,URBAN,CLEAR,ROUGH_PATCH,-0.1935215747578872,0.1841104248476651,9.921847314078812,0.6424037765080923,0.5477381308815816,0.8765006531178956,-0.03490825090858,-0.0286410500149664,-0.0508849608201569,0.2224728909140548,0.2337192177218716,0.1629459966045324,0.8760716765454677,2.020358024726484,0.4119804852707734,1.923076923076923,1047.126215507572,49.659725093210575,0.0,0.0,0.0,UNKNOWN
2026-09-11 15:40:30.223237,device_0004,route_0039,event_036096,31.561425096741445,78.32730165264293,78.0754702561783,HIGHWAY,CLEAR,NORMAL,-0.1815048979672716,-0.003503719692619,9.61109134589762,0.2904484247337162,0.3526073134467756,0.3263010790025761,0.0468287547774339,-0.0093008695551472,0.0204390101434074,0.0885263961892431,0.1030851550883024,0.1082140178589802,0.3707245010537147,0.8853575572362331,0.4439586730188515,12.5,1194.4208269519645,50.2335513967164,0.0,0.0,0.0,UNKNOWN
2026-09-11 16:29:15.723237,device_0029,route_0012,event_065351,22.71271371609517,77.11843419941796,39.03822408043954,URBAN,CLEAR,NORMAL,-0.2060683925885449,-0.2283503442231076,10.01561879912875,0.3367512420190731,0.3104007314148136,0.3101986752527295,-0.0146722950816485,-0.0424118263887626,0.0009539631667233,0.1114361845923941,0.0994659519761894,0.1085263292936195,0.3863683874030188,0.8531654479924597,0.4590834599334237,23.333333333333336,1185.4321676861896,50.614452379095,0.0,0.0,0.0,UNKNOWN
2026-09-11 14:58:44.623237,device_0011,route_0034,event_011040,28.258954597774167,76.3176759994024,20.34398479316842,HIGHWAY,CLEAR,NORMAL,-0.1496069017116745,-0.1011381394164144,10.004529109883096,0.319341180968584,0.3076601328287968,0.2708472022672405,0.0453572194241482,-0.0034141660900377,0.0569059595486067,0.0996187255782801,0.0944029206054958,0.0972033027466836,0.3469304576476569,0.8566177983218353,0.43548202331911,3.278688524590164,1173.916838169756,51.962794992449886,0.0,0.0,0.0,UNKNOWN
2026-09-11 14:47:22.723237,device_0010,route_0021,event_004221,28.58513371176014,77.64165455630872,38.357245169443054,RURAL,WET,NORMAL,-0.2234278932748778,0.0249362320987554,9.715507360957114,0.2852672848469819,0.2935318816146415,0.2663141600145458,-0.0073121882358402,0.0380610384443163,-0.00469875086889,0.1121669896915822,0.0959276468602699,0.0995367106365507,0.2730865167913234,0.8248607813858673,0.4049901161089888,7.894736842105263,1171.778857581421,48.64399082745811,0.0,0.0,0.0,UNKNOWN
2026-09-11 14:41:42.723237,device_0028,route_0001,event_000821,28.58564340313636,77.29652794980582,43.12300394471277,URBAN,CLEAR,NORMAL,0.1572019350669302,-0.0674794585058639,9.674747030614654,0.2762876282077869,0.3300460958408322,0.3183668813104628,-0.0554629380217394,-0.0028450018428436,-0.0468436263796023,0.1118900002582704,0.1061638954366432,0.1043007329734186,0.3376850426839765,0.7051987449968955,0.4747472349752168,17.543859649122805,1164.8650637957344,48.932706260641424,0.0,0.0,0.0,UNKNOWN
2026-09-11 15:43:53.423237,device_0017,route_0009,event_038128,25.3010447327576,77.80368798876134,19.633585401991645,ARTERIAL,CLEAR,POTHOLE,0.0213234536227135,-0.2419858109354314,10.009205207217503,0.3140786960087806,0.5177976238395521,1.52840694558466,-0.0314424786168619,-0.0350117833643567,-0.0241377502019139,0.1331894164016518,0.1209525167655795,0.116894025885837,1.5635393446705368,6.123776031812909,1.4142022661293403,19.0,958.1545187804944,52.18364994368368,11.304323947290314,18.655630345134504,22.55091986911518,CRITICAL
2026-09-11 17:08:55.723237,device_0001,route_0012,event_089151,20.57275223362103,77.07631914896521,72.37683074377989,HIGHWAY,CLEAR,NORMAL,-0.1977142807317103,0.1785262910096867,9.904526479801364,0.3134512975483104,0.3072376527174055,0.3137151131909438,-0.0308958078646113,-0.0412625409949069,-0.0403342097586837,0.1237040063915184,0.0891875141183588,0.0998583319048223,0.3356381469018877,0.8584100123251055,0.4245793589433291,7.017543859649122,1147.8114285371462,49.659725093210575,0.0,0.0,0.0,UNKNOWN
2026-09-11 15:29:03.723237,device_0015,route_0037,event_029231,29.035373440430835,74.53499849508016,80.59499690728002,URBAN,WET,POTHOLE,-0.0472531884485986,0.0081468397176843,9.959394860269288,1.2394815318538897,0.6828782563329974,1.5270567237514192,-0.0131316453693719,0.0707300354979926,0.0509718385391997,0.4818711234609329,0.4442479048058057,0.3898565870890353,1.7587427866852108,8.881723712152716,1.3510708519525352,4.25531914893617,965.32654430122,48.688187719962,4.218950803680469,12.109333521019504,7.415155704068163,MEDIUM
2026-09-11 16:04:36.223237,device_0024,route_0001,event_050556,24.13634282157713,76.83955479958233,43.46121487294972,URBAN,RAIN,NORMAL,0.2501088327161829,0.1899723220928262,10.009994996877175,0.3181725869860328,0.3152318118108125,0.3098386727455047,-0.0248750769944204,-0.0511425649832689,0.0294489183752943,0.1001959322608718,0.0958506096710194,0.0978472899770458,0.3822154582686423,0.8878130847718886,0.4598100717675996,9.01639344262295,1165.9444844817242,52.318099885446266,0.0,0.0,0.0,UNKNOWN
2026-09-11 15:36:29.023237,device_0010,route_0031,event_033684,25.698293978734466,78.30684727785597,82.00654860943098,RURAL,CLEAR,NORMAL,-0.2088074672178256,0.0613040380275088,9.784723034917276,0.3073303488385986,0.3207132147722294,0.2959857135951901,0.0033451558974119,0.040573075053732,-0.0014350133976364,0.1109500591669588,0.1201278473324236,0.0874439675572321,0.297430161938274,0.771720137648197,0.4603515362259508,20.175438596491222,1171.778857581421,48.64399082745811,0.0,0.0,0.0,UNKNOWN
2026-09-11 16:18:15.923237,device_0010,route_0048,event_058753,23.422365396096307,78.34137697954733,42.43346514213607,URBAN,CLEAR,ROUGH_PATCH,-0.1591033119654822,0.0757145555191863,9.695696556294482,0.7770392604126661,0.6376492589112149,0.9640649256505348,-0.0592040511439951,0.0330950601779487,0.0187507294485431,0.2174740301595565,0.2167949351529725,0.2517776293196837,0.9442927814060752,2.241248609127286,0.3933145426302655,1.923076923076923,1068.9912384953316,48.64399082745811,0.0,0.0,0.0,UNKNOWN
2026-09-11 15:25:22.823237,device_0029,route_0035,event_027022,26.82029152318952,79.0325467609378,21.904066943781626,URBAN,CLEAR,NORMAL,-0.2163747611091148,-0.1444275836505524,9.9235630035067,0.3552559501866701,0.3025877982769246,0.3208789456116083,-0.0352570934831469,-0.0372964344691729,0.0272591654724578,0.093100308803704,0.0943566954938035,0.108471493523618,0.3485549965521005,0.8309711526734187,0.4660778536557535,0.8333333333333334,1185.4321676861896,50.614452379095,0.0,0.0,0.0,UNKNOWN
2026-09-11 15:41:51.123237,device_0003,route_0001,event_036905,25.35752027876046,76.96488187764973,63.16685886218617,RESIDENTIAL,WET,SPEED_BREAKER,0.1210776655447273,-0.3522243156255021,10.21952591620342,1.0257943287532625,0.9417496149480236,1.6972329330718006,0.0634640529146037,0.0281290386429021,0.0136163832765219,0.2668425718097671,0.2465801220560947,0.2448686132984064,1.9299599710857755,6.385625783244219,1.3338994838498486,0.7142857142857142,1374.6739654870846,50.92116513256079,0.0,0.0,0.0,UNKNOWN
2026-09-11 14:40:47.623237,device_0027,route_0021,event_000270,28.6559834604687,77.29346928799647,21.40968470073595,HIGHWAY,CLEAR,SPEED_BREAKER,0.0867991811127622,0.105342075164677,10.098114375663208,0.3686278592331805,0.4633087126268681,0.5676102160336156,0.0030072034732619,0.0035723927029508,-0.0237597410373282,0.0999347117184921,0.1037939406986865,0.1128981949454226,0.6547719718321362,2.825557604686148,0.6109312911919671,1.4285714285714284,1372.2844004923106,51.00983438628853,0.0,0.0,0.0,UNKNOWN
2026-09-11 14:55:07.223237,device_0003,route_0039,event_008866,29.264180614571785,77.47882963000269,41.78103590792269,RESIDENTIAL,CLEAR,NORMAL,0.0169222607477394,-0.081148902628625,9.610323697450683,0.3127377263454358,0.2913762046401059,0.2823019738872733,0.0511550307224456,0.0474092071153358,0.010937178325912,0.095582769366655,0.1063647422706568,0.0998682463245592,0.3337296312936777,0.7255457610179494,0.4225117873887673,1.6666666666666667,1178.291970417501,50.92116513256079,0.0,0.0,0.0,UNKNOWN
2026-09-11 15:05:21.223237,device_0007,route_0014,event_015006,29.77473888317712,76.73106881333162,9.516100551102856,RURAL,CLEAR,SPEED_BREAKER,0.1426602030816608,-0.1649017490228868,9.623376631720369,0.2911187700932399,0.2838252840997102,0.3234913532780152,0.0380206427594386,0.024170656322193,0.0257671647847177,0.0707948058859228,0.0870753904969401,0.0723481323277357,0.3640784256527885,1.231442060399349,0.4404490118261187,10.44776119402985,1359.237874226366,49.29232864272136,0.0,0.0,0.0,UNKNOWN
2026-09-11 14:48:09.423237,device_0015,route_0011,event_004688,28.315032915748372,76.91577544006955,79.90051201751263,URBAN,CLEAR,NORMAL,0.1495997712166125,-0.0557701970355048,9.668793778060442,0.3184599413002393,0.3221588514444368,0.3274075758936226,0.015755535730931,0.0676587591531325,0.0018085347034652,0.0926606866011258,0.0974000574624782,0.0990605751669898,0.3493085023429195,0.8811751193532888,0.4597056056560467,10.526315789473683,1170.7151707482878,48.688187719962,0.0,0.0,0.0,UNKNOWN
2026-09-11 16:57:00.123237,device_0027,route_0025,event_081995,21.164689308982933,77.04624441736176,41.50016345707407,RESIDENTIAL,RAIN,POTHOLE,0.0636929875384488,0.1858129098029331,10.039063207585585,0.5271311002272294,0.3100293932803371,0.650354278647441,0.0543438712324116,0.00721046344862,0.0075518204028166,0.2514481279354972,0.1763483557864787,0.2221802209514904,0.7356399561962613,3.582845214700077,0.6870535735977005,4.0,980.2031432087932,51.00983438628853,1.4917010952278529,4.427525642357431,3.1191619262014125,LOW
2026-09-11 17:00:57.823237,device_0011,route_0036,event_084372,36.23502798759853,76.6319284127003,64.35543730706125,URBAN,RAIN,NORMAL,-0.1325421041768746,-0.1614457240793702,10.009197060071031,0.2982612464768369,0.3647370488490913,0.3585541224173985,0.0289080413824917,-0.0018316161698437,0.0109604182134353,0.0857077640469499,0.1059294496426582,0.1049966601135563,0.4217523872699171,1.05037274304995,0.4762667094027594,9.836065573770492,1173.916838169756,51.962794992449886,0.0,0.0,0.0,UNKNOWN
2026-09-11 14:44:32.023237,device_0024,route_0000,event_002514,28.305452526228663,77.1581643789099,65.02891182106322,ARTERIAL,CLEAR,SEVERE_POTHOLE,0.009437705706683,0.2002530577535988,11.626388983564338,1.0655022572716972,0.6540343572191907,6.76562024863084,0.006406304147357,-0.0533556064933492,0.0504511007074366,0.5968326408262278,0.4609863843021137,0.4260281426719683,7.083706843194996,29.172117927373304,3.6652615293920574,2.0,955.692200394856,52.318099885446266,10.129036804050545,26.463768061603677,22.42586666108796,CRITICAL
2026-09-11 15:41:00.523237,device_0013,route_0001,event_036399,25.40271095768356,76.9694223299484,20.84351583918087,RESIDENTIAL,CLEAR,NORMAL,-0.0404765243071232,-0.1762030206317751,9.655223278470864,0.3764536501062004,0.3087526988570991,0.3389903833960372,0.006334875149291,0.05434330351751,-0.0471925324058514,0.10528506297202,0.1162812046646896,0.1111871783376304,0.3614677720257597,1.120921098973186,0.498923099456186,17.543859649122805,1155.761160906742,49.31814801189647,0.0,0.0,0.0,UNKNOWN
2026-09-11 15:45:07.423237,device_0008,route_0047,event_038868,25.343395371335664,78.24815736094067,9.52027391376094,URBAN,CLEAR,NORMAL,0.142699144958355,0.0255173437338376,9.741527086614257,0.3137798798219324,0.3573040339401332,0.3481163821948802,-0.0443345991843422,-0.0349194392239031,-0.004060989999666,0.108077787693647,0.1007148455872226,0.1029083419882718,0.3511289326362645,0.8402353324670901,0.5106034242132195,19.672131147540984,1174.5210483649005,51.936063712881634,0.0,0.0,0.0,UNKNOWN
2026-09-11 16:17:25.023237,device_0007,route_0002,event_058244,23.815317760488757,79.12285572094692,9.780174617755412,URBAN,CLEAR,NORMAL,0.0267138261297285,-0.0832725892862596,9.62764238162182,0.2983925168001431,0.3176891413568878,0.2849026309932456,0.0174360177262186,0.02875694626993,0.0504656520540553,0.1111689964061619,0.106699151509992,0.0857126115579816,0.3283455189254057,0.8106408076578759,0.4024822361256194,12.280701754385964,1156.3665497149682,49.29232864272136,0.0,0.0,0.0,UNKNOWN
2026-09-11 15:31:01.523237,device_0006,route_0018,event_030409,30.998473302464795,78.42845914174968,10.525132781002783,URBAN,CLEAR,ROUGH_PATCH,-0.0711170945419817,-0.0683084268877687,9.940709580308194,0.6703207194890722,0.6929371427452352,0.7694081642745898,-0.0394977333701657,-0.0389577935620893,0.0084363773674847,0.1975801186473545,0.202114111107682,0.2028160896656787,0.7738103830973057,1.8435801071987683,0.3785028654487318,1.96078431372549,1065.3241472729685,47.87275321839885,0.0,0.0,0.0,UNKNOWN
2026-09-11 16:11:40.023237,device_0008,route_0021,event_054794,27.675777178379068,82.09792903112022,10.91315308006468,RESIDENTIAL,DUSTY,NORMAL,0.1035489608433027,0.0346390254338431,9.742130178556929,0.2905102099765424,0.4051045356217847,0.3328123213350132,-0.0691534352461333,-0.0227242844506036,-0.0164209795486072,0.0853800454657145,0.0862803791204636,0.093859576494575,0.3350270130462646,0.7391185922667436,0.5009721952593722,11.475409836065571,1174.5210483649005,51.936063712881634,0.0,0.0,0.0,UNKNOWN
2026-09-11 15:12:26.923237,device_0027,route_0016,event_019263,30.38337253455261,76.7680655240905,61.82396990796611,RESIDENTIAL,CLEAR,NORMAL,0.129958150307371,0.1106431996752513,9.960960222429213,0.2960543121527926,0.2781785718803813,0.3539311659828856,0.0246011147147529,0.0092837301414895,-0.0042159023689062,0.0975504727509113,0.0824068250571461,0.1055891653749384,0.3927796175571898,1.32150379076678,0.4324332963400015,10.833333333333334,1176.243771850552,51.00983438628853,0.0,0.0,0.0,UNKNOWN
2026-09-11 17:00:11.523237,device_0025,route_0025,event_083909,20.992442946878658,77.04044393914974,38.45826221043736,URBAN,CLEAR,NORMAL,-0.0631467111995013,-0.0293788009014751,9.956719359348858,0.3217076081454679,0.3434338169956871,0.2729306182702007,-0.0037804438728662,-0.0348686953723942,-0.0006979935649835,0.1170621543409346,0.0998313722900309,0.0935397059985218,0.320574678337691,0.8783943681887383,0.4520042845026533,12.5,1191.6511525911126,50.35030585044683,0.0,0.0,0.0,UNKNOWN
2026-09-11 15:25:17.923237,device_0029,route_0038,event_026973,30.45614412395349,78.85036048039377,76.70954163691259,HIGHWAY,CLEAR,NORMAL,-0.2258539474711053,-0.2569624022932479,9.913938303093966,0.2684099367296791,0.2795985130892323,0.2671179841853433,-0.0147858891483209,-0.0254972530550751,0.0160769073727864,0.0943220348265711,0.0897004244748131,0.0977679799981342,0.2953879976108076,0.7969547490844935,0.40022705312125,2.5,1185.4321676861896,50.614452379095,0.0,0.0,0.0,UNKNOWN
2026-09-11 14:52:13.523237,device_0007,route_0027,event_007129,28.42453827019512,77.7085720995762,10.228071093564822,ARTERIAL,CLEAR,NORMAL,0.1624054777653477,-0.0925641179834602,9.568439718340333,0.2559384585657771,0.3325240176262871,0.2708278551728124,0.0422346074285926,0.0303319222333706,0.0079997461944881,0.1042935265708192,0.0891212366381423,0.0882150243090736,0.3500675397137187,0.706044214396341,0.4103676300890809,14.035087719298245,1156.3665497149682,49.29232864272136,0.0,0.0,0.0,UNKNOWN
2026-09-11 14:52:15.023237,device_0021,route_0003,event_007144,28.84940205215328,76.75059025505215,9.574599296688143,URBAN,CLEAR,NORMAL,-0.1109785133191185,0.1192141216664141,9.854976432559043,0.3003614536782718,0.3166536798052907,0.280887350705934,-0.0310426155335586,0.0060007101603117,-0.0250979645956561,0.1062808841196379,0.1103850542394768,0.1168972334219911,0.2883711099427984,0.7776171619969858,0.4013824029752304,9.166666666666668,1182.3087711011192,50.74816449523607,0.0,0.0,0.0,UNKNOWN
2026-09-11 15:56:07.123237,device_0001,route_0004,event_045465,30.863341327334528,80.54592296605706,9.343146923779384,HIGHWAY,CLEAR,NORMAL,-0.1826299284483103,0.1807858380627562,9.947799969774495,0.3117265768589075,0.2836905861552551,0.3122590809718007,-0.0126817656390277,-0.0379677569177022,-0.0502981324896497,0.0982720710432112,0.0911629187803711,0.1028132953952262,0.3496925550108503,1.0640665677933647,0.4010808640820548,7.894736842105263,1147.8114285371462,49.659725093210575,0.0,0.0,0.0,UNKNOWN
2026-09-11 14:43:37.223237,device_0012,route_0009,event_001966,28.51049894181648,77.27837120251039,38.13231442507072,RURAL,CLEAR,ROUGH_PATCH,0.1224065081721524,0.1600152041686698,9.702530160695153,0.6349467532686361,0.5533254445313476,0.8303542827120795,-0.0076706827573586,-0.0178609456463122,0.0450774977261325,0.1992083525778157,0.2581429308000744,0.2622485647416613,0.8386827301760893,1.889785928455524,0.4354955338798571,1.96078431372549,1072.8990595464466,47.53476065265595,0.0,0.0,0.0,UNKNOWN
2026-09-11 15:05:35.823237,device_0021,route_0015,event_015152,27.275431025773997,77.59108377709332,10.808729852243994,URBAN,DUSTY,SPEED_BREAKER,-0.0113345520881087,0.0703524161287722,9.97058925747261,0.2956107375830507,0.2762180346387597,0.3516255825428181,-0.0141330641724468,0.0128247164245245,-0.0149002714497348,0.075598458877989,0.0897201650345993,0.0743912635441122,0.3977025233744631,1.2103431660837352,0.4400975594374608,0.7142857142857142,1379.3602329513055,50.74816449523607,0.0,0.0,0.0,UNKNOWN
2026-09-11 15:12:11.923237,device_0007,route_0000,event_019113,26.86111892911773,76.78099036679076,10.83571966879548,ARTERIAL,CLEAR,NORMAL,0.0547677292234386,-0.0864350409911681,9.614421487050036,0.3044780492116221,0.3260724902036955,0.2735247970967608,0.0275275805920848,0.0129145841553083,0.0187249198332046,0.0770690250221908,0.0980134268600572,0.1177732564679042,0.3254827259757045,0.6991273349304716,0.4196980952058064,0.8771929824561403,1156.3665497149682,49.29232864272136,0.0,0.0,0.0,UNKNOWN
2026-09-11 16:47:21.223237,device_0018,route_0049,event_076206,35.39543569025052,76.02656875384812,10.407432357771391,RESIDENTIAL,CLEAR,NORMAL,-0.046608884802348,-0.2381780789523307,10.00070348589048,0.2927632190519543,0.3654546449717264,0.3265275578841703,0.0332280651282224,-0.027126500820078,0.0284318571787325,0.100593350714527,0.0877635893533745,0.1104291494241141,0.3906081482736738,0.9213300219835076,0.457027421023053,20.833333333333336,1196.452449290308,50.14825289178003,0.0,0.0,0.0,UNKNOWN
2026-09-11 15:33:54.723237,device_0006,route_0036,event_032141,31.555662072895057,77.04455884881287,62.12828034329731,RESIDENTIAL,RAIN,NORMAL,-0.0004786467968044,-0.1190457812305722,9.916221171361794,0.3048080159342231,0.3085587172719758,0.3380890953256427,-0.0273949844934761,-0.0319255384129255,-0.0126230455506013,0.0854700683748816,0.0943158751421995,0.1069997855361324,0.3618118961212765,0.7322134205640207,0.4559122880410217,8.035714285714285,1169.7676911232593,47.87275321839885,0.0,0.0,0.0,UNKNOWN
2026-09-11 15:16:54.023237,device_0025,route_0024,event_021934,28.696256302153028,75.22218135744362,87.78075770055885,RESIDENTIAL,CLEAR,SPEED_BREAKER,-0.3548417530909654,0.037224735759041,10.779439162958054,1.3380315867018535,0.615064505629461,2.1593665842094816,-0.1018513716898039,-0.056944870387791,-0.0404154880234977,0.3521240791602305,0.3686351791743034,0.3444855699672647,2.5577262069512385,8.913458701187082,1.3816116969421035,0.7142857142857142,1390.2596780229646,50.35030585044683,0.0,0.0,0.0,UNKNOWN
2026-09-11 15:47:36.523237,device_0021,route_0036,event_040359,32.2919217959253,76.97982991999754,65.26395726785834,URBAN,WET,NORMAL,0.0024347536196525,0.1004958418568901,9.75645862974658,0.284418235928394,0.2943947078423878,0.2921517605455104,-0.0212498616615489,0.0287200513194588,-0.0112169563629513,0.0968611584289933,0.1057838183342933,0.1120430907205555,0.2935477794430545,0.6851459479053279,0.4282227942140659,17.5,1182.3087711011192,50.74816449523607,0.0,0.0,0.0,UNKNOWN
2026-09-11 16:10:04.723237,device_0000,route_0039,event_053841,33.05849436250843,78.88003470614618,43.58160207886804,URBAN,CLEAR,ROUGH_PATCH,-0.0711932482384792,0.1846988289364493,9.847281764257495,1.1797516584802707,0.7469961811896901,1.0850552859500382,-0.0318309693773161,-0.0555729090460238,-0.0070754314554726,0.2536331271069122,0.2046877096624594,0.154941374701445,1.0897459008061954,2.756335593111187,0.4481793468664891,1.818181818181818,1088.9886895864247,50.50557505871605,0.0,0.0,0.0,UNKNOWN
2026-09-11 14:55:36.823237,device_0023,route_0006,event_009162,27.92860314330445,76.98071735865778,81.873258546704,ARTERIAL,CLEAR,NORMAL,0.1492688496541793,0.0721124208514413,9.869098834705245,0.3078748205610962,0.3070592125960994,0.3185756879444854,0.0015215716738286,-0.0323269899052021,0.038564769332932,0.0844367352570818,0.0999452026618338,0.1015100661850167,0.3295964961500182,0.8223056728420328,0.4449305873401871,5.833333333333334,1182.7936295130366,50.72736147953584,0.0,0.0,0.0,UNKNOWN
2026-09-11 17:06:44.923237,device_0003,route_0049,event_087843,36.42835492811051,75.8589527203811,20.38685058426173,URBAN,CLEAR,NORMAL,0.0414159151115072,-0.1518036899352565,9.60289326287958,0.3065127222524409,0.3051387297994588,0.3357676519506127,0.0514959034623191,0.042577117088139,0.0365545583224351,0.0893717986472087,0.0972820320530412,0.0926098783317647,0.3830492922383663,0.9560124259297478,0.4577690720363551,20.833333333333336,1178.291970417501,50.92116513256079,0.0,0.0,0.0,UNKNOWN
2026-09-11 15:43:03.523237,device_0028,route_0003,event_037629,30.25936477916965,74.39943722357974,86.19875532123925,RESIDENTIAL,CLEAR,SPEED_BREAKER,0.2776868472928948,-0.0792484399047374,10.481332639502002,1.1009348647626735,0.6444230072887449,2.26883287047168,-0.0404936302225029,0.0247565496955327,-0.0315382360617121,0.3523736129277289,0.3297377158801526,0.2841339670819335,2.499272662048566,8.59648298081217,1.3257613332485796,0.7462686567164178,1369.2273556897228,48.932706260641424,0.0,0.0,0.0,UNKNOWN
2026-09-11 16:59:11.023237,device_0024,route_0038,event_083304,34.33508554390909,82.10882244482563,9.927167505960888,RURAL,CLEAR,NORMAL,0.2351376316113285,0.1715199119451184,9.870936260970756,0.281636389772348,0.3252071302695548,0.3170750119001534,-0.0236843916474176,-0.0702231250388685,0.0535420324898488,0.0897792495427969,0.1073023374680277,0.118473796926726,0.3277342503269413,0.9835379229349588,0.4461847201860784,17.21311475409836,1165.9444844817242,52.318099885446266,0.0,0.0,0.0,UNKNOWN
2026-09-11 16:30:47.523237,device_0026,route_0015,event_066269,22.83556711145493,78.78314850743183,9.034742230226849,RURAL,CLEAR,ROUGH_PATCH,0.0249401583427246,0.1657722803758594,9.703939647156597,1.0336034855532976,0.7878867162442612,1.0315863231353162,-0.0094916021332978,-0.0380878345795786,0.0014596822146571,0.2137339042839522,0.1769577609147779,0.2105170879220658,1.0312527938437048,2.608277213928723,0.4278219119523647,1.923076923076923,1054.8211708383528,49.29745575609877,0.0,0.0,0.0,UNKNOWN
2026-09-11 15:38:05.923237,device_0000,route_0038,event_034653,30.984999679545176,79.29483299275263,62.08562108307015,RURAL,RAIN,NORMAL,-0.0738033167427617,0.1637381070874248,9.929943808961587,0.270578879480206,0.2734943677130129,0.3253088730223131,0.0234806000609609,-0.0439105006264483,-0.0278120164692204,0.0857982951668548,0.1000063827379654,0.0972385038565488,0.3535328010936658,0.9737224570959278,0.4040158064384037,16.666666666666668,1187.9876613670087,50.50557505871605,0.0,0.0,0.0,UNKNOWN
2026-09-11 15:50:16.823237,device_0016,route_0027,event_041962,27.102977299008728,80.54868117858594,10.84946400701006,ARTERIAL,CLEAR,NORMAL,0.0195116313207749,0.0478963017524673,9.833107536385048,0.2677234668501595,0.3432808717216385,0.3265012916367177,0.0296552675301612,-0.0388996479654367,0.0517117526650474,0.0867592999692183,0.1088418498661586,0.098176976252912,0.3290916181667995,1.0128041442732858,0.4581303714100508,20.535714285714285,1173.9088107441603,47.70387570777382,0.0,0.0,0.0,UNKNOWN
2026-09-11 15:46:19.623237,device_0003,route_0029,event_039590,26.9068472947856,74.02796203057197,43.27599205942606,URBAN,DUSTY,SEVERE_POTHOLE,0.0051056062098955,-0.0976342448942283,10.670054731445566,0.8055450417538553,0.2857068251252147,4.663383302682679,0.1159072200237174,0.1930597930978629,0.0442068077015581,0.4928713205594982,0.3627315948143014,0.3991892396548476,4.782327170278421,20.083337310491306,2.7811387367396248,1.0,981.9099753479176,50.92116513256079,10.795387723747252,19.850497373114493,26.808161239167745,CRITICAL
2026-09-11 16:55:24.123237,device_0014,route_0026,event_081035,22.98609968684883,81.9615394233454,40.00767598426541,RESIDENTIAL,CLEAR,NORMAL,0.1909211681689358,-0.1042098028663099,9.734281383860733,0.3518095237876594,0.3469350695193271,0.3149178428168581,-0.0291760914011831,-0.0262822263870428,-0.037362437029311,0.110184867264327,0.0847205237885951,0.0945140950051005,0.3199346045493219,0.8009131384609987,0.4908729073609124,18.75,1172.5933011717448,47.75739375624995,0.0,0.0,0.0,UNKNOWN
2026-09-11 14:58:38.623237,device_0025,route_0001,event_010980,27.67689233813397,77.20311963625502,20.88819333736044,HIGHWAY,CLEAR,ROUGH_PATCH,-0.0801422092883901,-0.1199446444149524,9.9344330115706,0.9178455621764222,0.3443923509751528,0.9763313108203588,-0.0228432594091237,-0.0167138857366089,-0.0157747610159124,0.1919082653307058,0.1724531593925997,0.1708425095894744,0.9676721590640562,2.339821768315936,0.4274256622587661,1.818181818181818,1092.3468898751864,50.35030585044683,0.0,0.0,0.0,UNKNOWN
2026-09-11 16:14:10.523237,device_0004,route_0010,event_056299,30.961665753289488,81.68843885846135,55.53041304464017,URBAN,RAIN,POTHOLE,-0.0720519882237349,-0.0593557845328187,9.71175021030237,0.7689123004453877,0.4475387177978357,0.4873513949682715,-0.0267451426894851,0.0074933062195345,0.0671724153285202,0.273531211305719,0.2782528049648843,0.2345985174373057,0.5524202296562315,2.4917768606404174,0.8430189673320897,1.0,995.3506891266368,50.2335513967164,1.569350156561562,2.9635709750016264,2.8254086986785354,LOW
2026-09-11 16:22:55.423237,device_0016,route_0011,event_061548,24.935499592061248,73.07823358407279,58.136236156723314,RESIDENTIAL,CLEAR,NORMAL,0.0308588161666036,0.1042900307339628,9.79192705653874,0.3475325377700413,0.3078264858372783,0.3066693719060564,0.0160557187171628,-0.0464251795764042,0.043693582622665,0.1051069839585098,0.1034582554780224,0.0873460766125574,0.3071752382102306,0.8755920595638003,0.4476568358145977,7.142857142857142,1173.9088107441603,47.70387570777382,0.0,0.0,0.0,UNKNOWN
2026-09-11 17:07:40.623237,device_0004,route_0026,event_088400,22.47789983098158,82.38630733004997,39.99885423809352,RURAL,CLEAR,NORMAL,-0.1740970214369565,0.0418182710378288,9.601435621033952,0.3320751654704343,0.3510445463281205,0.3106621198890615,0.0245333212087132,-0.0294623561880368,0.0090148788208091,0.0985584735817231,0.0816124687005825,0.1025465241230687,0.3646054020975879,1.2387214653521357,0.4869392193946019,21.666666666666668,1194.4208269519645,50.2335513967164,0.0,0.0,0.0,UNKNOWN
2026-09-11 15:54:12.923237,device_0016,route_0036,event_044323,32.646971416840834,76.94838574052817,19.26675868467051,RESIDENTIAL,WET,NORMAL,-0.0868396771257392,0.0342243168113087,9.88192561376178,0.2989057839641494,0.2948629984369632,0.3236764558669398,-0.0209425633978216,-0.027244459146826,0.0387576339383494,0.098878398488804,0.1158408163157314,0.0961077934814879,0.3381802203784212,0.8567614674327402,0.4516210115695757,10.714285714285714,1173.9088107441603,47.70387570777382,0.0,0.0,0.0,UNKNOWN
2026-09-11 16:12:21.323237,device_0027,route_0027,event_055207,26.600454777477168,81.62886104013056,9.925900028083344,ARTERIAL,CLEAR,NORMAL,0.0580609965320353,0.1490096475352998,9.9851724225041,0.3729498874833665,0.300818144313997,0.2872474353666641,0.0447847541879473,0.0108160766915055,-0.0020018566479206,0.0940158636695884,0.1042035998926651,0.0997496586527095,0.3468720317157059,0.7596709139279252,0.4797584737641481,11.666666666666668,1176.243771850552,51.00983438628853,0.0,0.0,0.0,UNKNOWN
2026-09-11 16:09:33.323237,device_0009,route_0043,event_053527,23.781346890870743,76.45345554760797,10.429912533674266,URBAN,CLEAR,NORMAL,-0.0926728414195166,0.1036264597420494,9.864461714275125,0.3469250480487832,0.2857514059373386,0.2941106476445703,0.0107647967843206,0.0231026841117811,0.0086758681205944,0.1037667034528916,0.1057644815887188,0.0937982259487121,0.3063951200804282,0.7465031382088814,0.4531589704482677,12.5,1175.8012798150014,47.62709563372047,0.0,0.0,0.0,UNKNOWN
2026-09-11 15:25:17.623237,device_0000,route_0031,event_026970,26.26176839483873,78.0899940878853,20.257006618636403,URBAN,CLEAR,NORMAL,-0.0426593954637748,0.1673835397179642,9.89568549972873,0.290791547446795,0.326701641531391,0.3157177049977322,-0.0050718331327473,-0.0475177444000094,-0.0497893196267018,0.1007565564599309,0.0978884182590422,0.1100940059352742,0.3330459080833959,0.7271936643910859,0.4265153818062298,11.666666666666668,1187.9876613670087,50.50557505871605,0.0,0.0,0.0,UNKNOWN
2026-09-11 16:42:22.323237,device_0013,route_0046,event_073217,34.948817100547174,79.14392996497821,77.8167497439612,HIGHWAY,CLEAR,NORMAL,0.0089638180472238,-0.2337225434355161,9.66802169551069,0.2810923376534652,0.3406636674116057,0.3083202893659223,0.00675713533997,0.0276066115478122,-0.0291721946438268,0.1000487148811209,0.1022439541610038,0.1159075170833957,0.3285042178457651,0.8524829951182635,0.4404276591051588,1.7543859649122806,1155.761160906742,49.31814801189647,0.0,0.0,0.0,UNKNOWN
2026-09-11 16:30:09.623237,device_0023,route_0020,event_065890,24.452582192743723,72.95582505216655,79.64239229771059,HIGHWAY,CLEAR,NORMAL,0.1137096024637511,0.0590217142022871,9.833963325958134,0.269290745764076,0.3162464116326672,0.3561806984455872,0.0015290559863145,0.0057057666071772,0.0399557371072676,0.0789477072416904,0.0893834475772585,0.0831076246056475,0.3601037249561848,0.8151068243553166,0.4658677482543468,24.166666666666668,1182.7936295130366,50.72736147953584,0.0,0.0,0.0,UNKNOWN
2026-09-11 15:50:42.723237,device_0019,route_0042,event_042221,32.34448759520339,77.59135546430858,61.74348613985151,URBAN,CLEAR,NORMAL,-0.2048852108723028,0.1336659372975537,9.94979144852324,0.3118517423312297,0.3218231503751202,0.3084224669650495,0.0373858464974442,-8.496804598160598e-05,0.0020971012718257,0.1256646236071688,0.0899614316966501,0.0930173072373212,0.3468350233265108,0.809227054674853,0.4649584110991058,22.13114754098361,1174.5353318231532,51.93543212132559,0.0,0.0,0.0,UNKNOWN
2026-09-11 17:23:27.123237,device_0026,route_0006,event_097865,20.41193610925396,74.30898253264685,9.193821575697257,URBAN,CLEAR,SPEED_BREAKER,0.012927597494502,0.2309096782657979,9.767460082164058,0.2888468255305853,0.2705126503196624,0.4795488601612995,0.0066958706225032,0.0421204761611966,0.008821592368585,0.0751197548359773,0.0618044382871341,0.077413736709819,0.4814333639975995,1.910544100380509,0.4099513463602725,2.238805970149253,1359.0965085801854,49.29745575609877,0.0,0.0,0.0,UNKNOWN
2026-09-11 15:00:45.623237,device_0007,route_0003,event_012250,29.08571347990494,76.35680599256605,20.81805459196499,URBAN,RAIN,NORMAL,0.1641821097391074,-0.1748183681639556,9.581653064925211,0.3350622692993862,0.3327472650829197,0.3548407755473569,0.0390003738093543,0.0064345891640003,0.0207195437098693,0.0995940866394638,0.0939478772740876,0.0960894075062902,0.4096879372560624,0.8620649892093883,0.4890263641763848,4.385964912280701,1156.3665497149682,49.29232864272136,0.0,0.0,0.0,UNKNOWN
2026-09-11 16:36:04.223237,device_0029,route_0024,event_069436,28.71984173983909,70.95030448749964,39.92596271298999,URBAN,CLEAR,NORMAL,-0.170215062379263,-0.1907548631557013,9.846302587957938,0.3346575821299082,0.2815919537886237,0.2690902246205749,0.0015695067780012,-0.0197268106265618,-0.0052827180544369,0.1032682438711188,0.1006774131129109,0.0988590675684425,0.2774446770853548,0.6626700769996567,0.4013142058470048,21.666666666666668,1185.4321676861896,50.614452379095,0.0,0.0,0.0,UNKNOWN
2026-09-11 15:44:23.823237,device_0020,route_0019,event_038432,30.04483671402888,73.9371776007015,9.11596316899134,URBAN,DUSTY,NORMAL,0.0047781001654887,-0.1844441212174642,9.584576720551096,0.3121614109891178,0.2676002720966042,0.2869239301182849,0.0621549282625084,0.011082389238531,-0.0622337432430351,0.1047913848006153,0.0997247041034731,0.1062203301707435,0.3505300157895038,0.8825442645757455,0.4324148333168325,3.571428571428571,1178.3195617621582,47.52530791923109,0.0,0.0,0.0,UNKNOWN
2026-09-11 15:48:29.523237,device_0017,route_0029,event_040889,26.852386583991397,73.92467549331958,20.319062746182382,HIGHWAY,CLEAR,POTHOLE,0.0175922147754826,-0.1714829556340574,10.027640405059405,0.4398299778763772,0.3251404208669758,1.6555130492280363,-0.0177739955276134,0.0109702911076722,-0.0258088062839808,0.1193369164172263,0.1253218307080308,0.108728380966738,1.6834949850872514,6.933889830284251,1.4216373483263018,20.0,958.1545187804944,52.18364994368368,11.92626560230185,19.080474518866737,26.907659266305977,CRITICAL
2026-09-11 15:32:00.423237,device_0023,route_0015,event_030998,25.89923810747047,77.96061278046173,10.95136806313378,URBAN,CLEAR,NORMAL,0.0601663017125461,0.0606671003477822,9.855767766087553,0.3068069036215542,0.3018860014914311,0.3573546282377519,-0.0253272453901504,-0.0144910018940363,0.0287251001861976,0.1019652747356646,0.087353499195412,0.0881874304235421,0.3625069340728486,0.8396890028214603,0.4785061470750082,18.333333333333336,1182.7936295130366,50.72736147953584,0.0,0.0,0.0,UNKNOWN
2026-09-11 16:13:55.123237,device_0026,route_0011,event_056145,25.25673046479533,73.44288390141432,56.17009858827545,SERVICE_ROAD,WET,POTHOLE,0.0795181714413308,0.2919332224566211,9.812741057819368,0.2976115203734949,0.6196706766445355,0.9795447200213314,-0.0377964458481207,0.0216075329777211,-0.0065573088038563,0.2540679546730418,0.2689226442417963,0.2544585888219734,1.0399759058232012,5.113217540479049,0.8211772558832223,1.0638297872340423,953.396058257742,49.29745575609877,3.50101891159005,7.507472474808704,6.892900167066518,MEDIUM
2026-09-11 17:19:21.923237,device_0022,route_0039,event_095413,36.565482315003685,80.175362172831,10.920286532624065,URBAN,DUSTY,NORMAL,0.0468864736113322,0.1382490893550482,9.643556318506318,0.2960072876198695,0.3649709483047789,0.3227513660659624,-0.0098717357171528,-0.0251889651385138,-0.0543771015200146,0.1093885619918005,0.0856248841741449,0.1061536924792288,0.3563207861285281,0.9048732587501204,0.4614376834107315,14.75409836065574,1173.9747253078074,51.96023277588557,0.0,0.0,0.0,UNKNOWN
2026-09-11 15:17:16.123237,device_0018,route_0013,event_022155,30.445434630205007,77.99643192273724,10.31456843424811,URBAN,WET,NORMAL,-0.0586016619916882,-0.1882092872784681,9.920760607591657,0.3371323105914822,0.3496371344188717,0.3613370130195706,0.0314354863201389,-0.0006813674555352,0.0256389160927012,0.1075024250203449,0.1072453581234839,0.0999695559553152,0.3832800498056364,0.9971162981204084,0.4833457926730638,12.5,1196.452449290308,50.14825289178003,0.0,0.0,0.0,UNKNOWN
2026-09-11 15:09:41.923237,device_0014,route_0020,event_017613,27.445593943278368,76.10092120830656,54.79158623196677,RURAL,CLEAR,NORMAL,0.1588265210761063,-0.168380442291722,9.792197453261124,0.3220940697237385,0.2950743850885834,0.3189679957471004,-0.0254744467373142,-0.0321945758185163,-0.0548743789915892,0.0906893596039446,0.1087787107017177,0.0820323029047647,0.3169864691711193,0.9544172974929186,0.4362641476206472,6.25,1172.5933011717448,47.75739375624995,0.0,0.0,0.0,UNKNOWN
2026-09-11 16:14:24.923237,device_0023,route_0016,event_056443,33.627926736864325,75.9608562909782,43.31770649410473,RURAL,CLEAR,NORMAL,0.0671866616510145,0.0354205269342239,9.887951207512945,0.3151609130172072,0.3022383927881868,0.2653816152358015,-0.0122466770508393,-0.0139048363430575,0.0316526090277751,0.1054408624063139,0.1036473411421962,0.0982202845164046,0.2811048372429394,0.7882954579209258,0.4399140551006731,21.666666666666668,1182.7936295130366,50.72736147953584,0.0,0.0,0.0,UNKNOWN
2026-09-11 17:24:20.523237,device_0021,route_0034,event_098399,26.125957016969288,68.75647989327703,9.214919507518234,HIGHWAY,RAIN,SPEED_BREAKER,0.0079338249241854,0.0522614828266913,9.912604535441549,0.3033924387101405,0.2875965611791327,0.5732766662328417,-0.027316644685061,0.0157481213884348,-0.0284083507989782,0.0832991922965925,0.0672670758319304,0.0911663840200911,0.5858501378889838,2.390935166088134,0.6180588814068495,13.57142857142857,1379.3602329513055,50.74816449523607,0.0,0.0,0.0,UNKNOWN
2026-09-11 15:20:25.823237,device_0006,route_0014,event_024052,30.531477140755047,76.43276260811726,39.38025901019016,ARTERIAL,WET,NORMAL,-0.0635127622184212,-0.0595208077860942,9.893105319188448,0.3036505148018469,0.2735846964226346,0.2713222258384549,0.0214679351904482,-0.0285461667315497,-0.0165001887112575,0.0979743722161949,0.1072250398914335,0.1061209945040472,0.2891729771316503,0.5595433962272427,0.4083855583947378,22.32142857142857,1169.7676911232593,47.87275321839885,0.0,0.0,0.0,UNKNOWN
2026-09-11 16:04:04.823237,device_0019,route_0023,event_050242,26.148029968704364,81.06699194388578,19.80949322543093,URBAN,CLEAR,NORMAL,-0.1431599618546557,0.0670166020298967,9.956886987123283,0.3040413715000146,0.3038428851276003,0.3510729265816239,-0.0059509280822015,-0.0139496314677497,-0.0091326588146676,0.0999355235688772,0.0858363379278426,0.1157095053044888,0.3878679111825027,1.2369516746009026,0.443651986473371,21.311475409836067,1174.5353318231532,51.93543212132559,0.0,0.0,0.0,UNKNOWN
2026-09-11 16:18:40.423237,device_0000,route_0032,event_058998,31.8888849848664,81.28355250110309,43.56421012720234,HIGHWAY,CLEAR,NORMAL,-0.0744909691044999,0.2163848521685578,9.847794965344342,0.3212274397623539,0.322636406134778,0.3106309677563003,0.0123987794926715,-0.0487720584416794,-0.021714746848315,0.0901232431830031,0.0990450447855819,0.0997113742343819,0.3161982833756065,0.8361141631044475,0.4669400041299433,14.166666666666668,1187.9876613670087,50.50557505871605,0.0,0.0,0.0,UNKNOWN
2026-09-11 15:32:35.023237,device_0029,route_0013,event_031344,31.191773786698764,78.35096721014901,19.713256435646752,URBAN,CLEAR,NORMAL,-0.1954234915449612,-0.178459334336449,9.856060429575196,0.3120122126297344,0.3249747485982092,0.3081368295832388,0.0188511362219146,-0.0520829894665627,-0.0037111278025954,0.0969712279035421,0.0991130643204378,0.0985895578716302,0.3149919972724548,0.7680318005622375,0.4537585751552154,2.5,1185.4321676861896,50.614452379095,0.0,0.0,0.0,UNKNOWN
2026-09-11 16:22:24.723237,device_0015,route_0014,event_061241,33.64292898932691,75.20620061135448,57.58842137223149,RURAL,CLEAR,NORMAL,0.2361349318045048,-0.0803491967190229,9.627354581901372,0.3254508277894138,0.2927229687094636,0.3296823467127946,0.0036366440650773,0.0417057007747963,-0.0352483582916569,0.0969763437567047,0.0898081668231803,0.0984189124803295,0.3673489104836492,0.7768978390257448,0.4537200211111432,18.421052631578945,1170.7151707482878,48.688187719962,0.0,0.0,0.0,UNKNOWN
2026-09-11 17:14:33.523237,device_0021,route_0015,event_092529,20.554849711984357,79.39561579947215,80.90093745793821,RESIDENTIAL,CLEAR,NORMAL,0.007890876084069,0.0339465533492086,9.81353909479601,0.3021869624572149,0.2935112928246361,0.2851454596347137,-0.0293144038761255,0.0379592114945786,-0.0426705097012936,0.1034014928287066,0.1003003098006359,0.0983947170635086,0.2838020650257046,0.714804967305394,0.4259229085790721,9.166666666666668,1182.3087711011192,50.74816449523607,0.0,0.0,0.0,UNKNOWN
2026-09-11 16:55:03.423237,device_0024,route_0026,event_080828,23.000209715780844,81.94967860851054,37.63540071696004,URBAN,CLEAR,NORMAL,0.1957458055065872,0.1284919749632476,9.938132277796855,0.2846899705856887,0.2927294336979205,0.2789448386587633,0.0007758888119911,-0.0540633328360018,0.0459226924744458,0.1129226987588555,0.0997198900997298,0.1158008650874599,0.316253907400344,0.9622226651344352,0.4008416687301627,10.655737704918034,1165.9444844817242,52.318099885446266,0.0,0.0,0.0,UNKNOWN
2026-09-11 16:06:33.123237,device_0015,route_0038,event_051725,32.16056797011998,80.28202126420415,20.05164521610832,URBAN,CLEAR,NORMAL,0.2045630480082264,-0.0895496708391534,9.68889050871512,0.3622254648445429,0.2860989931131789,0.3313160201218704,-0.0053990938396607,0.0573733554252973,-0.0363062544650132,0.0916204719869391,0.1108269690142358,0.1087826783836025,0.3461476308576893,0.8348722604503962,0.447502103073589,5.263157894736842,1170.7151707482878,48.688187719962,0.0,0.0,0.0,UNKNOWN
2026-09-11 15:36:48.523237,device_0006,route_0021,event_033879,28.051730206949117,80.25511074332843,37.63263623378258,URBAN,CLEAR,NORMAL,0.0090930010650804,-0.1128010978910642,9.96767919950716,0.3030999068361087,0.316648083397695,0.2395413013839683,-0.0154659702578939,-0.0327935249141444,0.0075954334237757,0.1249272387825509,0.0955377081226472,0.1025713071259524,0.2991521917554147,0.8988735370439329,0.3912513884066305,1.7857142857142856,1169.7676911232593,47.87275321839885,0.0,0.0,0.0,UNKNOWN
2026-09-11 16:58:41.223237,device_0007,route_0014,event_083006,35.46384613257481,74.48814822633577,56.62230255838744,HIGHWAY,WET,NORMAL,0.0555353085488176,-0.1477399280537543,9.658274983009177,0.3239558003272548,0.2973391704192652,0.2979862449395717,0.0514064439920363,0.0170398859383632,0.0208299356281707,0.1205959924027681,0.0940377141141808,0.087054027598488,0.3236540927815535,0.7648092553466803,0.4545287740630127,8.771929824561402,1156.3665497149682,49.29232864272136,0.0,0.0,0.0,UNKNOWN
2026-09-11 16:43:31.423237,device_0016,route_0046,event_073908,35.00844683658548,79.16133317180865,76.92606213287013,ARTERIAL,CLEAR,NORMAL,-0.0811799471431848,0.0075779450446459,9.833710657350691,0.2623310210543924,0.2849644222660518,0.310906283145987,-0.0069431761477923,-0.0154792825419052,0.0369739568620831,0.1194403527466437,0.1067764866361847,0.1054953285661086,0.3155659577706065,0.7728581269122099,0.3980414463202323,23.21428571428571,1173.9088107441603,47.70387570777382,0.0,0.0,0.0,UNKNOWN
2026-09-11 16:32:25.223237,device_0016,route_0017,event_067246,33.42821799934501,80.70149012749638,64.55582071727224,RESIDENTIAL,CLEAR,NORMAL,-0.0598981966530178,0.0513371945805564,9.86434289201559,0.3262183970836191,0.267694598054293,0.285600327777892,-0.0070516677399619,-0.0358185892075417,0.011597546875124,0.1017575041246369,0.0915347482756749,0.0824213844346073,0.2932547154829505,0.7720452484371112,0.4199762626247668,15.178571428571429,1173.9088107441603,47.70387570777382,0.0,0.0,0.0,UNKNOWN
2026-09-11 17:08:21.323237,device_0021,route_0020,event_088807,23.03172499354181,71.46276548276754,58.24150405738525,HIGHWAY,CLEAR,NORMAL,-0.0353553826230291,0.0156467408535322,9.849091749215038,0.3156966555615382,0.3276634907256027,0.368387534386096,-0.0169053068928299,0.0160407950260953,-0.0144525613912685,0.1205697094773596,0.0936006465789325,0.1125295550996485,0.3724257927545905,0.8408014168146121,0.4512739385406106,7.5,1182.3087711011192,50.74816449523607,0.0,0.0,0.0,UNKNOWN
2026-09-11 15:02:12.723237,device_0027,route_0039,event_013121,29.62302275333957,77.61153412312862,18.705550498761863,URBAN,CLEAR,NORMAL,0.1291353963767622,0.1994999451081004,9.98625065405256,0.3510713591237149,0.3281043866099797,0.2915662070171567,0.0556516463858269,0.0082162777028663,-0.0080873262649067,0.099035979660622,0.1068804602420756,0.1027453470136392,0.3553802482131195,0.703700526230369,0.4712661033168697,9.166666666666668,1176.243771850552,51.00983438628853,0.0,0.0,0.0,UNKNOWN
2026-09-11 14:54:06.323237,device_0013,route_0008,event_008257,29.228546748759605,77.34387833848095,9.835929009483149,SERVICE_ROAD,CLEAR,NORMAL,0.0249950983466616,-0.1275292309048115,9.59835279648687,0.2455268412363168,0.322246558253372,0.2774077149624985,-0.017386974633065,0.0327576126845926,-0.0241686563636103,0.0897858515477669,0.1161325671105445,0.1043085869690046,0.3376689558496604,0.7274528069514936,0.4155556638104989,17.543859649122805,1155.761160906742,49.31814801189647,0.0,0.0,0.0,UNKNOWN
2026-09-11 17:15:58.623237,device_0012,route_0043,event_093380,20.251670500817344,75.83267584919354,55.52100468431145,URBAN,CLEAR,NORMAL,0.082549109099081,0.2230066512960917,9.77654506255897,0.3942003455029985,0.348909708777336,0.3238204698254497,-0.0418531903840787,-0.0579692923276675,-0.0224308427436297,0.0865564034255783,0.0894888404310765,0.0962162871596863,0.3242934472513892,0.9032268214622244,0.4983908747930692,17.857142857142854,1178.0852418549218,47.53476065265595,0.0,0.0,0.0,UNKNOWN
2026-09-11 15:03:32.023237,device_0020,route_0031,event_013914,27.35771653257698,77.66818710265544,65.32139742344881,RURAL,WET,NORMAL,0.0049897944230455,-0.2297566420808058,9.698661523549008,0.3368016599229856,0.3246226034081007,0.3077636316891953,0.0535951450135195,0.0137479501813335,-0.0470053197193659,0.0977797094959158,0.0922436124476303,0.0964273671985012,0.3196854332311073,0.7558467859971838,0.4596438511284584,11.607142857142856,1178.3195617621582,47.52530791923109,0.0,0.0,0.0,UNKNOWN
2026-09-11 15:31:50.823237,device_0029,route_0013,event_030902,31.156073265882515,78.33394398683707,10.699831521494986,RESIDENTIAL,CLEAR,NORMAL,-0.1961716063817991,-0.1820468892058759,9.867590125547457,0.3783404366062196,0.3132279367493092,0.3685974506427407,0.006568089870225,-0.03379815162955,-0.0025960971791515,0.09843578237182,0.1109023463672593,0.1016216318618432,0.3782716684312965,0.8705074863637918,0.499741131658618,10.0,1185.4321676861896,50.614452379095,0.0,0.0,0.0,UNKNOWN
2026-09-11 16:41:46.423237,device_0008,route_0010,event_072858,31.652697723763133,83.00769652352416,41.871725635698105,ARTERIAL,CLEAR,NORMAL,0.2269594767207894,0.0239933399129313,9.803013610703148,0.303685137895647,0.305433770562616,0.3129251917856339,-0.0532297200968205,-0.0396992831108978,-0.0226109789692539,0.1021869575351341,0.0961080085828179,0.1047167896126552,0.3116733076275294,0.7553373169379718,0.4378019632793445,13.934426229508198,1174.5210483649005,51.936063712881634,0.0,0.0,0.0,UNKNOWN
2026-09-11 15:14:09.823237,device_0026,route_0012,event_020292,26.76426575768001,77.19825281028986,39.76082485799259,RURAL,CLEAR,SPEED_BREAKER,0.025533712131842,0.2271099185988163,9.989185416669534,0.7261422868597266,0.4528215390246278,0.8850126364743723,0.0177043613899178,0.0381516293359765,0.0320142394561451,0.1867850353915122,0.1677257269243815,0.15065748012577,0.9771825657543286,3.708943824354904,0.9113832642311738,1.4925373134328357,1359.0965085801854,49.29745575609877,0.0,0.0,0.0,UNKNOWN
2026-09-11 16:17:17.623237,device_0001,route_0005,event_058170,25.826124265418777,72.83145042367698,78.9785428089674,RURAL,CLEAR,NORMAL,-0.1904735925783872,0.1573834237072896,9.926677675350415,0.3038714380323423,0.2618923032745134,0.2931885595139266,-0.0180599851896691,-0.019447834730299,-0.0167256961164693,0.0869833349860939,0.0857237621424681,0.1164916369277696,0.3242172577883306,1.0123128595802855,0.3815365530798912,3.508771929824561,1147.8114285371462,49.659725093210575,0.0,0.0,0.0,UNKNOWN
2026-09-11 15:15:15.523237,device_0009,route_0022,event_020949,30.54478323066985,77.1580688742811,20.266535116152937,RESIDENTIAL,WET,NORMAL,-0.1440329016224279,0.1251665604672444,9.910876698281312,0.3142948781231556,0.3184525568059966,0.2956483003522589,0.0015780631888198,0.0526982927584657,0.0069218242686279,0.1024208174409699,0.0918957459755854,0.1211875209689586,0.3205858623529024,0.932889930328141,0.4694867691205336,20.535714285714285,1175.8012798150014,47.62709563372047,0.0,0.0,0.0,UNKNOWN
2026-09-11 15:41:30.023237,device_0016,route_0049,event_036694,31.888378945766508,76.5958099777392,10.417057292180209,URBAN,CLEAR,NORMAL,-0.0126585347874056,0.1158376780617463,9.874277434204416,0.2808479320224691,0.3414586882170032,0.2825441480754893,0.0022293834383219,-0.032997087063525,0.0425551537404174,0.0961788505231076,0.1127987290845207,0.1119216970286497,0.2970207269743621,0.6738472580636241,0.4383000593787841,19.642857142857142,1173.9088107441603,47.70387570777382,0.0,0.0,0.0,UNKNOWN
2026-09-11 14:54:33.123237,device_0020,route_0026,event_008525,27.989548810744704,77.77977741466087,19.064149366124465,HIGHWAY,CLEAR,SPEED_BREAKER,0.1251643829414817,-0.1356054305562354,9.869873164112896,0.3829443498361183,0.2850864445307418,0.7093378827902668,0.0332990903677324,0.0080580109346662,-0.0342658957876509,0.1001689554999163,0.0943856996619545,0.0889275746729523,0.7233396553372458,3.746828180129702,0.578841048738225,0.7575757575757576,1388.7337692196863,47.52530791923109,0.0,0.0,0.0,UNKNOWN
2026-09-11 16:50:47.723237,device_0027,route_0002,event_078271,22.145005445138636,79.79660506011368,79.27404333927223,ARTERIAL,RAIN,POTHOLE,0.0468889394020891,0.0244206335766912,10.090163054862613,0.5859880520869261,0.6449607756056492,0.832905507335487,0.0869078232070705,0.0653061177719325,0.0401973616374593,0.3720163974411358,0.4448781089438828,0.2529716493693539,0.957134527973378,4.526149847630563,0.852231770176174,1.0,980.2031432087932,51.00983438628853,1.694894185027572,2.641303323487421,3.5083366718550275,LOW
2026-09-11 16:49:20.823237,device_0016,route_0039,event_077402,35.046033102707625,79.61423193207698,18.12511410989625,ARTERIAL,CLEAR,NORMAL,-0.0609959596649149,0.0415750808096794,9.876087700642175,0.2591539246546081,0.2904079079700729,0.3417109150230047,0.0062074604169045,-0.0581922826013726,0.0493695222458441,0.1052195993856782,0.0994601727488372,0.0976138093707348,0.351093946853957,1.017941798103145,0.4325220981208737,22.32142857142857,1173.9088107441603,47.70387570777382,0.0,0.0,0.0,UNKNOWN
2026-09-11 16:49:45.723237,device_0024,route_0036,event_077651,35.632824560703014,76.68509655828797,21.88031978715634,RESIDENTIAL,WET,NORMAL,0.1842595141361618,0.146895972460975,9.87918627672317,0.3043702675025775,0.3687997237530793,0.3026422573132462,-0.0018383031863035,-0.0451293657918865,0.0405470718288204,0.0900085075297554,0.0899098832146604,0.0990764557257041,0.3162662170608285,0.7231467903985553,0.4468336187823714,15.57377049180328,1165.9444844817242,52.318099885446266,0.0,0.0,0.0,UNKNOWN
2026-09-11 17:26:44.223237,device_0009,route_0018,event_099836,36.627810147978295,81.12891782692611,9.884132674804494,URBAN,CLEAR,SPEED_BREAKER,-0.1491713353781225,0.087200620473398,10.038117123879966,0.3444346232661004,0.3038202365462217,0.5074891740298624,-0.0011205022101225,0.0349006003037147,0.0059995482169999,0.0750462613786081,0.0656288247640635,0.0871856704941814,0.5689544916516733,2.151565974973945,0.5237287118248777,17.424242424242426,1385.7657940676804,47.62709563372047,0.0,0.0,0.0,UNKNOWN
2026-09-11 17:14:07.723237,device_0021,route_0049,event_092271,36.82137161281427,75.7951769385867,40.52024925667412,HIGHWAY,CLEAR,NORMAL,0.024522274135571,0.0729697843739103,9.780241430522558,0.2667642569492865,0.3322062199030339,0.3523454400095234,-0.0201684399538213,0.0384055947500143,-0.0389700757446943,0.0849801886169726,0.0948130588907704,0.0923160483961277,0.3533080552604226,1.0443307922797285,0.4526623545585574,6.666666666666667,1182.3087711011192,50.74816449523607,0.0,0.0,0.0,UNKNOWN
2026-09-11 15:29:58.123237,device_0027,route_0027,event_029775,27.565224202440003,79.55503395227369,87.48064259840946,HIGHWAY,CLEAR,NORMAL,0.1633904562292705,0.1313896401177743,9.954876983533657,0.308078862268172,0.2730467936280546,0.2752272573832994,0.0261648516605447,0.0135393440347158,0.0002343508107695,0.0908253366132529,0.0995327693273211,0.1157104119990775,0.3214512360522187,0.746581196456054,0.3815914813198157,3.333333333333333,1176.243771850552,51.00983438628853,0.0,0.0,0.0,UNKNOWN
2026-09-11 15:38:21.323237,device_0021,route_0024,event_034807,28.702828932638976,74.0645602744971,87.96691272739615,RURAL,RAIN,NORMAL,0.0866659291845708,0.072304265459579,9.903018583468317,0.2909438499754219,0.330413492638644,0.3265445976010876,-0.0254333616215493,0.0288262571099682,-0.0308880400224961,0.1041017753806977,0.0995234350751603,0.1050138463675356,0.3476472063148471,0.7904864061307482,0.436426365335796,20.833333333333336,1182.3087711011192,50.74816449523607,0.0,0.0,0.0,UNKNOWN
2026-09-11 15:08:29.123237,device_0012,route_0034,event_016885,28.116181592434938,75.81189557395068,19.41365576002129,HIGHWAY,WET,NORMAL,0.051326033658062,0.1000638993773028,9.693705354130271,0.3460775744198166,0.3583769627183542,0.3545926176676599,-0.0674561787745137,-0.0067574338518928,0.0010771650063937,0.1110787942538645,0.0866308157561648,0.0968082670810975,0.3613272994677861,1.264077370506655,0.4942409648170221,12.5,1178.0852418549218,47.53476065265595,0.0,0.0,0.0,UNKNOWN
2026-09-11 16:03:38.923237,device_0024,route_0015,event_049983,24.25019410543372,78.40331546346285,10.75597284785685,RESIDENTIAL,CLEAR,NORMAL,0.1678872373208104,0.1440883393256943,9.979211782248344,0.34068341927437,0.3074902378130309,0.322120057821618,0.0055770294323202,-0.0549910337536382,0.0361470486502033,0.1012247666162391,0.1078755595009111,0.1094303533931934,0.3737748819375341,0.8588381642511518,0.4829859629981863,9.836065573770492,1165.9444844817242,52.318099885446266,0.0,0.0,0.0,UNKNOWN
2026-09-11 16:24:42.023237,device_0003,route_0035,event_062614,24.56728855772454,81.30623637582428,57.009550775489465,RESIDENTIAL,CLEAR,NORMAL,0.0803322623451062,-0.0838476839094,9.58916523353847,0.3021055578044013,0.2899937752415788,0.2779762018934862,0.0535569154818152,0.0144277611788232,0.0388724137062244,0.1098636616963464,0.1072989551137774,0.1184902298670304,0.3446847533278288,1.2606614334851205,0.4067169976045396,5.833333333333334,1178.291970417501,50.92116513256079,0.0,0.0,0.0,UNKNOWN
2026-09-11 15:04:03.423237,device_0002,route_0021,event_014228,28.405277794953637,78.52336289739696,83.29967450098349,SERVICE_ROAD,CLEAR,NORMAL,-0.0023682519256065,-0.1354167796987235,9.672917197557782,0.2875420231790326,0.3683398568692663,0.2324021787664179,-0.0237625659198554,-0.0044221201153721,0.0511183256519563,0.1155037148302728,0.0904397858265234,0.084210288166809,0.2587615976176243,0.6465626198992567,0.4107637677306855,9.166666666666668,1189.0117987248957,50.46207284431021,0.0,0.0,0.0,UNKNOWN
2026-09-11 16:07:18.223237,device_0018,route_0023,event_052176,26.05397621033028,81.21351127086642,21.9180377417398,RURAL,DUSTY,NORMAL,-0.1136399123735389,-0.1736316173615766,9.977055831355614,0.310174595778264,0.3749997085597588,0.3220814081873215,0.0292871737840281,-0.0152711391185456,0.0080548762663943,0.0909919231167298,0.1100837205650601,0.0976291984297675,0.3754809618373,1.1845117006594013,0.4670263504321071,22.5,1196.452449290308,50.14825289178003,0.0,0.0,0.0,UNKNOWN
2026-09-11 14:53:43.423237,device_0026,route_0022,event_008028,29.38463110445235,77.2272875077466,65.07707715765896,HIGHWAY,CLEAR,NORMAL,0.024719657009458,0.222670879379216,9.734290745526522,0.360228201011688,0.3289900341561901,0.3393106203910793,0.0098058406095922,0.0394174261704749,0.0326772475880905,0.0866825460538602,0.0984309311220776,0.1030743099206617,0.3448067383194895,1.0806575298497147,0.5012281004778922,20.175438596491222,1156.2462834189637,49.29745575609877,0.0,0.0,0.0,UNKNOWN
2026-09-11 15:28:32.723237,device_0022,route_0006,event_028921,26.25410471608146,76.3854102656693,10.200813403733886,RESIDENTIAL,CLEAR,NORMAL,0.0318022670698311,0.0304992725142606,9.661638700329288,0.3279902049188114,0.3249908163848136,0.3152220821944956,-0.0031518124874577,-0.044576608739067,-0.0359505633392549,0.0960037095963839,0.0989061060028682,0.1011194772355469,0.3389657245934303,1.148731649123336,0.4747442302612918,11.475409836065571,1173.9747253078074,51.96023277588557,0.0,0.0,0.0,UNKNOWN
2026-09-11 16:36:02.523237,device_0024,route_0038,event_069419,33.37891961427733,81.30582595516528,18.37443012589836,RURAL,CLEAR,NORMAL,0.1411316889678023,0.1911187698406537,9.919820691806086,0.363173496920764,0.2745657642419582,0.3038017324417392,0.0026940955442726,-0.0220035580752749,0.0492427151831598,0.1120222102643264,0.1026725018667501,0.0974218678978395,0.3324167501981898,0.6881754943452272,0.4677325805880379,13.934426229508198,1165.9444844817242,52.318099885446266,0.0,0.0,0.0,UNKNOWN
2026-09-11 16:38:21.723237,device_0013,route_0028,event_070811,24.398519377138445,72.53151524899111,9.242517553900209,URBAN,CLEAR,SPEED_BREAKER,-0.0893722936908768,-0.2250517188515907,9.806425179800366,0.3325166285062658,0.3304990253990527,0.5058604785283288,-0.0157525118163099,0.0481194254077987,-0.0028374316875034,0.0676991841667621,0.0732636753690325,0.0621647402582835,0.5075181568557233,2.135324049778708,0.5019472905736544,0.7462686567164178,1358.5262768552934,49.31814801189647,0.0,0.0,0.0,UNKNOWN
2026-09-11 15:37:36.923237,device_0002,route_0000,event_034363,25.53399042864476,76.43480573113706,18.41713661178566,URBAN,RAIN,SPEED_BREAKER,0.034981257791639,-0.1011988904098519,9.918745006333664,0.4236047732279389,0.3114144744849929,0.6555051481333942,-0.0073173169025196,0.0004431648320727,0.0441568424455485,0.1034284079836525,0.1029302509684577,0.0973597445171904,0.6841787921465352,3.159179275032363,0.5993417323680036,1.4285714285714284,1387.1804318457116,50.46207284431021,0.0,0.0,0.0,UNKNOWN
2026-09-11 15:52:20.923237,device_0002,route_0038,event_043203,31.573718392648644,79.78942747455751,20.527171335409736,URBAN,RAIN,NORMAL,0.0509672802574836,-0.1098536908788833,9.75439232892295,0.3170552951639681,0.2713227596870324,0.2750167962953136,-0.0055033936395143,-0.0312926185636829,0.0390116304162564,0.1020678173138498,0.0925628299389007,0.0949868687006947,0.2784938805008591,0.6012613059675971,0.4132482065518268,3.333333333333333,1189.0117987248957,50.46207284431021,0.0,0.0,0.0,UNKNOWN
2026-09-11 15:41:40.023237,device_0009,route_0008,event_036794,31.68835560462021,78.07539645434599,60.78730422687552,RURAL,WET,SPEED_BREAKER,-0.2264010649105828,0.1070054815053018,10.437878334518128,0.7430012079494457,0.8511286773175814,1.4830991879251665,0.0225972038034184,0.026824622600151,0.0224880759925428,0.1951289764770288,0.1691272155469046,0.2479268671505619,1.7315943953569044,6.550811507245843,1.034368743667721,0.7575757575757576,1385.7657940676804,47.62709563372047,0.0,0.0,0.0,UNKNOWN
2026-09-11 17:22:03.223237,device_0014,route_0028,event_097026,22.80476016822317,70.79437324681574,80.70337503894606,URBAN,CLEAR,NORMAL,0.1770408778307105,-0.1037565218055527,9.848420927852503,0.3529965076020984,0.3469533433152439,0.2535917027231429,-9.181013567908176e-05,-0.0197483545113166,-0.043141306668607,0.1079937624309926,0.0996207920447314,0.0944416624326358,0.2591570410893108,0.666531070589361,0.4721910203476537,0.8928571428571428,1172.5933011717448,47.75739375624995,0.0,0.0,0.0,UNKNOWN
2026-09-11 16:25:54.823237,device_0015,route_0037,event_063342,29.556087578266062,71.51178021632077,19.95505496786101,RESIDENTIAL,CLEAR,NORMAL,0.1689903697488897,-0.1406153680335873,9.621221257576163,0.2903067079873255,0.3410269754701682,0.2905522175660838,-0.0082363948060946,0.0593544177025504,-0.0338633009856182,0.1037607985824853,0.1093325647255654,0.0794790530436621,0.3347228227175689,0.9109633863183592,0.4155062705612489,2.631578947368421,1170.7151707482878,48.688187719962,0.0,0.0,0.0,UNKNOWN
2026-09-11 15:41:56.123237,device_0002,route_0021,event_036955,27.9965025274352,80.52598984706302,83.49379433233517,HIGHWAY,WET,SPEED_BREAKER,-0.1833824315825246,-0.2865852548841314,10.389371783656474,1.154720421865091,0.7220285902653678,1.958378440852869,0.0115773111699511,0.0281282666991702,0.0720022965863622,0.3369215618961482,0.381166274408547,0.2605165076431925,2.2067594313179364,7.14513269437812,1.4042263639266008,0.7142857142857142,1387.1804318457116,50.46207284431021,0.0,0.0,0.0,UNKNOWN
2026-09-11 16:35:43.423237,device_0020,route_0036,event_069228,34.87805068097668,76.7514640051989,18.844225780741034,ARTERIAL,CLEAR,NORMAL,0.1008897782199332,-0.2221956289081148,9.650579522585952,0.3027320266126728,0.2623002624334926,0.2733326107549529,0.0336458473601964,0.0257277334730437,-0.0362652764692269,0.1075575474559235,0.1065677891286479,0.0966216397537725,0.306662381228173,0.6491778516716504,0.4219537412090069,11.607142857142856,1178.3195617621582,47.52530791923109,0.0,0.0,0.0,UNKNOWN
2026-09-11 14:56:02.923237,device_0026,route_0008,event_009423,29.328744716120944,77.37386095483585,58.092633529631456,URBAN,CLEAR,ROUGH_PATCH,0.0590905799930131,0.2030228875925537,9.640951513225009,1.218963628516491,0.6547547613662845,0.8655902919172912,0.0108161953155257,0.048310986699783,0.0255406890953243,0.2446165100852378,0.2376747707708648,0.2051811716272244,0.8744885522266763,2.0268073332422745,0.4142627848910815,1.923076923076923,1054.8211708383528,49.29745575609877,0.0,0.0,0.0,UNKNOWN
2026-09-11 17:03:40.623237,device_0004,route_0019,event_086000,31.73083475313943,70.00542642936854,9.411000263034296,URBAN,CLEAR,NORMAL,-0.0912326901898033,-0.0831616736689276,9.580855541076664,0.2636906571739323,0.3249577927197124,0.3259297619672958,0.0421875089059338,-0.0045281792103547,-0.004720248117453,0.1079255769578176,0.1040180857744968,0.1150210800127369,0.3882075594020337,0.99915417735782,0.4386616367756066,19.166666666666668,1194.4208269519645,50.2335513967164,0.0,0.0,0.0,UNKNOWN
2026-09-11 15:08:36.423237,device_0018,route_0038,event_016958,29.76651466482577,78.27122335378128,37.341154201775886,URBAN,CLEAR,NORMAL,-0.1324706809619163,-0.1732923974937432,10.032379668079994,0.322399404916429,0.3838456504217061,0.283909267652061,0.0240947887856055,-0.0344970586008078,0.0241564487025508,0.0956397469646243,0.1092241498039841,0.0888894127971893,0.3754598665952977,0.8465319668342968,0.4913642029484371,20.833333333333336,1196.452449290308,50.14825289178003,0.0,0.0,0.0,UNKNOWN
2026-09-11 15:16:22.023237,device_0029,route_0007,event_021614,27.397021729187102,78.68688409361097,60.8496674499408,URBAN,CLEAR,NORMAL,-0.140708996315317,-0.2421588888788353,9.91449294540974,0.3068246623641324,0.3195373626301448,0.3639863026421931,-0.0248556809665468,-0.060777687022199,-0.0110516149947012,0.0984696581896822,0.1072519876817173,0.0942690309039571,0.3885268639912191,0.9832738952806944,0.4697291708372738,9.166666666666668,1185.4321676861896,50.614452379095,0.0,0.0,0.0,UNKNOWN
2026-09-11 16:22:46.723237,device_0023,route_0035,event_061461,24.64044910542301,81.23263708379018,38.14115830088509,RURAL,CLEAR,NORMAL,0.1413031250574781,-0.0293193467183395,9.73833240215168,0.3386024720018334,0.3250561419954482,0.2716910822755204,0.0060464555950622,-0.0392938233022666,0.0329823214325296,0.0905191679389506,0.1185461687768812,0.0896006586143261,0.2773965243879812,0.7007797906144457,0.4373544026488446,4.166666666666667,1182.7936295130366,50.72736147953584,0.0,0.0,0.0,UNKNOWN
2026-09-11 16:23:17.923237,device_0002,route_0036,event_061773,34.2102397093323,76.81048622316275,37.21080105035362,URBAN,CLEAR,NORMAL,0.0162856385630689,-0.2238025412306866,9.69055123890689,0.3560123795395153,0.310282365412563,0.2839462287644889,-0.0084000391492957,-0.0068691721679899,0.0221845866785537,0.1098313398895739,0.1009561510711555,0.1039751426969351,0.299078951899681,0.7581965723984254,0.469834659432397,1.6666666666666667,1189.0117987248957,50.46207284431021,0.0,0.0,0.0,UNKNOWN
2026-09-11 17:05:00.723237,device_0018,route_0015,event_086801,21.0522941288436,79.26211039853933,9.78157491864173,RESIDENTIAL,CLEAR,NORMAL,-0.054709094189647,-0.1623822399385279,10.075746230205448,0.3402868800375653,0.3278009795274723,0.3408108896632726,0.0561663420183267,-0.0105829152915281,0.0136084456536182,0.1068674399538628,0.1091847582993643,0.1019573029371342,0.4458946812442455,1.0914198808494024,0.4982917387429096,0.8333333333333334,1196.452449290308,50.14825289178003,0.0,0.0,0.0,UNKNOWN
2026-09-11 16:32:50.823237,device_0029,route_0018,event_067502,34.00623965746696,79.87115380502784,36.38645865232684,URBAN,RAIN,NORMAL,-0.1903835175668852,-0.1618010918174514,9.935930540539868,0.3114198459700844,0.3266818554010636,0.2992153437687434,0.0072393487231662,-0.0413805467009449,0.0302881545889023,0.1047282653449265,0.0941282440546367,0.0834380976372987,0.3336944903310441,0.6412170724199164,0.4286437642115754,5.833333333333334,1185.4321676861896,50.614452379095,0.0,0.0,0.0,UNKNOWN
2026-09-11 16:52:37.623237,device_0006,route_0033,event_079370,34.80174513738025,80.72831204253796,9.163081368934147,RESIDENTIAL,CLEAR,NORMAL,-0.083273451995755,-0.0877029572280852,9.977331399231703,0.2804630407630311,0.2788296560638651,0.2845862365512577,-0.0279205782479642,-0.0230326634045371,-6.668559478877266e-06,0.1142748296057723,0.099605126922894,0.1035791738616123,0.3388931938456767,0.8097441861514643,0.4013044596316042,3.571428571428571,1169.7676911232593,47.87275321839885,0.0,0.0,0.0,UNKNOWN
2026-09-11 15:37:50.223237,device_0014,route_0022,event_034496,31.760821073139827,77.08531059542487,62.01146846386437,RESIDENTIAL,CLEAR,NORMAL,0.2366607699259303,0.0012178959154166,9.74401872295014,0.3269350255321099,0.3047190861848182,0.3119488795455599,-0.0347944133679926,-0.0043402546600931,-0.0428994275681984,0.0923603394035357,0.0989952028792423,0.0907991897413923,0.3155381477994032,1.0541939563415212,0.4444405395025411,15.178571428571429,1172.5933011717448,47.75739375624995,0.0,0.0,0.0,UNKNOWN
2026-09-11 15:52:01.423237,device_0006,route_0023,event_043008,26.499393443742804,80.51930438436048,84.1473236173432,RESIDENTIAL,CLEAR,ROUGH_PATCH,-0.0333216491935632,-0.0420824232994762,9.886782048280644,1.167810821407082,0.6033091177745192,1.391891202848642,-0.0568109750653429,0.0014229621930436,0.0712748889843352,0.2243315857325884,0.2058429284697682,0.3001276246581238,1.363926436566527,3.318414981455362,0.431188657017249,1.96078431372549,1065.3241472729685,47.87275321839885,0.0,0.0,0.0,UNKNOWN
2026-09-11 17:13:00.323237,device_0002,route_0045,event_091597,20.735775934262545,79.56902628851647,10.790275642750435,RESIDENTIAL,CLEAR,NORMAL,-0.0341709974822592,-0.2719447357601131,9.725489906694015,0.2946091014134144,0.3586039617564459,0.3781527312885183,-0.0178629744878089,-0.0141282402784696,0.0305071863377763,0.0789325793831866,0.101380417786457,0.0880382431975299,0.3820373743307553,0.8322735033644406,0.4901970135088921,17.5,1189.0117987248957,50.46207284431021,0.0,0.0,0.0,UNKNOWN
2026-09-11 16:46:04.423237,device_0005,route_0020,event_075438,23.86063019093607,72.33379688657969,42.53739719941344,URBAN,CLEAR,NORMAL,0.2355548291113799,0.1218233213492008,9.98507550900882,0.3441878966967461,0.292317255065455,0.2816159583979775,0.0309634505871599,0.0079926561577198,0.0409275763429867,0.0983599818073886,0.1137519865232706,0.1052949811735869,0.3433015237931183,0.7402046871253081,0.4633717938277637,16.07142857142857,1173.3612685170888,47.72613644455269,0.0,0.0,0.0,UNKNOWN
2026-09-11 15:29:52.523237,device_0021,route_0036,event_029719,31.338692285243123,77.06366009186657,59.31962753540661,HIGHWAY,CLEAR,NORMAL,0.034912633907584,0.0083920269869692,9.783463410953278,0.2970868540488566,0.2775918237159002,0.316816033377761,-0.0261116139510339,0.0221649008542232,-0.039852731089832,0.1104328933079998,0.0994798348527296,0.0977249233748444,0.3135879736979138,0.90107105160563,0.3982157021894862,1.6666666666666667,1182.3087711011192,50.74816449523607,0.0,0.0,0.0,UNKNOWN
2026-09-11 15:44:41.223237,device_0023,route_0019,event_038606,30.051364804978896,73.9227782309042,21.99879467574377,HIGHWAY,WET,NORMAL,0.1348047126608026,0.0575435821989493,9.874486022410077,0.2869399408922919,0.3080060324308449,0.235974735839461,-0.0130087405212684,-0.0385758266697497,0.0100279601269358,0.0933479415422651,0.0921347965727659,0.1072375297070483,0.2505479408389525,0.7195077023219145,0.3877786468409928,2.5,1182.7936295130366,50.72736147953584,0.0,0.0,0.0,UNKNOWN
2026-09-11 16:48:53.223237,device_0004,route_0044,event_077126,35.335955593775715,75.89008459117403,64.76437295015393,URBAN,WET,ROUGH_PATCH,-0.1517150858598357,0.0705320410224784,9.643404862148625,0.7103117830363048,0.76112143453154,1.0219903383579017,0.0950057721450819,-0.044263802737413,0.0280529938315527,0.2264359026269376,0.2069826208732582,0.226469546400495,1.0000518816292787,2.169131440168382,0.3917215388408216,1.818181818181818,1094.8857580393003,50.2335513967164,0.0,0.0,0.0,UNKNOWN
2026-09-11 17:22:09.323237,device_0003,route_0019,event_097087,32.12363632551556,69.08902746234982,39.38301000163183,RURAL,WET,NORMAL,0.0274591748047568,-0.0958553349380358,9.63094588594869,0.300979230781716,0.2935293065987721,0.3331054656681307,0.0367588596246337,0.0466205088008952,0.0193437440241916,0.1181304200319146,0.096035312682924,0.1020788273472517,0.3679859548135782,1.1877367750959156,0.4399022829893353,12.5,1178.291970417501,50.92116513256079,0.0,0.0,0.0,UNKNOWN
2026-09-11 15:21:23.223237,device_0003,route_0010,event_024626,29.63985219068432,79.16566599169168,38.11794988048932,RESIDENTIAL,WET,NORMAL,0.0383967017697605,-0.1196500288137383,9.58203679414259,0.2587542718022398,0.3448216905886181,0.2335903242093966,0.0451410762929427,0.0424874861653531,0.017962924718605,0.0996674402024889,0.1046930645428108,0.0910393439235469,0.3117391195190959,0.7139196516372728,0.4023010168279966,2.5,1178.291970417501,50.92116513256079,0.0,0.0,0.0,UNKNOWN
2026-09-11 16:23:22.023237,device_0019,route_0031,event_061814,23.337185254209157,79.21558448220398,10.846138564910428,URBAN,DUSTY,NORMAL,-0.1585205630762567,0.1476417098409445,9.99150222877982,0.3450641952961463,0.3591443764901504,0.3014492180294492,0.0224331131933962,-0.0120503589258583,0.002965438697807,0.108215780440514,0.0858530038465608,0.0977750066049371,0.3662123394510141,0.8930840101291846,0.4476429182094233,12.295081967213116,1174.5353318231532,51.93543212132559,0.0,0.0,0.0,UNKNOWN
2026-09-11 16:36:36.123237,device_0000,route_0021,event_069755,27.40672363595996,83.41618188165285,19.711667174471,RURAL,CLEAR,NORMAL,-0.053541104097617,0.2018660013085707,9.905594179165856,0.2851896731892454,0.3424879689310852,0.2707020425402279,0.0012779245983188,-0.0210014722605713,-0.0332160293121428,0.1018665841599152,0.0977038129256059,0.0924736207329283,0.294796227988536,0.7414529309965232,0.4010321639121525,22.5,1187.9876613670087,50.50557505871605,0.0,0.0,0.0,UNKNOWN
2026-09-11 15:00:13.623237,device_0016,route_0039,event_011930,29.52252434256985,77.5742681261994,58.66070942588978,HIGHWAY,CLEAR,NORMAL,-0.031445751752939,0.0191360108882249,9.921333314192424,0.2554754583602636,0.2886618920809874,0.3393804541760597,-0.0110256814709459,-0.0385990336357975,0.0375644310563801,0.1060105783230045,0.1133650967764413,0.104372768406824,0.3634562679394767,0.7594817611981171,0.4174688172823592,19.642857142857142,1173.9088107441603,47.70387570777382,0.0,0.0,0.0,UNKNOWN
2026-09-11 15:07:16.623237,device_0015,route_0015,event_016160,27.188041664405915,77.6144298010429,21.856282425323403,RESIDENTIAL,CLEAR,SPEED_BREAKER,0.2109164639895848,-0.034526362554053,9.7980485160341,0.3225245844453102,0.3872931750110453,0.5903760187613714,-0.0069251488151217,0.0523342257644811,-0.0202944676591283,0.0911509889100602,0.1060786155754458,0.0938457208294654,0.6014370983910221,2.4640349630635683,0.5652817477366153,1.5151515151515151,1355.564934550649,48.688187719962,0.0,0.0,0.0,UNKNOWN
2026-09-11 15:59:24.523237,device_0005,route_0021,event_047439,27.80799841852043,81.44986054315166,21.18718023171062,RESIDENTIAL,CLEAR,NORMAL,0.2388068712204428,0.1072198089259186,9.940054119739452,0.3052197351914587,0.3155037413218377,0.2674110332637744,0.0479330116257068,0.008808868828521,0.0480714721916914,0.0968855906916598,0.1061137591737209,0.0908918304177794,0.3064236940538389,0.6286053839001617,0.4081599871921512,19.642857142857142,1173.3612685170888,47.72613644455269,0.0,0.0,0.0,UNKNOWN
2026-09-11 15:38:01.123237,device_0001,route_0038,event_034605,30.981702970937278,79.29206298880065,75.97312902373253,RESIDENTIAL,CLEAR,NORMAL,-0.2217115180262018,0.129683164880412,9.837663858852563,0.2870902894803924,0.3084193784704027,0.3105947732102689,0.0007342367516889,-0.0295332519659337,-0.0377919675352863,0.0987216608300697,0.1182395969824497,0.1066932132250574,0.3154847147633534,0.8245761685656401,0.435351284363734,19.29824561403509,1147.8114285371462,49.659725093210575,0.0,0.0,0.0,UNKNOWN
2026-09-11 15:03:51.223237,device_0016,route_0036,event_014106,29.94033650603047,77.18715602693254,78.46529112412821,URBAN,CLEAR,NORMAL,-0.02526428335154,0.0993756811780612,9.891184433883284,0.3071848922457099,0.3177898156997006,0.2369736364620761,0.027012254556709,-0.0579097197288064,0.0434759739997034,0.0853934145807399,0.0992015717772122,0.1060989356662221,0.2582804979809761,0.622300199602309,0.4271195851316562,22.32142857142857,1173.9088107441603,47.70387570777382,0.0,0.0,0.0,UNKNOWN
2026-09-11 17:11:25.623237,device_0025,route_0030,event_090650,35.52231190837324,81.68726776547075,10.671368345620952,URBAN,CLEAR,SPEED_BREAKER,-0.1122558057874458,-0.1085607843937488,10.057396336622888,0.3642000939149054,0.3304569652872379,0.5710438585088066,-0.0327926817191186,-0.0429153157863809,0.012733660673749,0.101189608084599,0.0709536773474802,0.0814435982734591,0.633217030486268,2.327273504019031,0.6133705124079025,0.7142857142857142,1390.2596780229646,50.35030585044683,0.0,0.0,0.0,UNKNOWN
2026-09-11 17:24:24.023237,device_0025,route_0006,event_098434,20.363805541902806,74.29181121369457,65.58680373114083,URBAN,CLEAR,NORMAL,-0.0244778376125973,-0.091867847933251,10.009078515800187,0.3316368431478863,0.3514605481585529,0.3079962867577184,-0.0253076334521191,-0.0150062418456011,0.0042576099853383,0.1155512557824034,0.1180324171069694,0.1033353135892169,0.3780036938195382,0.9902471612243318,0.4738008945938431,8.333333333333334,1191.6511525911126,50.35030585044683,0.0,0.0,0.0,UNKNOWN
2026-09-11 15:09:30.823237,device_0022,route_0043,event_017502,26.972559125336492,77.0148218045522,65.57996867881711,URBAN,WET,SPEED_BREAKER,0.0774114017704499,-0.0577239039718993,10.212279977003933,0.9924398521589284,0.8825436505853409,1.8256923802239229,-0.0451837070288434,-0.0398768972996213,-0.0244840937156613,0.2340583001257486,0.2649018111082024,0.3126902734898437,2.0170299698518,7.9034727347899505,1.273024477332167,0.7042253521126761,1366.4295983090874,51.96023277588557,0.0,0.0,0.0,UNKNOWN
2026-09-11 16:26:09.123237,device_0028,route_0029,event_063485,25.901905496083376,72.12850390754355,75.39741562057087,RESIDENTIAL,CLEAR,NORMAL,0.1406771671321927,-0.1139931829949788,9.7301315262734,0.2950734157465271,0.2489664507757316,0.3456349105680162,-0.0516284111702457,0.0006722240994278,-0.0516294395597003,0.106729249406511,0.1053066659824157,0.1121815598718306,0.3502958453416699,0.8300524943101593,0.4196121699117294,2.631578947368421,1164.8650637957344,48.932706260641424,0.0,0.0,0.0,UNKNOWN
2026-09-11 15:35:28.123237,device_0001,route_0003,event_033075,30.048876078286803,74.75060295122577,55.87252282587122,RESIDENTIAL,WET,NORMAL,-0.1850022821926564,0.2093573232697458,9.833493163641704,0.273673665234376,0.3254071249557747,0.2728409018756494,-0.027619515297131,-0.0215210572754,-0.035674143559742,0.1017058095274911,0.1062629503029909,0.1107190995753972,0.2756158821206509,0.740900394489941,0.4159164752886913,3.508771929824561,1147.8114285371462,49.659725093210575,0.0,0.0,0.0,UNKNOWN
2026-09-11 16:53:21.423237,device_0016,route_0018,event_079808,35.00411819199205,80.34987952535917,9.923256536882,RURAL,CLEAR,ROUGH_PATCH,-0.0382924368126714,0.0181466287568917,9.817988854151372,1.0797876072848689,0.7287525561754261,0.988438879895546,-0.0122320996649315,-0.0089487999189169,0.0560068524366808,0.2737747996252323,0.2138468636340018,0.1408082662778668,0.9775248237253286,2.3864248899597893,0.4572217835541711,1.96078431372549,1069.0955240705746,47.70387570777382,0.0,0.0,0.0,UNKNOWN
2026-09-11 17:11:39.623237,device_0028,route_0007,event_090790,23.5542281201786,83.57931975987138,10.312764911590646,RURAL,WET,SPEED_BREAKER,0.1004058045107895,0.0007041664670173,9.795197132982622,0.3331009466193881,0.2871236404880491,0.4220206921144538,-0.0495747009365674,0.0265984655872392,-0.044059322757198,0.0780583371283988,0.0801413427930759,0.0796164709339729,0.4197440787636808,1.9154042293110451,0.5089506610244636,23.88059701492537,1369.2273556897228,48.932706260641424,0.0,0.0,0.0,UNKNOWN
2026-09-11 17:15:57.023237,device_0025,route_0049,event_093364,36.91881926713845,75.77950829138679,80.36371295484615,RURAL,CLEAR,NORMAL,-0.0911820567596037,-0.0378773859102964,9.985031013388015,0.337772809700565,0.3303222817555523,0.4045272228356304,-0.0221912653710692,-0.0088963707137577,0.0182753175946278,0.0977729647474408,0.0925783098355384,0.1059393549412732,0.4500479420144596,1.427889419208956,0.5192815039597148,14.166666666666668,1191.6511525911126,50.35030585044683,0.0,0.0,0.0,UNKNOWN
2026-09-11 15:10:49.823237,device_0026,route_0014,event_018292,30.04962595586961,76.62273248715677,20.933703514265048,RURAL,RAIN,ROUGH_PATCH,0.0648100073448284,0.1964021456526777,9.681596234210843,1.0999421424814737,0.636572058279718,1.2020688328752238,0.0112180165178749,-0.0070392478136018,0.0225106537144846,0.2333408561935274,0.2073975147066908,0.2011844924921981,1.1930017167160036,2.660234909946753,0.514615780698688,1.923076923076923,1054.8211708383528,49.29745575609877,0.0,0.0,0.0,UNKNOWN
2026-09-11 15:53:25.523237,device_0021,route_0014,event_043849,32.18785068359715,75.77990425046394,59.11814211863624,URBAN,CLEAR,SPEED_BREAKER,0.0411764929042288,0.0614884904021827,10.34531296275125,0.6235696810474802,0.8044411758833006,1.5553158625083137,-0.0138439599942091,0.0068750922654575,0.0186432312274279,0.2448207412896336,0.2095018801379226,0.1836945124234157,1.733844966263233,6.579188868252235,1.1661145411651654,0.7142857142857142,1379.3602329513055,50.74816449523607,0.0,0.0,0.0,UNKNOWN
2026-09-11 15:38:47.323237,device_0016,route_0017,event_035067,31.09539034131029,78.98910943631313,56.26172779283085,RESIDENTIAL,CLEAR,NORMAL,-0.0606974280089127,0.0256512557622934,9.8525324736983,0.3356298819642895,0.3269236396590332,0.3264351357155218,-0.001057892849793,-0.0330767985968246,0.0287182564292079,0.1042657017083297,0.0894940466198415,0.1002624229832839,0.331803082802924,0.8877060231674481,0.4581279514582456,3.571428571428571,1173.9088107441603,47.70387570777382,0.0,0.0,0.0,UNKNOWN
2026-09-11 16:22:39.823237,device_0008,route_0030,event_061392,33.31130033980792,80.26033085956367,37.89159181099724,HIGHWAY,WET,SPEED_BREAKER,0.0721991360158927,-0.0053681026670688,10.10408815032624,0.5484058492450412,0.8068689006342553,1.099582793078255,-0.0388380646405576,0.0001787239179092,0.0092426827902032,0.1525388742247148,0.1695037014606877,0.1407093445182223,1.2205206916326838,4.468884727732791,0.8817994728161355,0.7042253521126761,1367.0654825230808,51.936063712881634,0.0,0.0,0.0,UNKNOWN
2026-09-11 15:25:58.723237,device_0016,route_0002,event_027381,26.389269006244103,78.08370018344692,77.68703295903201,RURAL,CLEAR,NORMAL,-0.0240327569868043,0.1268446379822947,9.838511183318108,0.2624042636112155,0.3254234551825407,0.3069627983561867,-0.0003897253588144,-0.0451123259397111,0.0580043904611175,0.084605805738577,0.1045547777831012,0.076736006569236,0.3127134635009753,0.7245167062235147,0.4012997367980558,0.8928571428571428,1173.9088107441603,47.70387570777382,0.0,0.0,0.0,UNKNOWN
2026-09-11 17:02:41.923237,device_0026,route_0029,event_085413,24.97891948828433,70.3859125569084,9.190866839615891,HIGHWAY,CLEAR,SPEED_BREAKER,0.0915614578738106,0.2319405926452254,9.644599541515024,0.2655332085536543,0.2470337951341416,0.349771970709377,0.0040581889375671,0.0354461077084115,0.0188258391665421,0.0671926596646586,0.075478950458125,0.0651672118833826,0.3774994479824671,1.2155107705332586,0.4256498589141524,16.417910447761194,1359.0965085801854,49.29745575609877,0.0,0.0,0.0,UNKNOWN
2026-09-11 15:03:20.323237,device_0022,route_0032,event_013797,29.35706735079223,78.1030271131403,20.25092202501129,URBAN,RAIN,NORMAL,0.0290389368597088,-0.0383699056420604,9.649491730700678,0.3705289325514803,0.3680683060648249,0.3689701517888543,-0.0153116449078895,-0.019340779749718,-0.0339399796218767,0.1004301490852338,0.1042336401142513,0.0931763054261254,0.3914391954775983,0.8909562605429748,0.5329820530119777,3.278688524590164,1173.9747253078074,51.96023277588557,0.0,0.0,0.0,UNKNOWN
2026-09-11 14:43:13.423237,device_0016,route_0033,event_001728,28.77171184529056,77.20754073853216,57.829118604063154,HIGHWAY,RAIN,NORMAL,-0.0354096168831178,0.1237737082565461,9.834271170226897,0.2346280557295589,0.2675339174543332,0.2774374430150196,-0.0080747977033236,-0.0132828968342262,0.0070614450821104,0.1073923822815681,0.1030649982120814,0.1144087504274196,0.2806144681696926,0.6076179524415082,0.3760459667420476,15.178571428571429,1173.9088107441603,47.70387570777382,0.0,0.0,0.0,UNKNOWN
2026-09-11 16:30:30.623237,device_0024,route_0010,event_066100,31.370883707694308,82.4694295983777,39.90572114507725,URBAN,CLEAR,NORMAL,0.2170492899183653,0.1968945874030004,10.03697676876842,0.304422668930128,0.3333544627881616,0.3167240015570044,-0.005015240713895,-0.0527618165382693,0.0416269011236424,0.1061448216586202,0.1005414653292521,0.1036555836308896,0.4021340002129288,0.9301614534903369,0.4672820525572484,22.13114754098361,1165.9444844817242,52.318099885446266,0.0,0.0,0.0,UNKNOWN
2026-09-11 14:53:08.323237,device_0014,route_0028,event_007677,28.237223719426957,76.71491944321254,19.066693546200543,URBAN,CLEAR,NORMAL,0.2239407600797933,-0.0611785087098075,9.771968949948237,0.2735586456662414,0.3666052730938705,0.3514256841175796,-0.0047729152163587,-0.0517750414389895,-0.0554931884420091,0.0826808765795655,0.0986703674674444,0.0972809935813949,0.3523259305951941,0.8832411214017224,0.4679661414141485,2.6785714285714284,1172.5933011717448,47.75739375624995,0.0,0.0,0.0,UNKNOWN
2026-09-11 16:42:32.023237,device_0024,route_0031,event_073314,22.372008406385422,79.5869839244727,18.92647349937076,RESIDENTIAL,WET,NORMAL,0.1360752947465292,0.1769240049946318,9.968952420352569,0.2929185367744811,0.2969520500102758,0.3172481473096603,0.0009025220503625,-0.0551146179973471,0.0516558354755043,0.0942941603949147,0.122253184166764,0.1058732126194297,0.3636926960437519,0.8152575548031749,0.4595203649898075,16.393442622950822,1165.9444844817242,52.318099885446266,0.0,0.0,0.0,UNKNOWN
2026-09-11 16:36:30.123237,device_0005,route_0047,event_069695,22.67796991069616,79.0109895796037,65.30781154249871,RESIDENTIAL,CLEAR,NORMAL,0.1521586018691818,0.0080171353943618,9.937641154878236,0.2731401834089541,0.3236340772972888,0.346646523892669,0.053180788318969,0.0100571293119994,0.0314085338808199,0.0854372199129638,0.0799310141738814,0.0951202560033741,0.375253762501286,0.8561175209169498,0.4042743621321682,0.8928571428571428,1173.3612685170888,47.72613644455269,0.0,0.0,0.0,UNKNOWN
2026-09-11 14:49:24.423237,device_0026,route_0005,event_005438,28.36229806700166,76.83867722736608,58.72113623439572,SERVICE_ROAD,WET,NORMAL,0.0291688912476071,0.2567688804583458,9.71785615552588,0.2685850569118452,0.3367687362182728,0.3365916151424296,0.0055549089844321,0.0490628459926038,0.0216516839797631,0.1101968558735835,0.0919259906441778,0.0874631672289085,0.341672666361151,0.8636684367337839,0.4779700829594333,21.929824561403507,1156.2462834189637,49.29745575609877,0.0,0.0,0.0,UNKNOWN
2026-09-11 16:42:38.623237,device_0008,route_0039,event_073380,34.70667268340309,79.48898211385043,10.729323461761156,RESIDENTIAL,WET,NORMAL,0.1400967105798965,0.0584015784027779,9.73461085237533,0.3082948143098159,0.2588497452644379,0.3565625978779194,-0.0385711389780204,-0.0124071039615735,-0.0241625919564612,0.1052276353220708,0.0988263975126885,0.0948801282771455,0.3623244045002299,0.922805644904555,0.4703756098503536,17.21311475409836,1174.5210483649005,51.936063712881634,0.0,0.0,0.0,UNKNOWN
2026-09-11 15:37:59.623237,device_0027,route_0040,event_034590,28.46022259932081,74.12912714125561,18.64305560555,URBAN,CLEAR,SEVERE_POTHOLE,0.0657028221796791,0.1048232487475123,10.942754160826912,0.3638545366947391,0.3200943852297648,5.264251670071313,0.0206728445121069,0.0172114121407642,-0.0051351435360702,0.1994239836603557,0.1645500807538908,0.2196651603619206,5.126109345929246,19.20533908748509,3.8525599932449928,1.0,980.2031432087932,51.00983438628853,22.381234887289278,62.51617635307092,43.275018461031856,CRITICAL
2026-09-11 14:54:25.823237,device_0021,route_0043,event_008452,27.77368374116288,77.15569645282854,61.33544879136195,RESIDENTIAL,WET,NORMAL,0.0437194506278884,0.0656446229999099,9.803918013807587,0.3019262487126229,0.3086425433916041,0.3471303886793848,-0.012868766233757,0.0413904900927242,-0.0241383882045794,0.0943583610345157,0.0998832428523524,0.095934983415479,0.3466351667252829,0.8508499203919637,0.4944197619631922,24.166666666666668,1182.3087711011192,50.74816449523607,0.0,0.0,0.0,UNKNOWN
2026-09-11 14:50:44.023237,device_0019,route_0032,event_006234,28.93304487472955,77.57096059442064,18.552388033550848,URBAN,CLEAR,NORMAL,-0.1787939328394444,0.1503081653096625,9.947558817582223,0.3378430041499962,0.3236716164463568,0.2783414220738814,0.0041447841952406,-0.0074814407722521,-0.0272389941399274,0.0936296797222917,0.0923787685314518,0.0820615544691808,0.3198180639013763,0.717971583910705,0.4453679687638572,16.393442622950822,1174.5353318231532,51.93543212132559,0.0,0.0,0.0,UNKNOWN
2026-09-11 16:14:38.523237,device_0019,route_0028,event_056579,25.26389308586632,73.47461208750596,40.69432498664537,RURAL,CLEAR,ROUGH_PATCH,-0.2241510957517196,0.121190191014455,9.975824209893162,0.7837033347450502,0.637789257779636,1.3416427110807914,-0.0020128920984738,-0.0483462110261652,-0.0503593893262331,0.2607932050974508,0.2040048509951514,0.199857044910308,1.3371516660803648,3.2986555719315103,0.4848974880811038,1.818181818181818,1059.007266397925,51.93543212132559,0.0,0.0,0.0,UNKNOWN
2026-09-11 15:53:47.423237,device_0013,route_0014,event_044068,32.20609749803622,75.77254938841901,57.37977827555864,RESIDENTIAL,CLEAR,NORMAL,-0.1081835080819611,-0.1043653701675741,9.56704973901573,0.2699308074160992,0.3210157176885433,0.3038662601603395,-0.0088274609335466,0.031882884895975,-0.0251125618504013,0.1033693487330378,0.1107848904133512,0.1077054029111507,0.3774224173423712,0.9904162068885968,0.4249772393130822,14.035087719298245,1155.761160906742,49.31814801189647,0.0,0.0,0.0,UNKNOWN
2026-09-11 16:43:06.723237,device_0012,route_0019,event_073661,31.29348855147588,71.02519510048393,79.38626346811988,ARTERIAL,CLEAR,NORMAL,0.0542535751877275,0.1457885286952384,9.727170340776464,0.3291193005294334,0.3441619814985038,0.3249164255080587,-0.0246540025388675,-0.0453154469376797,0.0106350842352019,0.1005440498076046,0.1090311556248911,0.0949599582197989,0.3290182959952503,0.8081694101854318,0.4712460007727023,5.357142857142857,1178.0852418549218,47.53476065265595,0.0,0.0,0.0,UNKNOWN
2026-09-11 15:10:44.723237,device_0002,route_0015,event_018241,27.007177875094012,77.66319694930448,20.42446748980824,URBAN,CLEAR,NORMAL,0.0384428153841097,-0.1480463273970083,9.76266951351992,0.3293055984637887,0.3147817571813244,0.2505365865312104,-0.0178373381673074,0.0078193914443137,0.0285921635882986,0.1081691870840553,0.1071825805289908,0.109642934108093,0.2493906982135857,0.5940737110940972,0.4212055371126665,10.833333333333334,1189.0117987248957,50.46207284431021,0.0,0.0,0.0,UNKNOWN
2026-09-11 16:41:16.523237,device_0014,route_0023,event_072559,25.06386445225012,82.75621607610411,81.01995016495684,SERVICE_ROAD,CLEAR,POTHOLE,0.35189765886806,-0.1195608742975831,10.218965812650008,1.0534458544363003,0.6899225192301616,2.0202523214467,-0.0468046272978092,-0.1202813437989089,-0.0366422546893173,0.3818524361857957,0.4090036977891656,0.3446512861187756,2.244522421758673,11.627593972020064,1.69317249686406,6.382978723404255,984.1408063405715,47.75739375624995,4.6681266978664215,12.760531952915011,8.312486947471372,MEDIUM
2026-09-11 14:59:17.823237,device_0019,route_0031,event_011372,27.571045704665096,77.58630286269721,79.022152036676,RESIDENTIAL,CLEAR,NORMAL,-0.2107512278080098,0.1426313880903951,9.99524191362553,0.2836204426079271,0.2290252858304039,0.3047941072331946,0.0219723614473766,0.0004834424110821,-0.013218466309509,0.1111032022665763,0.0922702143917982,0.1041344877766274,0.3668114603886677,0.967638163179819,0.3999020997198895,9.836065573770492,1174.5353318231532,51.93543212132559,0.0,0.0,0.0,UNKNOWN
2026-09-11 16:08:47.323237,device_0021,route_0012,event_053067,23.8173125610134,77.14015206631152,10.879128655324743,URBAN,CLEAR,NORMAL,0.0028064350979746,0.1049851675716062,9.82774320038066,0.3781282123212003,0.2993639332958089,0.2704731097977448,-0.030133218735786,0.0388157834922949,-0.0005007145551978,0.0965470638179215,0.102864843647381,0.1075092069920563,0.2723891056444827,0.7514386542257636,0.4581953386605996,12.5,1182.3087711011192,50.74816449523607,0.0,0.0,0.0,UNKNOWN
2026-09-11 16:11:00.223237,device_0017,route_0013,event_054396,33.06441382566312,79.24033559908337,39.73309382422571,RESIDENTIAL,CLEAR,NORMAL,0.0352991420859576,-0.2043099628840904,9.887331738743017,0.3348941782954883,0.3191957600248268,0.2995234413926821,-0.0285022510053782,0.006483082353277,-0.0187171065561509,0.0902102368119695,0.093816106741155,0.1060602776630441,0.3191043805145181,0.760217356270342,0.4642437533884258,13.934426229508198,1168.9485129122031,52.18364994368368,0.0,0.0,0.0,UNKNOWN
2026-09-11 16:21:34.923237,device_0029,route_0016,event_060743,34.00332945517173,75.8671818270508,19.070463870056848,URBAN,CLEAR,NORMAL,-0.1021534608165755,-0.278288316329328,9.925147789963686,0.2717545994851784,0.3672640839599974,0.2888771292930013,-0.0027995517229233,-0.0384863756118291,0.0160725924039132,0.0869091517418269,0.1090675381431218,0.1003855079563419,0.3214717891400399,0.7039060288168688,0.45660756472073,14.166666666666668,1185.4321676861896,50.614452379095,0.0,0.0,0.0,UNKNOWN
2026-09-11 14:47:23.823237,device_0029,route_0010,event_004232,28.78871730192835,77.54072385586808,41.43518067114294,ARTERIAL,CLEAR,NORMAL,-0.2015174401416734,-0.216160838222053,9.934156415974122,0.3239761255089207,0.3108114301429749,0.3841790726345065,-0.0121368699665661,-0.0335534367851357,-0.0042723492464174,0.0940298607234312,0.1083824616990625,0.0953487890383087,0.4127935900001999,1.2116311067924048,0.5104607595956928,17.5,1185.4321676861896,50.614452379095,0.0,0.0,0.0,UNKNOWN
2026-09-11 16:30:35.523237,device_0021,route_0032,event_066149,32.28932491630986,81.78650195573155,58.27229992998532,HIGHWAY,CLEAR,NORMAL,-0.0093908778342292,0.0248558843371929,9.861746374808645,0.2928992468341467,0.2478379139181241,0.3423826786401414,-0.0078271594049453,0.0336508127794787,-0.027862442136986,0.1045173851261069,0.0900261059552367,0.101658398210857,0.3488583698564652,0.7391912940626764,0.4391063098703038,20.0,1182.3087711011192,50.74816449523607,0.0,0.0,0.0,UNKNOWN
2026-09-11 14:40:43.223237,device_0027,route_0001,event_000226,28.6388039716204,77.30214193306537,40.74110859339176,RESIDENTIAL,WET,ROUGH_PATCH,0.1198338415643272,0.1780265361134556,9.981466628841128,0.6867074210292019,0.5057076602911306,1.2249160771254246,0.0053803060165057,-0.0281582079852342,-0.0268921513317421,0.1747592205861743,0.2157714218160071,0.2071846715862416,1.2482582568919036,2.825808538241173,0.4592109133581256,1.818181818181818,1078.2234575296727,51.00983438628853,0.0,0.0,0.0,UNKNOWN
2026-09-11 15:43:45.623237,device_0004,route_0014,event_038050,31.702660411370704,75.97084038219246,79.91280504132516,URBAN,CLEAR,ROUGH_PATCH,-0.2307067310966307,-0.0018244678198662,9.6121332821036,1.3836916734189728,0.5970402990170295,1.4063981440568818,0.0576364406396787,0.0050016862949242,0.0130913126116415,0.2116243651228499,0.1937059046613231,0.1976685181869182,1.3414578369137669,3.2252776153615663,0.4629119215220734,1.818181818181818,1094.8857580393003,50.2335513967164,0.0,0.0,0.0,UNKNOWN
2026-09-11 16:46:43.623237,device_0029,route_0009,event_075830,21.95502324218677,78.35150350246556,39.52124479184456,HIGHWAY,CLEAR,NORMAL,-0.1291216680430043,-0.1748817194874869,9.907228600599378,0.3784819736156971,0.3447360293687052,0.3161106096787701,0.0062506428681408,-0.0544794376899381,0.0064395215060969,0.0986961970663048,0.1063630258023896,0.0692969924437211,0.3386012770104178,0.9336600964570624,0.4848436054709678,5.833333333333334,1185.4321676861896,50.614452379095,0.0,0.0,0.0,UNKNOWN
2026-09-11 14:59:51.823237,device_0025,route_0016,event_011712,29.724270272253005,76.93197983105772,84.53704854232399,URBAN,CLEAR,NORMAL,-0.1402796437444088,-0.0471157340778259,10.002626332739265,0.3077745759506892,0.3604124133540834,0.299944551204049,0.0098928927232373,-0.0481468994026,0.0188253555486386,0.1075361990412971,0.1005110742863687,0.1110758406939233,0.3702622109663414,0.8205504694085555,0.470918715879221,24.166666666666668,1191.6511525911126,50.35030585044683,0.0,0.0,0.0,UNKNOWN
2026-09-11 17:10:00.423237,device_0004,route_0017,event_089798,35.06326556991829,81.90169575376822,20.29379752349927,ARTERIAL,CLEAR,NORMAL,-0.1636297285699736,-0.0964030049183811,9.64845273916728,0.2990989697201121,0.2747273793607588,0.2997257073804071,0.0749735092787756,-0.0143893429832555,0.0243696017814318,0.1052964958888411,0.102931912477184,0.0960312309810093,0.3327373755475411,1.1113254062490403,0.4235835583260461,16.666666666666668,1194.4208269519645,50.2335513967164,0.0,0.0,0.0,UNKNOWN
2026-09-11 17:01:32.723237,device_0024,route_0045,event_084721,21.32943104938004,79.39495129046965,9.241495969299235,HIGHWAY,CLEAR,NORMAL,0.23231312268437,0.1791062630211691,9.985961075915686,0.2220191261061446,0.3238276346063033,0.2995612198022551,-0.0229485782504026,-0.0412649400801907,0.0437612920951052,0.1029883153870538,0.095394031064653,0.098215931465457,0.358315745192349,0.8044461530181994,0.4038154215016339,0.819672131147541,1165.9444844817242,52.318099885446266,0.0,0.0,0.0,UNKNOWN
2026-09-11 14:59:45.623237,device_0016,route_0016,event_011650,29.71878586351622,76.93308980376518,42.92011471185556,URBAN,RAIN,POTHOLE,0.0087644328565802,0.077895895103049,9.9410943714852,0.4404831443815565,0.5387466133150195,0.7519342551231527,0.0212407181069431,-0.0618122858155387,0.0436501489228279,0.153873914634683,0.1820232336711721,0.2023691475040833,0.8047788383681204,4.333122929107976,0.8524306196511704,7.446808510638298,985.244894731706,47.70387570777382,3.008961612711832,7.624156080619075,4.742085886826028,MEDIUM
2026-09-11 16:26:39.823237,device_0016,route_0013,event_063792,33.82794863161184,79.60289032903341,40.79510719034619,RESIDENTIAL,CLEAR,ROUGH_PATCH,-0.044694432342123,0.0698746602905599,9.846992960106665,0.7661708314006326,0.3380509935863389,1.4103129875112832,-0.0132567531135863,-0.0385026546167753,0.0444724220855303,0.2033347049298603,0.2107199978039902,0.2160077131515729,1.3997499550795145,3.135977441224913,0.4087738291244997,1.96078431372549,1069.0955240705746,47.70387570777382,0.0,0.0,0.0,UNKNOWN
2026-09-11 15:10:53.723237,device_0017,route_0001,event_018331,27.019226159558897,77.13571565919338,21.95036560376385,RESIDENTIAL,CLEAR,NORMAL,0.011619126943694,-0.1585188895857093,9.853034060204912,0.3006307380922256,0.3060869308641477,0.3091865165766211,-0.0439641525743958,0.0189686181621223,-0.0108765371062206,0.0956742658993287,0.0937646674788459,0.1183933766636084,0.3131388873793873,0.9034419175646012,0.4460615848778532,10.655737704918034,1168.9485129122031,52.18364994368368,0.0,0.0,0.0,UNKNOWN
2026-09-11 16:19:27.023237,device_0011,route_0012,event_059464,23.24202746090364,77.12875055266984,75.9093771214145,URBAN,CLEAR,NORMAL,-0.1104888430858844,-0.1296488973830704,9.939413348667376,0.3207360634958939,0.3220090482701859,0.3183434677617922,0.0311573757668449,-0.0163960137261013,0.0518137242873925,0.098026558632961,0.1093198747610118,0.0750450643657864,0.3525031918122674,0.7967514683756018,0.4534151352520503,21.311475409836067,1173.916838169756,51.962794992449886,0.0,0.0,0.0,UNKNOWN
2026-09-11 15:33:24.423237,device_0024,route_0049,event_031838,31.45687220069818,76.66597034768843,84.38881058972922,HIGHWAY,CLEAR,ROUGH_PATCH,0.1915045091143631,0.1415113400748037,9.946904028936602,0.7695731319019756,0.3492981713822918,0.7921804354906067,-0.0283216121099302,-0.0178854310300074,0.0371623568251923,0.1741623076453153,0.1601642907026255,0.1210610190226317,0.8244673333661149,2.05529528702189,0.3855392145264316,1.7857142857142856,1070.3752644422386,52.318099885446266,0.0,0.0,0.0,UNKNOWN
2026-09-11 15:40:09.323237,device_0009,route_0031,event_035887,25.513330635744843,78.37812631013358,42.965635884503314,SERVICE_ROAD,CLEAR,NORMAL,-0.1423428716075445,0.0713933879873537,9.850111218744647,0.2999134975415273,0.3522378603585834,0.3315450155804129,0.0019535711554333,0.0480325332303952,-0.0117266634380259,0.0811989797699968,0.0917645404343738,0.1130236137770208,0.3349400622559982,0.7703490724837145,0.4908102629757005,8.035714285714285,1175.8012798150014,47.62709563372047,0.0,0.0,0.0,UNKNOWN
2026-09-11 16:37:56.323237,device_0011,route_0000,event_070557,22.38452073428153,75.61267340447625,65.1439486875438,SERVICE_ROAD,WET,NORMAL,-0.0873797933985694,-0.1591588283571589,9.911631996111554,0.335630289341115,0.2691322817098239,0.3068178649099128,0.0334627846121742,0.0222218280336826,0.0431098660939243,0.111303854520035,0.0954124578104749,0.1076405891135071,0.3293589772052411,0.8531052342946701,0.4374283672397278,4.918032786885246,1173.916838169756,51.962794992449886,0.0,0.0,0.0,UNKNOWN
2026-09-11 16:35:04.723237,device_0027,route_0028,event_068841,24.51841212254598,72.66204345118054,40.7983730697914,URBAN,WET,NORMAL,0.1790200976736388,0.0639038074775937,10.03282577812403,0.3107752131318276,0.3481288181418374,0.3160419300749287,0.0322697504347759,0.0147077761101978,0.0116017383569861,0.0900698313758017,0.1031819570982838,0.1127942195011806,0.4007576148371927,1.154861968895483,0.4608919827215661,21.666666666666668,1176.243771850552,51.00983438628853,0.0,0.0,0.0,UNKNOWN
2026-09-11 15:54:10.523237,device_0007,route_0044,event_044299,32.43914963674146,76.45596462420751,56.60858660330646,URBAN,WET,POTHOLE,0.1355676606578113,-0.0647915209518323,9.711745609229492,0.2939831277959731,0.5528938901526268,0.8600720589091725,0.068482879432251,0.0524605056703851,0.038785072130374,0.268579898918717,0.243874121715319,0.308098447443317,0.9061452378502028,5.342282608345997,0.7429823627636005,1.0638297872340423,953.4952252035704,49.29232864272136,1.93351495029752,5.281376691684562,2.831362302969301,LOW
2026-09-11 15:46:03.723237,device_0011,route_0029,event_039431,26.913518460197817,74.04058436952725,10.179584291021012,HIGHWAY,WET,NORMAL,-0.1402839532539553,-0.1144141272425402,9.961839769320102,0.329177887166513,0.3406614311789664,0.290513461275332,0.002649606005232,0.0195034543021128,0.0257268832721993,0.1097847450103109,0.1080295747749861,0.0999030476758228,0.3372823447192793,0.9375304365563172,0.4610233153684299,19.672131147540984,1173.916838169756,51.962794992449886,0.0,0.0,0.0,UNKNOWN
2026-09-11 16:39:56.323237,device_0013,route_0005,event_071757,25.172723168473983,71.79911445748218,41.148828629843294,URBAN,CLEAR,NORMAL,-0.0602831586383335,-0.1710564571578297,9.633245125657568,0.3496875460846642,0.2904888213714683,0.4354780023892985,-0.0214367202371662,0.0429107103420947,-0.0241801938295232,0.0899671235201529,0.1096708258229096,0.1121519850754633,0.4622207250068944,1.1876936829810472,0.573455977461561,23.684210526315788,1155.761160906742,49.31814801189647,0.0,0.0,0.0,UNKNOWN
2026-09-11 16:05:47.223237,device_0017,route_0038,event_051266,32.12906857804357,80.25575728995007,21.95293552819349,URBAN,CLEAR,ROUGH_PATCH,-0.0069927103848903,-0.1866606174899484,9.85630568427767,0.7529601424164171,0.5251423184000906,0.8024132263130479,-0.018614754471336,0.0078653056542332,0.0064662708106221,0.2437650903186662,0.2704077804201505,0.2341102728689256,0.790773710106694,1.7364821625629343,0.3885468167558731,1.7857142857142856,1073.1330610341536,52.18364994368368,0.0,0.0,0.0,UNKNOWN
2026-09-11 16:03:21.423237,device_0007,route_0029,event_049808,26.47692542208807,73.21570493406394,72.21041179930464,RURAL,CLEAR,NORMAL,0.0944732264957508,-0.0914490408805711,9.52795076261956,0.3161760775987373,0.3357699835657302,0.3070698054959689,0.0246226029539008,0.033731053452236,0.0191946926628817,0.0986493434763562,0.1006444149768379,0.087049620970901,0.4012497291461082,1.0007740841069133,0.4704162162562128,19.29824561403509,1156.3665497149682,49.29232864272136,0.0,0.0,0.0,UNKNOWN
2026-09-11 17:04:49.423237,device_0013,route_0040,event_086688,28.34381647586458,69.44505655359484,41.24132802594039,URBAN,RAIN,NORMAL,-0.0059387804372667,-0.1082848256556478,9.568847585847312,0.3221425750425994,0.3171973339710502,0.3396162823285559,0.0142978174241308,0.026028346736994,-0.0259660022699753,0.103679467681107,0.0965507897344152,0.1151514370044889,0.4023048629362777,1.044059720629125,0.4627246361936735,3.508771929824561,1155.761160906742,49.31814801189647,0.0,0.0,0.0,UNKNOWN
2026-09-11 16:22:01.023237,device_0015,route_0029,event_061004,26.006159617868757,72.32604440142516,18.394575375438027,URBAN,WET,SPEED_BREAKER,0.2085809421253554,-0.0896094777178565,9.821659180997347,0.3010645559501372,0.273031572830438,0.6457604011534673,0.000753296969253,0.031706788837257,-0.0347041843758672,0.1034215326358006,0.1122487120703178,0.0938792465316438,0.6507817440339622,3.29410286173424,0.525908743545299,1.5151515151515151,1355.564934550649,48.688187719962,0.0,0.0,0.0,UNKNOWN
2026-09-11 16:21:37.623237,device_0008,route_0011,event_060770,24.981846830893844,73.13061065966437,64.435373287561,URBAN,CLEAR,NORMAL,0.1694319562881328,0.041235596881285,9.733280895069182,0.3403139070472079,0.3281687243149105,0.2978776882033666,-0.0277345756457291,-0.0169304652679223,-0.006964810527802,0.1073890751242004,0.0904392916036577,0.1048299179918179,0.3029798762080303,0.8796671119770938,0.4548621076508768,18.0327868852459,1174.5210483649005,51.936063712881634,0.0,0.0,0.0,UNKNOWN
2026-09-11 14:40:29.323237,device_0002,route_0029,event_000087,28.56897445938774,77.16786899772741,72.94928553819483,HIGHWAY,CLEAR,NORMAL,-0.0050257286314171,-0.0942608108474125,9.722382643412072,0.3155214870897753,0.2908994818930638,0.2933671166681934,0.0016144576695583,-0.038919459830113,0.0108560015317178,0.0979510399789757,0.0933153502075332,0.1036698290648072,0.3008982126775857,0.8252665969871806,0.4265856132975161,17.5,1189.0117987248957,50.46207284431021,0.0,0.0,0.0,UNKNOWN
2026-09-11 16:49:00.923237,device_0002,route_0004,event_077203,32.44622051509932,82.92122823950594,81.24013838741,RESIDENTIAL,CLEAR,NORMAL,0.0271433482408285,-0.1135708297025748,9.705998240777584,0.2757306326509163,0.2773021691544283,0.3126644305957868,-0.0272416123350052,0.0009463010268227,0.0437640330664835,0.1115169240053814,0.1125160519080288,0.1033788953496775,0.3240714707828007,0.8176925676234479,0.4104926970763764,15.0,1189.0117987248957,50.46207284431021,0.0,0.0,0.0,UNKNOWN
2026-09-11 16:06:59.323237,device_0016,route_0042,event_051987,33.22023894083341,77.65824184920967,64.59034901598172,URBAN,CLEAR,NORMAL,-0.0824504750797604,0.0301457887376846,9.85715720641542,0.2503500604697152,0.3036024265896512,0.3186516799429674,0.0035870910393175,-0.050371277752372,0.0359557194665599,0.0906384675383301,0.0926192346617736,0.0979108055777951,0.3254143962458588,1.0140539329487677,0.4356451807870865,17.857142857142854,1173.9088107441603,47.70387570777382,0.0,0.0,0.0,UNKNOWN
2026-09-11 16:57:15.523237,device_0016,route_0004,event_082149,32.69287008303652,83.29124024278958,73.36344451768306,ARTERIAL,CLEAR,NORMAL,-0.0675721546855464,-0.0038411818383852,9.822699509871056,0.2628782916817908,0.3311459462493225,0.3329627081458693,-0.0043705411122575,-0.0427797439266079,0.0411856183011309,0.1099459644664967,0.0972209703317557,0.0978851571366098,0.3344740199961649,0.8608114094664003,0.4507788126806319,23.21428571428571,1173.9088107441603,47.70387570777382,0.0,0.0,0.0,UNKNOWN
2026-09-11 15:53:13.923237,device_0027,route_0041,event_043733,27.83117844300293,81.01830864614158,40.71530131853031,HIGHWAY,CLEAR,NORMAL,0.1567838543298876,0.1167037991252473,9.978595413553393,0.3044147072478442,0.321292070561598,0.3806779244854967,0.0286687883375272,0.0109611375362982,0.0120507680928173,0.1218377734775147,0.0825388993317138,0.0974952867455854,0.4247250145232571,1.185466248770343,0.4881353330773527,9.166666666666668,1176.243771850552,51.00983438628853,0.0,0.0,0.0,UNKNOWN
2026-09-11 17:18:58.723237,device_0004,route_0006,event_095181,20.639089155175707,74.38995179510827,10.9997759838468,ARTERIAL,CLEAR,NORMAL,-0.1264110218230456,-0.0364183732464779,9.652130091958412,0.2692816545326626,0.2861981072825112,0.3155385844028856,0.0217270152481102,-0.0416710682599451,0.028265225861517,0.0852178385915386,0.1075418857656082,0.0948751975773296,0.3455341817344117,0.8077097234110724,0.4314598726850836,7.5,1194.4208269519645,50.2335513967164,0.0,0.0,0.0,UNKNOWN
2026-09-11 17:07:48.223237,device_0000,route_0047,event_088476,21.053984237811694,79.4755120822556,43.06732986853216,ARTERIAL,RAIN,NORMAL,-0.0427922667553386,0.1681693132142697,9.939456380341555,0.3231982582190567,0.2852361539179203,0.3095575828802883,0.0052637599199146,-0.0127570732676803,-0.0036788144612955,0.1160795928504147,0.0967352244000534,0.0882655989491024,0.3425912087567287,0.987570103549924,0.416363934505202,18.333333333333336,1187.9876613670087,50.50557505871605,0.0,0.0,0.0,UNKNOWN
2026-09-11 16:23:41.123237,device_0014,route_0042,event_062005,34.118648334927414,77.72693578741932,20.35725844478244,HIGHWAY,WET,NORMAL,0.1907451146095989,-0.0779513752210693,9.71649199622666,0.3783550946467186,0.289013012854834,0.3116825433897891,-0.0184220545118122,-0.018025386448822,-0.0370931468389423,0.1012097691151051,0.1038173182345968,0.0830417780975178,0.3172309695503661,0.6806743559681898,0.4739170137682091,12.5,1172.5933011717448,47.75739375624995,0.0,0.0,0.0,UNKNOWN
2026-09-11 15:31:48.923237,device_0023,route_0030,event_030883,31.00580816138658,78.77279918836025,77.36605613640518,HIGHWAY,CLEAR,POTHOLE,0.0890592128193769,-0.1208058781967809,10.30322875187252,1.022392792956457,0.5921170575250669,1.958461138413777,-0.079867850283647,-0.0737462371515988,0.0971171880194643,0.4187834335434059,0.3633200644979582,0.5171530533562078,2.164743075778661,9.663234012620263,1.4221153338363908,1.0,985.6613579275306,50.72736147953584,4.7901244558128,9.720250909016205,11.600579652760386,MEDIUM
2026-09-11 16:04:57.223237,device_0008,route_0024,event_050766,28.71068034615581,72.62936292400636,18.111861645931643,HIGHWAY,CLEAR,NORMAL,0.1894863967676942,0.0061194834651612,9.711826390056263,0.2837242473155419,0.2863260813434047,0.2722638511404696,-0.0524567938733327,-0.0153904037572628,-0.0113821585894341,0.1030235669888225,0.0980396355998318,0.0993306709724602,0.2824590072591746,0.7869255381545717,0.42905052457264,18.0327868852459,1174.5210483649005,51.936063712881634,0.0,0.0,0.0,UNKNOWN
2026-09-11 16:45:16.123237,device_0029,route_0008,event_074955,34.978205266200014,79.05354888698598,76.00349784174313,URBAN,CLEAR,NORMAL,-0.1836855055204905,-0.1312227662628878,9.91585879961192,0.3446525463272027,0.300321995555436,0.3214350895200989,-0.0093328450986105,-0.0297197459532232,-0.0199154179785389,0.1001201322606942,0.0928158275425892,0.1024879346288697,0.3469024094971882,0.8680853756401508,0.4821454933131084,10.0,1185.4321676861896,50.614452379095,0.0,0.0,0.0,UNKNOWN
2026-09-11 15:01:35.623237,device_0011,route_0044,event_012750,29.65414970648169,77.00015169414654,81.21059308539863,RESIDENTIAL,CLEAR,NORMAL,-0.1103056331285718,-0.1416517684070901,9.901045518876565,0.3414059581921617,0.3223873728226806,0.2722768188369221,0.0348891543124783,0.0064361867107617,0.0410083627372822,0.1015603441869412,0.0938898341269111,0.0961900781835291,0.2944574281045384,0.7965966647236318,0.4568987776558902,4.0983606557377055,1173.916838169756,51.962794992449886,0.0,0.0,0.0,UNKNOWN
2026-09-11 15:41:11.223237,device_0026,route_0018,event_036506,31.492859111261183,78.66570599306024,62.652656989907705,URBAN,RAIN,NORMAL,0.0140499798172487,0.2216133923456438,9.692800382443824,0.2928466834962309,0.2912170263921087,0.3092737258464922,0.023110351477658,0.042992122087035,0.0319220374304025,0.1101306795623599,0.1052959654809553,0.102114960501375,0.3259451531096628,1.0980299215857006,0.429058277916671,10.526315789473683,1156.2462834189637,49.29745575609877,0.0,0.0,0.0,UNKNOWN
2026-09-11 14:56:54.323237,device_0001,route_0003,event_009937,28.978506240429887,76.53516580158097,9.555733522105015,URBAN,CLEAR,NORMAL,-0.2013445878935311,0.1948148369575768,9.913585155088228,0.272528130738942,0.2734403826634288,0.2983043678504039,-0.0196654977060711,-0.019538549924835,-0.040121531200347,0.0979457980758593,0.0933432520432373,0.1007444416220567,0.3214001329620552,0.9440737400759592,0.3919995503801829,14.035087719298245,1147.8114285371462,49.659725093210575,0.0,0.0,0.0,UNKNOWN
2026-09-11 15:10:57.923237,device_0022,route_0001,event_018373,27.015726598440526,77.1356361627698,64.21894142565698,RURAL,CLEAR,SPEED_BREAKER,0.0203105607989556,0.0043500763338549,10.2926258253249,0.6279498396573359,0.8638573057576138,1.7461905271540683,0.029486367645559,-0.0484154764193473,-0.0555396810619794,0.2823982224098246,0.2355383745642404,0.2278623702924808,1.9063106751224117,6.507295730165939,1.1205303021208213,0.7042253521126761,1366.4295983090874,51.96023277588557,0.0,0.0,0.0,UNKNOWN
2026-09-11 17:14:02.623237,device_0016,route_0012,event_092220,20.297013203774835,77.07073934150537,55.810221602621695,HIGHWAY,CLEAR,NORMAL,-0.0488223720546078,0.0599172655560585,9.838359774910122,0.3228815904318476,0.3150466330957947,0.3248192369660998,0.0090770263745518,-0.0303676792567779,0.044030442990146,0.1045420798581961,0.0903001846780756,0.0917913361221804,0.3267369487092614,0.8529552849246951,0.4543697003501292,9.821428571428571,1173.9088107441603,47.70387570777382,0.0,0.0,0.0,UNKNOWN
2026-09-11 17:11:33.523237,device_0016,route_0039,event_090729,36.17045336747756,80.02914911685569,18.81919626918748,RESIDENTIAL,CLEAR,NORMAL,-0.0826891634777124,-0.0008559240309732,9.874936483015867,0.2899844248526223,0.3388141960588726,0.3195407395311225,0.0055075417594874,-0.0276370537346253,0.0296311356737653,0.1111061336476413,0.1106386474333545,0.0905128849877522,0.3308817422425945,0.914108786256552,0.4474517557435876,11.607142857142856,1173.9088107441603,47.70387570777382,0.0,0.0,0.0,UNKNOWN
2026-09-11 15:01:00.223237,device_0002,route_0042,event_012396,29.67014191174364,77.38664023808724,42.5528979036703,HIGHWAY,CLEAR,ROUGH_PATCH,0.0403364290153877,-0.2057677586165563,9.719266682732714,0.6356572505385489,0.3628210720957124,0.5725755936102969,-0.0207382171671948,-0.0319679761825955,0.0233855115899447,0.1300201422486593,0.1793237319678085,0.1715557068896009,0.5721651751719263,1.2018252229580604,0.38401542570151,1.818181818181818,1089.9274821644876,50.46207284431021,0.0,0.0,0.0,UNKNOWN
2026-09-11 17:18:32.723237,device_0020,route_0016,event_094921,36.98617225027317,75.12525406953921,56.1879614337644,URBAN,CLEAR,NORMAL,0.0147523289846207,-0.1567383647386866,9.64719247101335,0.3190541230742416,0.2861783130155518,0.2899111456951829,0.0529928415171716,-0.0147157742188078,-0.0378402644737774,0.1001165952022511,0.0949608847599302,0.0911098455589231,0.322148917713877,0.726085876887419,0.4081656851731484,7.142857142857142,1178.3195617621582,47.52530791923109,0.0,0.0,0.0,UNKNOWN
2026-09-11 15:36:40.723237,device_0019,route_0018,event_033801,31.273465070615792,78.56050308145522,64.74397695966337,RURAL,WET,NORMAL,-0.0967377873437086,0.1632639762166797,9.96669452103352,0.3082996253027903,0.3475106244895442,0.3300225541448169,0.0228932774653606,-0.0188118214308245,0.0216979132464898,0.1298490339259332,0.1165922444487957,0.1137424803815389,0.3757785364767489,0.8961298232596882,0.4422981431713173,4.918032786885246,1174.5353318231532,51.93543212132559,0.0,0.0,0.0,UNKNOWN
2026-09-11 14:42:23.623237,device_0007,route_0017,event_001230,28.64229883026153,77.18827959201366,18.65140851251832,HIGHWAY,CLEAR,NORMAL,0.0816422058449111,-0.1064662692792693,9.683435947096772,0.3070782679547844,0.2853071425503951,0.3254136442328054,0.0279614242436615,0.0084301952869172,0.0313317132063175,0.101233127289768,0.0800512648761016,0.1038438225268459,0.3413731937690656,0.89613891295825,0.4418546655580914,10.526315789473683,1156.3665497149682,49.29232864272136,0.0,0.0,0.0,UNKNOWN
2026-09-11 15:14:14.023237,device_0004,route_0031,event_020334,26.81873470860145,77.87578504424795,10.023043002260296,URBAN,CLEAR,NORMAL,-0.1085193898568857,0.0349161455518155,9.62032966380155,0.2957289218845633,0.3411990439739054,0.327428113772766,0.0445846753496818,-0.0138582191429346,0.0169233395809273,0.1143191658894556,0.100321292053164,0.0968646146087503,0.3679702008921905,0.830869226561612,0.4562368011758903,15.833333333333334,1194.4208269519645,50.2335513967164,0.0,0.0,0.0,UNKNOWN
2026-09-11 16:50:24.923237,device_0029,route_0047,event_078043,21.956074751000227,79.21744054455642,10.303634218192814,URBAN,RAIN,SPEED_BREAKER,-0.1747572990872216,-0.1888786827775154,10.04992479556296,0.3154845485287654,0.3126723744558815,0.5376595321338786,-0.0273805625255146,-0.041294335199231,0.0024109037651896,0.0744267830328063,0.0670248406160998,0.0713980855974333,0.599675712261978,2.421214056898263,0.5058747707530304,2.1428571428571423,1383.0041956338878,50.614452379095,0.0,0.0,0.0,UNKNOWN
2026-09-11 15:47:35.623237,device_0009,route_0021,event_040350,27.93537213877128,80.82509015832095,74.15292097327264,URBAN,CLEAR,NORMAL,-0.1880651331518273,0.1046937021872573,9.98383067902623,0.3185047729161251,0.3036733204828944,0.3007130131352978,0.007104377397825,0.022003324599508,-0.0199895273738313,0.1026695900156344,0.0859434611455509,0.1057536929986243,0.3576758287064063,0.7865352967004284,0.4580053159275938,24.10714285714285,1175.8012798150014,47.62709563372047,0.0,0.0,0.0,UNKNOWN
2026-09-11 16:05:06.823237,device_0020,route_0029,event_050862,26.432706584114136,73.13203477319807,36.32079497931425,URBAN,CLEAR,NORMAL,0.1159901976617396,-0.1261011605184923,9.678219746689336,0.3502453138251408,0.3683875570464529,0.2838624923773346,0.0382328181921356,0.0096206581358663,-0.0692569290400135,0.1124593752798848,0.1067075397939082,0.1009949467015371,0.3029132454548772,0.7472229606571421,0.5052318514342129,23.21428571428571,1178.3195617621582,47.52530791923109,0.0,0.0,0.0,UNKNOWN
2026-09-11 16:29:21.523237,device_0026,route_0035,event_065409,24.390654632381807,81.48498748800073,74.65594879232188,URBAN,CLEAR,NORMAL,0.129872024640209,0.307340765052631,9.635594575050863,0.3440800251826937,0.3054831137191313,0.3298984157242966,0.0162258826081782,0.0503861121179182,0.0097885519240012,0.0944492403830509,0.0953474785578986,0.1055048141216459,0.3576002803963737,0.899702598251233,0.4903644582717749,23.684210526315788,1156.2462834189637,49.29745575609877,0.0,0.0,0.0,UNKNOWN
2026-09-11 17:24:27.123237,device_0012,route_0039,event_098465,36.82314657431005,80.27039808354796,77.36467504820513,RESIDENTIAL,CLEAR,NORMAL,0.084339835657297,0.2097303748219589,9.725323225811136,0.3378746057137168,0.3333308991160603,0.3136051034002206,-0.0285887062122329,-0.031956291400987,-0.0298051796999034,0.1116362109336675,0.0942506932401528,0.0970418953513938,0.3217703162812625,0.8623365935047325,0.4706403847876337,16.07142857142857,1178.0852418549218,47.53476065265595,0.0,0.0,0.0,UNKNOWN
2026-09-11 17:00:14.823237,device_0008,route_0022,event_083942,36.199740219036606,76.82041492918198,62.555883902335424,URBAN,CLEAR,NORMAL,0.1610795561080037,0.0494234417426125,9.679778377321124,0.2940149431106265,0.291061312488558,0.3187609092711162,-0.0438875591575842,-0.0115864746539035,-0.0238026096953732,0.0965814572313789,0.1111893493598825,0.0950394526199406,0.3364774722907809,0.8361941851281323,0.4514980584296952,9.01639344262295,1174.5210483649005,51.936063712881634,0.0,0.0,0.0,UNKNOWN
2026-09-11 15:39:44.623237,device_0013,route_0014,event_035640,31.501011987297883,76.05060587168194,60.20408189554956,HIGHWAY,RAIN,ROUGH_PATCH,-0.0680649041226176,-0.1322277891575883,9.681273167577109,0.4899663521655837,0.3768894679479257,0.7969667399902635,-0.0167334923831429,0.0518688129437428,-0.0092819836017099,0.1323900876801691,0.1449085162908354,0.1857918888100332,0.7996958651025716,1.7502163191579037,0.4319426446994182,1.923076923076923,1054.3786029324665,49.31814801189647,0.0,0.0,0.0,UNKNOWN
2026-09-11 16:48:01.523237,device_0026,route_0034,event_076609,26.658078435967628,70.64263626857391,37.73398094668369,HIGHWAY,CLEAR,NORMAL,0.0424105918098849,0.2164427271997255,9.674752798235062,0.2777083004135226,0.3836086342362408,0.3673985523018352,0.0090870952400559,0.026173304679254,0.0291112289745922,0.0958994354658261,0.1106456068461475,0.1042303881239917,0.3859587096109392,0.8851561512383004,0.4954726388003813,0.8771929824561403,1156.2462834189637,49.29745575609877,0.0,0.0,0.0,UNKNOWN
2026-09-11 14:42:05.123237,device_0000,route_0046,event_001045,28.720920453679643,77.31587807145303,60.48377912677103,URBAN,CLEAR,OTHER_ANOMALY,0.4195773818223646,0.4282239943496287,10.370321565740849,1.1222738258503533,0.6892102157905472,1.1196844796492813,0.0789165090123209,-0.0044247840242794,-0.0311479160010044,0.236183914447108,0.3253077341073432,0.2419814238758791,1.4072893294410769,3.7836165252588634,0.497276561874246,2.2222222222222223,890.9907460252565,50.50557505871605,0.0,0.0,0.0,UNKNOWN
2026-09-11 17:23:20.123237,device_0019,route_0021,event_097795,26.90215295115292,85.88722947888748,77.87226350501845,HIGHWAY,CLEAR,NORMAL,-0.2083461031204634,0.0987908618604943,9.976185722377776,0.3031175161081813,0.3240774898259141,0.3533106759719192,0.0130863567369285,-0.0143653752075917,-0.0276830550684258,0.108399549343034,0.0866156883232965,0.0961986188248285,0.3992952293597037,1.0820942791071229,0.4845469097214533,22.13114754098361,1174.5353318231532,51.93543212132559,0.0,0.0,0.0,UNKNOWN
2026-09-11 14:50:14.323237,device_0016,route_0017,event_005937,28.983307621943474,77.43888947441027,54.78162072261128,RESIDENTIAL,CLEAR,NORMAL,0.0067198702036915,0.085327829322737,9.853566049246322,0.2650048629393852,0.340986653577413,0.2869214890922066,-0.0093861460556162,-0.0232569701232916,0.0516466240517601,0.1176845921842609,0.1104316414770317,0.096835339182555,0.2951032029575322,0.8713344324010048,0.4366478144231277,0.8928571428571428,1173.9088107441603,47.70387570777382,0.0,0.0,0.0,UNKNOWN
2026-09-11 16:16:29.323237,device_0006,route_0047,event_057687,23.71605908662613,78.71382442288687,54.90604444433432,URBAN,CLEAR,POTHOLE,0.1266267679310226,-0.1028442644369049,10.07037608878566,0.5600726405386001,0.2845581698365712,0.5706652012329261,-0.1480338891971998,0.0316886260925182,0.0034723944396361,0.3120950572291253,0.2952601788859205,0.2574253235776367,0.664316464196393,3.642977104844535,0.6795310618791115,10.638297872340424,981.7693121927356,47.87275321839885,1.7616623641347404,2.7168487569990214,3.422009301929566,LOW
2026-09-11 14:53:30.123237,device_0024,route_0010,event_007895,28.941661934142367,77.83263314178691,21.60598487356616,URBAN,CLEAR,ROUGH_PATCH,0.1990757155125187,0.1976256912610068,9.907894280237498,1.2598880584203584,0.7237974595945362,1.411643661968922,-0.0205717116501108,-0.0457207792752279,0.0253277441286471,0.2185623946661881,0.2083464772401217,0.2183912019941989,1.4408168392867875,3.5339091501801096,0.4340699522771352,1.7857142857142856,1070.3752644422386,52.318099885446266,0.0,0.0,0.0,UNKNOWN
2026-09-11 17:06:09.023237,device_0004,route_0002,event_087484,21.376836068186964,80.10660101224468,38.0582792614732,RESIDENTIAL,CLEAR,NORMAL,-0.1522879586731891,0.0035072581267471,9.6332901803997,0.3635491979117263,0.3330373460494843,0.2738323194732307,0.0426234413650864,-0.0340635890771137,0.0092811354329624,0.0930592910501957,0.0886675680569708,0.1125712552621461,0.3157917103388842,0.605221048128028,0.46043786450397,1.6666666666666667,1194.4208269519645,50.2335513967164,0.0,0.0,0.0,UNKNOWN
2026-09-11 15:09:37.623237,device_0023,route_0001,event_017570,27.087205538025223,77.1427468211714,85.30082584212562,RESIDENTIAL,CLEAR,OTHER_ANOMALY,0.5822764014647309,0.1787485043841308,10.176209566720376,1.1321235765745363,0.4516318549454201,0.9847340466704828,0.0335167042511518,0.0320911732094655,-0.0538300834831179,0.1997510660644459,0.2968972844293756,0.2690460651167971,1.1905309168692022,3.1843293485903867,0.5267440163201788,1.1111111111111112,887.0952221347775,50.72736147953584,0.0,0.0,0.0,UNKNOWN
2026-09-11 16:08:47.023237,device_0000,route_0006,event_053064,24.208360934213164,75.65834204197611,74.62359118225051,URBAN,RAIN,NORMAL,-0.0151404906733353,0.114794938054596,9.881414819757037,0.3014855919345588,0.3447209429247704,0.2797301006352635,-0.0002880777920823,-0.0390846216962935,-0.0165035717460206,0.0962278917700455,0.1048221968527943,0.0916828801179499,0.294159332895541,0.8163348422377457,0.4373916185824479,17.5,1187.9876613670087,50.50557505871605,0.0,0.0,0.0,UNKNOWN
2026-09-11 14:58:54.723237,device_0013,route_0038,event_011141,29.36587893954355,77.93482215847217,40.461425243662255,RESIDENTIAL,RAIN,NORMAL,-0.0770461118268367,-0.0943073718361754,9.561622186395557,0.3035043120155639,0.3216712533872451,0.345508030376793,-0.0151650818603454,0.0682705449732617,-0.031564815055779,0.0909731998702936,0.0941563663259807,0.1017157787852847,0.4139585316028471,0.9730644723731388,0.4573725464021429,8.771929824561402,1155.761160906742,49.31814801189647,0.0,0.0,0.0,UNKNOWN
2026-09-11 17:21:54.223237,device_0005,route_0009,event_096936,20.08180811760796,78.6582107360121,57.40571013099216,HIGHWAY,CLEAR,NORMAL,0.172283963889528,0.0358291391203703,10.01037387725573,0.2743026356087859,0.2533712471625143,0.3623774490225596,0.0437390526404698,-0.0084997621248948,0.0369598024293082,0.0977889399800541,0.0925594381933176,0.1010414739583504,0.4237411883089811,1.0195815686490697,0.4208956784517733,21.428571428571427,1173.3612685170888,47.72613644455269,0.0,0.0,0.0,UNKNOWN
2026-09-11 16:04:29.623237,device_0022,route_0034,event_050490,27.29569682371989,72.90358448040043,43.52978554822974,RESIDENTIAL,WET,NORMAL,0.0576101484987218,-0.0116062978266734,9.616344841597856,0.3055840201850265,0.3411774975240165,0.2820563373412134,-0.021847527159732,-0.018646279942379,-0.0178923873236788,0.0939409157307788,0.099334216245596,0.1042605845265089,0.3303846759307887,0.82419652965328,0.4595333917072987,9.836065573770492,1173.9747253078074,51.96023277588557,0.0,0.0,0.0,UNKNOWN
2026-09-11 15:35:42.823237,device_0012,route_0009,event_033222,25.73656736514555,77.73238191343778,10.51158037297457,RURAL,CLEAR,NORMAL,0.1386628470434234,0.2295924681649737,9.723161711237127,0.3295204341607384,0.32106500075202,0.2962657482418805,-0.0444296452923456,-0.0120877280633225,0.0101997961623474,0.1121529261077291,0.1072484080855158,0.1007632080183418,0.3011930725572824,0.6308902493110509,0.4335373839854025,23.21428571428571,1178.0852418549218,47.53476065265595,0.0,0.0,0.0,UNKNOWN
2026-09-11 16:57:51.223237,device_0016,route_0014,event_082506,35.42209102873564,74.50469802457852,59.327496197247,RESIDENTIAL,CLEAR,NORMAL,0.0019074955473793,0.1066722973560506,9.838361643015062,0.3387736193198716,0.3209078154739382,0.3143466405664443,0.0225992373714224,-0.0421950375135604,0.036218726992153,0.1011618213106183,0.0808220253744387,0.0902222995192035,0.3172020495086504,0.9618731422426324,0.4498284497906773,22.32142857142857,1173.9088107441603,47.70387570777382,0.0,0.0,0.0,UNKNOWN
2026-09-11 15:40:50.223237,device_0006,route_0041,event_036296,27.980112379153017,80.3662960872824,81.61351631872617,RURAL,DUSTY,ROUGH_PATCH,-0.0615745354771477,-0.0664542459017894,9.870567683123502,0.9826942966329184,0.6962148432454656,0.8844332731297261,-0.0548508650030711,0.0281351926428254,0.0267006917093551,0.1851647142317848,0.1897002544110468,0.2563558686081517,0.8791337152482633,2.279335212420719,0.386601427758769,1.96078431372549,1065.3241472729685,47.87275321839885,0.0,0.0,0.0,UNKNOWN
2026-09-11 16:33:33.023237,device_0022,route_0037,event_067924,29.62612327925248,71.10570966613085,58.13896454623921,HIGHWAY,CLEAR,SPEED_BREAKER,0.1135298838710172,-0.0044600984010442,10.139763583768111,0.7559073650121566,0.5797156876554211,1.5772806717215464,0.0095246366276815,-0.0096088112264595,-0.0216547111890762,0.2145229113385667,0.2206618856687284,0.2448127747333532,1.6815948786709574,5.789506691953459,1.2040744902799545,0.7042253521126761,1366.4295983090874,51.96023277588557,0.0,0.0,0.0,UNKNOWN
2026-09-11 17:17:41.023237,device_0018,route_0033,event_094404,35.96923516677636,81.40997341940052,21.00904276618673,URBAN,CLEAR,NORMAL,-0.0358637293915783,-0.1696478669842729,9.948475771168324,0.3305738950020188,0.3229926216095959,0.3277731405160766,0.0380720344860451,-0.0449829360120215,0.0193885488528369,0.0945188317103695,0.0992632506352693,0.132987973721602,0.3647812802832887,0.8997380660970524,0.4711409818773795,20.0,1196.452449290308,50.14825289178003,0.0,0.0,0.0,UNKNOWN
2026-09-11 17:01:59.823237,device_0017,route_0018,event_084992,35.42444464869575,80.55170722100215,38.92019622864139,RESIDENTIAL,WET,NORMAL,0.1273114285066009,-0.213575279874208,9.779263948514954,0.334198581326853,0.3577302752541527,0.2869122310650604,-0.0288182440883588,0.0166865734656419,-0.035763385280322,0.109576331813308,0.0963016364612422,0.0832771677430059,0.2840981429046947,0.6721124010642008,0.4786367068812268,5.737704918032787,1168.9485129122031,52.18364994368368,0.0,0.0,0.0,UNKNOWN
2026-09-11 16:23:52.823237,device_0018,route_0024,event_062122,28.71614141002839,71.60814114980937,19.2047506742644,URBAN,CLEAR,NORMAL,0.0030075429758955,-0.194398881210967,10.057145076526687,0.3762967056726904,0.2848075174079273,0.3842650761665864,0.0384355693895563,-0.0215866443555662,0.0029928802618362,0.1055891417714468,0.1059588144428371,0.108520200434207,0.4702222644979422,1.0984720022058738,0.4861459469653786,7.5,1196.452449290308,50.14825289178003,0.0,0.0,0.0,UNKNOWN
2026-09-11 16:29:54.923237,device_0024,route_0033,event_065743,33.74332403149498,80.1103762133262,10.33700499808365,HIGHWAY,RAIN,NORMAL,0.1470858258654744,0.1863173153861098,9.980531519439364,0.2760194899769149,0.3008414218078627,0.3588859090482283,-0.010817435839963,-0.0596329320349958,0.0652859134698862,0.1042193758042216,0.0940791921682714,0.0960677022156419,0.4061781707564477,1.2064786492302328,0.4482805441529441,4.0983606557377055,1165.9444844817242,52.318099885446266,0.0,0.0,0.0,UNKNOWN
2026-09-11 15:47:25.223237,device_0027,route_0021,event_040246,27.93731677405689,80.81598498786794,42.74484164432825,RESIDENTIAL,CLEAR,NORMAL,0.147913237480886,0.2143859914942477,9.912561980548071,0.3806515135020052,0.3539944363201636,0.3059994988604487,0.0295062849324741,-0.0164344217208434,-0.0052504963694236,0.1020043297092956,0.105233179773512,0.1038886737985877,0.3321322777712414,0.787249835210373,0.5100513190500335,24.166666666666668,1176.243771850552,51.00983438628853,0.0,0.0,0.0,UNKNOWN
2026-09-11 15:07:36.723237,device_0013,route_0023,event_016361,27.79361806095254,78.50262635818517,9.141142644644228,RESIDENTIAL,RAIN,ROUGH_PATCH,-0.0590844486635719,-0.114515415061699,9.70907120216437,1.3680268149164208,0.7837403987137167,0.946938298432886,-0.0483096911157857,0.0618019699912906,-0.0221536476903494,0.2010090186167718,0.2095027726567872,0.2086960513532067,0.9083184598767102,2.1735559062099643,0.4797881930268851,1.923076923076923,1054.3786029324665,49.31814801189647,0.0,0.0,0.0,UNKNOWN
2026-09-11 16:13:34.423237,device_0022,route_0022,event_055938,33.68561274167425,76.97023145251477,10.222398172505262,RESIDENTIAL,CLEAR,NORMAL,0.0655258030374651,0.0511137878935776,9.661726457847054,0.2834542778188712,0.3722826220060484,0.3123343908450204,-0.0059884643302873,-0.0247551024468609,-0.0294113901359202,0.0837565372797005,0.1263784934224337,0.1053938654986097,0.3375645588641318,1.0738609998633457,0.4537606088039601,9.01639344262295,1173.9747253078074,51.96023277588557,0.0,0.0,0.0,UNKNOWN
2026-09-11 15:28:08.023237,device_0029,route_0001,event_028674,26.09391327064215,77.04056038024828,56.7720011777288,HIGHWAY,WET,NORMAL,-0.1720347477611419,-0.2773636667903636,9.849888078063884,0.3061584145035787,0.3037460480625112,0.3353221389314921,-0.0056787105200001,-0.0309721144986992,-0.0003642860574763,0.0979018065951709,0.0932508802618179,0.1087696964460479,0.3421948800108331,1.035278026890989,0.4519650838390666,13.333333333333334,1185.4321676861896,50.614452379095,0.0,0.0,0.0,UNKNOWN
2026-09-11 15:20:16.323237,device_0023,route_0048,event_023957,26.4706814152656,77.6339356933381,60.2158721513101,URBAN,CLEAR,NORMAL,0.1594224401967158,-0.0208129002893832,9.880099080397258,0.2732949527669968,0.32607510641414,0.3306113048646359,0.0140768271017843,-0.0129641549864127,0.006551923854835,0.1052381593397189,0.1141379520587426,0.1051651371464987,0.3436591871434848,0.8348060726797133,0.436742710767586,2.5,1182.7936295130366,50.72736147953584,0.0,0.0,0.0,UNKNOWN
2026-09-11 14:53:26.423237,device_0025,route_0016,event_007858,29.3880612684913,77.0156319444752,9.251317056406034,HIGHWAY,CLEAR,SPEED_BREAKER,-0.0993148968704686,-0.0558946767372608,10.010975540676966,0.3528750507148572,0.3060700231782727,0.4403628790244799,0.0025136969595468,-0.0288625852567407,0.0195283617460546,0.0781136120007453,0.0649403673812655,0.074294798583272,0.4932047740706733,1.6208641227063776,0.4889460820772592,9.999999999999998,1390.2596780229646,50.35030585044683,0.0,0.0,0.0,UNKNOWN
2026-09-11 17:17:21.823237,device_0022,route_0027,event_094212,25.120615912744466,84.80898919893552,36.16965020317713,RESIDENTIAL,CLEAR,SPEED_BREAKER,0.0424082263157639,0.1535946017167942,9.871210985971654,0.4420237352324331,0.6228117250847962,0.7892517960464598,-0.0064311619117927,-0.031161049815306,-0.0114385055782372,0.1495233086148537,0.1550176733841059,0.1406593732722743,0.8357121986554282,3.354142623241392,0.7136757601610875,0.7042253521126761,1366.4295983090874,51.96023277588557,0.0,0.0,0.0,UNKNOWN
2026-09-11 16:25:55.723237,device_0024,route_0048,event_063351,23.01965405663409,78.43480632604827,20.180231839181747,URBAN,RAIN,NORMAL,0.1910974131040498,0.0802946690179663,9.91000291116361,0.3163185422107198,0.3046441253182418,0.2923941314988766,-0.0188529208118795,-0.0593699103241173,0.0461482748848386,0.1035257270773245,0.0958574689857901,0.1135973553585158,0.3140290682420487,0.7593411514955388,0.4178551029219109,0.819672131147541,1165.9444844817242,52.318099885446266,0.0,0.0,0.0,UNKNOWN
2026-09-11 16:04:00.423237,device_0008,route_0035,event_050198,25.353427079127236,80.51321042107901,9.674960575655424,URBAN,RAIN,NORMAL,0.1920429284605114,0.0584547379050719,9.708336266339172,0.2736680187074205,0.3089227318245716,0.3072098138430477,-0.0581457587115599,-0.0195988668124715,-0.011892869136423,0.0932801635368174,0.0910826469116118,0.1063757590302474,0.3161790904321803,0.8338483091866191,0.4167522728541971,15.57377049180328,1174.5210483649005,51.936063712881634,0.0,0.0,0.0,UNKNOWN
2026-09-11 16:12:24.423237,device_0009,route_0044,event_055238,33.40423345969677,76.26767281294097,37.639116520438336,URBAN,CLEAR,ROUGH_PATCH,-0.1148076239592257,0.0815873504318051,9.90812151807615,1.2049106501993103,0.7210880039817423,0.8802814881861883,0.0412735757437163,0.0199025102234838,-0.0371208359034463,0.1595126187963758,0.2222308063863708,0.2441014678139562,0.8733682690482314,2.174444419775547,0.447366445257657,1.96078431372549,1070.819022688662,47.62709563372047,0.0,0.0,0.0,UNKNOWN
2026-09-11 17:24:14.623237,device_0028,route_0014,event_098340,36.74663885986076,73.98246173699474,18.11309668271353,RESIDENTIAL,CLEAR,SEVERE_POTHOLE,0.1165488583066048,-0.0877221555948298,10.212339212205157,0.2544866481982821,0.322219379254438,3.4916303740470167,-0.0754382658617467,0.0139730607524435,-0.0725791316520702,0.2139451918565083,0.1693538185644687,0.1867781126810142,3.516326111295696,13.18278957605855,3.057335507442777,23.404255319148938,960.502771901746,48.932706260641424,17.54812846789073,51.71904205189463,24.39480380793996,CRITICAL
2026-09-11 15:03:11.123237,device_0019,route_0004,event_013705,29.27910852822125,78.16940129324772,10.508871759842496,RESIDENTIAL,CLEAR,SEVERE_POTHOLE,-0.1334275794813929,0.0638103798946473,10.255227521734458,0.2715197823160566,0.3573625617012196,2.290132145709428,0.0382272511219352,-0.0363327737599599,-0.0135442452961598,0.1252001705706624,0.1238872721654846,0.1227307607712945,2.335615873126504,8.524694238993735,2.1118021601037755,20.0,962.7338785435682,51.93543212132559,13.321244603647552,27.131774061742988,32.95066226400639,CRITICAL
2026-09-11 15:02:58.523237,device_0004,route_0028,event_013579,27.878563343005432,76.32378581685595,54.80175956413771,HIGHWAY,CLEAR,NORMAL,-0.1195005555049135,0.0475087542149457,9.628804488748148,0.33091895919127,0.2969927283349415,0.27118937069822,0.0404501067937312,-0.0281578146966163,-0.015087183881991,0.1131106769864665,0.1122901102693524,0.1125875983155713,0.3148191090725555,0.8207473070986158,0.4456762090928026,3.333333333333333,1194.4208269519645,50.2335513967164,0.0,0.0,0.0,UNKNOWN
2026-09-11 15:37:57.623237,device_0008,route_0018,event_034570,31.335790606380854,78.59022731358009,78.5531454527601,ARTERIAL,CLEAR,NORMAL,0.1917202606461024,0.0157721216311234,9.733927487015182,0.3286335447934904,0.3295311764582191,0.3037260477408205,-0.0516343637884205,0.0062474481148376,-0.0117168998644693,0.10424750484988,0.0967572516499763,0.0995832095050976,0.30684671488975,0.6817038392107904,0.4747079536205272,8.196721311475411,1174.5210483649005,51.936063712881634,0.0,0.0,0.0,UNKNOWN
2026-09-11 17:16:22.723237,device_0004,route_0021,event_093621,26.9776226264113,85.51941694964344,36.28781919367072,URBAN,CLEAR,NORMAL,-0.1205691770625731,-0.038693679863704,9.607704439919893,0.3124304360407874,0.3529341418671576,0.2732154674127282,0.0476502388388813,-0.0185103607656835,0.0125944446555043,0.0985766639681039,0.1014614659405396,0.0960214878203895,0.325888747640344,0.9697884116222006,0.4745724390678021,23.333333333333336,1194.4208269519645,50.2335513967164,0.0,0.0,0.0,UNKNOWN
2026-09-11 14:43:51.023237,device_0002,route_0007,event_002104,28.480902530271383,77.30729751454841,62.6477432333762,ARTERIAL,CLEAR,NORMAL,0.0351443492250997,-0.1400353711154252,9.750664370829064,0.2637155560590792,0.2574383281422805,0.2657476086777401,-0.0215709104647822,-0.0051563280616169,0.0385747545874037,0.1066100631432851,0.1096879775184596,0.0965669581665403,0.2698607993581979,0.6505959779737633,0.401543295436829,9.166666666666668,1189.0117987248957,50.46207284431021,0.0,0.0,0.0,UNKNOWN
2026-09-11 16:44:16.623237,device_0011,route_0038,event_074360,33.71923693214972,81.59161019850971,36.551159045563786,RESIDENTIAL,CLEAR,NORMAL,-0.1416238838190206,-0.0595957621743416,9.911385632762316,0.3256709430077764,0.2961856804911748,0.2763627905277423,0.0095760650300559,0.0190720436343037,0.0663705742825289,0.1017224957585003,0.0926977078990396,0.1121787180831624,0.3024731978594379,0.8720558241817304,0.4216190296260902,19.672131147540984,1173.916838169756,51.962794992449886,0.0,0.0,0.0,UNKNOWN
2026-09-11 17:03:29.423237,device_0024,route_0007,event_085888,23.826487507008306,83.2328298532237,10.54784074997289,RESIDENTIAL,CLEAR,NORMAL,0.1293016531437057,0.1429265072747942,9.960927021705125,0.3909547569517095,0.2748182263396546,0.3292422877035522,-0.0017098226968821,-0.0531837572026437,0.0340635246966641,0.1206290648937322,0.1071720535731724,0.1125032018051981,0.3738327748200472,0.931696840303438,0.5004898905487271,13.114754098360656,1165.9444844817242,52.318099885446266,0.0,0.0,0.0,UNKNOWN
2026-09-11 17:26:51.223237,device_0017,route_0006,event_099906,20.238943301518816,74.24735648899956,21.01036180823885,ARTERIAL,DUSTY,NORMAL,0.09210616109354,-0.2787455141092066,9.679993037806153,0.3341841905530821,0.332284765498113,0.3313913637083663,-0.0133070992615166,0.0181595759118795,-0.0419932637282371,0.1149855771992274,0.0999002893491452,0.118262603469278,0.3458947126925379,0.7424970870027483,0.4524529767722462,11.475409836065571,1168.9485129122031,52.18364994368368,0.0,0.0,0.0,UNKNOWN
2026-09-11 16:14:23.523237,device_0025,route_0014,event_056429,33.24024879057165,75.3649278181897,20.218427917878643,SERVICE_ROAD,CLEAR,NORMAL,-0.0507354351117362,-0.0098271200385646,9.94223949068678,0.3632637428576384,0.2996559647949563,0.3385255657819326,-0.0097268600705768,-0.0171766801693702,-0.0065272923686122,0.101716168353065,0.099617543037586,0.097961807259094,0.3723704318535563,0.9264289022947628,0.4887510654102227,16.666666666666668,1191.6511525911126,50.35030585044683,0.0,0.0,0.0,UNKNOWN
2026-09-11 17:04:30.823237,device_0015,route_0034,event_086502,26.416428597120937,69.78610957510473,10.260642611630557,URBAN,CLEAR,SPEED_BREAKER,0.1853296009066998,-0.1359368524670862,9.774944585592978,0.2326938020663593,0.2811965319754884,0.3995952933271819,0.0026601364670534,0.0488192470213435,-0.0251112945338519,0.0805623565324857,0.0692936037039259,0.0923610927442725,0.4015549041764112,1.2422317332252764,0.4009893257093017,1.5151515151515151,1355.564934550649,48.688187719962,0.0,0.0,0.0,UNKNOWN
2026-09-11 15:01:07.523237,device_0005,route_0041,event_012469,28.4568641884897,78.27732657318664,75.73102636755983,HIGHWAY,WET,NORMAL,0.1452255795936923,0.1694473781785664,9.973458966707565,0.3348836290366169,0.2877634367585847,0.2646704482329414,0.0409763474679117,0.0127086814685564,0.0771068819444021,0.0961387545036306,0.0977272341026584,0.0847450682214191,0.3183138994781683,0.6607175569766532,0.4179263970709116,2.6785714285714284,1173.3612685170888,47.72613644455269,0.0,0.0,0.0,UNKNOWN
2026-09-11 15:04:58.423237,device_0018,route_0048,event_014778,27.274718799743344,77.44700124490628,18.740080204850344,URBAN,CLEAR,NORMAL,-0.0129810498009267,-0.11234345773701,9.97683918847517,0.3312347287080638,0.3371312539408198,0.3395247484252592,0.0616169709619755,-0.0314042810092987,0.0217324228838718,0.0991982752159063,0.1052783612054844,0.115103032240167,0.3879493220065275,1.0584629497450084,0.4891749567119813,24.166666666666668,1196.452449290308,50.14825289178003,0.0,0.0,0.0,UNKNOWN
2026-09-11 15:26:14.923237,device_0010,route_0008,event_027543,30.89087784577949,77.83837668580694,10.785498102704237,HIGHWAY,CLEAR,NORMAL,-0.1350890565610701,-0.0003832220262556,9.650837776746222,0.358230446390282,0.3385163876907164,0.2825290916669551,-0.011235333646979,0.0289237612897905,-0.0005838913795846,0.1127480000476033,0.1006965364788723,0.083695131012866,0.3128022788346508,0.8521113240386811,0.4543902621308823,22.807017543859647,1171.778857581421,48.64399082745811,0.0,0.0,0.0,UNKNOWN
2026-09-11 17:23:38.223237,device_0021,route_0023,event_097976,23.82941281208088,84.67999561031012,86.22477217142384,URBAN,CLEAR,NORMAL,0.0782258589983325,0.0689331351512813,9.832658106472971,0.3364163825304495,0.3132972984496128,0.2782295711539973,-0.0302871588039526,0.0221425257638516,-0.0348779301225538,0.0808238282046348,0.0805927172167113,0.1141593689255357,0.2819873422717441,0.7075886076201829,0.4424041151838523,0.8333333333333334,1182.3087711011192,50.74816449523607,0.0,0.0,0.0,UNKNOWN
2026-09-11 15:57:12.823237,device_0017,route_0042,event_046122,32.69447789078209,77.61812233291178,10.893327411702886,SERVICE_ROAD,CLEAR,SPEED_BREAKER,0.0830882245449966,-0.1675474571638729,9.840526469644905,0.2931568089450223,0.3382974726190575,0.4922207164885576,-0.0172751368114898,0.0175895810973644,-0.0190815670441184,0.0790570313004291,0.0740077479399433,0.0750746454345026,0.4943492913481175,2.008195504914452,0.5398562540808374,16.901408450704228,1360.579416668302,52.18364994368368,0.0,0.0,0.0,UNKNOWN
2026-09-11 16:02:37.423237,device_0008,route_0023,event_049368,26.19049917129132,81.00085900620198,18.135553434562755,HIGHWAY,RAIN,NORMAL,0.1446937557621568,0.0572865564389058,9.713483855269326,0.2988454089820744,0.3525812686421982,0.2987673767917973,-0.030627599009152,-0.0335031333181023,-0.0146033679549747,0.0961994169740656,0.0952366232749646,0.0835185228651769,0.3069166289506739,0.9299975676024133,0.4578142556953851,9.836065573770492,1174.5210483649005,51.936063712881634,0.0,0.0,0.0,UNKNOWN
2026-09-11 14:42:33.823237,device_0012,route_0037,event_001332,28.609631701519664,77.00751039181489,63.77855074755704,URBAN,CLEAR,NORMAL,0.1551932387653221,0.1659240245401678,9.662818752597008,0.3141018586149986,0.2911804535378446,0.3016629754378999,-0.0380681543729307,-0.0277122114787572,-0.0374297252725159,0.1009142741318968,0.0865709368420171,0.1022269775929091,0.3276866164432286,0.9441008350527388,0.4415028300532436,20.535714285714285,1178.0852418549218,47.53476065265595,0.0,0.0,0.0,UNKNOWN
2026-09-11 14:44:16.623237,device_0029,route_0047,event_002360,28.49972660380534,77.34541668777847,40.52024372229144,URBAN,CLEAR,NORMAL,-0.1572180650269899,-0.1655875258429419,9.960516091980203,0.3470200108436017,0.3150634848153927,0.3249351664462572,0.0051483480799627,-0.0552016998489669,0.0180179273540422,0.0970846416425884,0.0994780613133489,0.0980193258347074,0.3668883718183361,0.6915449723617222,0.4644675336494743,2.5,1185.4321676861896,50.614452379095,0.0,0.0,0.0,UNKNOWN
2026-09-11 16:57:42.323237,device_0013,route_0015,event_082417,21.433027682163072,79.1597324848168,55.573629675046696,RURAL,CLEAR,POTHOLE,-0.0657673133925412,-0.2948048648442005,10.128404513881964,0.4515504114746583,0.8552021058121703,2.304478296609445,-0.0263488025865492,0.101661993840703,-0.0018991901206667,0.2966699179510951,0.2162097195824068,0.2936834977707359,2.418306919460117,12.219949177038568,1.742347290447806,2.127659574468085,952.9960449581909,49.31814801189647,9.477269354046006,19.079733759718216,23.056047083686,HIGH
2026-09-11 15:55:35.423237,device_0023,route_0015,event_045148,24.67000734965452,78.29038822443432,10.799972303034206,RURAL,CLEAR,NORMAL,0.1093252844833606,0.0127277990972622,9.881472609055724,0.3036450445719083,0.3227597957006713,0.3066181647020214,-0.0142309733661317,-0.0359196492700419,0.0183392463476404,0.0865538418354238,0.1098527783694982,0.0975676445902028,0.319663275180609,0.8138172509436199,0.4654473906488323,19.166666666666668,1182.7936295130366,50.72736147953584,0.0,0.0,0.0,UNKNOWN
2026-09-11 14:53:24.723237,device_0025,route_0000,event_007841,27.84198821437009,77.03716940357495,42.46874529425238,URBAN,RAIN,NORMAL,-0.1176025267568608,-0.0532038108213847,9.953764749384566,0.3349120595524021,0.2735005169568221,0.3217778506658247,-0.0240557786727814,-0.0189166587127021,0.0238233648186736,0.0985923542487196,0.1041176395259621,0.0876929558963828,0.3599407037061429,0.8618984456888068,0.4496352483405695,8.333333333333334,1191.6511525911126,50.35030585044683,0.0,0.0,0.0,UNKNOWN
2026-09-11 17:04:09.623237,device_0004,route_0009,event_086290,21.02659018488075,78.50338185529752,72.26662858410567,URBAN,WET,NORMAL,-0.1448235978084043,0.0121596344180824,9.62344782096065,0.2471992680228896,0.3060273879100382,0.2866058361956717,0.0034231969963497,-0.0055970794955721,0.0299294459293982,0.0786718694924052,0.0881372385449687,0.1123247058204561,0.3311923558259937,0.8441214540164754,0.4032002932286666,16.666666666666668,1194.4208269519645,50.2335513967164,0.0,0.0,0.0,UNKNOWN
2026-09-11 15:40:24.023237,device_0021,route_0004,event_036034,30.392946636517564,79.84035978489833,20.1113042534452,URBAN,DUSTY,NORMAL,-0.061642060706544,0.0843412992711853,9.863077598855382,0.3112613934638356,0.3081524777960606,0.2491233610173759,-0.014318806279432,0.022647912369449,-0.0620797305169921,0.1031667245527319,0.106276415208874,0.0897675388736161,0.2614061749072608,0.563441791525328,0.388877654483318,9.166666666666668,1182.3087711011192,50.74816449523607,0.0,0.0,0.0,UNKNOWN
2026-09-11 15:10:35.123237,device_0026,route_0042,event_018145,30.185562197882533,77.42600468741075,82.9624081480766,ARTERIAL,RAIN,NORMAL,0.055339891428083,0.2243250212772965,9.570503829588429,0.2638318884016416,0.3220398301929978,0.2856450595584591,0.0079081080950317,0.0311922024877333,0.0481060460811245,0.0976184954599763,0.102393467132447,0.1055743598402165,0.3581762835036791,0.7374795236514995,0.429212458228527,20.175438596491222,1156.2462834189637,49.29745575609877,0.0,0.0,0.0,UNKNOWN
2026-09-11 16:38:15.123237,device_0009,route_0043,event_070745,22.256444582474444,76.18518276016982,9.913883936879444,RURAL,CLEAR,NORMAL,-0.1216126855265907,0.0236999434647986,9.895500123549455,0.3524554880222327,0.3187100763551324,0.2813187911906275,0.0245967091701802,0.0355492490680837,-0.0295493361132268,0.0979403526119003,0.0959223125115504,0.0962434644075732,0.3023417942068193,1.006655070807005,0.4813509957749327,8.035714285714285,1175.8012798150014,47.62709563372047,0.0,0.0,0.0,UNKNOWN
2026-09-11 16:51:40.923237,device_0001,route_0007,event_078803,24.21982332708832,82.73152904791526,75.87677910088405,HIGHWAY,CLEAR,NORMAL,-0.1840404781116211,0.188231584985626,9.923177395146416,0.2733710160229542,0.2909192513897701,0.2518927411834102,-0.0361542259405651,-0.0413588247095582,-0.0284838240458073,0.1013934654572102,0.0934928935602666,0.0906535487986227,0.2834250327199271,0.6916749965183602,0.3923370825996849,14.912280701754383,1147.8114285371462,49.659725093210575,0.0,0.0,0.0,UNKNOWN
2026-09-11 17:17:24.123237,device_0014,route_0024,event_094235,28.7319338712985,68.72023814009792,80.870073717738,RESIDENTIAL,CLEAR,NORMAL,0.2258197537866842,-0.0585494541362543,9.789690974554771,0.3446236017224467,0.3203313675224313,0.2861573849408406,-0.0099772114993137,-0.0150813423799085,-0.0264924400652789,0.0949576196982459,0.1053219354485911,0.0948990396861155,0.289544607905819,0.8526826114205832,0.4342943607847114,24.10714285714285,1172.5933011717448,47.75739375624995,0.0,0.0,0.0,UNKNOWN
2026-09-11 16:07:49.623237,device_0001,route_0005,event_052490,26.09914533597895,73.26312991323452,83.95619829512577,HIGHWAY,CLEAR,NORMAL,-0.1696115195102819,0.1799542122000932,9.882581236694303,0.2796662816693524,0.3037218939908358,0.3150779963650175,-0.0250606595268899,-0.0391281124867025,-0.0302365517217859,0.0980183578917136,0.116957739739051,0.1120683297772151,0.328349579971094,0.7172188810504423,0.4139516097949822,19.29824561403509,1147.8114285371462,49.659725093210575,0.0,0.0,0.0,UNKNOWN
2026-09-11 17:08:30.023237,device_0026,route_0014,event_088894,35.95643024302532,74.29425066856807,80.32981671786261,URBAN,CLEAR,NORMAL,0.0390807184510389,0.1832344767910149,9.630056177927823,0.3143007416177867,0.3072186889676463,0.3310834318933594,-0.0215342402206392,0.0003524197525476,0.0243019742085108,0.1136156281296039,0.0905338681797359,0.1134376386419966,0.3643948134807872,0.962363607233364,0.4776030378397959,23.684210526315788,1156.2462834189637,49.29745575609877,0.0,0.0,0.0,UNKNOWN
2026-09-11 16:19:07.423237,device_0026,route_0021,event_059268,27.595342677390825,82.49214967032707,64.33874806581736,RURAL,CLEAR,NORMAL,0.0140646030729117,0.2460131644070989,9.665102133816085,0.3240498673885533,0.285003359929262,0.2993162393675083,-0.0121204174815589,0.030080668636885,0.0318042112306022,0.0983684020523825,0.0994609567299377,0.1122764904284466,0.3229828116253211,0.9890513626336226,0.4516103424946038,12.280701754385964,1156.2462834189637,49.29745575609877,0.0,0.0,0.0,UNKNOWN
2026-09-11 15:13:06.823237,device_0023,route_0043,event_019662,26.78115418767625,76.98096734286896,59.66594410776332,ARTERIAL,RAIN,NORMAL,0.0896298781785968,-0.0503593738154181,9.774255250404286,0.3258463970853551,0.3055327339464384,0.3130312257495188,0.0006357435417252,-0.0438627704240544,0.0104731988547015,0.1037297833345636,0.0912887981781399,0.1094310670164403,0.3122298603888471,0.7505703664120347,0.4444174744447667,20.0,1182.7936295130366,50.72736147953584,0.0,0.0,0.0,UNKNOWN
2026-09-11 16:03:23.123237,device_0025,route_0032,event_049825,31.37488485305432,80.63836593148648,74.5487303540689,URBAN,CLEAR,NORMAL,-0.0515736827132099,-0.1534411218024548,9.930523462109855,0.3818830032075528,0.3544460809342825,0.3184010252237664,0.0002518199687069,-0.0234186228980324,0.0087401765506696,0.1083004209740203,0.0945796167027005,0.1075949013451749,0.3525495814293285,0.7139769209615654,0.4742863297141963,8.333333333333334,1191.6511525911126,50.35030585044683,0.0,0.0,0.0,UNKNOWN
2026-09-11 14:42:32.823237,device_0023,route_0020,event_001322,28.45568270342513,77.16217576600559,36.29761449902122,RESIDENTIAL,RAIN,NORMAL,0.1328264322012823,-0.0214903423610394,9.780270797744892,0.3474200900203859,0.3431744832450814,0.3455302460363409,-0.0002998272843041,-0.0116985816582139,0.0366633719158925,0.1005555758208941,0.1154887908724545,0.0942909526093247,0.3458770740515296,0.949463428298797,0.4909482721823291,22.5,1182.7936295130366,50.72736147953584,0.0,0.0,0.0,UNKNOWN
2026-09-11 15:43:02.923237,device_0015,route_0005,event_037623,26.814249625459247,74.39277288750338,21.002216472881138,HIGHWAY,WET,SPEED_BREAKER,0.179686993873553,-0.0850953865719445,9.854652219074383,0.3607746763580752,0.3195884113035757,0.8016273400717282,-0.0091173930036207,0.0565373660830203,-0.0191223292681346,0.1142446560609293,0.1112228754835595,0.0962951776324608,0.8181247814236049,3.2360471376749924,0.546832983514165,0.7575757575757576,1355.564934550649,48.688187719962,0.0,0.0,0.0,UNKNOWN
2026-09-11 15:13:49.223237,device_0002,route_0040,event_020086,28.49259291906821,75.43299424351645,39.99813419153162,ARTERIAL,WET,NORMAL,0.0156099337006303,-0.1618922213548346,9.741718639938329,0.2817239532549395,0.3211096443349056,0.32255231805675,-0.020357049117401,-0.009103011004967,0.0193512896690615,0.1033485881337859,0.087447416939963,0.0990174351762263,0.3238425970812958,0.8845676878708542,0.4295001570565724,4.166666666666667,1189.0117987248957,50.46207284431021,0.0,0.0,0.0,UNKNOWN
2026-09-11 17:07:37.123237,device_0012,route_0013,event_088365,35.823999582024605,80.5508008459879,63.83868812239661,URBAN,RAIN,NORMAL,0.1354159893925605,0.1978812341761934,9.758739819239375,0.3621134602093189,0.2977055001768263,0.2529119068527838,-0.0314209420349811,-0.0336778300810036,-0.0085345515675223,0.1056246503738592,0.0961390709469055,0.1038377816523432,0.2547195938908181,0.5546747626177471,0.4396114980025674,1.7857142857142856,1178.0852418549218,47.53476065265595,0.0,0.0,0.0,UNKNOWN
2026-09-11 17:15:10.123237,device_0026,route_0007,event_092895,23.437252457954663,83.72836185301387,85.1715841712952,RESIDENTIAL,RAIN,NORMAL,0.0644713953075883,0.2706309255202206,9.676611275379324,0.3251949601925903,0.3430427232039276,0.3748482464004163,0.0176695815669431,0.0310495295386953,0.0171210364758442,0.111172766803309,0.1040770625032839,0.0876130692574639,0.388365406723731,0.903543087371272,0.4828340433813429,6.140350877192982,1156.2462834189637,49.29745575609877,0.0,0.0,0.0,UNKNOWN
2026-09-11 16:36:19.323237,device_0027,route_0028,event_069587,24.473025404814955,72.61249174991588,20.62792283679069,URBAN,CLEAR,SPEED_BREAKER,0.1618312925529992,0.1192482282809679,10.139221281914637,0.3876232236967859,0.3496742445119108,0.6435324194197501,0.0377086347062558,0.0112829927989581,0.0127560747795922,0.1042991450909089,0.1115197387253818,0.0981598347380651,0.7434538262441158,2.6044074083483046,0.5390829688651765,1.4285714285714284,1372.2844004923106,51.00983438628853,0.0,0.0,0.0,UNKNOWN
2026-09-11 15:24:39.223237,device_0003,route_0018,event_026586,30.688421320299003,78.27967608292596,21.868312007942244,URBAN,WET,ROUGH_PATCH,0.0160338739271252,-0.1443753606629803,9.61964120534167,1.0631404985714523,0.5467695614858269,1.2136460904012452,0.0354645392535312,0.1002445329738952,-0.0255821116099211,0.1955975057440102,0.2454794619912809,0.2133922935984467,1.1959929613670266,2.799678755845441,0.3839736578484085,1.818181818181818,1080.1009728827094,50.92116513256079,0.0,0.0,0.0,UNKNOWN
2026-09-11 15:46:48.423237,device_0009,route_0007,event_039878,26.3824053213463,79.97882805254926,37.24033494940519,RURAL,RAIN,NORMAL,-0.1606119982648754,0.1393392103465505,9.897602837129638,0.3063898650160713,0.3348927700786661,0.3092214467081617,0.0163339616305893,0.0428909381111816,0.023203034156031,0.1024646208692798,0.0820139533655863,0.1087933820762781,0.3299819321233959,0.8143233780625092,0.4726708669398749,19.642857142857142,1175.8012798150014,47.62709563372047,0.0,0.0,0.0,UNKNOWN
2026-09-11 16:45:50.423237,device_0024,route_0048,event_075298,21.972976643107184,78.67754849925583,20.550732033149384,URBAN,CLEAR,NORMAL,0.2323419122948558,0.1801948707413899,9.917050282064924,0.3078705898774256,0.3393094962454934,0.3050231008730606,-0.01863552033289,-0.0398450967167292,0.0452713888467255,0.0933780596458158,0.0815763249355291,0.0930311538523713,0.3325519965596932,0.8020116287642924,0.4490544951505915,13.114754098360656,1165.9444844817242,52.318099885446266,0.0,0.0,0.0,UNKNOWN
2026-09-11 16:10:18.423237,device_0012,route_0010,event_053978,30.86473701786645,81.50375850265678,10.456853189970488,URBAN,CLEAR,SPEED_BREAKER,0.1172735660592813,0.1552383255918281,9.851372573117215,0.3226770079652772,0.2789262432939587,0.6062965645268223,-0.0365579843320175,-0.0118790357573443,-0.0016020933088502,0.0756885791398265,0.0772528533160127,0.0894714554886744,0.6099262094032057,2.8598542578445176,0.5363733799893348,0.7575757575757576,1388.4576064718722,47.53476065265595,0.0,0.0,0.0,UNKNOWN
2026-09-11 16:03:07.923237,device_0020,route_0030,event_049673,32.42570096738671,79.68914227177879,20.432133050576184,HIGHWAY,CLEAR,SPEED_BREAKER,0.0368952478077149,-0.108579622829137,9.806962257079176,0.3443237670502618,0.3948081823064943,0.6395024498475279,0.0406983498726433,0.017310036415667,-0.0505910027791595,0.1031016939079436,0.1024339948397596,0.0964363926157385,0.6500953669174212,2.408501298707309,0.5820864338895256,0.7575757575757576,1388.7337692196863,47.52530791923109,0.0,0.0,0.0,UNKNOWN
2026-09-11 16:46:56.723237,device_0014,route_0042,event_075961,35.37017936638288,77.82272410563772,9.314517807008231,URBAN,CLEAR,NORMAL,0.277970712668568,-0.0977507947691563,9.764321184491552,0.2765926177944889,0.2742578346450388,0.3369564779778339,-0.0274511531465152,0.0002841194360006,-0.053125395734235,0.1131730491500712,0.1154352161365243,0.1009800504613758,0.3383885471928973,0.8375966070430092,0.3875880788882847,5.357142857142857,1172.5933011717448,47.75739375624995,0.0,0.0,0.0,UNKNOWN
2026-09-11 15:22:36.123237,device_0006,route_0026,event_025355,26.82819804866901,78.75036406959069,37.50119174567183,HIGHWAY,CLEAR,ROUGH_PATCH,-0.0261054453459045,-0.0998831755111863,9.962049195830474,0.8765931509118966,0.4775071095242115,0.6143957394896703,0.0110812831207742,0.0295228462830088,-0.0016409209495858,0.1306918580630097,0.1550345512569599,0.1783512697721606,0.637490947052166,1.5871194255763186,0.354754185034652,1.96078431372549,1065.3241472729685,47.87275321839885,0.0,0.0,0.0,UNKNOWN
2026-09-11 15:26:33.923237,device_0028,route_0005,event_027733,27.289933537802984,75.14425888335566,19.316047119341547,RURAL,RAIN,NORMAL,0.1595882435943438,-0.1666674104356439,9.733171181562255,0.3269583249783228,0.2718053935363007,0.3254046960380359,-0.0389307360040261,0.0089395048375479,-0.0435341158875955,0.1099698880515899,0.102988472318112,0.0947552100164689,0.3299720368182801,0.7456764138354117,0.4381192247135329,14.035087719298245,1164.8650637957344,48.932706260641424,0.0,0.0,0.0,UNKNOWN
2026-09-11 15:10:21.123237,device_0016,route_0018,event_018005,29.992643928590667,77.94604444830456,36.68741857593066,URBAN,CLEAR,NORMAL,-0.0425415447996616,0.1137245781445191,9.849861909246773,0.2744131689959058,0.3091719769333839,0.2579930728345283,0.0202370358903682,-0.0380773500009715,0.0390918110014023,0.1067207110411011,0.1110556783945326,0.0893492406137754,0.2645964949767179,0.5674036984166033,0.4008325189854583,1.7857142857142856,1173.9088107441603,47.70387570777382,0.0,0.0,0.0,UNKNOWN
2026-09-11 15:18:07.823237,device_0001,route_0004,event_022672,29.726532484001343,78.84017014254917,21.30962019667069,ARTERIAL,CLEAR,NORMAL,-0.213657405617626,0.1847915008241286,9.92031275422867,0.3201123731355091,0.3220803791426267,0.3379484768702286,-0.0471944539471208,-0.031973162221831,-0.0099145247589167,0.1070741995913791,0.0986018198001317,0.1030619716402129,0.3665457062026416,0.7691982260675143,0.4629929110251954,12.280701754385964,1147.8114285371462,49.659725093210575,0.0,0.0,0.0,UNKNOWN
2026-09-11 16:04:18.623237,device_0026,route_0002,event_050380,24.47116324325705,78.8580134917825,10.245024945787373,URBAN,CLEAR,NORMAL,-0.006319788108887,0.2233351557406569,9.686876509916482,0.317442226676417,0.3165265112936475,0.3428347690304899,-0.0031558113105765,0.0434821188836288,0.0189165228533142,0.0952883781602083,0.1094094107650385,0.0891027776503344,0.3561798273830256,0.9309791282260989,0.4453399252870945,19.29824561403509,1156.2462834189637,49.29745575609877,0.0,0.0,0.0,UNKNOWN
2026-09-11 16:18:44.423237,device_0012,route_0014,event_059038,33.45854222002183,75.2788184324821,19.27571997493369,RESIDENTIAL,RAIN,NORMAL,0.1358346810453999,0.1869992224428215,9.640439862975033,0.3467565114892612,0.2882935529443768,0.2516998244470699,-0.0658965981267691,-0.054941419543633,0.0023851237967641,0.0941604328229091,0.1290081317546539,0.0953022806899653,0.2916661587291733,0.673086375914032,0.4256258778148743,2.6785714285714284,1178.0852418549218,47.53476065265595,0.0,0.0,0.0,UNKNOWN
2026-09-11 15:52:45.023237,device_0018,route_0037,event_043444,29.252174608535583,73.275221262128,37.13816557565555,HIGHWAY,CLEAR,NORMAL,-0.0732164567127872,-0.1809153652379343,9.997364630735138,0.2768153008612857,0.3174105599434747,0.3046145638167853,0.0380663982379406,-0.0338080537209757,-0.0016465308590104,0.1016420607983719,0.1102302261404824,0.0991438620774076,0.3677116836221638,0.7452048933589825,0.4092205115683389,12.5,1196.452449290308,50.14825289178003,0.0,0.0,0.0,UNKNOWN
2026-09-11 14:44:08.623237,device_0019,route_0043,event_002280,28.320752486975515,77.25158744194712,21.434473050337616,HIGHWAY,CLEAR,NORMAL,-0.1420162875338204,0.1128434589365674,9.962712624704832,0.3384415825931791,0.2989357034565517,0.2940994405577168,0.0028141672493737,-0.004758250784478,-0.0039984589337202,0.0956819365841101,0.0951560785246713,0.1036749218119673,0.3424119579120452,0.9230100679247144,0.4508948520752175,11.475409836065571,1174.5353318231532,51.93543212132559,0.0,0.0,0.0,UNKNOWN
2026-09-11 16:50:17.023237,device_0013,route_0044,event_077964,35.41001850163947,75.87576213152661,65.54638709655177,URBAN,CLEAR,NORMAL,-0.0702526368210052,-0.1097809208975725,9.654815776001069,0.306277611930194,0.3384650681760847,0.3519682449342774,0.0024239848793045,0.0565216412514788,-0.0350118188400923,0.0969494614618662,0.0875692314180473,0.0964625804953856,0.3762922089394342,0.8900117689531637,0.4590661684594385,12.280701754385964,1155.761160906742,49.31814801189647,0.0,0.0,0.0,UNKNOWN
2026-09-11 17:20:33.123237,device_0025,route_0047,event_096125,20.39272317527984,79.6645306010944,80.82492143583367,RESIDENTIAL,CLEAR,NORMAL,-0.1232046641000576,-0.0256988247796917,9.880412422911132,0.3298317081832865,0.3227940729104268,0.311018914735553,-0.0137620280715652,-0.0423745864003874,-0.0085019321037786,0.1053746204958124,0.1033806184713366,0.0959985954723411,0.3235208684654709,0.9183629005848548,0.4726559030569287,14.166666666666668,1191.6511525911126,50.35030585044683,0.0,0.0,0.0,UNKNOWN
2026-09-11 16:49:45.323237,device_0014,route_0032,event_077647,32.933157130549155,82.59566849524288,84.10386400579551,URBAN,CLEAR,SPEED_BREAKER,0.3466730679344302,-0.1321675394025014,10.564631124592744,0.9149918958262424,1.0516236908033991,2.181420162265005,-0.012089278535248,-0.0625494722978936,-0.064884080833014,0.3222326735962997,0.2693619058304862,0.3654167521633492,2.473782162661343,9.08678966501327,1.544506295337894,0.7575757575757576,1381.9849620952707,47.75739375624995,0.0,0.0,0.0,UNKNOWN
2026-09-11 15:32:43.723237,device_0006,route_0010,event_031431,29.923939324617777,79.7077411755231,72.07472413921992,ARTERIAL,CLEAR,NORMAL,-0.0288932643830829,-0.0626335312302196,9.893320701080537,0.2950867195167391,0.2886034019488588,0.2819417085478646,-0.0097013529404235,-0.0168855233120283,0.0051749917858349,0.1028085414059188,0.0973309576052771,0.0921452962829363,0.3007957582257107,0.7625943286071131,0.389024720590053,0.8928571428571428,1169.7676911232593,47.87275321839885,0.0,0.0,0.0,UNKNOWN
2026-09-11 15:33:32.823237,device_0011,route_0024,event_031922,28.70131309163628,74.32422805302265,57.16605660193149,RESIDENTIAL,CLEAR,NORMAL,-0.0281599304569359,-0.2008248794620999,9.939700225548188,0.3235431563191918,0.363004158421719,0.3332473414271245,0.012586884534591,0.0270096713438722,0.0409920722063088,0.0979108788712239,0.1082250590469424,0.1075973141566859,0.3676229697381162,1.2253119927356853,0.5144912777330884,14.75409836065574,1173.916838169756,51.962794992449886,0.0,0.0,0.0,UNKNOWN
2026-09-11 15:06:41.423237,device_0007,route_0039,event_015808,29.849829572312625,77.69531911008009,76.85154002245869,RESIDENTIAL,CLEAR,NORMAL,0.1090158787783275,-0.1568086400030162,9.64088987344944,0.386899559435977,0.3507660745132246,0.3050609269666041,0.0456412899851351,-0.0007988666757019,0.0239413540906688,0.0965312911047794,0.1171248530718424,0.0997598390847075,0.3351007953607579,0.7604843858180867,0.4829787828094344,1.7543859649122806,1156.3665497149682,49.29232864272136,0.0,0.0,0.0,UNKNOWN
2026-09-11 17:02:54.723237,device_0015,route_0024,event_085541,28.727692960300946,69.5020009155173,9.29423336254752,URBAN,CLEAR,ROUGH_PATCH,0.1569201430400872,-0.1259285486699159,9.680858537711469,1.2850908386879178,0.675835305343516,1.1800706399043703,0.0102530815542671,0.0770397604079396,0.0136811497551443,0.2024481345518855,0.2180588043530056,0.1976390732750655,1.1666482726614995,2.697328120166381,0.5033446100163742,1.923076923076923,1068.020857524754,48.688187719962,0.0,0.0,0.0,UNKNOWN
2026-09-11 15:06:10.123237,device_0013,route_0009,event_015495,27.309793111737772,77.47497023705445,37.98314480915337,URBAN,CLEAR,NORMAL,-0.0262612542504256,-0.0599693667315685,9.626776870387072,0.262426835975607,0.350538286828039,0.2879821224345726,-0.0283721437985703,0.0308071855314339,-0.0143477890703374,0.1109031590659258,0.1138357617804677,0.1039938554893264,0.331700593134444,0.8150625889805898,0.4380587220836153,13.157894736842104,1155.761160906742,49.31814801189647,0.0,0.0,0.0,UNKNOWN
2026-09-11 16:49:23.723237,device_0003,route_0049,event_077431,35.50442733743787,76.00898166770583,42.33161216927863,HIGHWAY,WET,NORMAL,0.0322211645316357,-0.1032203153729658,9.63253818804196,0.3286970804661779,0.3029557092234797,0.2608033866364273,0.0454051584863602,0.0321263392698782,0.0274635418811545,0.1037956394786714,0.1055140667073126,0.1095137714362645,0.3034777026129004,0.715270586577855,0.4616292117599227,13.333333333333334,1178.291970417501,50.92116513256079,0.0,0.0,0.0,UNKNOWN
2026-09-11 16:16:54.223237,device_0019,route_0009,event_057936,23.543112068836795,78.09165854565055,19.329094543976503,HIGHWAY,RAIN,NORMAL,-0.1859767740841555,0.1870839110729473,10.001588869168351,0.3320220800696253,0.3760989708081318,0.3165683002794536,0.0144654287411028,-0.010093727397126,0.0180592306913593,0.1021368388876542,0.1013418736193458,0.0953177503901553,0.3836922867870582,1.0653872480243258,0.4995041661784046,0.819672131147541,1174.5353318231532,51.93543212132559,0.0,0.0,0.0,UNKNOWN
2026-09-11 15:11:55.523237,device_0027,route_0025,event_018949,26.83132816032319,77.23320881779037,10.54625068285181,ARTERIAL,WET,NORMAL,0.1383085235262741,0.0361944275314943,9.918915433302978,0.3467236705043531,0.3016046584417817,0.3323626745097411,0.0364834391125732,0.0153355904627091,-0.0104890001947976,0.0952148203154786,0.1008284920860728,0.1244887404350314,0.3580780278148081,0.8368767550059157,0.4401312570190929,5.0,1176.243771850552,51.00983438628853,0.0,0.0,0.0,UNKNOWN
2026-09-11 15:17:58.923237,device_0024,route_0012,event_022583,26.55845959646672,77.19413041016732,43.87201138252373,HIGHWAY,CLEAR,NORMAL,0.1996590489623929,0.1888297198752112,9.9819236958677,0.3239850473445695,0.272243742874146,0.2560720604952313,-0.0227812853799635,-0.0567044881901563,0.0406333830139768,0.1072906820739561,0.098532567637188,0.0989116622476502,0.3218240005190532,0.6750850221909843,0.3962625074845972,18.0327868852459,1165.9444844817242,52.318099885446266,0.0,0.0,0.0,UNKNOWN
2026-09-11 14:51:35.423237,device_0018,route_0044,event_006748,29.12438439627153,77.1035502149718,77.61479897410827,HIGHWAY,DUSTY,NORMAL,-0.0325796740920117,-0.2062135129483997,10.00159714285041,0.3333708612024147,0.2817844687345474,0.3291349385513371,0.048394112674919,-0.0285519466067203,0.0287231915777734,0.1078251902908356,0.0738143547903985,0.1048677586631426,0.392290798848436,1.027774585485842,0.4363499801122744,3.333333333333333,1196.452449290308,50.14825289178003,0.0,0.0,0.0,UNKNOWN
2026-09-11 16:54:37.923237,device_0006,route_0018,event_080573,35.06628430300801,80.3801391188188,61.86588812939928,URBAN,CLEAR,NORMAL,-0.0384880031263299,-0.0795489691468764,9.954605863330263,0.2861068473070576,0.2644260812266274,0.2931264422895049,-0.0086745543245839,-0.0238494463129819,0.0158597603490276,0.1240221005175677,0.1087757349785843,0.09135955049016,0.3356478752757497,0.9595346881806835,0.3680091384891015,2.6785714285714284,1169.7676911232593,47.87275321839885,0.0,0.0,0.0,UNKNOWN
2026-09-11 16:08:47.623237,device_0001,route_0016,event_053070,33.33370865041843,76.03398769024378,64.49049481711405,ARTERIAL,CLEAR,NORMAL,-0.2090192240160535,0.185448906791805,9.930795335193071,0.3030005005621214,0.3010756407056119,0.2736505118956102,-0.0266707404631749,-0.0523896925453043,-0.0382200956193662,0.1067600989378668,0.1181081502896682,0.1097302438070025,0.307912535440503,0.7546780137427316,0.4310224085898246,13.157894736842104,1147.8114285371462,49.659725093210575,0.0,0.0,0.0,UNKNOWN
2026-09-11 14:42:40.823237,device_0017,route_0049,event_001402,28.75519497498126,77.1045270573591,10.587584125948617,ARTERIAL,CLEAR,ROUGH_PATCH,0.0034096664364327,-0.2471444243804657,9.798659143911308,0.7356982452380012,0.8128089454893158,1.0984809811678886,0.013263746551468,0.0112552350262389,-0.0084284300352333,0.214589673291392,0.1655538465764362,0.2215892475521718,1.0672474979821545,2.542558955473689,0.3789464218145,1.7857142857142856,1073.1330610341536,52.18364994368368,0.0,0.0,0.0,UNKNOWN
2026-09-11 15:43:18.723237,device_0016,route_0007,event_037781,26.49916700642,79.83065140195313,60.15638753001991,RESIDENTIAL,RAIN,NORMAL,-0.1002753496314795,-0.0047101248917878,9.83740096225474,0.3323353448048372,0.302448447499513,0.3150222931422785,0.0417003948932269,-0.0446045489460948,0.0328153044757286,0.1012375326577032,0.1120018520734251,0.1056168758167401,0.3183093317440721,0.7597336409123674,0.4664231997969246,10.714285714285714,1173.9088107441603,47.70387570777382,0.0,0.0,0.0,UNKNOWN
2026-09-11 16:28:08.523237,device_0029,route_0044,event_064679,34.23738811317327,76.10485332322463,10.82844998134217,HIGHWAY,CLEAR,NORMAL,-0.1743507713863329,-0.1625108857433185,9.89438713718496,0.3572853905647617,0.3174171132832027,0.3105321740291403,-0.0255336726917293,-0.0358409685288816,-0.0078274371569174,0.0950879380872102,0.0926392695547556,0.1195329770525728,0.3284670728656768,0.7896924055883243,0.4622413102828733,20.833333333333336,1185.4321676861896,50.614452379095,0.0,0.0,0.0,UNKNOWN
2026-09-11 16:53:36.623237,device_0027,route_0048,event_079960,21.56459584915552,78.77271563713187,78.43341500835315,URBAN,CLEAR,NORMAL,0.231236383092324,-0.0191631635751721,10.07836222035908,0.295605827924492,0.3597217662218263,0.2902104372051139,0.0249783730024149,0.0102187569100236,-0.0002092245219198,0.0984396825447215,0.0917552084827925,0.093763060598399,0.4101863376181797,1.3050967595786798,0.4587440413344652,17.5,1176.243771850552,51.00983438628853,0.0,0.0,0.0,UNKNOWN
2026-09-11 15:19:59.323237,device_0016,route_0032,event_023787,29.91647474855401,78.80609437933948,19.044941592888406,URBAN,WET,NORMAL,-0.0818983374181526,0.098002058363588,9.84123480780203,0.3073555291189559,0.2666480948857541,0.3127668613470886,-0.0022746027141023,-0.044759858397031,0.0324944624752059,0.1000701811291415,0.0975532458437881,0.110183927971327,0.3159793952077799,0.6106940599993322,0.4333481158828492,0.8928571428571428,1173.9088107441603,47.70387570777382,0.0,0.0,0.0,UNKNOWN
2026-09-11 15:31:02.423237,device_0014,route_0035,event_030418,26.605459419618317,79.24968566024158,78.80064320843799,RURAL,CLEAR,NORMAL,0.1588516677646339,-0.0539019504394378,9.76311813223132,0.2914660992490376,0.3186063937709195,0.2817580844785652,-0.0216736477684475,-0.019137388239157,-0.0177353055078077,0.1011292042013154,0.1013956390910624,0.1037878476832612,0.2839542837536207,0.656199729219157,0.4258052197234416,16.07142857142857,1172.5933011717448,47.75739375624995,0.0,0.0,0.0,UNKNOWN
2026-09-11 16:18:44.023237,device_0008,route_0037,event_059034,29.490228459218024,71.89368392397004,86.9118857262979,RESIDENTIAL,CLEAR,NORMAL,0.1637143130987523,0.0513073388952918,9.7307760251282,0.3298455050400226,0.3242783437891047,0.3392181002824841,-0.0393673690192292,-0.0188273788099129,-0.0245151698708841,0.1226562805247743,0.0985535871016344,0.1060683813134131,0.341604938222396,0.8895863091597569,0.4956340522361153,18.0327868852459,1174.5210483649005,51.936063712881634,0.0,0.0,0.0,UNKNOWN
2026-09-11 15:14:13.623237,device_0026,route_0021,event_020330,28.29551616336321,79.06129109945343,20.92010523617568,URBAN,RAIN,ROUGH_PATCH,0.0021680010349402,0.1583502338980191,9.672679661730225,0.606020942502706,0.4942869407854373,0.8670498118816441,0.0266474088183062,0.033400670879725,0.062147051920973,0.2394788062346053,0.2304578266517066,0.2162935027329637,0.8738381680420296,1.9640537282417323,0.4224094969794887,1.923076923076923,1054.8211708383528,49.29745575609877,0.0,0.0,0.0,UNKNOWN
2026-09-11 17:19:45.823237,device_0025,route_0028,event_095652,22.888266674814616,70.88535106396341,10.196437916533563,ARTERIAL,CLEAR,NORMAL,-0.0286422022339629,-0.0750766323660663,10.048514171852188,0.2897045088478772,0.3320801519022001,0.31420415804301,-0.0190961273889973,-0.0219554270507328,-0.0048849687760627,0.1000124569411827,0.0990494824334323,0.0814137764918833,0.4072786523491407,0.8746574669178315,0.4770493659776471,18.333333333333336,1191.6511525911126,50.35030585044683,0.0,0.0,0.0,UNKNOWN
2026-09-11 14:41:48.923237,device_0015,route_0041,event_000883,28.68862070779352,77.26166713435488,77.64910334401182,URBAN,CLEAR,NORMAL,0.156731891204306,-0.1513329722205229,9.586362074473946,0.2878969567830287,0.2848719610840112,0.3483338067747695,-0.0039756997088453,0.0617884574449538,-0.03533817899018,0.0999823093674818,0.0968676875456316,0.1054644104650424,0.4055356811441811,0.9696331137909606,0.4503997329007922,0.8771929824561403,1170.7151707482878,48.688187719962,0.0,0.0,0.0,UNKNOWN
2026-09-11 15:49:32.123237,device_0003,route_0030,event_041515,31.80934014172078,79.2913614175961,9.222262482230644,RESIDENTIAL,CLEAR,POTHOLE,-0.027944505128564,-0.0868372363839453,9.624404585715272,0.2117878060459278,0.3585781252024674,0.4466183550327514,0.0414064598656408,0.0472034070405137,0.045640259659066,0.0890828428499426,0.0926865139831605,0.0825335104546064,0.4766819352292658,1.4271794717565882,0.5287139979532861,23.0,981.9099753479176,50.92116513256079,2.9839739637124856,4.753282791675553,7.06404928981812,LOW
2026-09-11 15:03:44.423237,device_0014,route_0015,event_014038,27.37221192874967,77.5649964376486,77.99417472751264,URBAN,CLEAR,NORMAL,0.2214224767155198,-0.1410525256420051,9.811575323413804,0.3296645937854882,0.303087523775812,0.3720458040549306,-0.0205670938330021,-0.0203718229144002,-0.0473284152384151,0.0948662475945333,0.0875852404271538,0.0910123193687804,0.3702268164224221,0.985668955151434,0.4995760120821467,9.821428571428571,1172.5933011717448,47.75739375624995,0.0,0.0,0.0,UNKNOWN
2026-09-11 15:55:17.523237,device_0017,route_0048,event_044969,24.629973526796647,78.06122828933322,42.35978095824409,URBAN,WET,SEVERE_POTHOLE,0.0673790060074091,-0.27929833292659,11.31041177903952,0.4292101986759739,0.4762418835981918,6.568313650615443,-0.1166635010057635,-0.039192900683403,-0.0758990455457106,0.4980120083837971,0.3913564456148637,0.3420779689910689,6.756030384121292,27.018829523034835,3.8210859618185222,1.0,958.1545187804944,52.18364994368368,15.684316443898002,42.914874013884194,31.748951664796657,CRITICAL
2026-09-11 15:35:07.123237,device_0002,route_0044,event_032865,31.429426183139498,76.6532604361892,39.52875254350716,RESIDENTIAL,WET,NORMAL,-0.0143246319041246,-0.1608669892063753,9.751670881226488,0.3064785761231677,0.2743094075082892,0.2757069378360823,-0.0453728684856693,-0.0010392491100274,0.0152521836640077,0.1034931736850585,0.0939984216971486,0.1028088428249055,0.2762067583339598,0.6487148315817812,0.4023231042610893,21.666666666666668,1189.0117987248957,50.46207284431021,0.0,0.0,0.0,UNKNOWN
2026-09-11 16:52:37.423237,device_0010,route_0007,event_079368,24.18866790262494,82.77155431143242,54.28919715409849,RESIDENTIAL,CLEAR,NORMAL,-0.1691900704604567,0.0231012558703887,9.6639719423361,0.2809449262025401,0.2954836180657943,0.3081710278058083,0.0126099354024796,0.0245359879254292,-0.0200227581035825,0.0978191655254381,0.1022962622631771,0.1016429474861326,0.333936925842049,0.8627460737872976,0.4026257853041438,14.035087719298245,1171.778857581421,48.64399082745811,0.0,0.0,0.0,UNKNOWN
2026-09-11 14:45:45.923237,device_0007,route_0026,event_003253,28.35338252314507,77.47569630821417,9.0861168385966,RURAL,CLEAR,NORMAL,0.0750925771341241,-0.1031585762315374,9.622311627421691,0.3326809483054785,0.3065483551422326,0.3719753531455275,0.042292354525811,0.010472171591255,0.0230237267443598,0.1218731170390713,0.1023284611942973,0.1002524405641044,0.4094229691209993,1.2878106052339522,0.4979612334030417,14.035087719298245,1156.3665497149682,49.29232864272136,0.0,0.0,0.0,UNKNOWN
2026-09-11 14:45:14.323237,device_0007,route_0037,event_002937,28.633970409409077,76.86540248085774,56.69882908924272,URBAN,CLEAR,NORMAL,0.1265422050989781,-0.0723791471923736,9.600163543067069,0.2631024278821207,0.3989296451050141,0.3896857622994781,0.0275459947601656,-0.0051048009209864,0.0139731970651706,0.1001605817999666,0.100260522474399,0.0989451578466889,0.4309397006117564,1.0869893943254052,0.4720850033373391,5.263157894736842,1156.3665497149682,49.29232864272136,0.0,0.0,0.0,UNKNOWN
2026-09-11 15:41:44.423237,device_0028,route_0035,event_036838,26.199023820330503,79.65970974508672,87.74980285161095,RESIDENTIAL,RAIN,NORMAL,0.1669114198828303,0.0150614530964321,9.788722243875329,0.3234823489008392,0.3278596638185883,0.3097571485730017,-0.0411149755355049,0.0154118054322935,-0.0319029227050664,0.1025294351224059,0.0914006158373732,0.1005003826961045,0.3132386188768915,0.6391024901359241,0.4663726706402769,21.052631578947366,1164.8650637957344,48.932706260641424,0.0,0.0,0.0,UNKNOWN
2026-09-11 15:22:04.523237,device_0025,route_0046,event_025039,30.791329523747347,77.92364513110512,9.075625088631956,ARTERIAL,CLEAR,NORMAL,-0.0527496518256786,-0.0496350519233141,9.933495374540165,0.2921350616083366,0.3409514180872433,0.2993932148700884,-0.0254032298994365,-0.0377586212721582,-0.0029952294422419,0.1249708549167783,0.0946458816683525,0.1137900989265168,0.3321725309206753,0.7734535464418499,0.4663115085836528,24.166666666666668,1191.6511525911126,50.35030585044683,0.0,0.0,0.0,UNKNOWN
2026-09-11 15:19:20.023237,device_0028,route_0037,event_023394,28.94618003653141,75.05222097854036,9.950552130084404,HIGHWAY,WET,NORMAL,0.1078994242851345,-0.0437647271241525,9.798667718149732,0.3113354173965623,0.3101896168070874,0.3503504824356033,-0.047726191475469,0.0235770380403213,-0.0761492652221289,0.1130060726252181,0.1040259391122009,0.1022067227891521,0.351744993326356,1.085080729480529,0.478527652641001,19.29824561403509,1164.8650637957344,48.932706260641424,0.0,0.0,0.0,UNKNOWN
2026-09-11 16:56:59.823237,device_0006,route_0037,event_081992,29.840497488493455,69.85938380299189,40.85216606092564,URBAN,CLEAR,NORMAL,-0.1053455739245868,-0.0485898003878334,9.97768553308649,0.2719719587472742,0.2779780201637244,0.3245929452813287,-0.012268595625803,-0.0308362149511516,-0.0100745133609198,0.1111309000812734,0.0806036286321141,0.0827376820110344,0.3737062389291539,0.9527247657864368,0.3891586310751483,8.035714285714285,1169.7676911232593,47.87275321839885,0.0,0.0,0.0,UNKNOWN
2026-09-11 16:14:09.923237,device_0012,route_0039,event_056293,33.265223202962375,78.95663887987308,9.115884392208908,RESIDENTIAL,CLEAR,ROUGH_PATCH,0.1359631238189672,0.1667439802776789,9.719434128912877,1.409024068296317,0.6425199151644927,1.1048914471968048,-0.0989479091023746,-0.0286697149859694,-0.0212411895369121,0.2357306477908639,0.2368038016610091,0.2495616538786046,1.1150597821385482,2.874274829937585,0.5350963390744031,1.96078431372549,1072.8990595464466,47.53476065265595,0.0,0.0,0.0,UNKNOWN
2026-09-11 14:42:32.423237,device_0013,route_0013,event_001318,28.75274601832358,77.1923231755692,9.498017630567745,RESIDENTIAL,DUSTY,NORMAL,0.0446876440336837,-0.0936494647750912,9.68009603986468,0.2840813714567041,0.3131569596695679,0.3136747262655489,0.0121516579303671,0.0248654941216204,-0.01691054932698,0.1009571610983072,0.1183505699068882,0.1154165988044255,0.331588965196689,0.8965265530080941,0.4049107153329233,0.8771929824561403,1155.761160906742,49.31814801189647,0.0,0.0,0.0,UNKNOWN
2026-09-11 17:19:09.023237,device_0014,route_0002,event_095284,20.726157373658488,80.36908536184221,10.289326240878712,RESIDENTIAL,CLEAR,NORMAL,0.2261339393534515,-0.0468192691095343,9.77309943057976,0.3280900745003014,0.3467040568063486,0.3123962463028673,-0.0192682294898791,-0.0109613692013197,-0.0500949930383935,0.1212782196493003,0.0943063282247918,0.109315914860723,0.315146845307702,0.6466281437593882,0.4722538252769033,0.8928571428571428,1172.5933011717448,47.75739375624995,0.0,0.0,0.0,UNKNOWN
2026-09-11 15:34:39.823237,device_0001,route_0002,event_032592,25.95485066349814,78.2598881439505,9.6516056247496,RESIDENTIAL,CLEAR,POTHOLE,-0.1920099289122394,0.2368123076723056,9.999602138900492,0.2483862015605847,0.2476746211384131,0.7689690463108464,-0.0360553828602361,-0.0115211977377291,-0.0372089381735043,0.0790475884322971,0.0951055590363402,0.0790116679817023,0.798707772931845,3.394882711997605,0.8212899315973556,21.27659574468085,946.4410024779978,49.659725093210575,4.98879208783975,9.466097486120727,7.623754328123273,MEDIUM
2026-09-11 17:04:05.923237,device_0002,route_0000,event_086253,21.018664897032597,75.25632459224981,20.0827142998028,URBAN,RAIN,NORMAL,0.0728041800669079,-0.1249900455120865,9.684229936173772,0.3220884825597381,0.26186290543535,0.3078661820288416,-0.0160352896314859,0.0113293773417045,0.0120301895249353,0.1039194642490468,0.1129109114583751,0.0926205539002376,0.3245072153363308,0.9170441342920396,0.4420580996949508,19.166666666666668,1189.0117987248957,50.46207284431021,0.0,0.0,0.0,UNKNOWN
2026-09-11 16:53:40.023237,device_0007,route_0033,event_079994,34.850022926201774,80.75637806448044,9.17362443428947,URBAN,CLEAR,NORMAL,0.1160789400400585,-0.1257849620639488,9.597297335224264,0.3355373016860846,0.3843185991376804,0.3088457000543528,0.0300653051486232,0.019788658802884,0.047439533899822,0.0977887357908393,0.1010547844504614,0.1083713961306648,0.3633352022503294,0.8184393246179908,0.4665795798425255,10.526315789473683,1156.3665497149682,49.29232864272136,0.0,0.0,0.0,UNKNOWN
2026-09-11 16:26:38.623237,device_0007,route_0020,event_063780,24.583433376056288,73.0933604332032,9.32840338013676,URBAN,CLEAR,NORMAL,0.1095483585757743,-0.1142084987880878,9.578727263139898,0.2649838917065516,0.3439834665324235,0.3307132499076513,0.0476766135044521,0.0231927611820027,0.0335736275361145,0.0993684847266514,0.1051668519261713,0.0954213394055618,0.3913773643502295,0.804014778656688,0.4608595947969464,11.403508771929824,1156.3665497149682,49.29232864272136,0.0,0.0,0.0,UNKNOWN
2026-09-11 15:42:11.423237,device_0002,route_0023,event_037108,26.786000264756087,80.07297726887427,10.380142710937085,RESIDENTIAL,CLEAR,NORMAL,0.0539678558610928,-0.1415709059495672,9.735279735791526,0.3169772007828941,0.3155100020175025,0.3153735021762948,-0.0023252388682533,-0.0079531604384241,0.011953465091385,0.1036551791559612,0.0982126042323178,0.096681949342659,0.3185029494491141,0.8411442870822032,0.4263831205797668,22.5,1189.0117987248957,50.46207284431021,0.0,0.0,0.0,UNKNOWN
2026-09-11 14:42:35.523237,device_0007,route_0010,event_001349,28.668570397201208,77.31122936912233,55.86833828971198,RESIDENTIAL,WET,ROUGH_PATCH,0.0656895259997003,-0.1187849550539938,9.523273200817854,0.5839160492186641,0.4390748216452623,1.2679098201684256,0.0792317996494109,0.0288832256834021,0.0308677815249703,0.1779075025105102,0.2205085084913366,0.1961410819468924,1.2854276873560848,2.9460956614969103,0.4663730274226678,1.923076923076923,1054.9308874592691,49.29232864272136,0.0,0.0,0.0,UNKNOWN
2026-09-11 14:48:19.623237,device_0015,route_0041,event_004790,28.61058748578288,77.60397985519985,36.85421210240271,RESIDENTIAL,CLEAR,NORMAL,0.1656121439004465,-0.1490058203020548,9.67048444740175,0.3005188103338334,0.3149044288760591,0.3538266947339506,-0.0145917056310535,0.0545336972951276,-0.012509652041567,0.1142587048133741,0.1122337889623668,0.1069570248155055,0.3722298629037737,0.7885227682024887,0.4361209557500719,5.263157894736842,1170.7151707482878,48.688187719962,0.0,0.0,0.0,UNKNOWN
2026-09-11 17:21:20.023237,device_0004,route_0047,event_096594,20.35194162197199,79.67614373350845,20.06360829065512,RESIDENTIAL,CLEAR,OTHER_ANOMALY,0.1640533942920502,0.1677944002626197,10.003295670219666,0.9426844578041342,0.4398053364575912,0.9178917697514818,0.0872052521378155,0.0229454360624641,0.0476670958536089,0.2132842376810763,0.2407823532122227,0.3037993213669224,1.0046058098174957,2.639405445154223,0.5398533967312797,1.1111111111111112,895.8156202139731,50.2335513967164,0.0,0.0,0.0,UNKNOWN
2026-09-11 17:06:05.023237,device_0016,route_0049,event_087444,36.393016192613736,75.8647621237066,10.669823512318686,HIGHWAY,CLEAR,NORMAL,-0.0172217825618471,0.0742928824768927,9.914824211360225,0.2876083489136508,0.2423932471753966,0.3464706030124541,0.0020081690401061,-0.0319095958931265,0.034558015772687,0.1095089147538351,0.1150260234952739,0.0981768972013115,0.3668950776594297,0.7989865751152365,0.4380788555682021,23.21428571428571,1173.9088107441603,47.70387570777382,0.0,0.0,0.0,UNKNOWN
2026-09-11 17:06:21.323237,device_0002,route_0043,event_087607,20.76298293952815,75.92279670649687,60.88384223216074,URBAN,WET,NORMAL,-0.0312049833535053,-0.1510284529701408,9.689342405999437,0.2627742233601267,0.3277369681948047,0.260216714436921,0.0119036220057479,0.0013698963120543,0.0143318564646067,0.095493242402347,0.0995515384105845,0.1117248799914936,0.2768655445877326,0.6722455526690752,0.3850424320894994,13.333333333333334,1189.0117987248957,50.46207284431021,0.0,0.0,0.0,UNKNOWN
2026-09-11 17:00:53.923237,device_0017,route_0002,event_084333,21.63959759930479,80.00050343180081,20.571048904125067,HIGHWAY,DUSTY,NORMAL,0.036297867224397,-0.1657099196449473,9.818170831257424,0.2438643668053434,0.2971491374036203,0.2973338892409118,-0.022463958569923,0.0014824710545378,-0.0186959740529332,0.0949656312674406,0.0987658156510958,0.116060919119464,0.2997833898409288,0.7707132697392343,0.3661618042431354,3.278688524590164,1168.9485129122031,52.18364994368368,0.0,0.0,0.0,UNKNOWN
2026-09-11 16:17:14.023237,device_0025,route_0038,event_058134,32.601996573733935,80.6532287074502,79.30753808428493,URBAN,CLEAR,NORMAL,-0.0250496285735252,-0.0589705012895211,9.89814551007544,0.3515624952502406,0.2945278052405395,0.3291163509674701,-0.0115283811168448,-0.0252014969757249,0.0173602349987232,0.108456659734864,0.113958884823126,0.0970614625484413,0.3473949838693864,1.3628628649785774,0.4621870593088031,6.666666666666667,1191.6511525911126,50.35030585044683,0.0,0.0,0.0,UNKNOWN
2026-09-11 15:11:24.023237,device_0007,route_0011,event_018634,27.4863658252658,75.97448242531101,77.28144266013337,RURAL,CLEAR,NORMAL,0.1606181220830128,-0.1413301964502377,9.56453134084198,0.3120143467855695,0.331204744630534,0.3125801965783978,0.0401861471897686,0.0340726321383111,0.020649508433429,0.1086918413371126,0.0906116551429105,0.0757160042292388,0.3834064350890963,0.8507293422749438,0.4518961535113014,12.280701754385964,1156.3665497149682,49.29232864272136,0.0,0.0,0.0,UNKNOWN
2026-09-11 14:45:59.923237,device_0014,route_0028,event_003393,28.49778773542942,76.99879112186073,75.94132080975153,HIGHWAY,CLEAR,NORMAL,0.2084129000643314,-0.1341375680481907,9.781856471351194,0.3795404488740141,0.2754142580298792,0.3317719503249837,-0.0201405392342254,-0.0247452142975808,-0.0436350818623401,0.1009043221892078,0.1076607855704663,0.1000937855669545,0.3286525707160827,0.7269899878312778,0.4714715399323445,11.607142857142856,1172.5933011717448,47.75739375624995,0.0,0.0,0.0,UNKNOWN
2026-09-11 16:40:43.423237,device_0022,route_0016,event_072228,35.00550681782232,75.61803005192859,38.37657776954242,RESIDENTIAL,CLEAR,NORMAL,0.0089065642236947,0.0874254824606526,9.652919508345796,0.3169469781914847,0.3465122495978796,0.3250749756311115,-0.0251307086352157,0.0013178375603959,-0.0394797487305066,0.1176978818974475,0.1062366058400637,0.1153189805262802,0.3530897681177244,0.7909417380525721,0.4484892950676838,5.737704918032787,1173.9747253078074,51.96023277588557,0.0,0.0,0.0,UNKNOWN
2026-09-11 15:42:59.323237,device_0015,route_0022,event_037587,32.038317872385164,77.0687871441657,81.47162366604682,ARTERIAL,CLEAR,NORMAL,0.236435305180736,-0.1269722511551009,9.627775214869486,0.2389762830615137,0.3532688481786307,0.3408300719136445,-0.0036913930324186,0.0440851239805428,-0.0316493840669064,0.100634795657625,0.1117069896438352,0.1034251443753359,0.3756397609749111,1.149368034773822,0.4774586332867961,22.807017543859647,1170.7151707482878,48.688187719962,0.0,0.0,0.0,UNKNOWN
2026-09-11 14:59:25.223237,device_0009,route_0010,event_011446,29.089774165047647,78.11552845752296,73.74561191647336,ARTERIAL,DUSTY,NORMAL,-0.147317543840761,0.0644864374775124,9.97483726231762,0.3488127915152318,0.3088467391909699,0.3786636758705106,0.0137652000930617,0.0409608975318552,0.0069254247894184,0.0904316817182609,0.1017987180423043,0.0957108464774352,0.4221022734060956,0.9748587831771208,0.4777689851642073,5.357142857142857,1175.8012798150014,47.62709563372047,0.0,0.0,0.0,UNKNOWN
2026-09-11 17:13:57.423237,device_0019,route_0023,event_092168,24.111548718807647,84.24035150023131,85.52250435885115,RESIDENTIAL,CLEAR,NORMAL,-0.1654715791996241,0.1250387585813503,9.921348334079427,0.3096461153377869,0.3876434388055247,0.3049957865092122,0.0142915078582097,-0.0140791325760272,-0.0192154108871148,0.1075332742222397,0.1026188004339554,0.0918555904059875,0.3335698341510974,0.7022008436437446,0.4546967346865567,22.13114754098361,1174.5353318231532,51.93543212132559,0.0,0.0,0.0,UNKNOWN
2026-09-11 15:35:26.023237,device_0024,route_0002,event_033054,25.916183932039797,78.27523309796935,61.40327835368281,URBAN,CLEAR,NORMAL,0.1503008836977772,0.120180415617847,9.993686904614565,0.331256889513734,0.2963613313618964,0.2672464601370289,0.0096765553510436,-0.0616249661809633,0.0434240735653321,0.1178435116942092,0.1033232929894621,0.0913114368987278,0.3375716854926031,0.9174065339191008,0.4322277109148819,16.393442622950822,1165.9444844817242,52.318099885446266,0.0,0.0,0.0,UNKNOWN
2026-09-11 17:15:47.423237,device_0007,route_0028,event_093268,23.033255903631403,71.04323720276206,9.505140896024564,HIGHWAY,CLEAR,NORMAL,0.1425194332045871,-0.0386132265167532,9.578768277136074,0.3413510217256519,0.2874606736614725,0.3306822442717425,0.0380920060520182,0.0149307708973886,0.0323117020858202,0.0914841242428125,0.1091901210751155,0.0962728108967367,0.3924102151808915,1.0024224636447183,0.4492399512183606,7.894736842105263,1156.3665497149682,49.29232864272136,0.0,0.0,0.0,UNKNOWN
2026-09-11 16:20:01.423237,device_0007,route_0025,event_059808,23.158756983693834,77.11203259800803,36.46076091103023,URBAN,CLEAR,POTHOLE,0.1704971660963478,-0.156141431832299,9.645964960024951,0.505687421048587,0.4884811976822037,0.2791835331086389,0.0369151934913578,-0.0066624642444966,0.0242180433539666,0.1779037165788637,0.1706092080187959,0.1634663959863145,0.3326750177782882,1.0195994336727665,0.6844409129480644,22.34042553191489,953.4952252035704,49.29232864272136,1.5414038566397106,2.8068232054871123,2.9820016349532086,LOW
2026-09-11 16:22:58.323237,device_0019,route_0023,event_061577,25.59745969226073,81.92494740443131,87.99380323570989,URBAN,CLEAR,NORMAL,-0.1722663563666032,0.22611431731526,9.952794003062351,0.2925451635411171,0.2967928025218426,0.2788680546813672,0.0286597472086773,-0.041052439875826,-0.0075619279892161,0.1081089864101295,0.098993082426677,0.1010101926913424,0.3232008991193835,0.7301707876916748,0.4344533538170741,14.75409836065574,1174.5353318231532,51.93543212132559,0.0,0.0,0.0,UNKNOWN
2026-09-11 16:03:06.623237,device_0026,route_0033,event_049660,32.49450834119183,79.38106404642713,41.29327078944338,RESIDENTIAL,WET,NORMAL,0.0461961383358307,0.2396146011765789,9.655156036939314,0.3463920595961449,0.3143593432412048,0.3227338448022562,0.0001035821840154,0.0394856008942662,0.0255865116527248,0.1221334458814818,0.0894276612910067,0.1107433318137859,0.3487176405943615,0.8639274642777384,0.4157355956410624,2.631578947368421,1156.2462834189637,49.29745575609877,0.0,0.0,0.0,UNKNOWN
2026-09-11 14:58:46.623237,device_0021,route_0017,event_011060,29.35480031407775,77.71149011897315,18.99507931886704,URBAN,CLEAR,ROUGH_PATCH,0.0232257194162102,0.0699440493337258,9.850311831891334,1.0269587459706453,0.5320428009030983,1.1718419650480227,-0.0814256326563493,0.078113596634753,-0.0160855657314212,0.2530764581225141,0.1901327596660098,0.1580001530211072,1.1617102705100772,2.795702112998592,0.4061418612439523,1.818181818181818,1083.783040176026,50.74816449523607,0.0,0.0,0.0,UNKNOWN
2026-09-11 14:42:55.623237,device_0028,route_0024,event_001550,28.68642858861317,77.05546624862197,21.76280420559353,RESIDENTIAL,WET,NORMAL,0.1409975688250657,-0.0210713329040692,9.749784367717645,0.3078433734798185,0.3108168649200843,0.2784582000336593,-0.0398258859281697,0.0242329410218818,-0.0318018777377113,0.1084660232044806,0.1082110412089333,0.1012670047597936,0.2819645767773021,0.8679273771879448,0.4167855013748736,3.508771929824561,1164.8650637957344,48.932706260641424,0.0,0.0,0.0,UNKNOWN
2026-09-11 16:54:55.623237,device_0016,route_0046,event_080750,35.598752319801754,79.33484756477299,19.077413085913708,URBAN,CLEAR,NORMAL,-0.0258183802593193,0.099024994938872,9.75494014167912,0.2906672589900872,0.314235800694663,0.3370401472081484,0.0219785860977522,-0.0700695428290515,0.0160741578180721,0.1108764337108867,0.1080826263615255,0.0963971298321909,0.3384440708221427,0.7553630940204918,0.4253600082636877,0.8928571428571428,1173.9088107441603,47.70387570777382,0.0,0.0,0.0,UNKNOWN
2026-09-11 14:47:51.623237,device_0004,route_0035,event_004510,28.245398394203335,77.59453845215326,41.282104057694525,HIGHWAY,CLEAR,NORMAL,-0.0796771166096783,0.0117496293229016,9.617194129480485,0.2907726303467728,0.3428558073617395,0.331905018093417,0.0258038035453832,-0.0299087558163396,0.0154187677266522,0.1159954428726631,0.0976630231074464,0.1029570844968846,0.3747468210851228,0.8714216680231388,0.4608916108415981,17.5,1194.4208269519645,50.2335513967164,0.0,0.0,0.0,UNKNOWN
2026-09-11 15:24:24.423237,device_0007,route_0038,event_026438,30.41924032879375,78.81936917149402,10.103060047809048,RURAL,CLEAR,SPEED_BREAKER,0.0396944341420876,-0.1246075752117816,9.6426981429134,0.318418591115338,0.3276128451244524,0.3705604073623699,0.0273690533299388,0.0103631181908179,0.0302179227896298,0.0804103886864398,0.0707033937873918,0.0567404380477217,0.3989778087374542,1.3091838538945204,0.5298800539035908,1.4925373134328357,1359.237874226366,49.29232864272136,0.0,0.0,0.0,UNKNOWN
2026-09-11 17:04:51.423237,device_0028,route_0045,event_086708,21.15778376700673,79.44532876042322,10.128034733293926,SERVICE_ROAD,DUSTY,NORMAL,0.1010268097634501,-0.066169119245954,9.703155649757486,0.3485928423926068,0.3175608357129762,0.3085478855029975,-0.0532401285121587,0.0320117868166767,-0.028217183722158,0.1046150956372693,0.0986013544273886,0.1146389859485532,0.3194789574538084,0.5989462270522825,0.4933398163298555,7.017543859649122,1164.8650637957344,48.932706260641424,0.0,0.0,0.0,UNKNOWN
2026-09-11 16:58:40.923237,device_0019,route_0048,event_083003,21.29805135383648,78.83442851058274,40.61350374240203,RESIDENTIAL,WET,SPEED_BREAKER,-0.1341019955103356,0.2811561480821517,10.389461767539196,0.4078437335106241,0.6287571771819312,1.3156367877738442,0.0186539248985831,-0.0204563825496379,-0.0268893232417988,0.1705903457910471,0.1466630154265499,0.1750280484240777,1.4869939550000828,5.806194282845931,0.8173361091742402,1.4084507042253522,1367.0821075318668,51.93543212132559,0.0,0.0,0.0,UNKNOWN
2026-09-11 16:53:57.223237,device_0028,route_0046,event_080166,35.54836423116452,79.3200711774841,19.82574560714217,URBAN,CLEAR,POTHOLE,0.1531722460572833,0.0156270938525469,10.01405144282937,0.2484120725218034,0.3061333336580864,1.8064618747766183,-0.0280399417011581,0.0089595793274023,-0.0622388563623787,0.1008921339321719,0.11173265395233,0.1207315385290021,1.8215673476259,6.261688223047297,1.713215448675315,22.34042553191489,960.502771901746,48.932706260641424,14.579521741351511,27.46114268975526,23.944891548183897,CRITICAL
2026-09-11 16:00:28.423237,device_0003,route_0022,event_048078,32.98027457607901,77.0125202804809,40.85542364790098,RESIDENTIAL,DUSTY,NORMAL,0.034049582156547,-0.1529659210966887,9.606084830673568,0.3511053425976561,0.3180140629895406,0.2998584677926723,0.0431533292883886,0.0432332104017846,0.0277364812318971,0.1066489896026247,0.1185150576770784,0.0994166371859022,0.3483778138686911,0.8210336434117593,0.4482063109724563,5.0,1178.291970417501,50.92116513256079,0.0,0.0,0.0,UNKNOWN
2026-09-11 15:07:30.723237,device_0016,route_0042,event_016301,30.020248187901423,77.4135240132725,55.58155004807688,URBAN,CLEAR,SPEED_BREAKER,0.0123723190397979,-0.0428138815557868,10.377755480880245,0.8263853545072853,0.6255149497888312,1.4912640510079187,-0.0252685559815695,0.0067669996366117,-0.0016044146972239,0.1974045973867813,0.2021837955995109,0.2202755008323519,1.693736297525601,5.639599964160055,1.0997811257667227,0.7575757575757576,1383.5353840913317,47.70387570777382,0.0,0.0,0.0,UNKNOWN
2026-09-11 15:09:30.023237,device_0026,route_0029,event_017494,27.83652007507623,75.78419072183732,38.99241368224117,URBAN,CLEAR,SPEED_BREAKER,-0.0545844945040846,0.2403275442903406,9.968861730842756,0.4225655413188715,0.5354035650653062,1.0756975648805642,0.0336435682254716,0.0507367072717248,0.0449791316511286,0.1566542132789911,0.1268529257738504,0.1721912527325433,1.1149038243597456,4.625735182306906,0.8523981117475652,1.4925373134328357,1359.0965085801854,49.29745575609877,0.0,0.0,0.0,UNKNOWN
2026-09-11 17:03:10.423237,device_0011,route_0035,event_085698,23.106360817573723,82.78097765681188,36.518199025131615,ARTERIAL,RAIN,POTHOLE,-0.1518497983600054,-0.0348914440265886,9.996883541991131,0.437643099353551,0.7080615165495114,0.4955482266179311,0.0507334843708939,0.0025598224167325,0.054823719677484,0.1736269249253612,0.1864889769142597,0.2195410274623414,0.5822000743865943,2.405948236249301,0.8515808372013155,1.0,962.2269165325868,51.962794992449886,3.276819223232109,9.085944243176796,5.449866516761248,MEDIUM
2026-09-11 16:23:11.123237,device_0000,route_0035,event_061705,24.62487566074596,81.24810227101776,40.328944230525664,RURAL,CLEAR,ROUGH_PATCH,-0.0553728271133092,0.2274710223180636,9.94000155871231,1.366145288794729,0.5230748538220839,0.9262992656223248,0.0299433763050439,-0.0733149063414172,-0.0068375841197958,0.2035434977452613,0.282170060397956,0.1742108390484116,0.9444261962220358,2.4031508208779595,0.4075954045435203,1.818181818181818,1088.9886895864247,50.50557505871605,0.0,0.0,0.0,UNKNOWN
2026-09-11 16:02:15.423237,device_0007,route_0004,event_049148,31.046844716145408,80.82177539412633,55.3122664839787,URBAN,CLEAR,NORMAL,0.1063900957512765,-0.073786090037531,9.635042199217258,0.3450834341673533,0.3456620140137739,0.3161079625532814,0.0280693835016714,0.0073681492111962,0.0204509514655546,0.1118065600151593,0.0984194852039641,0.0949370203012351,0.3511123208703349,0.8396963716608905,0.4450725550822931,4.385964912280701,1156.3665497149682,49.29232864272136,0.0,0.0,0.0,UNKNOWN
2026-09-11 16:37:17.823237,device_0026,route_0007,event_070172,24.699409661494112,82.12135987416077,10.033988711729505,HIGHWAY,CLEAR,NORMAL,0.06607389637732,0.1871936080407595,9.642080950114542,0.3142611150402509,0.310117444246148,0.3578728610569308,-0.0059348092676667,0.0561276711170372,0.0570046050940208,0.0772304583066737,0.0927806951817325,0.0872498298579645,0.3851624642147652,1.0741959046589589,0.4922256033796161,19.29824561403509,1156.2462834189637,49.29745575609877,0.0,0.0,0.0,UNKNOWN
2026-09-11 17:20:42.823237,device_0016,route_0007,event_096222,23.252419378355707,83.96377551004078,75.58920173943261,RESIDENTIAL,CLEAR,NORMAL,-0.0173493773684046,0.075879171434164,9.838254341701395,0.2917541277309279,0.3593905102955425,0.350637326863696,-0.0125537220477367,-0.0612854726897812,0.0317700168508278,0.1093104699140695,0.1024454001177504,0.10602346878593,0.3548037366014951,0.9375957830987928,0.4452129455968773,12.5,1173.9088107441603,47.70387570777382,0.0,0.0,0.0,UNKNOWN
2026-09-11 16:07:41.823237,device_0029,route_0015,event_052412,24.039204746058854,78.45980075342511,84.07968232375076,URBAN,WET,NORMAL,-0.2097860585753298,-0.2002047278068592,9.835758880863908,0.2997831555515824,0.2991721519285999,0.3197472585415858,-0.0366964257161249,-0.0252522487353663,0.0023270382572591,0.0935528733138403,0.0893772097526567,0.0840152982280027,0.3222502797661702,0.7444097322039429,0.4150093200841451,13.333333333333334,1185.4321676861896,50.614452379095,0.0,0.0,0.0,UNKNOWN
2026-09-11 17:22:49.923237,device_0023,route_0048,event_097493,20.0288199035016,79.12909644818815,21.33155174009057,URBAN,RAIN,NORMAL,0.0682929489035774,-0.0488578832444896,9.79822672448796,0.3242014972103492,0.3021752907962047,0.2960174738889183,-0.0059319519793285,-0.0512064669987124,-0.0029735397663337,0.1166760069416573,0.0954026741260555,0.1005128826365544,0.2948637201694366,0.7081165678469183,0.4391924873988536,0.8333333333333334,1182.7936295130366,50.72736147953584,0.0,0.0,0.0,UNKNOWN
2026-09-11 14:55:29.923237,device_0010,route_0008,event_009093,29.3006442535386,77.36530410321228,83.8909808069302,ARTERIAL,CLEAR,NORMAL,-0.2185327641913924,0.0764464804042539,9.737556642679746,0.275647041108779,0.2782679310993843,0.2886651711818744,-0.0237156960300882,0.0564275027109564,-0.0357981751918024,0.1156097989245466,0.1185150271028229,0.098387341357704,0.2954254964570321,0.6359168875766468,0.4059215357593242,14.912280701754383,1171.778857581421,48.64399082745811,0.0,0.0,0.0,UNKNOWN
2026-09-11 14:50:47.323237,device_0017,route_0027,event_006267,28.45728101853833,77.63817675692242,36.9573421601965,RURAL,WET,NORMAL,0.0332948142476887,-0.2466794666782656,9.810686112408582,0.2957470894932991,0.2991932217284422,0.3099853223351219,-0.0049898045624895,0.0168570526519295,-0.0478908662106446,0.087902977033111,0.0998860474717345,0.1000348332278477,0.3097826160971299,0.978334535979327,0.4336772870409937,12.295081967213116,1168.9485129122031,52.18364994368368,0.0,0.0,0.0,UNKNOWN
2026-09-11 16:56:42.923237,device_0028,route_0039,event_081823,35.41915271933845,79.75201348896105,72.29461404563398,ARTERIAL,CLEAR,NORMAL,0.1592148977075748,-0.099957927659992,9.741580568420328,0.3788537885429099,0.2939677607159104,0.3174853477679927,-0.0438213655195858,0.0153532667037324,-0.0763595770854874,0.0965531411530362,0.0991072690627798,0.0874287345725717,0.3202202588820244,0.8521968072587143,0.493889369618827,20.175438596491222,1164.8650637957344,48.932706260641424,0.0,0.0,0.0,UNKNOWN
2026-09-11 15:47:20.923237,device_0026,route_0006,event_040203,25.298196984046577,76.04587902170057,9.993373800784555,RESIDENTIAL,CLEAR,NORMAL,0.0614759618172743,0.1445052033141665,9.664755396535115,0.3200576149245308,0.3080254009360583,0.3398931671536727,-0.0206919023354833,0.0371362094754184,0.0234204131289521,0.1043948989797339,0.0997721567995723,0.0994536873168776,0.3618263442272567,0.8766916989370195,0.434175161188273,4.385964912280701,1156.2462834189637,49.29745575609877,0.0,0.0,0.0,UNKNOWN
2026-09-11 16:35:53.123237,device_0028,route_0049,event_069325,34.78458085043439,76.12586606040941,61.30503000967962,ARTERIAL,CLEAR,NORMAL,0.2407934342008051,-0.0282252353592711,9.726121415265194,0.3329782133360482,0.31285667978421,0.3058758002795824,-0.040699979884156,0.0084856735201663,-0.0707574994794484,0.09524100718734,0.1033907653884145,0.0998632919391733,0.3090617715379926,0.7043928314027053,0.4465008249801026,21.929824561403507,1164.8650637957344,48.932706260641424,0.0,0.0,0.0,UNKNOWN
2026-09-11 16:16:46.823237,device_0004,route_0024,event_057862,28.71387050538191,71.99113749833475,9.191901097804218,RESIDENTIAL,CLEAR,NORMAL,-0.1655921140362183,0.0139509521516961,9.634435843731334,0.303922779997504,0.2572648029387366,0.3514877035538696,0.0390540605309466,-0.0350986038247162,0.0667050283462601,0.1129553857335324,0.1104694159102539,0.0971034249535592,0.3860553495585021,1.0009596460304788,0.4228847912803454,16.666666666666668,1194.4208269519645,50.2335513967164,0.0,0.0,0.0,UNKNOWN
2026-09-11 16:08:39.723237,device_0008,route_0024,event_052991,28.711558723539063,72.42939754928113,18.77944453824849,URBAN,CLEAR,NORMAL,0.0927223862258644,0.0556403043382785,9.690442901755246,0.3314740236385187,0.3084181317493809,0.3150928054300075,-0.0254359409486446,-0.016249631487105,-0.0296849737540885,0.0871579999775607,0.1177517010050427,0.0929803691104885,0.3301947866492327,0.7654837674899913,0.4748276090038428,20.49180327868853,1174.5210483649005,51.936063712881634,0.0,0.0,0.0,UNKNOWN
2026-09-11 17:09:05.123237,device_0002,route_0012,event_089245,20.564543354286787,77.07583933158027,21.26712476873154,RURAL,CLEAR,NORMAL,0.0752253685927488,-0.1671461667395438,9.714369574900434,0.3046710076552223,0.2569329540307826,0.2711756867762718,-0.0206898700166182,0.001228237238264,0.0119692656784279,0.0919600767684743,0.0982126927967468,0.0943185415881058,0.2829090699753982,0.9923392206053894,0.3788577515920627,3.333333333333333,1189.0117987248957,50.46207284431021,0.0,0.0,0.0,UNKNOWN
2026-09-11 15:25:07.923237,device_0013,route_0000,event_026873,26.185840520201907,76.60510303880552,10.83342887343746,HIGHWAY,DUSTY,NORMAL,-0.0345690291555965,-0.1452646559854448,9.644809257936718,0.2404221029083889,0.2433418670328222,0.3181903870677385,-0.0238500063922628,0.0455770847614953,-0.0154372750471268,0.0991832573246546,0.0926307315961279,0.100109510738827,0.3495705472508664,1.136959891862599,0.3667585889183999,7.017543859649122,1155.761160906742,49.31814801189647,0.0,0.0,0.0,UNKNOWN
2026-09-11 16:24:40.223237,device_0016,route_0001,event_062596,23.059308641808816,76.72871348189584,9.100066712489513,RURAL,CLEAR,NORMAL,-0.0390162273745981,0.0388270233383935,9.842160905086208,0.3287871965382672,0.298653334135749,0.3178332970803694,0.0257048446296475,-0.0454438864045624,0.0445294921329302,0.1010934066278966,0.0998248932938265,0.123044681796533,0.3209936085765706,0.7972770180967181,0.4706833764903685,9.821428571428571,1173.9088107441603,47.70387570777382,0.0,0.0,0.0,UNKNOWN
2026-09-11 15:59:55.123237,device_0027,route_0002,event_047745,24.690953723821178,78.76967537784317,9.62608383629943,RURAL,DUSTY,NORMAL,0.1461815281998854,0.0431676143289908,9.947186352370789,0.3321287807639957,0.2847092269181178,0.3673151122292351,0.0339904140645082,0.002595048884896,0.0025042489293516,0.1013232609471311,0.1009307062164231,0.1043492475781268,0.3989657892338316,1.1069577341617052,0.4962443360221753,20.0,1176.243771850552,51.00983438628853,0.0,0.0,0.0,UNKNOWN
2026-09-11 15:48:39.623237,device_0021,route_0029,event_040990,26.8479848883532,73.91668456804963,74.49404829122159,URBAN,CLEAR,NORMAL,-0.0110253776565988,0.0713972606050532,9.876024014752204,0.3544218323780018,0.2620075211256878,0.2904351259285901,-0.0102915393157164,0.022058285214347,-0.0202819638176409,0.0958506162513672,0.100933462428267,0.1102902419965139,0.3023220335871263,0.6702893856360408,0.3854088342710678,4.166666666666667,1182.3087711011192,50.74816449523607,0.0,0.0,0.0,UNKNOWN
2026-09-11 15:03:33.423237,device_0029,route_0045,event_013928,27.437875079509407,77.60112331899968,64.38628363031562,URBAN,CLEAR,SPEED_BREAKER,-0.3135960414802314,-0.1506745080482242,10.488631577063384,0.9053762284319372,0.6944952890689888,1.5202283349958865,-0.0455219114327505,0.0029544453229189,0.0008362128181446,0.243867146827537,0.302240215932284,0.2787191604757049,1.7840331531305829,6.216710721794748,1.2038928696363442,0.7142857142857142,1383.0041956338878,50.614452379095,0.0,0.0,0.0,UNKNOWN
2026-09-11 17:18:35.923237,device_0029,route_0041,event_094953,26.806353612571755,85.50923425417723,10.907737444132655,RURAL,CLEAR,NORMAL,-0.2169327027132439,-0.1371167985825524,9.936814362984796,0.3446186404413523,0.2744666620116006,0.3213118911725739,-0.0085141367250641,-0.0342656410650821,0.0037377402277516,0.1131878586725482,0.0998212314715602,0.0809337317394249,0.3563819463260453,0.7197573372783275,0.4290257765208751,6.666666666666667,1185.4321676861896,50.614452379095,0.0,0.0,0.0,UNKNOWN
2026-09-11 15:11:34.823237,device_0001,route_0036,event_018742,30.35556487403249,77.15034767667322,20.202881414334158,RURAL,RAIN,NORMAL,-0.256729541251346,0.2211376880143569,9.898866832497244,0.2787210561821803,0.28512409696634,0.2626096415927873,-0.0145114156770491,-0.0241207396193597,-0.052255443968612,0.1010178983439681,0.104697240872683,0.1082823474508393,0.2858817724094277,0.6645755896392398,0.3992441343636943,15.789473684210526,1147.8114285371462,49.659725093210575,0.0,0.0,0.0,UNKNOWN
2026-09-11 14:42:06.323237,device_0024,route_0048,event_001057,28.476982949815856,77.16840570300901,18.299882888190474,RURAL,CLEAR,NORMAL,0.1512458264321949,0.1285135996518249,10.038831063960696,0.3113064946467203,0.3407232618451993,0.2371755361477418,-0.0025402402732743,-0.0750076302725206,0.0456046181544878,0.1136266838914297,0.0927628320031749,0.1096190275001032,0.3473183399659164,0.7084828454519858,0.4099866772435394,7.377049180327869,1165.9444844817242,52.318099885446266,0.0,0.0,0.0,UNKNOWN
2026-09-11 14:47:34.323237,device_0022,route_0014,event_004337,28.882096200181994,77.08309204169835,18.216505318130377,HIGHWAY,RAIN,NORMAL,0.0382982377463504,0.0749339556495132,9.550668034954702,0.3103057747088903,0.3123219494481148,0.3280988026758193,0.0186198874599166,-0.0149043920787301,-0.0097050832366735,0.0962406907083923,0.1051290200900414,0.1162860188165781,0.4056046675732675,1.0937814607181071,0.4355022079141726,11.475409836065571,1173.9747253078074,51.96023277588557,0.0,0.0,0.0,UNKNOWN
2026-09-11 15:37:17.623237,device_0000,route_0003,event_034170,30.09953559337279,74.66608826007419,9.012679647323674,URBAN,WET,ROUGH_PATCH,-0.0517330882953353,0.2138384809277165,9.913111320945042,1.3175352286164783,0.7404498977177084,0.779086043061016,-0.0008510689046226,-0.067501210313435,-0.0516757519754537,0.191390892568341,0.2257494836466644,0.1823539125051788,0.8070503315945314,2.1580090844676665,0.3960778980371736,1.818181818181818,1088.9886895864247,50.50557505871605,0.0,0.0,0.0,UNKNOWN
2026-09-11 17:21:11.123237,device_0022,route_0023,event_096505,23.900908455284608,84.56865324491258,20.58081830843413,HIGHWAY,CLEAR,ROUGH_PATCH,0.0881201527688908,0.0555107472858588,9.578124726496414,0.9232697722742346,0.5593901670740875,0.838237661571029,-0.0132298985181789,-0.0152883603164629,-0.0210459124343479,0.1493325647727393,0.1683383079667101,0.179156460154073,0.8591669769215573,2.23907427311703,0.439214327768314,1.818181818181818,1058.5018015070395,51.96023277588557,0.0,0.0,0.0,UNKNOWN
2026-09-11 14:43:43.523237,device_0012,route_0048,event_002029,28.39165083715993,77.18766469034898,10.544681065090888,URBAN,CLEAR,NORMAL,0.1118967822752421,0.0614616874700066,9.743039589292936,0.3546025502860446,0.3361350989616416,0.3195165814479815,-0.0557696976124482,-0.030399438514164,0.0122630450661079,0.1102095053823869,0.0913384500972128,0.1032399530751115,0.3203813589196172,0.6447620220699051,0.4982568533656157,11.607142857142856,1178.0852418549218,47.53476065265595,0.0,0.0,0.0,UNKNOWN
2026-09-11 14:42:43.623237,device_0012,route_0049,event_001430,28.757671613105103,77.10412937908133,20.25661972323323,RESIDENTIAL,CLEAR,NORMAL,0.0535451900672722,0.1550157251709296,9.728783199728868,0.2505042417117988,0.2734946801829422,0.3319832381939939,-0.0270209134512478,-0.0317364310798913,-0.0207526220504276,0.1067579109171412,0.1006889767248958,0.0963195494545635,0.3382807867766115,0.99292771500399,0.4133515613676121,19.642857142857142,1178.0852418549218,47.53476065265595,0.0,0.0,0.0,UNKNOWN
2026-09-11 15:38:48.923237,device_0004,route_0039,event_035083,31.475732738854216,78.29580037997492,61.0417465183728,RESIDENTIAL,RAIN,NORMAL,-0.1381143507747245,-0.016107547132113,9.611062115225002,0.3077991722537642,0.2836683122420276,0.3090945801415837,0.0360473970709222,-0.0327787061002641,0.0181563984280891,0.1056439509975644,0.082725462543758,0.083434046681204,0.3560888322208823,1.165159037260013,0.4766484882484565,16.666666666666668,1194.4208269519645,50.2335513967164,0.0,0.0,0.0,UNKNOWN
2026-09-11 15:36:53.723237,device_0017,route_0006,event_033931,25.829779682177605,76.23458352893529,54.81875374953518,ARTERIAL,RAIN,ROUGH_PATCH,0.0375409162548722,-0.2163546146740105,9.766038346385036,1.2176421078825592,0.7677857474136368,1.1283930777145046,-0.0101539011419574,0.0063874704596828,-0.0279635131721203,0.2494513245728958,0.1833295512198244,0.2001869408014112,1.0968754363191595,2.6436213336527565,0.4332219504854783,1.7857142857142856,1073.1330610341536,52.18364994368368,0.0,0.0,0.0,UNKNOWN
2026-09-11 16:12:38.123237,device_0022,route_0023,event_055375,25.898562440474524,81.45554001545013,20.658421436578703,URBAN,RAIN,NORMAL,0.0507968864001788,0.0630583654657975,9.62750839498293,0.3318580497001969,0.2540760164041448,0.4219895328685867,-0.0122753253633477,-0.0178046775987066,-0.0221529873164522,0.0934728699873156,0.09173853699121,0.0967588302569649,0.4497732185100618,1.062510037359807,0.4895096219056671,17.21311475409836,1173.9747253078074,51.96023277588557,0.0,0.0,0.0,UNKNOWN
2026-09-11 15:18:23.023237,device_0012,route_0047,event_022824,26.73064659118886,77.85164460772899,37.14032080291518,URBAN,RAIN,NORMAL,0.0856352736704103,0.1643056946038645,9.645149900533198,0.3323270547831355,0.287812185933345,0.2731677066933393,-0.0592007947771797,-0.0312169569260293,-0.0150412379394367,0.1079705919639595,0.121032284094747,0.1112645465819019,0.3086278113261101,0.6894179512993901,0.4583567077266929,21.428571428571427,1178.0852418549218,47.53476065265595,0.0,0.0,0.0,UNKNOWN
2026-09-11 16:43:05.223237,device_0025,route_0003,event_073646,31.925480982962824,71.62173062728198,87.55122717538583,URBAN,CLEAR,NORMAL,-0.0411446668313246,-0.0701328603108961,9.95882198035206,0.3210894626885959,0.3501621514881398,0.3148148238405086,0.0042504705412485,-0.025212390355519,0.0139733856223922,0.1116556199543435,0.0918330079506307,0.1095475906151004,0.3574786324165342,0.9364905516865304,0.4652284089881918,1.6666666666666667,1191.6511525911126,50.35030585044683,0.0,0.0,0.0,UNKNOWN
2026-09-11 15:22:27.523237,device_0009,route_0016,event_025269,30.9073172232482,76.63757545174687,76.7154317034799,URBAN,CLEAR,SPEED_BREAKER,-0.2007371907564165,-0.2048130789779096,10.433024166961491,1.1604517506997731,1.1198191915510705,1.7219076406821945,0.0064701557305805,0.0838399914214018,-0.0275716842231337,0.2450806553999885,0.3111939614729611,0.2626181369524272,2.0645892535066683,8.036270392023535,1.4873081248641185,1.5151515151515151,1385.7657940676804,47.62709563372047,0.0,0.0,0.0,UNKNOWN
2026-09-11 16:27:04.023237,device_0011,route_0046,event_064034,34.15634865197576,78.91131264420513,36.446963683733856,URBAN,WET,NORMAL,-0.0582038004729743,-0.0192211525395891,9.97318028068877,0.3200060796354242,0.291728309470212,0.3656738955150073,0.0332881776566329,0.0120159877482728,0.0250003150327273,0.1028815428248433,0.123016229661646,0.0934587780244887,0.4083349687340846,0.9846898210748076,0.4638992449777195,17.21311475409836,1173.916838169756,51.962794992449886,0.0,0.0,0.0,UNKNOWN
2026-09-11 15:05:01.123237,device_0006,route_0028,event_014805,27.80378441472904,76.24259500065455,37.05432136501726,RESIDENTIAL,WET,SPEED_BREAKER,-0.0297811570073124,-0.1930396845915133,10.207452462340918,0.6441543800968745,0.4785749597069981,0.8813484520439716,-0.0101078246732997,-0.0132768020068328,0.0021023222980456,0.1448906808894549,0.1499237758940801,0.1319052729527197,1.0270244344295183,3.9585833364449865,0.7609404399466518,0.7575757575757576,1378.6547788238413,47.87275321839885,0.0,0.0,0.0,UNKNOWN
2026-09-11 16:20:50.323237,device_0001,route_0044,event_060297,33.85086373180115,76.1804330393393,10.952580562816896,RESIDENTIAL,CLEAR,NORMAL,-0.2448518095150735,0.1811044001502036,9.95146676515565,0.2662479384317497,0.3005719077019458,0.2940632413896178,-0.0574864257655979,-0.0525625089626787,-0.0357939068744775,0.1124552717498332,0.1030564231849191,0.1191059540084401,0.3352042688515989,1.1359167245752708,0.4191487162535305,14.035087719298245,1147.8114285371462,49.659725093210575,0.0,0.0,0.0,UNKNOWN
2026-09-11 16:03:48.423237,device_0024,route_0042,event_050078,33.04903989147239,77.64534157329383,36.934851801410446,URBAN,CLEAR,NORMAL,0.1493037183641912,0.2068749601270082,9.925212599391342,0.3147487353534729,0.2897081088129746,0.3255322616692891,-0.0154312066361651,-0.0519619911593288,0.0501534878836113,0.1032918891688894,0.0862725545700828,0.1117359211161469,0.3554540229116182,0.8892528797090016,0.4199713500627381,15.57377049180328,1165.9444844817242,52.318099885446266,0.0,0.0,0.0,UNKNOWN
2026-09-11 15:32:59.723237,device_0028,route_0012,event_031591,25.748446720156597,77.17821545097055,56.51103529078885,URBAN,CLEAR,NORMAL,0.2146225588791089,-0.0675675413954252,9.731456296828677,0.2927230915954917,0.297362111899507,0.2906947545429665,-0.0774906345431744,0.0268897893929716,-0.0446983863883246,0.1069880439449651,0.1084769401453882,0.1022902022121098,0.2972570899052033,0.9590380087594284,0.4037472233949092,7.017543859649122,1164.8650637957344,48.932706260641424,0.0,0.0,0.0,UNKNOWN
2026-09-11 14:41:19.123237,device_0013,route_0027,event_000585,28.672742372567065,77.1749444094064,63.20994401344257,URBAN,CLEAR,ROUGH_PATCH,-0.078956400502198,-0.1018108248652191,9.657553246929794,1.0278536647391487,0.4299021597670621,1.3384254454042526,-0.0431098440431346,0.0374488645872124,0.0392446469258889,0.2475163952930475,0.1355837425505792,0.2611486910321884,1.3037443437543057,2.704997966992208,0.4427562169130925,1.923076923076923,1054.3786029324665,49.31814801189647,0.0,0.0,0.0,UNKNOWN
2026-09-11 15:41:51.023237,device_0025,route_0013,event_036904,31.643538521662485,78.56516683876283,10.044349876361538,HIGHWAY,CLEAR,ROUGH_PATCH,-0.0483449117413772,-0.092386200233098,9.966953160675786,0.6740462167147537,0.4087412870671388,0.8224058311382558,-0.0128062042814397,-0.0156239872189189,0.018583689068376,0.1524589203028508,0.1194405533434187,0.1459375451118439,0.8374352056076418,2.280225007491863,0.4678439321288464,1.818181818181818,1092.3468898751864,50.35030585044683,0.0,0.0,0.0,UNKNOWN
2026-09-11 15:15:53.823237,device_0002,route_0033,event_021332,30.294235194649094,78.09664355795141,20.449397917853737,URBAN,CLEAR,SPEED_BREAKER,0.0143326505491249,-0.1592158834878744,9.842717396428458,0.4292505887871097,0.3886356573232761,0.5463767778824495,-0.017322027578241,0.0101936342204474,0.0083441171397167,0.1090356206834685,0.0905164604561772,0.1027020070765454,0.5641799950207301,2.5898676904360745,0.585661957745492,0.7142857142857142,1387.1804318457116,50.46207284431021,0.0,0.0,0.0,UNKNOWN
2026-09-11 15:46:06.223237,device_0015,route_0026,event_039456,25.855307392233804,79.56353535601374,64.71317402114532,URBAN,DUSTY,NORMAL,0.1240615989309423,-0.1361274938504621,9.7329871752371,0.3180768538126203,0.3810029033597665,0.3198739785147889,0.0153680324392325,0.047281310375586,-0.0395987798143664,0.1065500059221978,0.1106499510383466,0.1047557033906173,0.3224767475937554,0.7740274174591306,0.4912052667439655,8.771929824561402,1170.7151707482878,48.688187719962,0.0,0.0,0.0,UNKNOWN
2026-09-11 15:01:13.923237,device_0004,route_0042,event_012533,29.68251223031091,77.38752501582319,21.222763362248067,RESIDENTIAL,CLEAR,NORMAL,-0.1650516014368039,0.0013752281938772,9.656422497672278,0.3073934285721027,0.2782538485800552,0.2662640022917392,0.0619215327899706,-0.0243609393142281,0.0226117148467037,0.1055290041741962,0.1138335494751235,0.0973841364692571,0.2996540005332421,0.7358476622252255,0.4044908323406834,7.5,1194.4208269519645,50.2335513967164,0.0,0.0,0.0,UNKNOWN
2026-09-11 15:48:22.123237,device_0017,route_0034,event_040815,27.532179162106804,73.74064551295146,75.00493702358555,URBAN,WET,NORMAL,0.0004679092698618,-0.1937001600659691,9.767051702101597,0.3334134520966197,0.3279595885686788,0.316468084876334,-0.0209305237075573,0.0153368365672827,-0.0405419452200457,0.1015964440566647,0.1068844212315044,0.0933929365407619,0.3186039757574618,1.0489011743149224,0.4378928322018713,1.639344262295082,1168.9485129122031,52.18364994368368,0.0,0.0,0.0,UNKNOWN
2026-09-11 16:34:12.223237,device_0024,route_0025,event_068316,22.394185765441645,77.08671910255501,10.553959134132944,HIGHWAY,CLEAR,NORMAL,0.185986940234839,0.1279645597036224,9.906545408309563,0.3208103167667864,0.3079195067885287,0.3088878578057925,-0.0244899458492493,-0.0471867927137901,0.0460413358884697,0.099145954107434,0.0973226766554113,0.1087074174452954,0.3310405856125251,0.7722730402751363,0.437818254369242,22.950819672131143,1165.9444844817242,52.318099885446266,0.0,0.0,0.0,UNKNOWN
2026-09-11 15:51:52.323237,device_0011,route_0010,event_042917,30.40305131266529,80.62261326146583,10.871577273857827,RURAL,CLEAR,ROUGH_PATCH,-0.0193515083313185,-0.13365727450787,10.065972133847003,1.065009371102265,0.7168990822269992,0.9799680594049736,-0.0122766675904662,0.0279817787226652,0.0001588063973163,0.2122098584312675,0.240121588929814,0.1972052913115776,1.018191560659895,2.564596070794167,0.5000728517703552,1.818181818181818,1058.4496081858456,51.962794992449886,0.0,0.0,0.0,UNKNOWN
2026-09-11 14:49:02.123237,device_0022,route_0022,event_005215,29.132110781542487,77.24218017317544,18.102278025571596,HIGHWAY,CLEAR,SEVERE_POTHOLE,0.0507094863196571,-0.0470563976695942,10.373744719831215,0.3861807057824665,0.3149264872565171,4.179162383681624,-0.0254726095527174,0.0103664227556029,-0.002969299449605,0.1672331699783057,0.1691204511144247,0.1686774010944686,4.1081390166366685,14.336431437957362,3.0892417357095137,1.0,962.2743650063996,51.96023277588557,17.80617051528968,42.06611479447823,38.14509783897921,CRITICAL
2026-09-11 16:58:41.823237,device_0017,route_0009,event_083012,21.31772807042634,78.45589156350283,59.55998283498084,RESIDENTIAL,CLEAR,SPEED_BREAKER,0.1226559264429338,-0.2549826286389528,10.288836773707432,0.8914466777922498,0.811259939129325,1.3516764409845718,-0.0110533806895727,0.0118677295099685,-0.0435386284855894,0.2133046522850425,0.2464289675545601,0.2119361304112344,1.5741539928014097,5.639183431185584,1.1810947145906314,1.4084507042253522,1360.579416668302,52.18364994368368,0.0,0.0,0.0,UNKNOWN
2026-09-11 15:47:20.523237,device_0028,route_0005,event_040199,26.690475697791555,74.19713473020323,21.97331568028602,RESIDENTIAL,CLEAR,NORMAL,0.1608057085848674,-0.0112042596145424,9.78084775631878,0.2603079286009334,0.2750967129753014,0.3408891106780468,-0.0498547096152217,0.014913129610642,-0.0290690082974262,0.0865543373458334,0.1025909191143202,0.0987689352145945,0.3399994004050183,0.8590987278196831,0.4303347666894342,9.649122807017545,1164.8650637957344,48.932706260641424,0.0,0.0,0.0,UNKNOWN
2026-09-11 16:27:27.923237,device_0026,route_0020,event_064273,24.552750627793795,73.06118312709782,42.34726390909216,URBAN,CLEAR,NORMAL,0.0649964219218949,0.2056314308920515,9.638704404466012,0.3000766275599045,0.3575312070341767,0.3088042227073178,0.0067362080521811,0.0265699532669506,0.0149706516624487,0.1079030505846422,0.0926433351763815,0.0970118753612184,0.3421999051458306,0.7976446213472865,0.4729573466579172,14.912280701754383,1156.2462834189637,49.29745575609877,0.0,0.0,0.0,UNKNOWN
2026-09-11 17:07:54.923237,device_0013,route_0022,event_088543,36.61270046254747,76.79563301158429,37.04068542400299,RESIDENTIAL,CLEAR,NORMAL,-0.068110134030532,-0.1091949207562518,9.724119506908371,0.3151082824987624,0.3045013443310849,0.3328361533912724,-0.0235480183856945,0.0541013638178326,-0.0202718339464681,0.0876004883120402,0.0881619597895529,0.0988148048692022,0.3382954865567171,0.9228282383424506,0.421868488466235,8.771929824561402,1155.761160906742,49.31814801189647,0.0,0.0,0.0,UNKNOWN
2026-09-11 14:41:43.923237,device_0012,route_0018,event_000833,28.59954690594899,77.2784960355376,36.80588112452635,URBAN,CLEAR,ROUGH_PATCH,0.0603771571935728,0.2256066229401602,9.736905049969304,1.4544721575795074,0.5235499636281473,1.2731844101847536,-0.0370441723981792,-0.0307701870642664,0.0589610532378342,0.2255920183914977,0.2390828997175403,0.1877544568841129,1.2564142064422912,3.179977349120561,0.5448050420886955,1.96078431372549,1072.8990595464466,47.53476065265595,0.0,0.0,0.0,UNKNOWN
2026-09-11 15:49:07.823237,device_0007,route_0008,event_041272,32.07454298368675,78.19020510407,21.991540544744375,RESIDENTIAL,WET,NORMAL,0.1389200926798818,-0.0366870078108879,9.613896589534823,0.2690653478253457,0.3060324170568724,0.3006799669921862,0.0233868583734173,0.0195393154015553,0.0273583731917216,0.0913499118598655,0.1031042298834242,0.1087261719672355,0.3495679717620262,0.8209195173737047,0.4212861871079751,11.403508771929824,1156.3665497149682,49.29232864272136,0.0,0.0,0.0,UNKNOWN
2026-09-11 16:52:34.823237,device_0011,route_0028,event_079342,23.87979508460124,71.96624403140757,19.445951181189717,RESIDENTIAL,CLEAR,NORMAL,-0.0864921829079756,-0.1496997693752134,9.91543177126654,0.3385463431006583,0.3062399638269076,0.3288339250742666,0.0381698293996079,0.0063015368730244,0.0302063487680253,0.0947770015979834,0.0990112036410702,0.0971713411115815,0.3525875851076044,0.8720546691673867,0.4760594754707778,21.311475409836067,1173.916838169756,51.962794992449886,0.0,0.0,0.0,UNKNOWN
2026-09-11 15:38:42.123237,device_0023,route_0048,event_035015,25.501870868216542,77.85879301535944,81.555760768687,RESIDENTIAL,CLEAR,NORMAL,0.0934519338530046,0.0349467511517731,9.8246916053689,0.2920304466793452,0.2858624240398253,0.3175857280984033,0.0009971003597423,-0.0206266361721627,0.0130479501079953,0.0948264075687744,0.1010046008808883,0.100011600092076,0.3193668710089525,0.8093891767896384,0.417903114842877,15.833333333333334,1182.7936295130366,50.72736147953584,0.0,0.0,0.0,UNKNOWN
2026-09-11 16:31:30.823237,device_0028,route_0014,event_066702,34.09978913278907,75.02601031543718,77.57023256672281,HIGHWAY,RAIN,SPEED_BREAKER,0.4047625351574718,-0.339064336465958,10.410993132609647,1.0270167578381522,1.3367761037003425,1.9380797370309548,-0.0583541575996187,0.0084189468550742,-0.0278115205820333,0.3097801221712367,0.349259177154457,0.3194092153708606,2.3000940909349907,8.54460494199789,1.5672792100573436,0.7462686567164178,1369.2273556897228,48.932706260641424,0.0,0.0,0.0,UNKNOWN
2026-09-11 16:29:44.923237,device_0007,route_0037,event_065643,29.59128062545828,71.30794988039327,81.34663605354814,HIGHWAY,CLEAR,NORMAL,0.1481541920488432,-0.0572982932479654,9.498672323504522,0.3366662587235569,0.3527917013485295,0.2946815232723552,0.0280481450379757,0.0052572381991514,0.0276389838854536,0.0971884508235761,0.0924990679071507,0.0960267162727181,0.4129754633814751,1.0406764070921248,0.5017123855263139,0.8771929824561403,1156.3665497149682,49.29232864272136,0.0,0.0,0.0,UNKNOWN
2026-09-11 15:11:09.123237,device_0011,route_0023,event_018485,27.69053335690932,78.66356781101625,9.215031987236026,RESIDENTIAL,CLEAR,NORMAL,-0.0354048122870173,-0.170525150482083,9.99162002152248,0.2835470186994925,0.3411204155659031,0.3437605516706794,0.0276506687564384,-0.0006248919305858,0.022433675854517,0.1042075666124235,0.1007364840600854,0.0971339373045576,0.3992585177240583,1.0025536713642855,0.4841424489208795,18.852459016393443,1173.916838169756,51.962794992449886,0.0,0.0,0.0,UNKNOWN
2026-09-11 15:35:53.923237,device_0016,route_0035,event_033333,26.42089468890821,79.43576513239627,36.836719232172406,URBAN,CLEAR,NORMAL,-0.0167974004698791,0.0838860625445702,9.835968455691065,0.3166846456389571,0.2662795760130795,0.2578997851665163,-0.0121360609577192,-0.046503356515264,0.0363820249267906,0.1154885169035187,0.0874152426148917,0.106046736453511,0.2594139703500698,0.6158832668828502,0.41357990273221,14.285714285714285,1173.9088107441603,47.70387570777382,0.0,0.0,0.0,UNKNOWN
2026-09-11 15:02:55.723237,device_0001,route_0007,event_013551,27.845129255561805,78.11704739734911,56.86915621616981,HIGHWAY,CLEAR,NORMAL,-0.1459264624421997,0.207336159062646,9.897026736499654,0.3749560993490949,0.3172704509813731,0.3020183667331826,0.0042700444585079,-0.0151500466377911,-0.0409367101565977,0.1078411799927645,0.0871523573099805,0.109478096510423,0.3239307376357757,0.7862398490191733,0.496086565576418,18.421052631578945,1147.8114285371462,49.659725093210575,0.0,0.0,0.0,UNKNOWN
2026-09-11 17:19:06.623237,device_0026,route_0038,event_095260,35.15844075648781,82.80039537589109,75.83299365012974,ARTERIAL,CLEAR,NORMAL,0.0276181858230549,0.2780011595909682,9.670526233754568,0.2804471612799722,0.3551012714842068,0.3162121701997197,0.0011249867479179,0.0522390294509698,0.0249745280032247,0.0968663309784453,0.1096705318670607,0.1061822160810049,0.3368235593604999,0.8151757996897526,0.4614009064196193,15.789473684210526,1156.2462834189637,49.29745575609877,0.0,0.0,0.0,UNKNOWN
2026-09-11 15:09:47.823237,device_0014,route_0046,event_017672,30.15551709608516,77.73683637074048,38.32006329266318,ARTERIAL,CLEAR,NORMAL,0.1707896121110455,-0.1847754386147847,9.889568191662796,0.3244456545636213,0.3226206288664275,0.3489836660334406,-0.0055911324014932,-0.0407853400986275,-0.0367238984620157,0.0969691370942512,0.115048758096314,0.0893056093735549,0.364463858233567,0.7693263359956539,0.5148586948571281,21.428571428571427,1172.5933011717448,47.75739375624995,0.0,0.0,0.0,UNKNOWN
2026-09-11 15:18:55.123237,device_0018,route_0025,event_023145,26.454296682975173,77.22075124795136,82.02238252655312,URBAN,DUSTY,NORMAL,-0.0922455031496416,-0.1491744558657674,9.946560701768265,0.3591998047278885,0.2825909730216582,0.3123019136242917,0.0253807381180241,-0.023276368362679,0.0049385523577835,0.1198324019203715,0.1074828869748279,0.1077712339406814,0.3497667298224012,0.8966112780648068,0.4569188515802997,5.833333333333334,1196.452449290308,50.14825289178003,0.0,0.0,0.0,UNKNOWN
2026-09-11 16:22:13.523237,device_0000,route_0004,event_061129,31.644503852581984,81.71821005330636,21.348868079109025,RURAL,CLEAR,NORMAL,-0.0437592674551298,0.1485167556599114,9.89910339395186,0.2625721540357595,0.3181217897640245,0.3352163362078638,0.0091190347366323,-0.0202688410372329,-0.0436548662339095,0.1084641943409554,0.0978857769527565,0.1052843269368659,0.3500980577950904,0.7777284467968553,0.4448015667550183,8.333333333333334,1187.9876613670087,50.50557505871605,0.0,0.0,0.0,UNKNOWN
2026-09-11 16:36:44.623237,device_0028,route_0036,event_069840,34.93309141955416,76.74681465538836,38.19819120308741,URBAN,CLEAR,NORMAL,0.1389144516269451,-0.0459168706632138,9.74898278536619,0.2890703515455348,0.299307330245664,0.3405926538337406,-0.0494310176822941,0.0234726499680332,-0.0401679239924662,0.0957996053770281,0.1199519502406067,0.1092965858348423,0.3419625922139196,0.9227740730732332,0.4036944102665655,13.157894736842104,1164.8650637957344,48.932706260641424,0.0,0.0,0.0,UNKNOWN
2026-09-11 17:21:59.223237,device_0027,route_0023,event_096986,23.877611831386464,84.60498779031113,43.39278242356086,HIGHWAY,CLEAR,NORMAL,0.1485049446470291,0.1408354215662541,9.948026028039228,0.3191159487026961,0.3380497918533,0.3196531945459469,0.049300467613314,-0.0075967850259324,0.0069883761828077,0.0988662715173643,0.1109901765965042,0.1006724752893482,0.3556924706400639,0.903600494493114,0.4654913621774129,11.666666666666668,1176.243771850552,51.00983438628853,0.0,0.0,0.0,UNKNOWN
2026-09-11 15:39:55.923237,device_0005,route_0013,event_035753,31.549926604936523,78.52083275505458,59.87249336522846,URBAN,CLEAR,NORMAL,0.2354266950758029,0.0756849865413181,10.032775064518091,0.2756174235569858,0.3534206240380559,0.319818098870812,0.0407393470973022,0.0114699232783867,0.0454896900009829,0.1084683729644449,0.1137068177168189,0.0899435613307688,0.4026852760838096,0.88793506707467,0.4453412892460272,5.357142857142857,1173.3612685170888,47.72613644455269,0.0,0.0,0.0,UNKNOWN
2026-09-11 15:36:06.523237,device_0019,route_0040,event_033459,28.46277599574266,74.23078675619145,41.82794786810508,URBAN,RAIN,POTHOLE,-0.2472270797897527,0.0594207667615912,10.203648659962171,0.3704814944929182,0.7410837944865594,1.1131307761555729,-0.1092503470373384,-0.0158733788026847,0.0361904848051801,0.226844274149579,0.1943209344148275,0.2228542772117108,1.2503168545639791,6.357500037738966,0.9853219075482692,3.0,962.7338785435682,51.93543212132559,3.257040293776188,8.394920787880677,4.538953007298282,MEDIUM
2026-09-11 15:04:07.423237,device_0011,route_0042,event_014268,29.837900050997327,77.39940408425042,39.92031453230125,URBAN,WET,ROUGH_PATCH,-0.135012437864518,-0.1259954245342794,9.9043016586124,0.645458176587031,0.4786720340716631,1.2387346857294204,0.0462530151556597,0.0820515202339106,0.0158564184392531,0.1597248561401723,0.1794459481904035,0.1781679841690224,1.2263786984582326,3.113375192889478,0.4472045283323704,1.818181818181818,1058.4496081858456,51.962794992449886,0.0,0.0,0.0,UNKNOWN
2026-09-11 15:17:19.223237,device_0027,route_0018,event_022186,30.331638581465896,78.10880072509298,74.0681233252015,URBAN,CLEAR,NORMAL,0.1002694780857308,0.1302420135845688,9.920719954835098,0.3614304562306273,0.299948582768985,0.3113724255907549,0.0447221808926627,-0.0099723748885907,-0.0128947612064057,0.1060595174988047,0.0845272710047803,0.1025997575651289,0.3396279629238106,0.7394073721053331,0.4832404543346733,22.5,1176.243771850552,51.00983438628853,0.0,0.0,0.0,UNKNOWN
2026-09-11 15:05:22.823237,device_0001,route_0034,event_015022,28.16156607320689,75.97323471285101,59.56413082523495,RESIDENTIAL,DUSTY,NORMAL,-0.1795370290082745,0.2010092990580661,9.896265864837025,0.3213405848260873,0.3007715671360431,0.2896486515204508,-0.0119043005209864,-0.0555110274613182,-0.0363685440540962,0.0936389895888266,0.0917268740142987,0.1120397939574532,0.3088976668650211,0.7517365349844614,0.4311140178109375,7.894736842105263,1147.8114285371462,49.659725093210575,0.0,0.0,0.0,UNKNOWN
2026-09-11 15:00:17.423237,device_0012,route_0019,event_011968,29.10704759056878,76.1243777931745,38.5400956496945,URBAN,CLEAR,SPEED_BREAKER,0.0830539512904132,0.1157881804302662,10.091889446414214,0.4730392182103802,0.4336609329737594,1.0287965615692818,-0.0282121865926606,-0.0249829431403485,-0.0015925615973543,0.1731879438741539,0.1510406764484761,0.1697951791852432,1.102754764689961,5.0007026378203,0.7255373178061334,0.7575757575757576,1388.4576064718722,47.53476065265595,0.0,0.0,0.0,UNKNOWN
2026-09-11 15:27:57.123237,device_0005,route_0021,event_028565,28.14730508411444,79.7867080943669,9.60538081852051,URBAN,WET,NORMAL,0.2221349839472385,0.1152668551545689,9.95183380369821,0.3102772804143322,0.2858398371288299,0.2679831554323645,0.0420095326820573,0.0092917205824208,0.0640294644612778,0.0998191861447783,0.0853889271889718,0.1098212078867004,0.3121744587904156,0.7747629873684829,0.428088833447444,12.5,1173.3612685170888,47.72613644455269,0.0,0.0,0.0,UNKNOWN
2026-09-11 15:23:24.723237,device_0007,route_0022,event_025841,30.9839024467508,77.13183451298154,59.54032501245488,RURAL,CLEAR,NORMAL,0.1252012209152567,-0.1211046281774969,9.62494033323336,0.354293427502135,0.3047437976779532,0.3147985391434326,0.0465455731078305,0.016063776737951,0.035798121121227,0.0937501288822005,0.0958257228851939,0.0988865756722946,0.3520243371097936,1.0085294199944723,0.4734036191747214,5.263157894736842,1156.3665497149682,49.29232864272136,0.0,0.0,0.0,UNKNOWN
2026-09-11 14:40:48.423237,device_0003,route_0035,event_000278,28.513228865907312,77.32413486275323,56.16916559647811,RURAL,CLEAR,NORMAL,0.0288615323052774,-0.1032178371409598,9.522595989312292,0.2953708998083321,0.2507754318354879,0.2605433784412952,0.059515184275739,0.0421356977555018,0.0308300051692553,0.1099546288855195,0.11435002202964,0.1003639963753843,0.3741219988083501,0.9214552049880388,0.3911041486564947,20.0,1178.291970417501,50.92116513256079,0.0,0.0,0.0,UNKNOWN
2026-09-11 16:47:18.823237,device_0023,route_0006,event_076182,22.249532809213065,74.96198782103652,72.27152730471794,RESIDENTIAL,CLEAR,NORMAL,0.1598867669979812,0.0875031760594744,9.845730772763282,0.3322796690766781,0.2606993223394842,0.3081034994831571,-0.0179039149811974,-0.0306776536808667,0.0203676192805108,0.089731051629135,0.0938612672139521,0.0958844456059656,0.3115380497014882,0.6794144342493418,0.425515801525141,12.5,1182.7936295130366,50.72736147953584,0.0,0.0,0.0,UNKNOWN
2026-09-11 14:50:35.423237,device_0006,route_0008,event_006148,29.0465720660486,77.28984894381387,75.06380529097859,RESIDENTIAL,RAIN,NORMAL,0.00517441325234,-0.0865104735206927,9.909522980786017,0.2581392255300153,0.3018578532089276,0.2723915779816909,-0.0129080718438388,-0.0208158008348938,0.010776405835375,0.0962523842508383,0.0815602229785745,0.0999568038755276,0.2981364108598706,0.8652007246223885,0.4082968685372729,19.642857142857142,1169.7676911232593,47.87275321839885,0.0,0.0,0.0,UNKNOWN
2026-09-11 16:22:30.223237,device_0017,route_0005,event_061296,25.67592388091971,72.59392002255163,21.35828683507534,ARTERIAL,WET,NORMAL,0.0801694046091744,-0.2561464781158414,9.79990660849747,0.3721973557747428,0.3174841889738516,0.3109408343983118,-0.0186274500460261,0.0143807125778975,-0.0288268437387696,0.112814671467531,0.1097384225859977,0.0999716312308339,0.3090122167102683,0.8515438112966116,0.4750431801795356,6.557377049180328,1168.9485129122031,52.18364994368368,0.0,0.0,0.0,UNKNOWN
2026-09-11 16:50:16.523237,device_0026,route_0007,event_077959,24.26685985556921,82.67188454774718,9.38698769432721,RESIDENTIAL,CLEAR,NORMAL,0.0685110060883939,0.2123712774204197,9.64653423946136,0.3265757509753622,0.3007543683503516,0.2687284863574771,0.0077816952638721,0.0063433574879496,0.0311567971877616,0.0984837304727264,0.1163515498214864,0.0985134745299517,0.3044108489850239,0.8918780102887158,0.4664321308527749,21.929824561403507,1156.2462834189637,49.29745575609877,0.0,0.0,0.0,UNKNOWN
2026-09-11 15:03:55.523237,device_0003,route_0023,event_014149,27.901079441699228,78.33518960099522,36.68583551801592,URBAN,CLEAR,NORMAL,0.005966666745281,-0.0668110743424586,9.603697422869091,0.3123111695141795,0.2742699451739413,0.3476951345877198,0.034352557672009,0.0461686795121988,0.0490286613462908,0.0977469786553113,0.1045168097450885,0.1178689855711579,0.3955175911187666,1.0548598716516615,0.4689876453072276,18.333333333333336,1178.291970417501,50.92116513256079,0.0,0.0,0.0,UNKNOWN
2026-09-11 15:58:54.523237,device_0014,route_0036,event_047139,32.89948678824792,76.92600614705322,41.3611407680968,RESIDENTIAL,CLEAR,NORMAL,0.1816481149081067,-0.1112053234839597,9.7728712841359,0.2681647543996207,0.2965565517024987,0.3067278633794026,-0.0065805029932966,-0.0255757649060606,-0.0543522910196557,0.0919041609513143,0.1167666282211722,0.10341260501993,0.3068435475525783,0.6740590241227977,0.4097593400090997,9.821428571428571,1172.5933011717448,47.75739375624995,0.0,0.0,0.0,UNKNOWN
2026-09-11 15:29:32.323237,device_0018,route_0005,event_029517,27.204283911626597,75.00893662471695,10.54551730125973,HIGHWAY,WET,NORMAL,-0.0194416285585178,-0.2104640891656355,9.976602102394844,0.3882041640931991,0.370147693067141,0.2726062191801776,0.0330162135535882,-0.0216814041536433,0.0239246503891615,0.111386182186318,0.0992583191798568,0.0950216336108487,0.333242837094246,0.711824986604654,0.4774271326768386,15.0,1196.452449290308,50.14825289178003,0.0,0.0,0.0,UNKNOWN
2026-09-11 14:57:05.523237,device_0011,route_0032,event_010049,29.14695476456874,77.83942322090802,60.61407496498842,RURAL,CLEAR,NORMAL,0.0218862145269822,-0.2154339863048829,10.001562738524727,0.2962925243054481,0.3262508321518655,0.3325846814032877,0.0119603127949616,0.0115936078698538,0.0281989330957166,0.0963193380430199,0.1007887198060929,0.0929452785678444,0.3957931784219046,1.084860138139156,0.4635798512797282,23.770491803278688,1173.916838169756,51.962794992449886,0.0,0.0,0.0,UNKNOWN
2026-09-11 16:09:15.123237,device_0008,route_0021,event_053345,27.701675086433323,81.97046254270842,40.02303025547398,RESIDENTIAL,CLEAR,SPEED_BREAKER,0.2531763401464058,0.0269726983502434,9.981258825400069,0.4132702649628486,0.3922328053584178,1.1010423480080362,-0.034860105923561,-0.0116237190889272,-0.0429099072773816,0.164653639939848,0.1690433457128825,0.1838390588551054,1.133387493302778,5.163614920254503,0.7737664965492167,1.4084507042253522,1367.0654825230808,51.936063712881634,0.0,0.0,0.0,UNKNOWN
2026-09-11 16:45:51.523237,device_0020,route_0014,event_075309,34.820018777151226,74.741983201687,72.27500542981846,URBAN,CLEAR,SPEED_BREAKER,-0.1240254157445727,-0.1405601122846287,10.170165118800815,0.8617413830138079,0.7333286109164654,1.59540875915466,0.0250320149236602,-0.0349931823831546,-0.0285808609773791,0.3216383225074897,0.3153404107064308,0.2832885442885512,1.74022058748498,5.836086198319208,1.2023062646790454,1.5151515151515151,1388.7337692196863,47.52530791923109,0.0,0.0,0.0,UNKNOWN
2026-09-11 15:14:41.823237,device_0004,route_0042,event_020612,30.406928640919045,77.44302950786006,18.518369425620097,RESIDENTIAL,CLEAR,NORMAL,-0.1260414320528813,-0.0312857067846263,9.66182208145526,0.3149399215148096,0.2910044741356684,0.3515067580362045,0.058927055089128,-0.0416842560128934,-0.0059785221682188,0.1053424978849554,0.0826962834331201,0.1096961770751689,0.374249667189871,0.8788138359264099,0.4340225974042981,20.833333333333336,1194.4208269519645,50.2335513967164,0.0,0.0,0.0,UNKNOWN
2026-09-11 15:37:29.223237,device_0019,route_0005,event_034286,26.974824882648896,74.64642657069164,9.513746158481553,URBAN,DUSTY,OTHER_ANOMALY,0.487582777376966,0.3566178989520556,10.256198010092938,1.5291321206513253,0.6107580804058832,0.9276497454255253,0.0381061907587981,-0.0639604311651903,-0.0294023147804263,0.1680888780375481,0.3301157265979159,0.2841540323713009,1.2730279648502167,3.5765440892466422,0.5542364895799895,1.1111111111111112,866.4604906892114,51.93543212132559,0.0,0.0,0.0,UNKNOWN
2026-09-11 16:19:20.223237,device_0015,route_0037,event_059396,29.495810736885936,71.8615720595938,61.17112260548944,RESIDENTIAL,CLEAR,NORMAL,0.1031297385047183,-0.1726394476958302,9.6128592008509,0.3129987555134387,0.3160154654723425,0.3189768712637335,-0.0033109836920409,0.0504942499672978,-0.0439875764453158,0.0996459575803272,0.1078529825772386,0.1107570773149696,0.3606814244844493,0.795922359733737,0.4441119816470463,16.666666666666664,1170.7151707482878,48.688187719962,0.0,0.0,0.0,UNKNOWN
2026-09-11 15:44:52.623237,device_0018,route_0006,event_038720,25.423818007170944,76.09012105603078,20.589536159805,RURAL,RAIN,NORMAL,-0.0374984557829359,-0.2034600342832084,9.974381428515562,0.3282055676545872,0.3120731380828445,0.3049195793324839,0.0605127080737099,-0.0382378607899497,0.0322419421567137,0.1009140049394598,0.1140689517876361,0.1078783947656985,0.3585528696975089,0.9426271502887094,0.4747910165330755,19.166666666666668,1196.452449290308,50.14825289178003,0.0,0.0,0.0,UNKNOWN
2026-09-11 15:32:12.623237,device_0021,route_0001,event_031120,25.87502364481684,77.01800757066594,86.70239839604682,URBAN,DUSTY,ROUGH_PATCH,0.0735032128446545,0.0401652240453775,9.820401541071366,1.1617500426523804,0.6231993917304706,0.83553614943921,0.007021893270653,-0.0402916414783241,0.0117262324319226,0.2033419399860852,0.1951003142208649,0.1936901039488865,0.8437877968548363,2.106723108749758,0.3916504467969621,1.818181818181818,1083.783040176026,50.74816449523607,0.0,0.0,0.0,UNKNOWN
2026-09-11 15:57:50.523237,device_0013,route_0008,event_046499,32.525091267451835,78.3242268876536,60.954631364459225,RESIDENTIAL,RAIN,NORMAL,-0.0201975620627263,-0.1991736319475563,9.700459316566958,0.3423327434561591,0.314052963262945,0.314772040762496,-0.0148466349985929,0.0511179537967416,-0.0084715855999105,0.0902262202913528,0.1070522099168592,0.110800728367547,0.3293288624139969,0.7914864057303088,0.4596951166885124,21.929824561403507,1155.761160906742,49.31814801189647,0.0,0.0,0.0,UNKNOWN
2026-09-11 15:32:42.423237,device_0006,route_0040,event_031418,28.467238558028324,74.4143167101022,76.03505890383778,SERVICE_ROAD,CLEAR,NORMAL,-0.0366136397931755,-0.1021608471105185,9.93626475619763,0.3201370265978208,0.3132106358383481,0.3134258814802973,-0.0103824047582802,-0.0374799265344346,0.0054722712993086,0.0839612382876058,0.0958559759257005,0.0914922078051278,0.3444195240826561,0.9848079164250888,0.4370681422318619,4.4642857142857135,1169.7676911232593,47.87275321839885,0.0,0.0,0.0,UNKNOWN
2026-09-11 14:42:57.823237,device_0005,route_0008,event_001572,28.65232863862872,77.17244064915553,39.54724350651481,URBAN,RAIN,NORMAL,0.2022431737969463,0.072041604698325,9.92845098854916,0.3025069721140413,0.284218232083174,0.3277178954594022,0.0163849672038476,0.0059220404290417,0.0445575925002626,0.1144306345418825,0.103442391633209,0.1002655176741883,0.3553222452217715,0.7360956381346782,0.4336794611583584,6.25,1173.3612685170888,47.72613644455269,0.0,0.0,0.0,UNKNOWN
2026-09-11 16:50:26.223237,device_0015,route_0015,event_078056,21.811981178729617,79.05793606339965,20.2737354828511,URBAN,CLEAR,ROUGH_PATCH,0.1800574028196993,-0.0777949315640012,9.699959784867527,1.3083638226032377,0.6221691742399669,1.269666561421455,-0.0194721787162743,0.0068897272656542,0.0134697643032998,0.2544087179771939,0.1940106096264538,0.1896519712023348,1.257955359799666,3.04191474942494,0.4507893169388421,1.923076923076923,1068.020857524754,48.688187719962,0.0,0.0,0.0,UNKNOWN
2026-09-11 16:08:48.923237,device_0004,route_0022,event_053083,33.42931294811429,76.98584641809566,10.123874764998826,RESIDENTIAL,CLEAR,NORMAL,-0.1581732914972554,0.0258477989982812,9.629663375619453,0.3190702772483623,0.2905777141636407,0.256362624791664,0.0308007108658326,-0.0233206198642588,0.0264486808366309,0.1027602684597739,0.1070193473690946,0.0946011445597567,0.302056969970242,0.7713249951338152,0.451299272288654,22.5,1194.4208269519645,50.2335513967164,0.0,0.0,0.0,UNKNOWN
2026-09-11 15:26:41.123237,device_0002,route_0034,event_027805,27.8496195920734,74.86672771573984,9.469527879293308,RURAL,CLEAR,ROUGH_PATCH,0.02838609289153,-0.1413430068248878,9.709628648545936,0.540740839193449,0.6614068538514225,1.2120468157797006,0.0067689649831901,0.001338377289095,-0.0210611297341266,0.2343114219832545,0.1326122294232544,0.242970351865574,1.1974725279393346,2.613579067858911,0.4017733976743927,1.818181818181818,1089.9274821644876,50.46207284431021,0.0,0.0,0.0,UNKNOWN
2026-09-11 17:21:41.623237,device_0003,route_0026,event_096810,21.89738380588111,82.87143448413983,60.259796919975294,RURAL,CLEAR,NORMAL,0.0076770298507311,-0.1106235325579367,9.62194212156524,0.3263803290418197,0.252439211842089,0.3152088645898178,0.0679959024601743,0.0500277005217135,0.0311170968794357,0.0912986627945369,0.0933627705068189,0.0943612092389524,0.3573655987700596,0.7123038133880168,0.4044773721408676,22.5,1178.291970417501,50.92116513256079,0.0,0.0,0.0,UNKNOWN
2026-09-11 17:23:05.523237,device_0027,route_0023,event_097649,23.845494631156225,84.65528232113516,10.656565556603272,URBAN,CLEAR,NORMAL,0.1127593112222019,0.1631343927190112,9.96143803186373,0.394782906987826,0.2779076054614733,0.3566641735560231,0.0486831389415132,-0.0134709366802872,0.0062970527868665,0.091527765803343,0.1123995336054459,0.096438397042107,0.3984389034474838,1.2980737315014892,0.4430024842252074,1.6666666666666667,1176.243771850552,51.00983438628853,0.0,0.0,0.0,UNKNOWN
2026-09-11 15:06:44.823237,device_0024,route_0035,event_015842,27.528020037837276,78.31833630623638,42.619829654844224,RESIDENTIAL,WET,NORMAL,0.1282008787178976,0.1594591196758243,9.916561300637843,0.3261753729806685,0.3120280980053704,0.3036995069075993,-0.035624365804732,-0.0301925648329354,0.0332679348830302,0.12378802110538,0.1006566235387501,0.0982422731370829,0.3285815940211744,0.773586181431094,0.447187190827911,23.770491803278688,1165.9444844817242,52.318099885446266,0.0,0.0,0.0,UNKNOWN
2026-09-11 16:08:25.823237,device_0006,route_0026,event_052852,24.930848412775656,80.33611541440744,9.218541096371132,URBAN,CLEAR,POTHOLE,0.0394145101138863,-0.1288230522544168,10.013800367049228,0.255362496450066,0.2861811556055801,0.5158153690748747,-0.0197848100149651,-0.050900036287337,0.0071546127649742,0.0975424012204759,0.0766489469792296,0.0879355936473336,0.5615703996655508,2.650807636734479,0.6011195311650264,20.21276595744681,981.7693121927356,47.87275321839885,2.9177013746790066,4.741336840580806,5.03158183910924,LOW
2026-09-11 16:03:54.323237,device_0005,route_0014,event_050137,32.7139801593299,75.57225204908342,20.75764737788385,URBAN,CLEAR,NORMAL,0.2546344172376026,0.1440963183845481,10.006969455222048,0.3334033330247144,0.2722239384560127,0.2844984458071316,0.0489420810192249,0.0229684203351446,0.0324875305120342,0.1087550902752637,0.103450609723503,0.089981194828209,0.3605803127639467,0.9883487209188644,0.4361578158543552,17.857142857142854,1173.3612685170888,47.72613644455269,0.0,0.0,0.0,UNKNOWN
2026-09-11 15:26:14.323237,device_0013,route_0018,event_027537,30.76578034962478,78.31677855026392,20.408513652638376,URBAN,CLEAR,NORMAL,0.0093523481396976,-0.1490762509426829,9.675729013893244,0.3444276867009942,0.353666088730885,0.3014151549175013,-0.0132801528996654,0.0549903025075639,-0.0484615405487531,0.1082427259241759,0.106905323501519,0.1047951932457159,0.320538333917756,0.905641570430422,0.4988750449428079,16.666666666666664,1155.761160906742,49.31814801189647,0.0,0.0,0.0,UNKNOWN
2026-09-11 15:00:06.123237,device_0023,route_0026,event_011855,27.760058327680778,77.97187001220584,20.212936122506395,RESIDENTIAL,CLEAR,SPEED_BREAKER,0.1156774829502396,0.021674782765808,9.999796564541736,0.3209971848580643,0.3416078081341516,0.5964336937510725,-0.0155818258416599,-0.0150159516006659,0.0161602448498222,0.1077977759461834,0.0947512959708766,0.1029770095828035,0.6384789179800051,2.8100573719062893,0.490944351626856,0.7142857142857142,1379.925901098543,50.72736147953584,0.0,0.0,0.0,UNKNOWN
2026-09-11 15:48:49.923237,device_0021,route_0000,event_041093,24.94832272873745,76.28185123247259,38.61334673257738,RESIDENTIAL,WET,ROUGH_PATCH,0.0246097736869468,0.0745451324737344,9.920920393624003,0.6249371406116407,0.7826472801058395,1.0469057487341908,-0.0569853989976854,0.0044269043421175,-0.0129640324747402,0.2017312982450733,0.1805675812634932,0.2223754318886041,1.0535049841137325,2.52655056116636,0.4201636763268221,1.818181818181818,1083.783040176026,50.74816449523607,0.0,0.0,0.0,UNKNOWN
2026-09-11 15:48:34.723237,device_0015,route_0007,event_040941,26.32338698132503,80.05396166881182,10.21921082244143,URBAN,CLEAR,NORMAL,0.1745036017221569,-0.1433744736302905,9.642055568851912,0.3334284572594932,0.3349150923557914,0.3654273617634844,-0.0149809594246486,0.0385133178461446,-0.0280553678368469,0.0789485092009579,0.0871921447801543,0.0813268940843073,0.3921703396679413,0.9318181727165752,0.5165293672819518,18.421052631578945,1170.7151707482878,48.688187719962,0.0,0.0,0.0,UNKNOWN
2026-09-11 16:50:41.823237,device_0001,route_0030,event_078212,34.58238025349634,81.08065189386545,72.12026536352548,RESIDENTIAL,CLEAR,NORMAL,-0.2206723906124147,0.1466111099736962,9.975976832121022,0.2812838164092742,0.2766451393314572,0.3029741904866939,-0.0251029827286299,-0.0408462551505441,-0.0478097259879399,0.0994570234353507,0.0888690305813829,0.0962514913389637,0.3535182466808859,0.9389083101686264,0.4241954733623234,22.807017543859647,1147.8114285371462,49.659725093210575,0.0,0.0,0.0,UNKNOWN
2026-09-11 16:38:25.723237,device_0003,route_0036,event_070851,35.02357364068166,76.73880502971132,64.22316841656387,ARTERIAL,CLEAR,SPEED_BREAKER,0.0258719610476359,-0.0512065048624976,10.231640156976756,0.4253765723169946,0.9972172809623024,1.5087452854246457,0.1032692402817767,0.0417688024241356,0.0110388103399109,0.2330719759158391,0.2708662236755423,0.2362463598912609,1.6755698009060085,6.130261164190905,0.9966655177838653,0.7142857142857142,1374.6739654870846,50.92116513256079,0.0,0.0,0.0,UNKNOWN
2026-09-11 17:03:31.223237,device_0017,route_0032,event_085906,33.39574485992763,83.17655109035628,19.179460554056927,HIGHWAY,WET,NORMAL,0.1038099475486567,-0.2301016302929588,9.811801170590709,0.3310379141518108,0.2335602344620777,0.2821479346307388,-0.0351045727341766,0.0453253862658468,-0.0288051104435429,0.113221778162131,0.112618321319525,0.1027761282665208,0.2811464373268191,0.8516785231583626,0.428079232028129,22.13114754098361,1168.9485129122031,52.18364994368368,0.0,0.0,0.0,UNKNOWN
2026-09-11 16:37:23.223237,device_0022,route_0028,event_070226,24.434090536947668,72.57021249963263,37.26726310399889,RESIDENTIAL,CLEAR,NORMAL,0.0621707349675166,0.1020690059138796,9.68601155496687,0.3621698580277993,0.3198689446727515,0.3113599778189839,-0.0021100687773117,-0.0043487849251912,-0.0260082284594132,0.1014675499426718,0.0986555396451944,0.0917659058285466,0.3268054184588623,0.8625893749719058,0.4543769192884273,3.278688524590164,1173.9747253078074,51.96023277588557,0.0,0.0,0.0,UNKNOWN
2026-09-11 15:09:05.323237,device_0025,route_0010,event_017247,29.331803263312946,78.57758577504448,20.512866942718027,RESIDENTIAL,CLEAR,NORMAL,-0.0773036506008253,0.0036591580788002,9.891110554330153,0.3369192455999599,0.3482048469804611,0.347922931628236,-0.0224292593928253,-0.0326963665087302,-0.0203874759504704,0.0952501514401261,0.0915895816042851,0.0980220494995996,0.3628054104017191,0.7746044067031796,0.4877573207366688,8.333333333333334,1191.6511525911126,50.35030585044683,0.0,0.0,0.0,UNKNOWN
2026-09-11 17:12:33.623237,device_0029,route_0008,event_091330,36.38934830245388,79.47321500984705,20.64739765659395,RESIDENTIAL,CLEAR,NORMAL,-0.2446976891669539,-0.1940278399935948,9.887417617808754,0.3627563616887021,0.3365444490780405,0.3295550225535213,0.0070585028773529,-0.0261137472053833,0.0006323683596671,0.0985489852582764,0.09385788861025,0.1080149522005109,0.3487285004258982,0.8564342730868866,0.4671355045958891,20.833333333333336,1185.4321676861896,50.614452379095,0.0,0.0,0.0,UNKNOWN
2026-09-11 16:44:21.723237,device_0025,route_0042,event_074411,35.231074461581066,77.8120736885219,21.40505689409573,HIGHWAY,CLEAR,NORMAL,-0.0712421236613646,-0.1009862403033006,9.880269895067068,0.3235527387320204,0.3216030185685576,0.2994629739491982,-0.0419965879704175,-0.0494434951562668,0.0139311865962672,0.1064514109345318,0.0934635548081469,0.1052963238356313,0.3111819715162544,0.9973344275934988,0.4560213815287381,16.666666666666668,1191.6511525911126,50.35030585044683,0.0,0.0,0.0,UNKNOWN
2026-09-11 15:03:14.123237,device_0016,route_0030,event_013735,29.71014516428757,77.93659218941308,36.949802704962586,ARTERIAL,CLEAR,NORMAL,-0.0363815156626078,0.0730690870180071,9.901775784747818,0.3067732596079134,0.3184003226245235,0.2896568745620529,-0.0079003265887159,-0.0558255969906911,0.031202260659916,0.0924910552634107,0.1015763119703868,0.0974801837054961,0.3098225491924457,0.6895532466654846,0.4459191536578565,24.10714285714285,1173.9088107441603,47.70387570777382,0.0,0.0,0.0,UNKNOWN
2026-09-11 16:46:13.923237,device_0026,route_0004,event_075533,32.36287424014735,82.79608696559009,9.95337456931268,RESIDENTIAL,CLEAR,NORMAL,-0.0295241538982743,0.1792305903610821,9.638717051193698,0.3126880614048328,0.3131423384374711,0.3091758387781079,0.0017742024417296,0.047964218634577,0.0260164062878239,0.1136684733646662,0.0894887153833463,0.1053636042943268,0.3422745185121424,0.7867260480833504,0.4221873381648207,10.526315789473683,1156.2462834189637,49.29745575609877,0.0,0.0,0.0,UNKNOWN
2026-09-11 15:13:18.423237,device_0007,route_0031,event_019778,26.865488870041727,77.85772299156302,10.299367052022337,URBAN,CLEAR,NORMAL,0.1435170426938238,-0.0956519999820149,9.68391685559819,0.3432066326539242,0.3371843300178388,0.3094304351929932,0.0335819467611149,0.0011564045903395,0.0083131309934733,0.0957226132710219,0.1024219811305473,0.0999771501414315,0.3266849361891377,0.8527939334328174,0.4727136418820036,14.035087719298245,1156.3665497149682,49.29232864272136,0.0,0.0,0.0,UNKNOWN
2026-09-11 14:53:49.923237,device_0021,route_0005,event_008093,28.234371949331905,76.63688457925156,21.19374029481269,RURAL,CLEAR,POTHOLE,0.0427203811452995,-0.0162657626853419,9.896124751556224,0.2556316623662498,0.3923981347637612,0.4916692366590518,-0.0310019860796167,0.045345457511921,-0.0083986954554979,0.1092301669596724,0.1186793248550258,0.1208015508410028,0.5078885866776032,2.22505264982507,0.570926848600886,20.0,985.2573092509326,50.74816449523607,1.957237040576277,3.8439771376060223,2.9781228255463725,LOW
2026-09-11 17:14:33.923237,device_0018,route_0042,event_092533,36.856102732697934,77.93665674282352,55.635489980977376,HIGHWAY,CLEAR,NORMAL,-0.018671611534943,-0.1240584689036182,9.942687408272098,0.3759266438293927,0.3924240292165848,0.2681132927112947,0.013954796643945,-0.0435235614070697,0.0167190981116417,0.1019300918713705,0.0996387435504302,0.0948938540879006,0.312196151026432,0.7160405878460825,0.4819341042784733,12.5,1196.452449290308,50.14825289178003,0.0,0.0,0.0,UNKNOWN
2026-09-11 16:57:19.823237,device_0029,route_0043,event_082192,21.242594836406667,76.00718242812096,86.8264788957525,RESIDENTIAL,WET,ROUGH_PATCH,-0.0940187552315729,-0.150622054428331,9.958514249401269,0.6504446701757514,0.6238165125617726,1.0584459504489492,0.0155964633434914,-0.0342770270764894,-0.0275698216390724,0.2362215294472497,0.2226903217360762,0.227155985679584,1.0476994344470931,2.4993413004756704,0.4298933245664769,1.818181818181818,1086.6461537123405,50.614452379095,0.0,0.0,0.0,UNKNOWN
2026-09-11 16:32:48.923237,device_0008,route_0039,event_067483,34.20921799768734,79.30535056197596,72.63113507024464,URBAN,CLEAR,POTHOLE,0.0858546343173958,0.0213826995044792,10.051807574892926,0.793871324379875,0.4987258561431887,1.4235351896036152,-0.0082180577689664,-0.0153241128540691,-0.024708937868981,0.311562242461268,0.3813015614162217,0.2934162792669222,1.5265297244503655,6.402222062583196,1.0829394665523775,3.0,962.722170790902,51.936063712881634,3.1382719420919947,5.412770727115395,3.923095782609277,MEDIUM
2026-09-11 15:58:08.323237,device_0013,route_0031,event_046677,24.607624624806725,78.72643318279711,63.60853004534792,ARTERIAL,CLEAR,NORMAL,-0.0254055302665924,-0.1669487458625509,9.69386501745283,0.3203379117317828,0.3515304231618144,0.3168272123369428,-0.0111304313399236,0.0331642901087926,-0.0219584519892536,0.0899169232223657,0.0891536541917232,0.1024117276919374,0.3293897914190416,0.7701084524547692,0.4589850236757751,6.140350877192982,1155.761160906742,49.31814801189647,0.0,0.0,0.0,UNKNOWN
2026-09-11 16:44:06.323237,device_0003,route_0049,event_074257,35.22265531147741,76.05496179698491,9.68682053595936,RESIDENTIAL,CLEAR,SPEED_BREAKER,0.0510660732418786,-0.0874025907258301,9.73375257762134,0.338425232368551,0.2836303338906819,0.6169618451399383,0.0476795038038552,0.0524692406185398,0.0304949902176364,0.0723626011437667,0.0653235613793508,0.0701094207419784,0.6192927445126384,2.2201393052547638,0.6041711188330907,11.428571428571429,1374.6739654870846,50.92116513256079,0.0,0.0,0.0,UNKNOWN
2026-09-11 16:11:17.423237,device_0006,route_0024,event_054568,28.71245456280101,72.2874929601602,9.719255629351196,RURAL,WET,NORMAL,-0.0968672950166195,-0.116783225300979,9.928483864034462,0.3102729778796647,0.3169227866085634,0.2877677787335805,-0.0023399083079244,-0.0187686665677882,0.0188293318879079,0.0909440443293461,0.1014548804538669,0.1143889447162222,0.3189550708520044,0.7147281163906225,0.4240268795520371,15.178571428571429,1169.7676911232593,47.87275321839885,0.0,0.0,0.0,UNKNOWN
2026-09-11 16:22:46.623237,device_0009,route_0023,event_061460,25.60303673417905,81.91600668256463,87.37661201938994,RESIDENTIAL,CLEAR,POTHOLE,-0.1175087052196303,0.3159591287733576,10.836065492756209,1.0768452662016017,1.3396835686002355,4.762674824533633,-0.1592757758636389,-0.0053756854571297,0.0978460222683877,0.5413217638684338,0.567518715891676,0.3733053640914823,5.079195193857556,24.996904570124283,3.3827422306559662,3.191489361702128,986.8332169875904,47.62709563372047,13.071530801356383,28.4929494288212,23.475187308112,CRITICAL
2026-09-11 15:32:02.723237,device_0018,route_0041,event_031021,28.086227387019058,79.90319051288745,9.019445468704326,HIGHWAY,CLEAR,NORMAL,-0.0425386100382544,-0.1593907294298436,10.001805800259271,0.2578611954766498,0.3622401579393461,0.3558780619109293,0.0609211310420265,-0.0291465044971959,0.0230048647015694,0.0932185396745557,0.0880288811373498,0.1136685272213071,0.4139755247922172,0.8708578056453149,0.4760382266181598,2.5,1196.452449290308,50.14825289178003,0.0,0.0,0.0,UNKNOWN
2026-09-11 14:43:53.523237,device_0002,route_0029,event_002129,28.48291857017393,77.00562619880243,62.40799786378618,URBAN,CLEAR,SEVERE_POTHOLE,0.0737417269813486,-0.2842138938666567,13.12338507429176,0.8013009563184382,1.216801911242424,13.805788940217576,-0.0958803907821121,-0.1563962526498216,0.0963658080858057,0.3967719594623282,0.584807100438817,0.4890657967308449,14.14772062919181,57.789082517161006,7.535250047238665,1.0,990.8431656040798,50.46207284431021,22.829533287027072,60.27227539136216,32.17227555460988,CRITICAL
2026-09-11 17:18:59.023237,device_0008,route_0041,event_095184,26.801594734836872,85.52945677688756,18.44712746983213,RESIDENTIAL,CLEAR,NORMAL,0.1947045140411967,0.049504246251614,9.70806337584975,0.406097756827133,0.328308712088143,0.3243855423086372,-0.042495674522563,-0.0242315014860748,-0.0168013105465418,0.1087765536903821,0.095218750532623,0.1058816771163867,0.3353585634831271,0.7686418684878085,0.5225209387692925,23.770491803278688,1174.5210483649005,51.936063712881634,0.0,0.0,0.0,UNKNOWN
2026-09-11 15:00:06.923237,device_0002,route_0049,event_011863,29.683809465759648,76.95376161064219,39.00136477299358,URBAN,CLEAR,NORMAL,0.0829239530060293,-0.1836092802605841,9.705276191983591,0.2843243597637204,0.3067761769012356,0.2970591667736504,-0.0209155528240103,-0.0037367684885987,0.0113210164357421,0.1059372313704164,0.0996491584507941,0.1073880588066247,0.3055742486554951,0.7253034538445355,0.4117558356151967,19.166666666666668,1189.0117987248957,50.46207284431021,0.0,0.0,0.0,UNKNOWN
2026-09-11 16:12:04.823237,device_0001,route_0008,event_055042,33.26155179070496,78.54317717977459,20.589604910446585,RURAL,CLEAR,NORMAL,-0.2698041749537913,0.2395423462299098,9.906959773655805,0.331702888293768,0.3112982848950463,0.2811489531046054,-0.0194982286811998,-0.0445205118935114,-0.0299639544101932,0.1098588141477493,0.1134970227807914,0.1090622328348692,0.3087228312307095,0.7069698435831686,0.424281112859235,0.8771929824561403,1147.8114285371462,49.659725093210575,0.0,0.0,0.0,UNKNOWN
2026-09-11 15:04:23.023237,device_0017,route_0048,event_014424,27.305761854444388,77.4399645254452,59.437262060147575,RESIDENTIAL,CLEAR,NORMAL,0.0247528253389346,-0.1790220437526381,9.815529291827149,0.2988789241289337,0.3305485167827667,0.3476457064772263,-0.0125921845269535,0.0202976017126719,-0.0130400550207967,0.1051247903650905,0.0909179036557187,0.1043376015726664,0.3468634711138545,0.7681080195408274,0.4476652006685487,23.770491803278688,1168.9485129122031,52.18364994368368,0.0,0.0,0.0,UNKNOWN
2026-09-11 16:07:15.623237,device_0024,route_0022,event_052150,33.3456882108268,76.99062908619837,10.943321333780943,URBAN,WET,NORMAL,0.2237284463276209,0.1705923471180083,9.930097924717945,0.3346135498830685,0.2707543742043498,0.3382693534666763,0.0066572861388819,-0.0516020164200431,0.0334383611691216,0.1042385445651661,0.0936153703972024,0.0906931418829743,0.3695361081202445,1.1664742170102045,0.4374511805265456,1.639344262295082,1165.9444844817242,52.318099885446266,0.0,0.0,0.0,UNKNOWN
2026-09-11 14:55:36.723237,device_0017,route_0041,event_009161,28.522999029035123,77.98745423933985,62.53258435354336,URBAN,CLEAR,NORMAL,0.0534457161087834,-0.2054339914450633,9.785037359967015,0.3121691569405512,0.2997196049212865,0.36353407291977,-0.0336947562857827,0.0123094121206719,-0.0550731305520365,0.1164866724581021,0.0979344937902582,0.1059133447714171,0.364654316975131,0.78295585885515,0.4767031965557155,16.393442622950822,1168.9485129122031,52.18364994368368,0.0,0.0,0.0,UNKNOWN
2026-09-11 15:51:27.123237,device_0024,route_0046,event_042665,32.31240213018629,78.37004204619778,9.072871042773796,RESIDENTIAL,CLEAR,NORMAL,0.1579141705826801,0.1946515252289674,9.971465136722212,0.3138486428132543,0.3452289936339573,0.3236173232405853,-0.0146898463411034,-0.0461862049273065,0.0260567139400459,0.1040434919116042,0.1056276391140974,0.1120295246185398,0.3713559531492695,1.02806367715041,0.4704338344238456,18.0327868852459,1165.9444844817242,52.318099885446266,0.0,0.0,0.0,UNKNOWN
2026-09-11 14:52:32.123237,device_0002,route_0002,event_007315,28.06294004833685,77.40918147903854,10.76602492625687,URBAN,CLEAR,NORMAL,0.0908887820946568,-0.1798339243582427,9.686414090988029,0.3157496290073714,0.2765262948701263,0.2673325353074952,-0.0146615247264364,-0.0031481408658585,0.0234887926028058,0.1170064124180393,0.1050301560556928,0.1023434585434236,0.2834165490404201,0.7753955252921454,0.3885652244198649,16.666666666666668,1189.0117987248957,50.46207284431021,0.0,0.0,0.0,UNKNOWN
2026-09-11 14:43:58.623237,device_0018,route_0032,event_002180,28.706131495013725,77.28572070469986,82.57891456177762,RESIDENTIAL,CLEAR,NORMAL,-0.0803313146128759,-0.2225473031540711,10.01219742473926,0.3156910990000519,0.3082069528739957,0.2946632859367726,0.044620186278217,-0.0485856212650354,0.0210405448805581,0.1026074754972638,0.1185237999832813,0.099182487398422,0.3715554834965159,0.887729727006155,0.4358887269991172,20.833333333333336,1196.452449290308,50.14825289178003,0.0,0.0,0.0,UNKNOWN
2026-09-11 16:32:36.423237,device_0020,route_0019,event_067358,31.070230864747664,71.54617230983925,42.35841152078154,URBAN,CLEAR,ROUGH_PATCH,0.0487184376429223,-0.1835426955052969,9.681860893538689,0.769940693952304,0.6030455541834124,1.2013879755616383,0.0190507358139743,0.0240817312629239,-0.0931710385469032,0.1478067399584892,0.1592885912884382,0.2331366400898605,1.1804837266240906,2.591459479835404,0.400162203053286,1.96078431372549,1073.112458033394,47.52530791923109,0.0,0.0,0.0,UNKNOWN
2026-09-11 14:56:20.623237,device_0006,route_0011,event_009600,28.022878999423515,76.58428500028671,42.91221000006578,HIGHWAY,CLEAR,NORMAL,-0.0266148819470714,-0.0859943234275497,9.938315609569324,0.2599050996324655,0.2595618761650043,0.3109190625031708,-0.0369246624247271,-0.0229903425345784,0.0138337618903551,0.0990279166772884,0.109554260620495,0.1040325044754703,0.3442275870419411,0.9467526583892028,0.394286297525915,12.5,1169.7676911232593,47.87275321839885,0.0,0.0,0.0,UNKNOWN
2026-09-11 15:39:54.223237,device_0004,route_0048,event_035736,25.438807050720097,77.873282852541,55.95487663251895,URBAN,CLEAR,NORMAL,-0.209909431532308,-0.0446059695383617,9.637342869169066,0.2942650511663241,0.3017404668342484,0.3253108678904696,0.0400140345045181,-0.0118491969941743,0.0310712651660126,0.1036099856014149,0.1114378161569201,0.0936438951275685,0.3558906533032948,0.7098326261699643,0.4333639202710316,14.166666666666668,1194.4208269519645,50.2335513967164,0.0,0.0,0.0,UNKNOWN
2026-09-11 15:31:07.023237,device_0008,route_0034,event_030464,27.784682177722647,74.63650841644731,42.16825370495062,RESIDENTIAL,CLEAR,NORMAL,0.2010448372156627,-0.0025609472716557,9.703068585984177,0.2854998196690333,0.3613199566482909,0.3445357306647481,-0.0432787349674808,-0.015196338877384,-0.0275990882112065,0.0928510980726417,0.0942636301383502,0.1047139464639495,0.3549081593385423,0.7932611702034968,0.4881143862936896,11.475409836065571,1174.5210483649005,51.936063712881634,0.0,0.0,0.0,UNKNOWN
2026-09-11 14:57:57.723237,device_0010,route_0043,event_010571,27.58608935657501,77.12270430969163,64.49554924439565,RESIDENTIAL,CLEAR,SPEED_BREAKER,-0.2698277729819584,-0.0957990138507037,10.333169974368708,0.8077535809661252,0.736665715547472,1.7208471249176986,-0.0061231964101395,0.031694474938485,-0.0267037583243941,0.2363026949950239,0.2411499445102438,0.2440059847042391,1.908354136223396,6.744211191352985,1.0782749576173245,1.5151515151515151,1356.7965719363824,48.64399082745811,0.0,0.0,0.0,UNKNOWN
2026-09-11 17:03:17.223237,device_0005,route_0027,event_085766,25.4410804748945,84.12022401728802,21.213752079608383,RESIDENTIAL,CLEAR,NORMAL,0.1844446322074818,0.1035476841525211,9.955833691820844,0.269965644182391,0.3153862707480353,0.2843715016718042,0.031357782583142,0.0096753092219971,0.0321234639031024,0.0925219780076235,0.0919809295874461,0.1002416989423931,0.3299879162205411,0.6944037519079966,0.4003400014039234,5.357142857142857,1173.3612685170888,47.72613644455269,0.0,0.0,0.0,UNKNOWN
2026-09-11 14:50:38.123237,device_0027,route_0044,event_006175,29.0740664970198,77.11355823630151,20.84641595462404,ARTERIAL,CLEAR,ROUGH_PATCH,0.0944926828076894,0.0616834128508447,9.999750424469264,0.7188328350958114,0.451032282874429,1.2179404114177017,0.0350272536823989,0.008157150549121,0.0372362470291071,0.1982847411024763,0.2177080646232691,0.1803715455811661,1.2378664924374547,2.8155916456286363,0.4565969214063578,1.818181818181818,1078.2234575296727,51.00983438628853,0.0,0.0,0.0,UNKNOWN
2026-09-11 15:32:20.223237,device_0026,route_0022,event_031196,31.464396312201103,77.10305297846637,18.37148774514469,URBAN,CLEAR,POTHOLE,0.0075340913872363,0.2731641027964412,9.865412813201852,0.3586185412802917,0.3183010754828054,1.709882407122065,0.0049317778714615,0.0273428673249538,0.0212748556013317,0.1068534086687498,0.1252849835296306,0.1312483173309919,1.718902484152059,6.668736058517791,1.6456196077980798,23.404255319148938,953.396058257742,49.29745575609877,13.681811835065524,33.75106470103649,16.61139759044768,CRITICAL
2026-09-11 16:49:26.323237,device_0011,route_0049,event_077457,35.50644806625096,76.00866369529803,21.16871432069392,RESIDENTIAL,WET,NORMAL,-0.0809054948436888,-0.101297711302057,9.949205157091075,0.3154638925514601,0.3114400724279743,0.3638421727090035,0.0412840506914363,0.0090440529733632,0.0364984700585846,0.1051437578700831,0.0941324209406196,0.1012438480809703,0.3970165041178991,1.1862119033795473,0.4994931095639817,22.950819672131143,1173.916838169756,51.962794992449886,0.0,0.0,0.0,UNKNOWN
2026-09-11 14:42:22.723237,device_0015,route_0018,event_001221,28.631781669376537,77.2932036279549,76.56827344846558,ARTERIAL,CLEAR,NORMAL,0.1928214339205205,-0.0398661476064056,9.69006628131563,0.3471925924187213,0.3287823320688082,0.3583136788434917,-0.0131747363795056,0.0544304720662954,-0.0497292771286855,0.1048480190135913,0.0963324117381986,0.1103402471518036,0.3710494421033743,0.8278747308030248,0.5056839450280072,20.175438596491222,1170.7151707482878,48.688187719962,0.0,0.0,0.0,UNKNOWN
2026-09-11 16:44:25.423237,device_0020,route_0005,event_074448,25.04324339640655,71.59465220723649,21.00217384359197,URBAN,CLEAR,NORMAL,0.0494100897110724,-0.1463013370957971,9.60318600124242,0.2398973279603602,0.3203937257621715,0.3391705965777769,0.0295175100076087,0.0027339728239381,-0.0304095885817065,0.0728697828860272,0.1004015277732166,0.0921206774478514,0.3879430646431203,0.8895123553288382,0.4331762455602547,10.714285714285714,1178.3195617621582,47.52530791923109,0.0,0.0,0.0,UNKNOWN
2026-09-11 15:42:04.323237,device_0019,route_0048,event_037037,25.32477759319202,77.899946149796,37.63966671720127,RESIDENTIAL,CLEAR,NORMAL,-0.1284558232395357,0.204051587299356,9.907419151659925,0.3160533683846299,0.3047884541976839,0.3248375261146697,-0.0027418818979614,0.0024422968100115,-0.0182403192213162,0.1017815731856557,0.1037309647056833,0.1102345951343708,0.3486939631229005,0.8909956130593777,0.4363035720019124,11.475409836065571,1174.5353318231532,51.93543212132559,0.0,0.0,0.0,UNKNOWN
2026-09-11 15:07:29.623237,device_0003,route_0035,event_016290,27.499634142926244,78.3470347730316,20.168474951706568,URBAN,CLEAR,NORMAL,0.0388243422360947,-0.0643739999818772,9.673771815296693,0.3225807165369818,0.2847481976484604,0.3432275153758796,0.0381615720823018,0.036534638720059,0.0206387935841728,0.0970020969800268,0.0943691354824154,0.0916028278512749,0.3601415950338459,0.944669546079913,0.467995644759868,15.0,1178.291970417501,50.92116513256079,0.0,0.0,0.0,UNKNOWN
2026-09-11 15:22:45.823237,device_0004,route_0002,event_025452,26.55014649756819,78.01957206302744,10.116073025918348,RESIDENTIAL,WET,NORMAL,-0.1353593190435944,-0.0096163553737017,9.670690489768075,0.2960294992976783,0.2952867484993975,0.3397431855798024,0.0508995491320571,-0.0174162508897183,0.0097796186235169,0.1044050733960161,0.1186612344748591,0.0969501822671845,0.3614958173848166,0.8613586500582002,0.4516846598564218,7.5,1194.4208269519645,50.2335513967164,0.0,0.0,0.0,UNKNOWN
2026-09-11 15:36:16.823237,device_0028,route_0008,event_033562,31.40996691865328,77.9925348535869,21.751879528756056,URBAN,RAIN,POTHOLE,0.1943115491876483,0.0118454850474718,9.816908064366707,0.3042106826756532,0.4003374179891977,0.5524792886959974,-0.0127915578913928,-0.0044248775055722,-0.0566653906837689,0.1211829837046695,0.1264239092379355,0.1021981473645983,0.5470674410192287,2.276706580868378,0.6878411733507955,22.34042553191489,960.502771901746,48.932706260641424,4.018483378243651,9.919745854726353,6.145404460993219,MEDIUM
2026-09-11 14:41:26.123237,device_0018,route_0016,event_000655,28.759284470191474,77.17206227603653,61.088156926678224,URBAN,CLEAR,NORMAL,-0.0570608769295791,-0.180664447462929,10.072435714237184,0.345833448532768,0.3521124388845804,0.3535463596519592,0.0524401135682085,-0.0083185677686339,0.0179233384868671,0.097211181844634,0.1154806501616525,0.0831284481233878,0.454459053098642,1.102565679988496,0.4931601882905739,20.833333333333336,1196.452449290308,50.14825289178003,0.0,0.0,0.0,UNKNOWN
2026-09-11 15:52:38.923237,device_0017,route_0044,event_043383,32.357787014075704,76.47193175856218,87.06195017243458,URBAN,CLEAR,SPEED_BREAKER,0.0749565452969376,-0.0221295909181485,10.496244895013607,1.18975464123002,0.9265111555097022,2.158719230730027,-0.0173826812355902,0.0041712951711319,-0.005506840974292,0.2885918844437166,0.2967038689931371,0.4155166001510202,2.4451010561510675,9.392614195225455,1.5886472399796776,1.4084507042253522,1360.579416668302,52.18364994368368,0.0,0.0,0.0,UNKNOWN
2026-09-11 16:28:23.823237,device_0013,route_0009,event_064832,22.93073855948596,78.19188426145861,74.1093026172001,RESIDENTIAL,CLEAR,NORMAL,-0.039468177082994,-0.1138551655510719,9.719415392260638,0.3435814021839828,0.3205765498081848,0.3157792647717942,-0.0126538165380004,0.0597118046906872,-0.0130923785297778,0.0813673355967845,0.1133721840488693,0.1247389314735518,0.3238168662807,0.816844783177963,0.4389951185558712,16.666666666666664,1155.761160906742,49.31814801189647,0.0,0.0,0.0,UNKNOWN
2026-09-11 15:43:09.723237,device_0010,route_0033,event_037691,31.564758796047155,78.83837186412497,72.02643124638703,URBAN,CLEAR,NORMAL,-0.1450432558117665,0.1033351354474044,9.71674090529424,0.3152146482161231,0.3319909998862492,0.3536537971494748,0.0121816246318438,0.0408834994758822,-0.029400395718476,0.0976029509562046,0.1039984234159856,0.1073317454029904,0.3578331319211615,0.8249508456136496,0.4897406998642731,23.684210526315788,1171.778857581421,48.64399082745811,0.0,0.0,0.0,UNKNOWN
2026-09-11 16:04:00.023237,device_0006,route_0005,event_050194,26.20981341713626,73.437615076793,38.555566403277616,HIGHWAY,CLEAR,NORMAL,-0.0068980847805897,-0.0530559988076609,9.973843050457772,0.3219872462486729,0.3147226926442032,0.2947330500964631,-0.0095196756182954,-0.0004066218309679,0.0095949205794559,0.0882896541042917,0.1150279029837948,0.1008852814550377,0.3467035663365003,0.838508898955812,0.4545982042264341,21.428571428571427,1169.7676911232593,47.87275321839885,0.0,0.0,0.0,UNKNOWN
2026-09-11 16:28:20.323237,device_0009,route_0012,event_064797,22.762742518038543,77.11924614274064,82.56359962804527,RESIDENTIAL,CLEAR,POTHOLE,-0.2372615175498933,0.0318813386703807,10.78393782749371,0.4926015407274269,0.447937125206469,4.487348067801811,0.0003777675362562,0.0542103130275479,-0.0221711005211362,0.4277732391903578,0.4072144415762353,0.3198160154003027,4.618033417909876,22.317542000068865,2.9588503539521254,1.0638297872340423,986.8332169875904,47.62709563372047,13.038412260915337,23.89900834983608,28.13611040907861,CRITICAL
2026-09-11 15:37:27.823237,device_0016,route_0049,event_034272,31.672952996301703,76.63089135605635,40.50999024775817,RURAL,CLEAR,NORMAL,-0.1148179841328143,0.0056125857944288,9.84855662944371,0.325023590969458,0.3559395796378883,0.3638779047793444,0.0049597307419248,-0.0343362238172162,0.0488701611611089,0.1132090012667678,0.1095464077067165,0.103848261964283,0.3668000942102801,1.0187640842996115,0.4724771886018039,19.642857142857142,1173.9088107441603,47.70387570777382,0.0,0.0,0.0,UNKNOWN
2026-09-11 14:47:05.623237,device_0023,route_0026,event_004050,28.2983600987835,77.52171283743326,43.020078830165005,ARTERIAL,CLEAR,ROUGH_PATCH,0.1394291629777372,-0.0260772410292725,9.855528597491782,1.361202787734486,0.5291169509680202,1.0775224159087222,0.0154071628723527,-0.0317632301515025,0.0471541801959811,0.2481670451551871,0.1928891259714227,0.2494295758653,1.0839198384184396,2.702909310100478,0.425242023900731,1.818181818181818,1084.2274937202835,50.72736147953584,0.0,0.0,0.0,UNKNOWN
2026-09-11 17:05:27.723237,device_0016,route_0034,event_087071,26.40245866054621,69.73728503369416,39.26659158154455,RURAL,WET,NORMAL,0.0033720673733505,0.035674958541589,9.891089293557618,0.3293265672572018,0.3203699474741593,0.288399159410196,0.0041633304347999,-0.0213771678092278,0.0335413662780126,0.1001537830840143,0.1054381838220096,0.1041255133114862,0.3056229944270827,0.6611835608011276,0.425464940982333,8.928571428571427,1173.9088107441603,47.70387570777382,0.0,0.0,0.0,UNKNOWN
2026-09-11 16:56:37.823237,device_0018,route_0021,event_081772,27.19081178955196,84.47507420111747,77.97499150412774,URBAN,CLEAR,NORMAL,-0.0419133835585261,-0.1417085879092787,10.008321272372315,0.3707863189187861,0.3366788273256604,0.3696998621658557,0.0328838145814499,-0.038764777009109,0.003543356610106,0.1024457864075123,0.0955610891953734,0.1211286616259464,0.4309496563735505,0.9550383106188658,0.5052548756254813,5.833333333333334,1196.452449290308,50.14825289178003,0.0,0.0,0.0,UNKNOWN
2026-09-11 16:38:40.223237,device_0029,route_0046,event_070996,34.75688445135507,79.08781822482338,21.698846366847285,HIGHWAY,CLEAR,NORMAL,-0.2063474838897029,-0.1904202963613733,9.945949153711297,0.3946060235060821,0.3214740646165193,0.3268606682321854,-0.0002770661252606,-0.025944613224121,0.0021533403658038,0.1006331872143585,0.1016737707035972,0.1012979659134864,0.3652981648639679,0.9285209968690112,0.511595678927382,17.5,1185.4321676861896,50.614452379095,0.0,0.0,0.0,UNKNOWN
2026-09-11 14:47:37.323237,device_0026,route_0027,event_004367,28.529427509362023,77.48331089473581,73.45337623671799,RURAL,CLEAR,POTHOLE,0.0819724286036052,0.0530986572711172,10.006211783911548,0.3847510831977813,0.8012963535723713,1.5111268005622325,0.0324123983633293,0.1521913869606523,-0.0870489127055501,0.3911403025836669,0.4303577335921274,0.3588878251168009,1.6114501605637492,8.771936289159463,1.1678183759988103,8.51063829787234,953.396058257742,49.29745575609877,3.627170799909787,10.130120422402175,6.050978322121418,MEDIUM
2026-09-11 16:14:15.123237,device_0003,route_0011,event_056345,25.24486254276144,73.42893992038675,19.93434968539758,URBAN,CLEAR,NORMAL,0.0869395682257092,-0.1123920181193502,9.66242160568518,0.295709599015852,0.3050751922160118,0.3308080585632644,0.0464827497819842,0.045659743602835,0.0087561392261566,0.0834364137293205,0.0900449174351641,0.0977578878953799,0.3532905424967426,1.0551968104774847,0.4748856820362064,17.5,1178.291970417501,50.92116513256079,0.0,0.0,0.0,UNKNOWN
2026-09-11 15:56:52.323237,device_0009,route_0033,event_045917,32.20381867130529,79.21125897828624,36.81982926732071,RESIDENTIAL,RAIN,SPEED_BREAKER,-0.1637463614859037,0.0391593247670902,10.190371474361452,0.4831482538849009,0.5004524873085262,0.9693250121154718,-0.0338741884696876,0.019253457961278,-0.0028373819443298,0.1871357349806502,0.1504392213923682,0.1531578465929209,1.0780100037907605,3.829794035660665,0.7453773133929916,2.2727272727272725,1385.7657940676804,47.62709563372047,0.0,0.0,0.0,UNKNOWN
2026-09-11 15:57:37.423237,device_0004,route_0035,event_046368,25.595889946560483,80.2685866595646,38.93032294110444,HIGHWAY,CLEAR,NORMAL,-0.2388533136897437,-0.022217466138132,9.54693780724448,0.2938838181731264,0.3145045230575878,0.3001409558339351,0.0220031629538572,-0.0177376621248528,0.024183948556007,0.0955356341906486,0.0936841484368955,0.1055143062727668,0.3839167224451815,0.8088344991814473,0.4428260469887794,15.0,1194.4208269519645,50.2335513967164,0.0,0.0,0.0,UNKNOWN
2026-09-11 17:11:49.523237,device_0010,route_0022,event_090889,36.82324451810514,76.78298625618952,56.05490422294992,HIGHWAY,CLEAR,SPEED_BREAKER,-0.2380251553238213,0.0915892168241396,10.190222451054977,0.6216300386468998,0.7915034453475568,1.3563362871593354,-0.0021224959166662,0.0030638729716062,-0.0044321482106482,0.2017826583624249,0.2060494738880501,0.1986676130948534,1.5084204554669145,6.753543203260847,1.1612348749012782,0.7575757575757576,1356.7965719363824,48.64399082745811,0.0,0.0,0.0,UNKNOWN
2026-09-11 14:48:47.923237,device_0021,route_0037,event_005073,28.666743679416648,76.67622272588041,79.07353550265199,HIGHWAY,WET,SPEED_BREAKER,-0.0118283752956652,0.1923434850595599,10.623888332958906,0.9047460339457508,0.5714838585409767,2.1372745956452697,0.0464340064912246,-0.0039450947366131,-0.0350767563015843,0.2674754344947754,0.3020036679564781,0.3752071638136154,2.3777194363944414,8.84435275584125,1.4184084552288232,0.7142857142857142,1379.3602329513055,50.74816449523607,0.0,0.0,0.0,UNKNOWN
2026-09-11 15:40:19.623237,device_0014,route_0027,event_035990,27.32952501212976,80.06177096661452,41.00974242159732,URBAN,CLEAR,NORMAL,0.2051353711881944,-0.0582764814700599,9.758976930016882,0.3291355768614506,0.3724702466470892,0.2974140543704021,0.0021604808887401,-0.0052703010492626,-0.0401543750362592,0.1049174123288424,0.1060822844312109,0.1067536721042811,0.3002664602412911,0.6575793770150824,0.4610752449415712,23.21428571428571,1172.5933011717448,47.75739375624995,0.0,0.0,0.0,UNKNOWN
2026-09-11 14:57:50.723237,device_0012,route_0024,event_010501,28.69068988503005,76.25041619412997,78.41527333044658,HIGHWAY,CLEAR,NORMAL,0.1519219097445867,0.1609311178074963,9.67589842262551,0.2818100346633836,0.3038501199412186,0.295707073017654,-0.053341558101736,-0.0415774055535965,-0.0094620102997627,0.1121008945202428,0.1065594499971828,0.0939919815214474,0.3160682075373088,0.8690893106361024,0.4049610416628623,8.035714285714285,1178.0852418549218,47.53476065265595,0.0,0.0,0.0,UNKNOWN
2026-09-11 16:13:33.523237,device_0029,route_0040,event_055929,28.412311952608476,72.21067564302206,9.354179593659827,RESIDENTIAL,CLEAR,NORMAL,-0.1887624857005254,-0.1673877287662191,9.938041037922254,0.2796318705981986,0.3619046408887571,0.2992922982304099,-0.0143906771075161,-0.0412556033710451,0.0091064406781056,0.0841076944768334,0.08746317468844,0.0820464020563,0.3357178239152278,0.7229894342950924,0.4293886158237189,19.166666666666668,1185.4321676861896,50.614452379095,0.0,0.0,0.0,UNKNOWN
2026-09-11 14:58:42.023237,device_0007,route_0044,event_011014,29.50101190332409,77.03006051962319,36.45575464910192,RURAL,CLEAR,NORMAL,0.0664309879801891,-0.1707437615927461,9.544288622898833,0.3248074328719137,0.2722586429150574,0.309355244562418,0.0368215943012277,0.0218385167424663,0.0325229332540751,0.0956343530323168,0.1236051821254399,0.0893013612060874,0.3932590317595657,0.8162315348171845,0.4465958714441633,3.508771929824561,1156.3665497149682,49.29232864272136,0.0,0.0,0.0,UNKNOWN
2026-09-11 16:53:53.323237,device_0004,route_0022,event_080127,35.85727837166628,76.84084427874777,19.78580678822724,URBAN,CLEAR,NORMAL,-0.1993046033176875,-0.0345028903278529,9.63234698991611,0.3154062122120397,0.3380578017716926,0.3273494084899059,0.0299262783424021,-0.0125430550008377,0.0267295216108325,0.1056036766715783,0.1038546324631979,0.0942899863013748,0.3625595392164393,0.8866411386750084,0.4300293169363955,7.5,1194.4208269519645,50.2335513967164,0.0,0.0,0.0,UNKNOWN
2026-09-11 15:47:04.423237,device_0017,route_0026,event_040038,25.814935095665128,79.59728231641945,38.76517878311908,HIGHWAY,CLEAR,NORMAL,0.0926841609423578,-0.1411383713226181,9.83059197019191,0.3498379969948133,0.3267939845739154,0.3644592456115724,-0.0265266967325891,0.0074790777940219,-0.045633984956698,0.0940698532420095,0.0961703508660438,0.1006239274729199,0.365356572296901,0.8468113480025519,0.5177273882031325,21.311475409836067,1168.9485129122031,52.18364994368368,0.0,0.0,0.0,UNKNOWN
2026-09-11 16:36:18.123237,device_0029,route_0038,event_069575,33.38967667386678,81.31475597907648,38.08245654090865,HIGHWAY,CLEAR,NORMAL,-0.1427146724953445,-0.2640851092210621,9.954850521483982,0.3737354235257649,0.3202091777133188,0.3261356395769877,-0.0192757362266556,-0.0459417415054395,-0.0017129806874798,0.0916106232218074,0.1029889256528094,0.0942505848962763,0.3692369337294916,0.8367514984994013,0.4708906763453912,3.333333333333333,1185.4321676861896,50.614452379095,0.0,0.0,0.0,UNKNOWN
2026-09-11 14:54:59.223237,device_0007,route_0006,event_008786,27.96041934886796,76.9918931590671,9.7456752381471,ARTERIAL,WET,NORMAL,0.1528037692791196,-0.1863448446335708,9.557481445428442,0.3378255952847697,0.2675038949164158,0.2897356615005518,0.0615314045400372,-0.0117602695181455,0.0209884194162797,0.0813980888888032,0.1023612053646049,0.1034079563245752,0.3718742363465702,0.8090936046980364,0.4595619167169502,15.789473684210526,1156.3665497149682,49.29232864272136,0.0,0.0,0.0,UNKNOWN
2026-09-11 16:21:32.423237,device_0007,route_0015,event_060718,23.31799579004688,78.65346406425762,37.28706695063401,HIGHWAY,RAIN,NORMAL,0.0440275894705681,-0.1213028215990415,9.608558514444583,0.2850846813128019,0.3280524935678031,0.3343403901681193,0.0552610817882869,0.0229291229776555,0.043079958955077,0.1064718397417934,0.0934597597302426,0.1036550300314533,0.3804767290395012,1.1995571762907176,0.439167683788958,22.807017543859647,1156.3665497149682,49.29232864272136,0.0,0.0,0.0,UNKNOWN
2026-09-11 16:12:43.723237,device_0024,route_0035,event_055431,25.02205085707596,80.84738993258533,40.07223763615536,ARTERIAL,CLEAR,NORMAL,0.1845645833681168,0.151204471557783,9.88463789584618,0.2917127441719769,0.2969661242906479,0.3182644895623742,-0.0121683821900776,-0.068479196637014,0.0335550608103571,0.1056307493005285,0.1110243660583353,0.0721933619368542,0.3332043704912568,0.8114221950073173,0.4336095917655653,5.737704918032787,1165.9444844817242,52.318099885446266,0.0,0.0,0.0,UNKNOWN
2026-09-11 17:19:14.623237,device_0013,route_0005,event_095340,24.03858979673453,70.00678226840454,61.71780713408496,RESIDENTIAL,CLEAR,NORMAL,0.0230378322815083,-0.0905341799818593,9.662400732744516,0.2930169156345301,0.2969039201336217,0.368444180300119,-0.0301148137498178,0.0704162069920515,-0.0588124714534144,0.1202711044272527,0.1101165784345919,0.0874062174114837,0.3900056720310779,1.0873374555594015,0.4614988521566489,7.894736842105263,1155.761160906742,49.31814801189647,0.0,0.0,0.0,UNKNOWN
2026-09-11 15:12:21.823237,device_0016,route_0024,event_019212,28.694890188841157,75.46673517500467,19.457102673290127,URBAN,CLEAR,NORMAL,-0.0141503849937955,0.1028038487101454,9.8039980683936,0.3056877082331167,0.2834818601270109,0.2741201535422679,0.0003571507650933,-0.038780611730574,0.0651279191578562,0.0875593214540627,0.0906641029377776,0.0955330178530119,0.273382843751667,0.7400515398676095,0.4264460369149496,21.428571428571427,1173.9088107441603,47.70387570777382,0.0,0.0,0.0,UNKNOWN
2026-09-11 17:17:48.723237,device_0002,route_0012,event_094481,20.093523117078625,77.06660822739697,62.304292235551,RESIDENTIAL,WET,NORMAL,0.0217575314452329,-0.1552865797929476,9.69451155816208,0.2467857104496262,0.2966636788787815,0.2967791672266143,-0.0088720496248211,0.0222199240208229,0.0093588094609012,0.105946216308911,0.0957176363705308,0.0851277642648533,0.3132157589170072,0.8082618594167421,0.3949880436652923,2.5,1189.0117987248957,50.46207284431021,0.0,0.0,0.0,UNKNOWN
2026-09-11 15:48:45.223237,device_0016,route_0034,event_041046,27.526183249414068,73.72058289057584,21.81611686537336,HIGHWAY,RAIN,NORMAL,-0.014304091535596,0.0248296105307328,9.825367054075992,0.3249748310768907,0.2818076747315929,0.351371595485315,0.02793555639546,-0.0363770049504203,0.0294947257212467,0.1084611331881542,0.0927121331102034,0.0964330112213588,0.3534846123228823,0.7940818318516172,0.4610684999240736,15.178571428571429,1173.9088107441603,47.70387570777382,0.0,0.0,0.0,UNKNOWN
2026-09-11 14:46:39.523237,device_0014,route_0003,event_003789,28.694271835261542,77.00922825681614,10.630706210143227,RESIDENTIAL,CLEAR,NORMAL,0.1436000054045655,-0.0570464611726135,9.743424511577317,0.2698027990784391,0.3211453443476398,0.2983797173885233,-0.0038672159375079,-0.0043901384422582,-0.0284773423743205,0.1031817419167649,0.0852400586498104,0.0985410540187593,0.2999455009997399,0.6741203745207915,0.390556987680783,15.178571428571429,1172.5933011717448,47.75739375624995,0.0,0.0,0.0,UNKNOWN
2026-09-11 17:10:29.723237,device_0018,route_0021,event_090091,27.0412399248098,85.20821339946279,36.47270116784863,HIGHWAY,CLEAR,NORMAL,-0.0194717856416407,-0.1727513975595618,9.866321556891648,0.3319652538007509,0.3206771181257868,0.3527377404249687,0.044110193268768,-0.0338451293241002,-0.0168220685243134,0.0996426894897182,0.0997679604604946,0.1192073166180956,0.3609320620497515,0.8515852529942212,0.4919170726211576,18.333333333333336,1196.452449290308,50.14825289178003,0.0,0.0,0.0,UNKNOWN
2026-09-11 16:17:12.223237,device_0025,route_0011,event_058116,25.139583258667557,73.30945090218907,80.2582913215688,RURAL,CLEAR,NORMAL,-0.0932000673459291,-0.0364187090021765,9.98163938855325,0.3343140174630159,0.2934351433368494,0.3480145582901121,0.006030210958483,-0.0404195738400337,-0.0041889752660476,0.1068774047524428,0.1131696390417959,0.1214315709539681,0.3962520754479393,0.9812952746263636,0.4437360091674016,8.333333333333334,1191.6511525911126,50.35030585044683,0.0,0.0,0.0,UNKNOWN
2026-09-11 15:17:51.223237,device_0024,route_0017,event_022506,30.18474490438867,78.32051178080718,84.97768668692157,URBAN,CLEAR,NORMAL,0.1635668737207032,0.2061455418004046,9.959982104693491,0.2732293771521069,0.2853871593961745,0.3646723663049411,0.005834162335777,-0.0563464716103217,0.0470233239742634,0.1132055739450807,0.0973000010539388,0.1034927165000216,0.4008881605944924,1.1188161427910046,0.4724014642966739,23.770491803278688,1165.9444844817242,52.318099885446266,0.0,0.0,0.0,UNKNOWN
2026-09-11 15:10:12.523237,device_0028,route_0011,event_017919,27.528718561560375,76.02290654788243,20.60792967004701,RESIDENTIAL,CLEAR,NORMAL,0.2175644705506764,-0.1245731391227196,9.70508933066107,0.3058433968064522,0.2760773091435304,0.3041265376555264,-0.0342684568136496,0.0242593047480867,-0.0582801314989288,0.119304886933526,0.1015991764848139,0.0885625028473294,0.3172534111790578,0.9042769158301168,0.4146584732426758,16.666666666666664,1164.8650637957344,48.932706260641424,0.0,0.0,0.0,UNKNOWN
2026-09-11 17:21:24.023237,device_0006,route_0028,event_096634,22.82852228611556,70.82042446160993,21.54693147726245,RESIDENTIAL,CLEAR,NORMAL,0.0014760585447942,-0.0405127309832264,10.01861268323036,0.2898537383125409,0.3201753421847778,0.2652112098689487,-0.0270774637396566,-0.0293636768908386,0.0098279119634306,0.1011754432167303,0.0943925133043794,0.098297589211399,0.3513102883621527,0.7197698066445213,0.4047473092993775,5.357142857142857,1169.7676911232593,47.87275321839885,0.0,0.0,0.0,UNKNOWN
2026-09-11 14:54:37.523237,device_0020,route_0022,event_008569,29.433378815548743,77.22436344470697,19.447506447409083,URBAN,CLEAR,SPEED_BREAKER,0.0362832073138696,-0.2187817795125848,9.828846708485427,0.3090722767082735,0.3351139811595445,0.4951776143334608,0.0406662129431859,0.0182106254128055,-0.0512007825429077,0.1035177762251898,0.0970169838496792,0.099665043612035,0.4991441501050842,1.7383417078147776,0.4849718310354552,1.5151515151515151,1388.7337692196863,47.52530791923109,0.0,0.0,0.0,UNKNOWN
2026-09-11 17:07:17.923237,device_0017,route_0047,event_088173,21.080176475180647,79.46824764736847,79.60338764696372,RESIDENTIAL,CLEAR,NORMAL,0.0907886335099981,-0.1665103664125111,9.879581601102624,0.3057392766205671,0.3496281186279393,0.2967825646377074,-0.0300734411799743,0.0188584027950013,-0.0387007373406798,0.1015199629201999,0.0959819470281941,0.0965061074794029,0.3110711817209466,0.9770424978132972,0.4459397309590502,23.770491803278688,1168.9485129122031,52.18364994368368,0.0,0.0,0.0,UNKNOWN
2026-09-11 15:56:40.023237,device_0003,route_0034,event_045794,27.41052696601725,73.30976838980921,10.283635134539752,RESIDENTIAL,RAIN,NORMAL,0.1008041220295693,-0.1272587630928942,9.59942615864079,0.2754346122923456,0.2865210025785384,0.3676263087333973,0.0541522220531165,0.0533734358954781,0.0175727952185404,0.0928078153722072,0.1097329408790889,0.0994362628912548,0.415799895877209,1.2422305573118564,0.4414562630379822,15.833333333333334,1178.291970417501,50.92116513256079,0.0,0.0,0.0,UNKNOWN
2026-09-11 16:43:24.423237,device_0027,route_0034,event_073838,26.725607688214968,70.88228825763896,43.1273036691557,HIGHWAY,WET,NORMAL,0.2000262737345174,0.1267142851239295,9.913372737589205,0.3736485656560433,0.2997185346771314,0.3165759268155405,0.0289627186744938,-0.0068870348954305,0.0022928776394149,0.104858941905624,0.0998195234978547,0.1064857722287564,0.3421386918762731,0.9505444457877524,0.4929540891448155,16.666666666666668,1176.243771850552,51.00983438628853,0.0,0.0,0.0,UNKNOWN
2026-09-11 15:06:06.623237,device_0011,route_0018,event_015460,29.786327270441227,77.84695731679817,20.255494921445887,HIGHWAY,CLEAR,NORMAL,-0.0576396949163603,-0.1098535662018316,9.956018796002812,0.3112985251315273,0.333953304620503,0.3602682408993508,0.0275960805915589,0.0174644843389346,0.037304912897172,0.1035308378665931,0.1020953903533888,0.1154928820234666,0.3981528858941912,0.7943665893069767,0.4901160007384881,21.311475409836067,1173.916838169756,51.962794992449886,0.0,0.0,0.0,UNKNOWN
2026-09-11 14:54:11.723237,device_0002,route_0002,event_008311,27.979947200615698,77.44283897819203,10.518546841742848,RURAL,RAIN,NORMAL,0.0992570739055133,-0.112533569187407,9.721053160736648,0.3071508030865374,0.2731262677703059,0.3059149657807186,-0.0058575806230274,0.0052367110156011,0.0159358379741605,0.0894219064868251,0.1115102218848445,0.1066511036190154,0.3156574564523279,0.8969819606951983,0.442125530276116,24.166666666666668,1189.0117987248957,50.46207284431021,0.0,0.0,0.0,UNKNOWN
2026-09-11 16:27:11.723237,device_0024,route_0007,event_064111,25.036288332761213,81.69241334374172,36.85184525052095,HIGHWAY,WET,NORMAL,0.099208953923612,0.2146329735089168,9.9212778681314,0.3227438818896441,0.3352249467567644,0.3099693165568589,0.0025256386510444,-0.0477384410517663,0.0350128820775889,0.0988697720523348,0.0848910295530943,0.1040205039735679,0.3382668821802654,0.8786379316576447,0.4530303129296481,2.459016393442623,1165.9444844817242,52.318099885446266,0.0,0.0,0.0,UNKNOWN
2026-09-11 14:56:26.623237,device_0002,route_0049,event_009660,29.4880876733264,76.9854279490104,81.49139124514147,RURAL,CLEAR,POTHOLE,-0.1831841893053535,-0.0108794762588811,9.90463611749535,1.2409659379384022,0.5514492099207244,0.874369141812391,0.0206008899798919,0.1223591059760978,0.1122396377793348,0.3668588798482006,0.4460299231232625,0.4350600377905946,1.1075667566381004,5.331614346537398,1.2526725114663388,1.0,990.8431656040798,50.46207284431021,1.2122741459030806,2.4233412692599923,2.2301963530766056,LOW
2026-09-11 14:41:46.223237,device_0025,route_0028,event_000856,28.652087275308077,77.16694383253149,9.819713603306052,HIGHWAY,RAIN,NORMAL,-0.075707563100434,-0.0524368079819673,9.81010719272034,0.3278018386741739,0.3298435329134198,0.3446245128792466,-0.0159363790050271,-0.0216798278292064,0.0032022656188266,0.0956832279374873,0.1002519020355871,0.1048304541786329,0.3440086146543138,0.9392366485740596,0.495979540787234,13.333333333333334,1191.6511525911126,50.35030585044683,0.0,0.0,0.0,UNKNOWN
2026-09-11 16:16:02.523237,device_0014,route_0039,event_057419,33.36020203145928,78.99148410584752,10.091165929958848,RESIDENTIAL,WET,NORMAL,0.1101594214773467,-0.1668116747991235,9.857239109494584,0.2687805706880817,0.3123170177011026,0.3450754848455197,-0.0385296306007124,-0.0194174263889374,-0.0453335557746549,0.0970000127099758,0.0806018814444885,0.0996620570187661,0.3496450938836701,1.238300597236874,0.4476277982533521,10.714285714285714,1172.5933011717448,47.75739375624995,0.0,0.0,0.0,UNKNOWN
2026-09-11 15:47:01.723237,device_0009,route_0030,event_040011,31.69564721928653,79.21813516687189,36.36050194045317,URBAN,RAIN,NORMAL,-0.1087042140235814,0.0476339479697106,9.91439050113908,0.3066365005626861,0.2752580295525969,0.2962620442716189,0.0041984469671648,0.0434569426562384,0.0015848215331151,0.0952625414858224,0.1180612092222781,0.102384364407772,0.3213871232008641,0.9898737837649474,0.4259298093559081,18.75,1175.8012798150014,47.62709563372047,0.0,0.0,0.0,UNKNOWN
2026-09-11 15:15:38.323237,device_0008,route_0017,event_021177,30.088348354726065,78.24994790775185,18.915592312962403,URBAN,CLEAR,SEVERE_POTHOLE,0.1500017966994452,-0.0093868032777973,10.783061948468044,0.3312297742333052,0.3224963697195198,5.536312618399089,-0.0774983114775901,0.011507924169622,-0.0187102370456414,0.2114359328743512,0.179015980621645,0.1649543115138686,5.292352233229764,20.46904129837118,4.043410198538999,1.0,962.722170790902,51.936063712881634,23.495543065090647,41.3140307493499,54.53032302983236,CRITICAL
2026-09-11 17:02:58.023237,device_0014,route_0024,event_085574,28.727567502929052,69.49889173608172,20.527908637770583,HIGHWAY,CLEAR,NORMAL,0.1936501259311262,-0.042734285633153,9.750817800888182,0.2795425409067623,0.3446665209622274,0.3225560853315789,-0.026359742932367,-0.013843822354943,-0.0433983203197774,0.1020426071718686,0.0966464547681523,0.0959950093829887,0.3243208127413509,0.8086533522631232,0.4075532326032385,6.25,1172.5933011717448,47.75739375624995,0.0,0.0,0.0,UNKNOWN
2026-09-11 15:17:15.923237,device_0000,route_0031,event_022153,26.66615502478479,77.9344103070924,9.12945417731288,RURAL,CLEAR,NORMAL,-0.0360811059574012,0.1990191633767137,9.880793702585803,0.2887750650323955,0.3316572755437812,0.3208450097085721,-0.0174037690950191,-0.0398290384424052,-0.0355648353223226,0.1063680924691282,0.0946773214004723,0.1010297575419499,0.3343822001108505,1.1843996971151842,0.4703124656289207,4.166666666666667,1187.9876613670087,50.50557505871605,0.0,0.0,0.0,UNKNOWN
2026-09-11 16:30:23.523237,device_0003,route_0031,event_066029,22.98337624563751,79.35169495443772,36.094986033668185,URBAN,CLEAR,NORMAL,0.0715324310675727,-0.1607909919205647,9.637238603323636,0.3110057198064265,0.3198356993186512,0.3098516806897719,0.0683656408119834,0.0562010392282775,0.0385976212478853,0.0986505928656054,0.1036118002502264,0.1025560023449524,0.3446550238991385,0.933455527083181,0.4607860364469198,18.333333333333336,1178.291970417501,50.92116513256079,0.0,0.0,0.0,UNKNOWN
2026-09-11 14:59:27.423237,device_0002,route_0022,event_011468,29.693518279028005,77.2090191487691,9.595094049709516,RESIDENTIAL,RAIN,ROUGH_PATCH,0.0419874086369341,-0.1615369757943588,9.703604819843246,0.734084579031063,0.6241815452156603,1.3298187496642702,-0.0183465660455428,0.0972200360066669,0.038829410128101,0.232846240049871,0.2236039547850556,0.204673570581884,1.303252669074512,2.9510840956226296,0.389813685135748,1.818181818181818,1089.9274821644876,50.46207284431021,0.0,0.0,0.0,UNKNOWN
2026-09-11 16:30:18.723237,device_0007,route_0004,event_065981,31.886572247972516,82.08137777122715,18.84805197065009,ARTERIAL,RAIN,NORMAL,0.0767002691326362,-0.1409893439083777,9.67480701507579,0.2776392652812441,0.2924476202130679,0.3602756358415407,0.0416774350595713,0.0086928394151391,0.0245681685049022,0.104488360936027,0.0920148848094798,0.0962570053357071,0.3779857648290259,0.9250610409684974,0.4350062741498924,10.526315789473683,1156.3665497149682,49.29232864272136,0.0,0.0,0.0,UNKNOWN
2026-09-11 15:42:24.323237,device_0019,route_0015,event_037237,25.357282768061268,78.10608461569971,74.04883854453632,URBAN,DUSTY,ROUGH_PATCH,-0.1771196567215975,0.1759686323654097,9.955857755038078,1.1315310655275046,0.726500896285079,1.0056132041627297,0.0779688457708381,0.0025935437764748,-0.009907253853258,0.2368579610469839,0.2246427163376179,0.2400665871589891,1.0136787770964557,2.7040781555788342,0.443951781671972,1.818181818181818,1059.007266397925,51.93543212132559,0.0,0.0,0.0,UNKNOWN
2026-09-11 16:40:58.123237,device_0003,route_0015,event_072375,22.305272039210603,78.92552379061121,9.702230699628837,URBAN,CLEAR,NORMAL,0.0358889882335113,-0.1502640040337526,9.57130306970932,0.3441788608947236,0.3135835443081293,0.2875523017010806,0.0400686757390686,0.0394250225442595,0.0298958532573159,0.083952131680726,0.1028618141090155,0.0930721524363782,0.3589678459532674,1.028222128374372,0.4532113112161126,20.0,1178.291970417501,50.92116513256079,0.0,0.0,0.0,UNKNOWN
2026-09-11 16:58:54.823237,device_0025,route_0041,event_083142,27.042608130904544,84.47346804881352,74.54116761809142,ARTERIAL,CLEAR,NORMAL,-0.072429718699213,-0.0182027368622267,9.955215255840068,0.3111768334511649,0.323323540797569,0.3094214207962917,-0.0001575353382182,-0.0381721690017148,-0.004758082765783,0.1082023328642157,0.0860938377986212,0.0939684586479876,0.3495939061286095,0.7761626642331247,0.4238079572011362,11.666666666666668,1191.6511525911126,50.35030585044683,0.0,0.0,0.0,UNKNOWN
2026-09-11 15:14:08.823237,device_0026,route_0020,event_020282,27.280162753562283,75.92718528126478,36.07070852591312,RESIDENTIAL,CLEAR,NORMAL,0.057053821183174,0.1647435655924909,9.634025303337356,0.3340805577087167,0.3172895144083856,0.4153809157981215,-0.0213308498264312,0.078460520080185,0.0133442692643642,0.0934523858640033,0.0826201926965649,0.1106105486179982,0.4403537011099827,1.2120663301387395,0.5110901887263486,5.263157894736842,1156.2462834189637,49.29745575609877,0.0,0.0,0.0,UNKNOWN
2026-09-11 15:00:59.323237,device_0025,route_0034,event_012387,28.22579313367268,76.20126421666913,41.05484912879815,URBAN,WET,NORMAL,-0.0261285521748547,-0.0072147812571843,9.914767290949955,0.3137903535552061,0.2887940755781681,0.3164142367575574,-0.0128344105564729,-0.0488102981011636,-0.0052280053262053,0.0944338334349209,0.101132471296776,0.0991888003464835,0.3421829164897513,0.9692885968890828,0.3941220888795673,1.6666666666666667,1191.6511525911126,50.35030585044683,0.0,0.0,0.0,UNKNOWN
2026-09-11 15:30:07.523237,device_0021,route_0029,event_029869,27.31546820147693,74.80046198063144,20.304018955513108,URBAN,CLEAR,ROUGH_PATCH,0.0037752497389951,0.0859587431613752,9.867970631012014,0.7485646388438408,0.5840313368725701,1.3903075713643458,-0.0052777400458697,-0.0039406702032326,-0.0450691283754096,0.2055244847352101,0.1746184043359994,0.201434541288176,1.3815820925602798,3.0273763853659155,0.4445515489612672,1.818181818181818,1083.783040176026,50.74816449523607,0.0,0.0,0.0,UNKNOWN
2026-09-11 16:51:39.423237,device_0005,route_0030,event_078788,34.62577307813788,81.1088387331035,41.48354698364894,URBAN,CLEAR,NORMAL,0.2502910630058418,0.1583261515301924,9.989286295467071,0.2632292061941253,0.3322038089700889,0.2901734627416429,0.0297233837886046,0.0261778448894555,0.0425621728277662,0.0870489729662048,0.1067605703879748,0.1114759305447564,0.3535097736387999,0.8505753212516964,0.4337527626870435,3.571428571428571,1173.3612685170888,47.72613644455269,0.0,0.0,0.0,UNKNOWN
2026-09-11 16:36:02.323237,device_0019,route_0033,event_069417,34.028779135164505,80.27692355685261,38.642978121703344,RESIDENTIAL,CLEAR,ROUGH_PATCH,-0.1400867598135096,0.2037622827944361,10.009455371539662,0.6289527978359698,0.4323412066787578,0.858427521530732,0.0239514731359763,-0.0401319327406613,-0.0659768216666459,0.2199654435759571,0.2179081001570698,0.2134029345210469,0.8841288308335586,2.2321408272822385,0.3988578732913662,1.818181818181818,1059.007266397925,51.93543212132559,0.0,0.0,0.0,UNKNOWN
2026-09-11 14:58:30.523237,device_0005,route_0040,event_010899,28.512987104809003,76.25891157699083,58.20065094401273,SERVICE_ROAD,CLEAR,SPEED_BREAKER,0.1772059450249776,0.1442590834225383,10.406753704023243,0.5886362930897744,1.0215071220779688,1.4649398526624469,0.0487455115714202,-0.0205824986300273,0.028400788448479,0.190975115307108,0.2593791783727002,0.2133335336068874,1.7144007553787637,6.456555752925901,1.2053689775786116,0.7575757575757576,1382.890066466569,47.72613644455269,0.0,0.0,0.0,UNKNOWN
2026-09-11 15:18:14.523237,device_0015,route_0013,event_022739,30.492706736015023,78.0190161656659,21.45163666967648,RESIDENTIAL,CLEAR,NORMAL,0.113069447783992,-0.1029020095212549,9.64396616537616,0.3778890317995373,0.3426063719805515,0.348060435702451,-0.0068992254687812,0.0513934842858213,-0.0349753033356831,0.1122075563365769,0.0995745028155492,0.0962456367057661,0.3786386281315109,1.0765213248846344,0.523740830552194,18.421052631578945,1170.7151707482878,48.688187719962,0.0,0.0,0.0,UNKNOWN
2026-09-11 14:42:42.023237,device_0000,route_0019,event_001414,28.732978169700388,76.9967741807908,10.971008518018564,RURAL,CLEAR,NORMAL,-0.0210379900805036,0.1656969123853754,9.873515713752322,0.2742822964544794,0.3056254050288621,0.3101865903273913,0.0160308424248974,-0.0298925575320993,-0.0248442558075197,0.0932255454316938,0.0984426569952738,0.110624089214524,0.3182274249887496,0.8188595401338397,0.402929981724427,2.5,1187.9876613670087,50.50557505871605,0.0,0.0,0.0,UNKNOWN
2026-09-11 15:31:55.823237,device_0002,route_0016,event_030952,31.403453392176075,76.51401405234927,36.79666345191873,HIGHWAY,CLEAR,NORMAL,-0.0027576411242451,-0.1691377285486457,9.702336437651402,0.2543827709274525,0.2741295653716191,0.3318309864264371,-0.0006840733085383,-0.000875760492565,0.0250658142670644,0.0887484036903158,0.0956695509103462,0.1135757044397296,0.3420512273335227,0.8827457376732895,0.4118574597877065,13.333333333333334,1189.0117987248957,50.46207284431021,0.0,0.0,0.0,UNKNOWN
2026-09-11 16:15:04.023237,device_0010,route_0021,event_056834,27.639049985856214,82.27776645094747,79.7643247457816,RESIDENTIAL,CLEAR,NORMAL,-0.1648787705045035,0.0695826342377564,9.71360197234566,0.3381138405430574,0.3280205229848335,0.3138624484818663,0.0310267471105682,0.0493062183700173,0.0061791324474611,0.0964655935252426,0.1010689879405459,0.1062953661813768,0.3216430095123046,0.8100809613869551,0.4863614231309425,22.807017543859647,1171.778857581421,48.64399082745811,0.0,0.0,0.0,UNKNOWN
2026-09-11 15:45:14.123237,device_0002,route_0036,event_038935,32.16450091383953,76.99127479660909,18.814321751150157,URBAN,CLEAR,SPEED_BREAKER,0.0255222903967882,-0.0879359489861501,9.96774871187892,0.33225267537615,0.3962463264406778,0.7925519503316208,-0.0234689456406527,-0.0241740110960728,0.0314006101133493,0.1030337091551963,0.0867002913035019,0.1051740186648246,0.8246720287715775,3.03201204499069,0.6333419477849883,1.4285714285714284,1387.1804318457116,50.46207284431021,0.0,0.0,0.0,UNKNOWN
2026-09-11 15:34:00.623237,device_0022,route_0029,event_032200,27.21792871637864,74.61530319156968,37.299481661948,URBAN,CLEAR,ROUGH_PATCH,0.0965476685229936,0.0086106111680135,9.731946541394151,0.7613954664700411,0.4047120098764755,1.2629847066762003,0.0497510200541427,-0.0200550251271613,0.0401595764526813,0.2510299355316364,0.1745568579887862,0.2571064207596852,1.247881494047127,2.6316099930976278,0.460599621512656,1.818181818181818,1058.5018015070395,51.96023277588557,0.0,0.0,0.0,UNKNOWN
2026-09-11 16:35:05.023237,device_0000,route_0018,event_068844,34.11502772285634,79.92339841531357,39.04615740255022,RESIDENTIAL,WET,NORMAL,0.0595418299101773,0.1881530544632484,9.85408245176837,0.2435728167371753,0.3127073745715005,0.306838826969372,0.0006869009559099,-0.0248993870122575,-0.0274996403740098,0.1160642367179244,0.1002297290256084,0.1074439078035499,0.3145298012777832,0.6670768621441958,0.4139046266041524,0.8333333333333334,1187.9876613670087,50.50557505871605,0.0,0.0,0.0,UNKNOWN
2026-09-11 15:56:29.723237,device_0020,route_0029,event_045691,26.650293526121303,73.54289953720208,37.63992529423312,RESIDENTIAL,CLEAR,NORMAL,0.0836535753649563,-0.191036714202662,9.676256238109842,0.2571542852581347,0.3320537137069489,0.3153901646767052,0.0392511731341659,0.0143408478563133,-0.0659571263423071,0.1043652250756478,0.1199285566586978,0.1070997401429902,0.3364695489240202,0.96029059095539,0.4794122067923637,15.178571428571429,1178.3195617621582,47.52530791923109,0.0,0.0,0.0,UNKNOWN
2026-09-11 16:40:22.523237,device_0004,route_0045,event_072019,22.425372008173635,79.07306128749651,10.884537164725804,URBAN,CLEAR,NORMAL,-0.0469116346377508,0.0396170023083436,9.632991339546788,0.2999010216201264,0.3071317937967074,0.288752458970348,0.0411960889400412,-0.0076715613018051,0.0105719322846133,0.1112837526167868,0.1078365002374782,0.083903266454496,0.329188605039281,0.9999057723298996,0.4265349651264827,12.5,1194.4208269519645,50.2335513967164,0.0,0.0,0.0,UNKNOWN
2026-09-11 16:54:45.323237,device_0014,route_0042,event_080647,35.790344842022044,77.85497187173748,9.49038358726747,HIGHWAY,WET,ROUGH_PATCH,0.1750996669179008,-0.123904027345369,9.74747941425644,0.91984887000393,0.3697304190415492,0.6280225037890526,-0.0170691097741147,-0.0063717160614267,-0.0615319315993841,0.1517069802790094,0.171203930538135,0.1385189075056082,0.6490803069688008,1.6111256127941491,0.4364681829458622,1.96078431372549,1067.897470709982,47.75739375624995,0.0,0.0,0.0,UNKNOWN
2026-09-11 15:14:23.323237,device_0012,route_0001,event_020427,26.831631737245683,77.11625077895738,86.9780938032905,URBAN,CLEAR,ROUGH_PATCH,-0.0001153824231344,0.0815837518959765,9.69129753885932,0.9865758805796726,0.6859757750827014,1.1022165577909335,-0.068411867282415,0.016301127847522,0.03002551524727,0.1935522032782407,0.2033041658325606,0.2579621072302787,1.0930968545144155,2.47296074442891,0.4772768833441204,1.96078431372549,1072.8990595464466,47.53476065265595,0.0,0.0,0.0,UNKNOWN
2026-09-11 15:00:10.123237,device_0023,route_0023,event_011895,28.010535996239977,78.16459160418353,9.427374009899182,RESIDENTIAL,CLEAR,NORMAL,0.136636997597851,0.0020278874387355,9.775590165542882,0.3054611232271866,0.3402762094397938,0.3237873246612359,0.0206650892020174,-0.0338238791991172,0.0253585553566994,0.0994324545102755,0.0933394964091793,0.0864968756422985,0.3244717876410672,0.7696561683200347,0.4700080837901901,20.0,1182.7936295130366,50.72736147953584,0.0,0.0,0.0,UNKNOWN
2026-09-11 14:48:03.023237,device_0008,route_0039,event_004624,28.906116732416404,77.34668360525217,37.14983184946163,RESIDENTIAL,CLEAR,NORMAL,0.2093494899498247,-0.0157199606458912,9.692481269679812,0.2973384769344835,0.3558508737285997,0.314374278755424,-0.0510456465979085,-0.0294162549018521,-0.0141651280529434,0.093508688967711,0.1052907371863485,0.1194607681637763,0.3267003293442367,0.7535735130612853,0.4801615228308879,19.672131147540984,1174.5210483649005,51.936063712881634,0.0,0.0,0.0,UNKNOWN
2026-09-11 15:29:31.123237,device_0015,route_0019,event_029505,29.72843242822297,74.67493608103653,39.76825929371398,ARTERIAL,CLEAR,NORMAL,0.1322569999141949,-0.1403798514062447,9.691361283131256,0.2832990457328272,0.352338546875458,0.3355363464057047,0.0125996639267284,0.0381367324664009,-0.0194170907342504,0.0943471953842281,0.096255433791793,0.0957626711202743,0.349283665690754,0.977667744129814,0.4712275421229664,20.175438596491222,1170.7151707482878,48.688187719962,0.0,0.0,0.0,UNKNOWN
2026-09-11 15:01:16.623237,device_0022,route_0038,event_012560,29.463625503719303,78.01687420802534,55.6559979545952,ARTERIAL,CLEAR,NORMAL,0.0945739780119341,-0.0345665848960855,9.596042639157549,0.3001451769910251,0.2841903097062678,0.3630849696315846,-0.0168219099754957,-0.0345063757632077,-0.0131769609164426,0.0989830481525652,0.123360999282138,0.1112408529685649,0.4105693332111062,0.9039930139394484,0.425425492932557,3.278688524590164,1173.9747253078074,51.96023277588557,0.0,0.0,0.0,UNKNOWN
2026-09-11 15:45:14.823237,device_0011,route_0039,event_038942,31.80146484723338,78.41600760314685,39.02325668617439,HIGHWAY,CLEAR,NORMAL,-0.0517350473231129,-0.0780630219122104,9.907986512207753,0.3144244752117878,0.3134617584677888,0.3315621099973638,0.025551254450895,0.0236613749898021,0.0442982603848258,0.0986307100915103,0.1091347144674463,0.0936489134383742,0.3517040704145271,0.8354684249419595,0.4866083360926896,20.49180327868853,1173.916838169756,51.962794992449886,0.0,0.0,0.0,UNKNOWN
2026-09-11 16:36:21.123237,device_0008,route_0049,event_069605,34.80913225051555,76.1222053395112,86.1300458842147,URBAN,CLEAR,NORMAL,0.1547786029339865,-0.0068056396573185,9.612721528280169,0.3020978688907493,0.3545111108902001,0.3403946540877359,-0.0508681641589175,-0.0069750490788356,-0.0445059575067683,0.0886690157577377,0.0936385897477115,0.1085245428452391,0.38236420667503,0.8825593270102701,0.4655694570085397,17.21311475409836,1174.5210483649005,51.936063712881634,0.0,0.0,0.0,UNKNOWN
2026-09-11 14:41:17.923237,device_0017,route_0027,event_000573,28.673287520322788,77.17394400750283,41.76234898035452,RESIDENTIAL,CLEAR,NORMAL,0.0828377917433586,-0.1605774869130006,9.785161365053222,0.3712422294261517,0.3029241099649918,0.3108573780295339,-0.0329783710087848,0.0102171226926423,-0.0240610717331425,0.1044007176812151,0.0943494621473191,0.1106165714349094,0.3087328524350361,0.8563277812341283,0.4457694934616588,19.672131147540984,1168.9485129122031,52.18364994368368,0.0,0.0,0.0,UNKNOWN
2026-09-11 17:01:47.123237,device_0019,route_0006,event_084865,21.51349932364505,74.70034099383028,20.712381235328536,URBAN,CLEAR,POTHOLE,-0.1181418980145326,0.0563939718120304,10.104991524441376,0.3518809213530794,0.4008293036864911,0.6990867795142798,0.041969623109764,0.0322045134909466,-0.0195701746137914,0.1469149116776025,0.1218135993418821,0.1285157879449942,0.7767878763808195,2.824337407970564,0.7249994231189166,9.0,962.7338785435682,51.93543212132559,5.166582117184034,8.870289273263483,9.388026248470974,MEDIUM
2026-09-11 16:06:34.923237,device_0022,route_0010,event_051743,30.7715155032498,81.32574288971001,9.954752355835526,URBAN,DUSTY,ROUGH_PATCH,0.0387468100179635,0.0274583202060171,9.701973128663656,1.34175163492168,0.5668936493302597,1.068461300447828,0.0259622876616371,-0.0526346562697086,-0.0040523731154614,0.2117732106940819,0.2067795200912101,0.1784388647410102,1.0607416247013577,2.544305575758358,0.4455020017683953,1.818181818181818,1058.5018015070395,51.96023277588557,0.0,0.0,0.0,UNKNOWN
2026-09-11 16:44:14.223237,device_0015,route_0021,event_074336,27.324546642518108,83.81989939612235,73.26769891912113,RURAL,WET,POTHOLE,0.0533435372980845,-0.0393335286143479,9.91922823187972,0.5223201756866297,0.6517586306248464,1.242966068431823,0.0043470545532617,0.0764261321679021,-0.0377809196743618,0.3741515020131125,0.2948372695853245,0.3812630501553691,1.3218126490938351,7.247259842957213,1.038368655354415,1.0638297872340423,965.32654430122,48.688187719962,4.16213036141008,9.635684863999298,10.17277763128489,MEDIUM
2026-09-11 17:05:09.023237,device_0012,route_0039,event_086884,35.84591313570246,79.9096709338105,42.53682940201674,HIGHWAY,CLEAR,NORMAL,0.1034981981868805,0.1759974187837867,9.65477803722534,0.3585258988176069,0.2728903054593357,0.3537558086513233,-0.0595598956232764,-0.0161773858591318,-0.0007168661805173,0.0986173115223864,0.0937892495933309,0.0861003426221897,0.3748967062806604,0.889531781732444,0.4548239618507463,8.035714285714285,1178.0852418549218,47.53476065265595,0.0,0.0,0.0,UNKNOWN
2026-09-11 15:40:44.423237,device_0022,route_0033,event_036238,31.45180429103953,78.77246023730143,55.019507063537134,URBAN,WET,NORMAL,0.1161951663393051,-0.0117452966867746,9.634836367920087,0.3461651195736078,0.3476433769529397,0.3327704730899893,-0.0335152720001849,-0.0271109288596377,-0.0403937575032729,0.1136397849000934,0.1078078375966917,0.0890863242039489,0.363719236473178,0.9324351202478152,0.5052173045893309,14.75409836065574,1173.9747253078074,51.96023277588557,0.0,0.0,0.0,UNKNOWN
2026-09-11 16:04:08.823237,device_0018,route_0041,event_050282,27.7000830699576,81.59258632251782,10.273848274614842,URBAN,CLEAR,NORMAL,-0.1250816126015531,-0.1185544923831795,9.986761699114812,0.3686954811101449,0.3296370154000329,0.3347395083737153,0.0437639411985982,-0.0185882965928581,0.036114336779552,0.0829767567383531,0.1139052914474603,0.0961839661436343,0.3936682450001566,0.92100694261263,0.5118270107224536,10.0,1196.452449290308,50.14825289178003,0.0,0.0,0.0,UNKNOWN
2026-09-11 14:53:15.423237,device_0000,route_0009,event_007748,27.99732192053053,77.36225108990803,56.87536275383102,RESIDENTIAL,CLEAR,SPEED_BREAKER,-0.0500167959194722,0.0438563079095155,10.37183675221747,0.5456470891651144,0.7407300641628057,1.5725297624911756,0.0170891650690047,-0.0199630132323079,-0.0538831442023576,0.2279369671172159,0.2192604309390723,0.2166864913272248,1.7380233584414766,6.066519161761947,1.03286634821382,1.4285714285714284,1385.9856049281768,50.50557505871605,0.0,0.0,0.0,UNKNOWN
2026-09-11 15:55:32.523237,device_0016,route_0041,event_045119,27.803340282973743,81.13986177837643,87.96097016338935,HIGHWAY,RAIN,ROUGH_PATCH,-0.0539640386021352,0.0119508912086815,9.890517890577383,0.4230056063094209,0.4892597366135026,0.7369270264457625,0.0237332598729906,-0.0437475699920621,0.0170140005500535,0.145328192052894,0.1684087639770183,0.1492738145388976,0.7421125497718372,1.766760769313926,0.3380115910454734,1.96078431372549,1069.0955240705746,47.70387570777382,0.0,0.0,0.0,UNKNOWN
2026-09-11 17:26:51.723237,device_0022,route_0021,event_099911,26.86467902324235,86.07325245546757,74.39881344667461,URBAN,WET,POTHOLE,0.1629963819453425,0.0634951763194865,10.393009720886674,0.7062002670280716,0.9852150930427126,3.443089851566628,0.0056988143637136,-0.0249144885323864,0.0712266670229616,0.3253669465902231,0.3831003721197084,0.2996526775810996,3.603270259544221,16.082716892071588,2.161928449771899,2.0,962.2743650063996,51.96023277588557,9.168040113026262,21.214838484636,14.016386233939704,HIGH
2026-09-11 16:42:38.723237,device_0008,route_0022,event_073381,35.2515357098346,76.87692665645915,36.97813863505938,URBAN,CLEAR,NORMAL,0.1141841740855751,0.0023644074815307,9.715462256099144,0.2769847498618524,0.3262830119746128,0.3257287702195649,-0.0624062097062087,-0.0432459034573171,-0.0374298001288486,0.0993811385015105,0.113200473824332,0.115240704042531,0.3338623671338495,0.9374584354477856,0.462657254846986,12.295081967213116,1174.5210483649005,51.936063712881634,0.0,0.0,0.0,UNKNOWN
2026-09-11 16:21:49.923237,device_0024,route_0036,event_060893,34.131573394444736,76.81750884802562,9.76453348585027,URBAN,CLEAR,NORMAL,0.1831704220767144,0.1869269035610781,9.991917224334973,0.300637339385063,0.3112501451280459,0.3300436063709974,-0.0146927731380961,-0.0358817802987811,0.0372063492353671,0.1014306359354425,0.1078887987641291,0.1058317225424843,0.3856250181854445,0.8349169064003732,0.4046863890963949,3.278688524590164,1165.9444844817242,52.318099885446266,0.0,0.0,0.0,UNKNOWN
2026-09-11 16:47:18.423237,device_0020,route_0040,event_076178,28.36705587316015,70.39019699526868,60.84627485811593,URBAN,WET,NORMAL,0.0831927226061532,-0.1091475604625888,9.708254567245575,0.3008704047365696,0.3092839786785167,0.2739477767103063,0.0333805743180736,0.0266729186010548,-0.0333511285389194,0.1066312907375745,0.1089162859961797,0.1052937986446603,0.2871585415524579,0.6898458622455372,0.409866171541847,11.607142857142856,1178.3195617621582,47.52530791923109,0.0,0.0,0.0,UNKNOWN
2026-09-11 16:53:24.923237,device_0013,route_0013,event_079843,35.131727014743895,80.2222025299004,41.35702216641057,URBAN,WET,ROUGH_PATCH,-0.0449407010061449,-0.1018979661243847,9.615919213407873,1.0894567778963402,0.3766591838777163,0.910327196791496,-0.0073180610063973,0.0100543217022088,0.0142323838434555,0.243363384345456,0.2076173064369785,0.2340414055650489,0.8953923261026562,2.04769594427892,0.3866458813858275,1.923076923076923,1054.3786029324665,49.31814801189647,0.0,0.0,0.0,UNKNOWN
2026-09-11 17:04:12.923237,device_0001,route_0043,event_086323,20.87665241351553,75.9428907733104,21.18889647970004,RESIDENTIAL,CLEAR,NORMAL,-0.1672557839569321,0.1726164612691761,9.84260859468324,0.3328904551751049,0.3190261750175799,0.3362561850155108,-0.0464297973732633,-0.0327720376106285,-0.0411756680553687,0.0801846454636372,0.102896920753199,0.0908163336153635,0.3406236714081886,0.9998001655040624,0.4579018352283708,0.8771929824561403,1147.8114285371462,49.659725093210575,0.0,0.0,0.0,UNKNOWN
2026-09-11 17:24:32.323237,device_0016,route_0011,event_098517,22.73832363155749,70.58293688908155,63.08398081281659,RESIDENTIAL,RAIN,NORMAL,-0.0366039771448461,0.0298758391970182,9.846610839270872,0.3651192827316587,0.290960867619396,0.2603821362897241,-0.0059892444273619,-0.0542133138753046,0.0545634904986341,0.0938265003447744,0.101728736322581,0.095895404254233,0.2659678741322199,0.6002803039789821,0.4443881284598185,15.178571428571429,1173.9088107441603,47.70387570777382,0.0,0.0,0.0,UNKNOWN
2026-09-11 16:48:33.523237,device_0024,route_0015,event_076929,21.90984845230845,79.03149652771306,74.72202172469802,URBAN,CLEAR,NORMAL,0.1499692382512413,0.2045961392737098,9.981210990561284,0.2686476461009601,0.3151373391589995,0.3105697910943592,-0.0279828933172488,-0.0527555399049495,0.054189067219652,0.104504321344636,0.0933110434919803,0.1178518641020181,0.3642229895005507,0.862724645553266,0.4145741332644224,11.475409836065571,1165.9444844817242,52.318099885446266,0.0,0.0,0.0,UNKNOWN
2026-09-11 15:10:16.723237,device_0013,route_0045,event_017961,27.09002443569936,77.70317119354844,42.66386785777343,RESIDENTIAL,CLEAR,SEVERE_POTHOLE,0.0356031236747564,-0.0133921467762325,10.993197526098536,0.2649540883004901,0.8657435793966666,6.998028529129071,-0.0056298016488928,0.0863231692911255,-0.0147290500346186,0.4272922483420269,0.3459800172367413,0.4308887282250654,7.134617474689717,34.01532179080385,4.831900158931488,1.0638297872340423,952.9960449581909,49.31814801189647,18.4948826357821,47.703509333104186,22.43196961637556,CRITICAL
2026-09-11 16:28:25.123237,device_0015,route_0004,event_064845,31.82998578325873,81.99620370168986,9.955186293867715,URBAN,CLEAR,NORMAL,0.0955729136576309,-0.071110121746383,9.577119405807304,0.2848736075890191,0.2742063548968618,0.2694232858973207,-0.0208083664738989,0.0544921490413672,-0.028838270004003,0.09680411910601,0.0930789050462072,0.1040305970013147,0.3441382113897725,0.8555020729085179,0.3926951793471036,4.385964912280701,1170.7151707482878,48.688187719962,0.0,0.0,0.0,UNKNOWN
2026-09-11 15:27:29.223237,device_0007,route_0032,event_028286,30.168491761186477,79.12253455316953,21.318188071029944,URBAN,CLEAR,NORMAL,0.0942176715196081,-0.1111181323804891,9.593449131410509,0.3318941872556972,0.2966523942955483,0.3150426084990623,0.0103125353593512,0.0023477505778522,0.0427252093829256,0.0973058993370989,0.0998850667986972,0.0955057563206043,0.370587837272229,0.8404584619880762,0.4541557665046107,7.017543859649122,1156.3665497149682,49.29232864272136,0.0,0.0,0.0,UNKNOWN
2026-09-11 15:08:13.623237,device_0029,route_0049,event_016730,30.1156632277175,76.88355236577887,55.98622539525928,URBAN,CLEAR,SPEED_BREAKER,-0.0837144752346179,-0.1806377018044828,10.36563465393847,0.7937657163745243,0.5299387193461205,1.4618572698993295,-0.004787740783118,-0.0321869365534176,-0.0060904764973282,0.2226605017190154,0.2307598644612369,0.2297215029111473,1.642913616402332,5.590270434196846,0.9768484453811106,0.7142857142857142,1383.0041956338878,50.614452379095,0.0,0.0,0.0,UNKNOWN
2026-09-11 16:33:10.823237,device_0025,route_0027,event_067702,26.12618832409746,82.64756288693853,78.95258409785023,URBAN,CLEAR,NORMAL,-0.0461218312121215,-0.0704007777093722,10.044309224705382,0.327949588096227,0.3158946951947756,0.2543915936669604,-0.0316827284051392,-0.0297289202802746,0.0154348178881561,0.0957705303785857,0.1006221319580598,0.0963130935398011,0.3587920269738013,0.7910279277174634,0.4318813124581477,5.833333333333334,1191.6511525911126,50.35030585044683,0.0,0.0,0.0,UNKNOWN
2026-09-11 16:56:18.723237,device_0014,route_0000,event_081581,21.42532819065245,75.36228776074371,62.54148654917523,URBAN,CLEAR,NORMAL,0.1806434981677131,-0.063999751046584,9.84264986011769,0.2215601407962773,0.3499080113625835,0.2699794855933493,-0.0195597665477429,-0.0226560527944382,-0.0310883615598678,0.0953575259773388,0.1022347312454515,0.1001741198591479,0.2764167008833126,0.7285872113644647,0.4260477909671383,18.75,1172.5933011717448,47.75739375624995,0.0,0.0,0.0,UNKNOWN
2026-09-11 14:44:54.823237,device_0016,route_0027,event_002742,28.59083418539372,77.35100879864578,64.40060349134495,RESIDENTIAL,CLEAR,NORMAL,-0.0595134793929315,0.0253056177197348,9.825789332183948,0.3113457205588086,0.3391721383527042,0.309331714777364,0.0048706385669397,-0.0323633056080264,0.0213164747926175,0.0940283117205754,0.0901687609645493,0.0994015694311681,0.3112428853344224,0.7920269414108905,0.4497506436291321,15.178571428571429,1173.9088107441603,47.70387570777382,0.0,0.0,0.0,UNKNOWN
2026-09-11 17:13:24.523237,device_0007,route_0002,event_091839,21.01350890723916,80.25325870203918,73.83118725591558,RESIDENTIAL,CLEAR,NORMAL,0.1311639263537132,-0.1009661359620884,9.663544945534795,0.3654657326708228,0.3546666787532801,0.3558909682749945,0.0315759554889145,0.0473991808598701,0.0363635177322149,0.102302145820147,0.0905264776802134,0.0836692967920858,0.3758743247894913,0.9611074918562484,0.4952102903006303,21.929824561403507,1156.3665497149682,49.29232864272136,0.0,0.0,0.0,UNKNOWN
2026-09-11 16:05:48.223237,device_0018,route_0025,event_051276,23.925550849562928,77.13734536069687,41.66144133471502,RESIDENTIAL,CLEAR,NORMAL,-0.1124960356289004,-0.1515863751303288,9.947339956970046,0.2928793582141273,0.3191606298218772,0.3185938157732781,0.0305422524902718,-0.0074458810384567,0.0303150571133165,0.0976706357105928,0.0693518734454847,0.0904372115946565,0.3556160395680134,0.8925369051965468,0.4303704243499855,17.5,1196.452449290308,50.14825289178003,0.0,0.0,0.0,UNKNOWN
2026-09-11 14:58:22.323237,device_0017,route_0032,event_010817,29.190014980803053,77.89350596842822,54.59220753033838,RURAL,CLEAR,NORMAL,0.0799032624911915,-0.1579904895276793,9.827140590950204,0.2846551074873515,0.3327423120635805,0.258732684934255,-0.032581751752067,0.028707835492445,-0.0438960326340889,0.1020930676020353,0.1075816716322139,0.0990477005190621,0.2618464676571166,0.6266622333001077,0.4214002027593446,15.57377049180328,1168.9485129122031,52.18364994368368,0.0,0.0,0.0,UNKNOWN
2026-09-11 15:02:41.923237,device_0004,route_0015,event_013413,27.42649975786107,77.55037195449921,65.84040839344632,RURAL,CLEAR,NORMAL,-0.0993109173342928,0.040935002249459,9.67832770189597,0.3190153051330237,0.3413405952607511,0.3441187205336278,0.0288227594098835,-0.0396209817208486,-0.0158121526488984,0.106016290658155,0.1057022072918989,0.0871358920827811,0.3604696911069129,1.010810510418553,0.4866166851057751,8.333333333333334,1194.4208269519645,50.2335513967164,0.0,0.0,0.0,UNKNOWN
2026-09-11 14:48:05.123237,device_0000,route_0006,event_004645,28.31149595305493,77.11656588795891,43.67993384619463,RESIDENTIAL,CLEAR,SPEED_BREAKER,0.0530144543961987,0.1843828906273636,10.333808644809867,0.6329345010025309,0.6492406018428533,1.3910609086307495,0.0098043596076557,-0.0399614081409163,-0.0543493708723056,0.1629315366214739,0.1887515120398672,0.1660392935620861,1.560167694504888,5.478945014349712,0.930623476433832,1.4285714285714284,1385.9856049281768,50.50557505871605,0.0,0.0,0.0,UNKNOWN
2026-09-11 15:21:43.623237,device_0012,route_0014,event_024830,30.59672576699034,76.40727023938044,81.26059050291312,RURAL,WET,SPEED_BREAKER,0.0114269862720846,0.0760214238777603,10.320911471475702,1.4883110386953808,0.4779879552596086,1.884228351170437,-0.0858700907884701,0.0349261996980803,0.0053809978193446,0.3072827937205852,0.3440901277588969,0.2884671352267278,2.198357997489065,10.21922427398317,1.4631673579344522,0.7575757575757576,1388.4576064718722,47.53476065265595,0.0,0.0,0.0,UNKNOWN
2026-09-11 16:06:08.323237,device_0007,route_0032,event_051477,31.467323427423068,80.75431437225869,62.59957675916151,URBAN,CLEAR,NORMAL,0.1160779454541972,-0.1697133642939309,9.654439544753592,0.2723552810967951,0.2971852579697782,0.369447026650646,0.0293805229426687,0.0202255119023589,0.0139888976126053,0.1114901025209811,0.0958935691269772,0.1116918393470559,0.3914883180283784,0.919794246957972,0.4260937156553989,8.771929824561402,1156.3665497149682,49.29232864272136,0.0,0.0,0.0,UNKNOWN
2026-09-11 16:21:08.223237,device_0014,route_0004,event_060476,31.611993097373457,81.66941141405441,65.53832271880752,HIGHWAY,CLEAR,NORMAL,0.2088246831916644,-0.1788136431334471,9.773859576316184,0.306793841994167,0.2966517046739109,0.3373596015395387,-0.0056124421560163,-0.0196615745010377,-0.0638194914641874,0.1011732047199093,0.1048433088902334,0.0963417298746659,0.3392194647982808,0.9044919407199412,0.4521179994702716,22.32142857142857,1172.5933011717448,47.75739375624995,0.0,0.0,0.0,UNKNOWN
2026-09-11 14:56:49.323237,device_0025,route_0008,event_009887,29.369260151787007,77.38552886726642,43.24887605993391,HIGHWAY,CLEAR,NORMAL,-0.0789953500387942,0.0153008629332978,9.922655793835892,0.2851588115504769,0.3261392252396215,0.3335321155645051,0.0021488230327722,-0.0181687592484353,0.0119081593314973,0.096751140177404,0.1205747208758733,0.1101706158637189,0.3583270530355499,0.9807445755509434,0.4343756595179506,7.5,1191.6511525911126,50.35030585044683,0.0,0.0,0.0,UNKNOWN
2026-09-11 16:48:41.223237,device_0005,route_0047,event_077006,22.04574858098585,79.19182101768413,56.27183697370028,RESIDENTIAL,CLEAR,NORMAL,0.2723927838471743,0.134061742772848,9.998353686066167,0.3205168680549704,0.3015459469191377,0.3639221108046939,0.0551310393849336,0.0056298258776551,0.0246843216559012,0.1108254147599935,0.1053888697880247,0.1097557243467328,0.4221369775086431,0.8817800020731177,0.4715306523974228,3.571428571428571,1173.3612685170888,47.72613644455269,0.0,0.0,0.0,UNKNOWN
2026-09-11 16:54:40.123237,device_0022,route_0046,event_080595,35.58527745811405,79.33089597292395,75.90510604308497,HIGHWAY,CLEAR,ROUGH_PATCH,0.0308131101881663,0.0262186272174354,9.62595604402146,0.5638861157391369,0.5596108648240148,0.9338101527702084,-0.0095665408083519,-0.0486290521327662,0.0055722017813194,0.1981412798967,0.174698056481966,0.1467777218789689,0.9466938740213718,2.1220522417358314,0.416253910169659,1.818181818181818,1058.5018015070395,51.96023277588557,0.0,0.0,0.0,UNKNOWN
2026-09-11 16:41:36.723237,device_0026,route_0008,event_072761,34.78896768880942,78.99728547918944,9.163550836968133,URBAN,CLEAR,NORMAL,-0.0197583329825587,0.0925059433792065,9.6113857626155,0.3854743638535057,0.3243615285050205,0.3115244703416646,0.0028425885463888,0.0465226502023692,0.0266869437829732,0.1002695517593545,0.0917777484738272,0.0988446859711413,0.3573046172618838,1.034795802298655,0.4783173709597906,2.631578947368421,1156.2462834189637,49.29745575609877,0.0,0.0,0.0,UNKNOWN
2026-09-11 17:22:11.223237,device_0019,route_0045,event_097106,20.260706372212773,79.70866915315483,62.486805985747175,URBAN,RAIN,NORMAL,-0.0797611442569322,0.1721777650839941,9.964676834171833,0.3674649983330875,0.2822949291251012,0.3210375727057378,-0.0077628377723922,-0.0172415308481548,-0.0177695330417736,0.1015057914374606,0.0881304386041623,0.1171801016524265,0.3649964908907353,1.0047394643026948,0.4301402675042672,23.770491803278688,1174.5353318231532,51.93543212132559,0.0,0.0,0.0,UNKNOWN
2026-09-11 16:09:37.523237,device_0002,route_0009,event_053569,23.930777136762067,78.02813127313391,83.39433796272465,RESIDENTIAL,CLEAR,NORMAL,0.0766522024694379,-0.1137365163180066,9.663777482235426,0.2494127027889542,0.2906785144220472,0.2735182027827848,-0.0258983914124517,-0.0164448100884031,0.0098543349027075,0.0807050201080948,0.0987266873121033,0.1025790079337506,0.3022315478753965,0.7192921364981633,0.4064079181950565,5.833333333333334,1189.0117987248957,50.46207284431021,0.0,0.0,0.0,UNKNOWN
2026-09-11 15:06:23.223237,device_0013,route_0041,event_015626,28.3937386490376,78.55416321310771,73.91912233762267,HIGHWAY,CLEAR,NORMAL,0.0022095694460044,-0.1304612960969584,9.697662189108222,0.2735597582586694,0.3130093385043505,0.3425719785926276,-0.0041947511880324,0.0379029262263653,-0.0296807338667258,0.1057020231702688,0.0907506819252109,0.0962672234995037,0.3557977467259384,0.9379212796341908,0.4359032484397235,0.8771929824561403,1155.761160906742,49.31814801189647,0.0,0.0,0.0,UNKNOWN
2026-09-11 17:24:22.823237,device_0023,route_0023,event_098422,23.80783994288952,84.71365534408083,21.4298602947668,URBAN,CLEAR,NORMAL,0.1231772998359219,0.0265522681694913,9.839145433134163,0.2945917379114051,0.2635906309883208,0.2964940204590548,0.0069306450125863,-0.0308207511021174,0.0249126153270374,0.1048553469978499,0.0856536155729175,0.1006694424011945,0.2997402650557088,0.8057599872822543,0.3839390968361195,20.833333333333336,1182.7936295130366,50.72736147953584,0.0,0.0,0.0,UNKNOWN
2026-09-11 15:45:06.723237,device_0013,route_0004,event_038861,30.533971973858065,80.05185125147747,87.60182230150535,URBAN,CLEAR,NORMAL,-0.0948453783845339,-0.1520742374784879,9.631788355888707,0.3522832257656819,0.2977432027963911,0.3492105562259285,-0.0142755328995284,0.0603610851523553,-0.0419415289820169,0.1015935378377904,0.0979281570777292,0.1103562331448767,0.3831923234797231,0.8224057064593389,0.4700362868065647,1.7543859649122806,1155.761160906742,49.31814801189647,0.0,0.0,0.0,UNKNOWN
2026-09-11 15:21:15.323237,device_0003,route_0024,event_024547,28.697472717640583,74.98739071863079,80.31907826087107,RESIDENTIAL,CLEAR,POTHOLE,0.0169500407736582,-0.1658674746864727,9.76631506500939,1.0971978732784238,1.2594747101526034,0.784530130040152,0.0714804184713787,0.0101269144575785,0.0529365747269405,0.335907799554541,0.3409624861816783,0.4246533117195278,1.1588647746977083,7.059504228329086,1.6348865914735913,2.0,981.9099753479176,50.92116513256079,2.169466022413111,4.925215254235553,4.91226455066422,LOW
2026-09-11 16:50:40.923237,device_0024,route_0027,event_078203,25.728135444599584,83.50376384002844,9.566101578012969,RESIDENTIAL,CLEAR,NORMAL,0.2186602183278061,0.208320943765332,9.943375662695836,0.3174453686981034,0.3024182111153024,0.357728681075067,0.0163591250065978,-0.0619605863183897,0.0615066305297554,0.1119993040900861,0.1041803446085602,0.095817308497127,0.3914046287970842,0.9731016144316076,0.4826811609451448,9.836065573770492,1165.9444844817242,52.318099885446266,0.0,0.0,0.0,UNKNOWN
2026-09-11 15:54:33.023237,device_0026,route_0013,event_044524,32.262633569639526,78.85952080093902,10.170441443327736,URBAN,CLEAR,NORMAL,0.0414657796785952,0.2029135019168633,9.641262205533806,0.2722815271963585,0.3152833756577913,0.3389700631673086,0.0144511210779439,0.0470580208169243,0.029305177886314,0.0907779939904078,0.0935472283060496,0.1011993271065576,0.370095184210069,0.9122187292544623,0.4260534604135266,19.29824561403509,1156.2462834189637,49.29745575609877,0.0,0.0,0.0,UNKNOWN
2026-09-11 14:41:53.423237,device_0008,route_0031,event_000928,28.44771586721632,77.24899072954591,59.54841914217264,RESIDENTIAL,CLEAR,POTHOLE,0.1898533868731351,-0.0545272849792085,9.854582295927685,0.5195640333206976,1.0258567122034068,0.8733775804039569,-0.0783769086771624,0.0027195858974541,-0.0625522664250973,0.3511548844832589,0.2865839839777664,0.2080924585118672,1.0783843114836522,5.952467592806915,1.1529116767837309,2.0,962.722170790902,51.936063712881634,2.332427734992854,3.973967979878434,5.385502359614375,LOW
2026-09-11 15:31:17.823237,device_0004,route_0015,event_030572,25.936216012411077,77.95042122169617,18.940622611162027,RURAL,CLEAR,NORMAL,-0.0919746384060214,-0.0292548980691624,9.62815193293374,0.3302492389841273,0.3295153001322884,0.3109049016766882,0.0588107117921879,-0.0408067404119591,0.0260366769096202,0.1032051423929559,0.0862786831638721,0.1024482399232113,0.3497174346423717,0.8217020418308429,0.4657871420701537,19.166666666666668,1194.4208269519645,50.2335513967164,0.0,0.0,0.0,UNKNOWN
2026-09-11 14:43:58.023237,device_0008,route_0015,event_002174,28.40265678436984,77.2884321193689,60.21933063626751,RESIDENTIAL,RAIN,SPEED_BREAKER,0.0059216656298674,-0.0057277284181377,10.17048657448542,0.6270223393378571,0.5196447157269847,1.505758888661083,-0.0069545133052382,-0.0383306718531463,-0.0680787350282226,0.2389150257540921,0.2030381762743886,0.2219836407204896,1.59675293989869,6.557801449088398,0.8255565096709058,0.7042253521126761,1367.0654825230808,51.936063712881634,0.0,0.0,0.0,UNKNOWN
2026-09-11 16:26:01.323237,device_0001,route_0012,event_063407,22.887644182472307,77.12183524211672,10.676045928648364,URBAN,CLEAR,POTHOLE,-0.1830242117995115,0.1354922025302998,9.927066762691402,0.3261055150219857,0.2215044588011125,0.643347293800961,-0.0341361259178777,-0.0216624408563237,-0.0631095567127685,0.1066333252197696,0.0671518942230853,0.0995358018442402,0.6565870320886202,3.108799870928209,0.685883609241803,21.27659574468085,946.4410024779978,49.659725093210575,3.784317266263839,9.2201480478857,4.900364870223491,MEDIUM
2026-09-11 15:06:07.223237,device_0025,route_0019,event_015466,29.230987736136036,75.83528551661001,9.51000643765085,URBAN,CLEAR,NORMAL,-0.0687853115487724,-0.0032702651622413,9.932296464171088,0.2968038602196653,0.337540563732747,0.3312669035110004,-0.0231431509980177,-0.0204663545757972,0.0292359339405521,0.0953188649118109,0.1118779486556395,0.1060552298615369,0.361119060607811,0.8401540838729833,0.4537740105575562,9.166666666666668,1191.6511525911126,50.35030585044683,0.0,0.0,0.0,UNKNOWN
2026-09-11 15:15:49.323237,device_0013,route_0030,event_021287,30.28063363740484,78.30494965320607,60.841551118750495,RURAL,CLEAR,NORMAL,0.0251027425504538,-0.1178390353401374,9.624707968726504,0.3459979178361373,0.3601995358375401,0.3073876307828647,-0.0336883854485699,0.0426494383937049,-0.0238233323747573,0.1078591034906909,0.1013169866246446,0.1095053801200065,0.345721896828402,0.8329946191308348,0.4643601042838742,4.385964912280701,1155.761160906742,49.31814801189647,0.0,0.0,0.0,UNKNOWN
2026-09-11 16:34:59.723237,device_0015,route_0020,event_068791,24.27258629329673,72.76686573582236,81.32375611433338,ARTERIAL,CLEAR,NORMAL,0.1329306573112399,-0.0898688512104027,9.697256856856974,0.3121622316922444,0.36362634035488,0.3232341494646529,0.0081940672866161,0.038305993381012,-0.0662628933299346,0.0851787374312394,0.0960642702371615,0.0840735992823204,0.3362358270654234,0.9560840915909044,0.4829046427556619,19.29824561403509,1170.7151707482878,48.688187719962,0.0,0.0,0.0,UNKNOWN
2026-09-11 16:27:13.623237,device_0012,route_0046,event_064130,34.16469665701547,78.9138334675606,39.86136907195138,RURAL,CLEAR,NORMAL,0.1254277668075753,0.1717901809372401,9.714233489565313,0.3645805554927968,0.3397067708836237,0.3294080698242071,-0.0610454003523336,-0.0402917770524317,-0.0090894758123709,0.0913850127706503,0.1095241735311208,0.1005946135273831,0.3368431996460198,0.7399268350164423,0.5232493976042557,9.821428571428571,1178.0852418549218,47.53476065265595,0.0,0.0,0.0,UNKNOWN
2026-09-11 15:51:23.623237,device_0020,route_0012,event_042630,24.75577024087797,77.15863484489255,9.542556659359368,RURAL,CLEAR,NORMAL,0.0466722546098126,-0.1085381014916842,9.662703695659191,0.3260368596636309,0.2887547697656297,0.2837456767379939,0.0486378191033822,0.0289326421214529,-0.0505051814908305,0.0866128461134666,0.0995770580578139,0.0993780059075471,0.3097634906435249,0.7554414849644413,0.407338548554121,17.857142857142854,1178.3195617621582,47.52530791923109,0.0,0.0,0.0,UNKNOWN
2026-09-11 16:01:06.523237,device_0010,route_0019,event_048459,30.40036121897064,73.10816595908156,81.95853181697001,SERVICE_ROAD,DUSTY,ROUGH_PATCH,-0.1379042099432167,0.0040771645110881,9.687624551788067,0.5430623477887813,0.6854303080395329,0.8161931876549066,0.0479874998679011,0.0809939633629464,-0.0161623721696469,0.2424690968752945,0.2464341253464821,0.1674179395851937,0.803914305291376,1.768839953939878,0.45371735246506,1.923076923076923,1068.9912384953316,48.64399082745811,0.0,0.0,0.0,UNKNOWN
2026-09-11 14:54:09.123237,device_0016,route_0032,event_008285,29.04832760122721,77.71592340341375,10.780863604020416,RESIDENTIAL,WET,NORMAL,-0.0356325785564029,0.0728008504790661,9.838368602373276,0.3332755476533491,0.2904572942314459,0.3235159355031462,0.0077217369839634,-0.0479623202071421,0.0328160313467561,0.0855150873840645,0.0910500335639793,0.0905124912112172,0.3266789684245704,0.9847553450453912,0.4506353471557453,4.4642857142857135,1173.9088107441603,47.70387570777382,0.0,0.0,0.0,UNKNOWN
2026-09-11 16:14:35.023237,device_0019,route_0006,event_056544,23.913551670246527,75.55355291575947,59.34656686500177,RESIDENTIAL,RAIN,NORMAL,-0.107170214795799,0.0915593102835037,9.968894103668871,0.3138479075346482,0.3250491848635125,0.3376690361595938,0.0294275994660988,-0.0273883488557691,-0.0168845219475054,0.0955997534121066,0.1051882014070574,0.1155072136895432,0.3812700940824389,1.0552848447402532,0.4786356789305069,21.311475409836067,1174.5353318231532,51.93543212132559,0.0,0.0,0.0,UNKNOWN
2026-09-11 15:40:34.323237,device_0022,route_0045,event_036137,25.521562658329056,78.16376799241297,21.641934169217,URBAN,CLEAR,NORMAL,0.1676277061798057,0.0522622888197894,9.636890032617602,0.3460715480959514,0.345775031195679,0.2883072452850793,-0.0047799275250254,-0.0102436037066836,-0.0146208621677846,0.0922065396636483,0.1007393333914895,0.1088422670328993,0.3251700019838461,0.8298004131122472,0.4820221643718478,18.0327868852459,1173.9747253078074,51.96023277588557,0.0,0.0,0.0,UNKNOWN
2026-09-11 16:43:32.323237,device_0010,route_0005,event_073917,25.068755544577957,71.6347858571047,21.95145331361325,RESIDENTIAL,DUSTY,NORMAL,-0.1851322074673244,0.0058159867825974,9.76036877932281,0.2740537268765879,0.2833907827471729,0.2823500794893295,0.0109727732182433,0.0493867718705159,-0.0094035240147916,0.1091037753696766,0.0961934775801094,0.1163529940117188,0.2847982423453048,0.7743654001341405,0.3962490626523277,3.508771929824561,1171.778857581421,48.64399082745811,0.0,0.0,0.0,UNKNOWN
2026-09-11 16:13:50.323237,device_0025,route_0015,event_056097,23.719221682300542,78.5458671890379,19.907188043251303,URBAN,WET,NORMAL,-0.025072814586758,-0.0361508126960941,9.91130452259197,0.3273992152623712,0.3741908624566235,0.3574224401439864,-0.0053329357204498,-0.0327284594819528,-0.0173526869973034,0.1025618854877288,0.0962959847116757,0.0879574348633655,0.3794402625480649,0.8679216375424943,0.4978490887886282,16.666666666666668,1191.6511525911126,50.35030585044683,0.0,0.0,0.0,UNKNOWN
2026-09-11 15:23:04.223237,device_0005,route_0033,event_025636,30.628609979884462,78.29179005559813,81.80665719963139,HIGHWAY,WET,NORMAL,0.1421894775347083,0.1817040257450275,9.962125071716043,0.2985732817994496,0.3170571490438362,0.3305477723151586,0.0515201953714436,0.001270499719675,0.0141224486836357,0.1114818442923378,0.09956596306685,0.1031691491659543,0.3744548087882114,1.0247657385939029,0.4839381845063252,17.857142857142854,1173.3612685170888,47.72613644455269,0.0,0.0,0.0,UNKNOWN
2026-09-11 16:20:18.123237,device_0005,route_0035,event_059975,24.734305358749197,81.13771740546993,9.328761994736272,URBAN,CLEAR,NORMAL,0.238147541210997,0.0639902252630115,10.021146437126012,0.3097433303737765,0.2851319567147559,0.3043670932968105,0.0549898133313235,0.0262024881957968,0.0375517405842486,0.0946376409777242,0.1075117436860996,0.0921303915424349,0.3838820786730796,1.1446192657282666,0.4334273330226921,15.178571428571429,1173.3612685170888,47.72613644455269,0.0,0.0,0.0,UNKNOWN
2026-09-11 16:25:30.523237,device_0027,route_0008,event_063099,33.95607965680101,78.74977331221494,20.178368933444272,URBAN,CLEAR,ROUGH_PATCH,0.1185475483590974,0.1779105550538824,10.00255804327339,1.196190502984608,0.718883310612426,1.3196446013517449,0.1051695493215618,-0.0272783414099456,-0.0148028312106326,0.2392061111798584,0.2017051860228525,0.212999742270669,1.3506968810715647,3.6377350279950074,0.4800190540973365,1.818181818181818,1078.2234575296727,51.00983438628853,0.0,0.0,0.0,UNKNOWN
2026-09-11 16:14:31.823237,device_0009,route_0018,event_056512,33.11491471586214,79.44373334732867,10.341309891800524,HIGHWAY,CLEAR,NORMAL,-0.1931536641442846,0.0863370079069458,9.89980726206248,0.291438571098724,0.3125200390189554,0.2507325597941264,0.0316097821487154,0.0284549121700948,-0.007311242166155,0.0834826500132124,0.093416226978312,0.0884055901581232,0.2748056987091,0.6699883672865887,0.3873720532555272,0.8928571428571428,1175.8012798150014,47.62709563372047,0.0,0.0,0.0,UNKNOWN
2026-09-11 16:34:21.923237,device_0015,route_0007,event_068413,24.79719223817497,81.99695342678623,55.021249324440525,URBAN,WET,NORMAL,0.1631674580709098,-0.0865943309778282,9.66112287951204,0.2697021534763967,0.3105356655749862,0.3334856630451069,0.0212027893665104,0.0712150078200174,-0.0237332201288149,0.0941949634914351,0.0960189941922901,0.0831819377210825,0.3556834200408457,0.6798274057044704,0.4533110801284817,1.7543859649122806,1170.7151707482878,48.688187719962,0.0,0.0,0.0,UNKNOWN
2026-09-11 15:20:46.923237,device_0014,route_0028,event_024263,27.22878731076728,75.6159916826762,62.274827124893605,URBAN,WET,NORMAL,0.2032303278952164,-0.1109627865587496,9.727736703480604,0.2810117460011072,0.3582266647692582,0.35240197803416,-0.0284383459819205,-0.0208482905312806,-0.0259796669033241,0.1021353631546173,0.1054705318556669,0.0923034195799272,0.3582295592370216,0.8065579009893522,0.481642908855625,20.535714285714285,1172.5933011717448,47.75739375624995,0.0,0.0,0.0,UNKNOWN
2026-09-11 16:21:02.523237,device_0000,route_0015,event_060419,23.34370012392706,78.64652343056244,21.46810774881726,RURAL,CLEAR,NORMAL,0.0144205345360286,0.1786566873763219,9.885348798736269,0.3126410106104001,0.2779879223340794,0.2724684589032503,0.0123430347723372,-0.0331429090411343,-0.0412372220175296,0.1010802516876538,0.1075393689234928,0.1065648480818172,0.2871275831354055,0.7456328492829503,0.4220748502452576,22.5,1187.9876613670087,50.50557505871605,0.0,0.0,0.0,UNKNOWN
2026-09-11 16:08:44.823237,device_0028,route_0038,event_053042,32.25128703305882,80.35855717795233,78.49575246973602,RESIDENTIAL,CLEAR,NORMAL,0.1381884186180164,-0.0604997838402813,9.688656131810315,0.3211951638668774,0.3069321718947606,0.2962176423973318,-0.0523914317793176,0.0260428843413786,-0.060263405797942,0.114718787807133,0.1090891216755549,0.1073768342784744,0.3135556952431755,0.7165607247169081,0.4225428585413459,18.421052631578945,1164.8650637957344,48.932706260641424,0.0,0.0,0.0,UNKNOWN
2026-09-11 17:13:53.623237,device_0016,route_0015,event_092130,20.58950576818706,79.38601843220218,80.5993775583525,URBAN,CLEAR,NORMAL,-0.0211324825341512,0.0575289299109848,9.870640660628952,0.2452337490698744,0.2802453602895217,0.2889474518148586,-0.0011974903473484,-0.0279235299188757,0.0203941411831215,0.0894369742003861,0.0781313585481215,0.1042515407909584,0.3003009787488498,0.7206787597685711,0.4046097501354304,3.571428571428571,1173.9088107441603,47.70387570777382,0.0,0.0,0.0,UNKNOWN
2026-09-11 16:24:46.623237,device_0019,route_0042,event_062660,34.17738329276874,77.73168377909589,77.0467001624492,URBAN,CLEAR,SPEED_BREAKER,-0.0808521484478708,0.2180893736279521,10.625178493930369,0.753545222650168,1.1599652038354653,1.8351922055467624,0.0214943696460609,0.0104911610003696,0.0571506971595602,0.3016608066218938,0.3036030329839911,0.3157261372478236,2.1752811713787024,6.824908262374958,1.541302302267763,0.7042253521126761,1367.0821075318668,51.93543212132559,0.0,0.0,0.0,UNKNOWN
2026-09-11 15:20:21.923237,device_0017,route_0002,event_024013,26.67017446605257,77.97119913384307,39.57879418882419,HIGHWAY,DUSTY,NORMAL,0.0560073061874198,-0.1970506835105392,9.794128026559376,0.3086887071240276,0.3294439767040928,0.2813777429457566,-0.0291896754153928,0.0329677865129538,-0.0391587373360487,0.1021370530355025,0.0967338459377184,0.0927724240079025,0.279316118193845,0.6995321321983639,0.433966103451243,4.0983606557377055,1168.9485129122031,52.18364994368368,0.0,0.0,0.0,UNKNOWN
2026-09-11 15:00:24.823237,device_0026,route_0017,event_012042,29.426066074758776,77.76381397626776,79.14892271900052,RURAL,CLEAR,ROUGH_PATCH,0.101258972344288,0.2327092722149532,9.68995794879597,0.7247244414720085,0.410496760944692,1.36351123028029,-0.0013574732837782,0.0349218650410223,0.0718249260869448,0.2317080865311191,0.2373544064061445,0.2635528093574976,1.366034908467242,2.931233070195967,0.4739026086968172,1.923076923076923,1054.8211708383528,49.29745575609877,0.0,0.0,0.0,UNKNOWN
2026-09-11 16:03:18.923237,device_0010,route_0008,event_049783,32.80808183802863,78.4084308852315,78.02454394025987,RURAL,CLEAR,ROUGH_PATCH,-0.2029792702600013,0.0917638608467969,9.716588279826446,0.7337986779018913,0.4672495940834469,0.9013767985073216,-0.0130489497723986,0.0575628799767361,0.0048484679759882,0.2302868671256717,0.2499170808067677,0.2721078635561739,0.879143388084988,1.8807259293201304,0.3601632137007149,1.923076923076923,1068.9912384953316,48.64399082745811,0.0,0.0,0.0,UNKNOWN
2026-09-11 16:48:22.023237,device_0014,route_0039,event_076814,34.99654296050171,79.59572594451653,56.206137394827664,HIGHWAY,CLEAR,NORMAL,0.1919530148340285,-0.1402704008276758,9.826992291736603,0.3011585944497656,0.3404278900177365,0.3348180478112147,-0.013927316639498,-0.0464216253451267,-0.051512731827911,0.1007945918834055,0.086448013641468,0.0936799218550898,0.3380303208139534,0.8275283824001534,0.4767084729756546,18.75,1172.5933011717448,47.75739375624995,0.0,0.0,0.0,UNKNOWN
2026-09-11 15:06:00.023237,device_0000,route_0023,event_015394,27.84075960184295,78.42947210919509,37.44542502768148,SERVICE_ROAD,DUSTY,NORMAL,-0.0173904543136639,0.1636477503921218,9.894071304069,0.3137661630881089,0.3221001057819139,0.2761796425350947,-0.0153274954272729,-0.0174899877678315,-0.0538221019033338,0.1184442476232965,0.106081702623164,0.0949018871803658,0.2969261704953978,0.7363998739578612,0.4365846395690683,18.333333333333336,1187.9876613670087,50.50557505871605,0.0,0.0,0.0,UNKNOWN
2026-09-11 16:43:20.223237,device_0003,route_0014,event_073796,34.693202399912764,74.79201083321425,77.23111501724004,URBAN,CLEAR,SPEED_BREAKER,0.2154273955481618,-0.1342262095642157,10.235231065589952,0.812707776638053,0.632567000702658,1.7700344898490716,-0.0008412662716389,0.0443781027348851,-0.0102260472675736,0.243574930387176,0.2686642070287836,0.3035598899319673,1.9199914683505348,7.183669863039846,1.1268567548285318,0.7142857142857142,1374.6739654870846,50.92116513256079,0.0,0.0,0.0,UNKNOWN
2026-09-11 16:03:58.423237,device_0022,route_0020,event_050178,25.42661161584229,73.97951830458167,21.293631940553414,RURAL,RAIN,NORMAL,0.0739530388150537,-0.0150554527532347,9.633547808418214,0.3129034938350347,0.3163527729659991,0.3382312081592649,-0.0179404730510553,-0.0117776635223534,-0.0255777972099963,0.1089783725510852,0.096047607080523,0.1113682886916483,0.3735427458862019,0.9597804327250364,0.4628607401252406,8.196721311475411,1173.9747253078074,51.96023277588557,0.0,0.0,0.0,UNKNOWN
2026-09-11 17:17:49.023237,device_0023,route_0029,event_094484,24.597448316700515,69.66468740967144,82.03030147577724,URBAN,CLEAR,NORMAL,0.0800095056465477,-0.0467440373518026,9.84371419568394,0.2769575456291055,0.3868295559778938,0.3502951561401821,0.0111250060394561,-0.0313038587997565,0.0386291604440285,0.0968419813325149,0.1006686814751588,0.0956028318361847,0.3533035970515077,0.9558332746439504,0.4791316699718411,0.8333333333333334,1182.7936295130366,50.72736147953584,0.0,0.0,0.0,UNKNOWN
2026-09-11 14:40:32.023237,device_0015,route_0001,event_000114,28.6490577482086,77.30315691051587,82.89269597727831,URBAN,CLEAR,NORMAL,0.1402737311932586,-0.1295312737454863,9.672204277437729,0.3199903703457682,0.3357690203023502,0.3431406792629639,-0.0023832612988171,0.0458418708302955,-0.0241887764833679,0.1045029052192545,0.0979037750932947,0.1029223549226176,0.3648029342075001,1.114614717665365,0.4747913769449586,19.29824561403509,1170.7151707482878,48.688187719962,0.0,0.0,0.0,UNKNOWN
2026-09-11 16:21:50.523237,device_0009,route_0046,event_060899,33.885921844482205,78.83194247554457,76.79047109442601,URBAN,WET,NORMAL,-0.1707860674210908,0.081036480919634,10.008663839824177,0.2660232001866753,0.3276981028752952,0.2917966388625438,0.0057549530355856,0.0247672235787968,0.0097843649779611,0.1059910907537776,0.09653742009141,0.0902864763086075,0.3648397006890211,1.0495648672155902,0.4147403864626509,23.21428571428571,1175.8012798150014,47.62709563372047,0.0,0.0,0.0,UNKNOWN
2026-09-11 16:19:58.623237,device_0010,route_0025,event_059780,23.161263106889177,77.11194139209455,9.84918776231184,RESIDENTIAL,CLEAR,NORMAL,-0.1755647981153661,0.0420853406432032,9.705592761141798,0.297404060434053,0.3095540320053699,0.2831391026873468,-0.0004062815846444,0.0285264389386563,-0.0376612986045734,0.0987433545021136,0.1169119620412307,0.1060167964274049,0.2960086307900711,0.6062389260238881,0.4154565425912973,10.526315789473683,1171.778857581421,48.64399082745811,0.0,0.0,0.0,UNKNOWN
2026-09-11 16:24:00.523237,device_0017,route_0031,event_062199,23.30490000160339,79.22813671416552,60.351258215385386,URBAN,CLEAR,SPEED_BREAKER,0.0281104515086247,-0.2826132062559257,10.317792862822042,0.93192189534819,0.6184598808977951,1.6425816690779391,-0.0872433225769188,0.0848920308526086,-0.0603241919660299,0.2238526577741648,0.2720986186431385,0.2666812019556182,1.8262225527310645,6.322354790737162,1.2014065970332344,0.7042253521126761,1360.579416668302,52.18364994368368,0.0,0.0,0.0,UNKNOWN
2026-09-11 16:48:03.923237,device_0008,route_0043,event_076633,21.735005861431542,76.0937442043396,40.87356453714249,RESIDENTIAL,RAIN,NORMAL,0.0751462688347779,0.0478557944636998,9.670265278741256,0.382904655708744,0.2912752175535179,0.273649844149932,-0.0293868936570623,-0.0045302607303491,-0.040531876593898,0.0988198900654435,0.0945820837536574,0.1059997074635097,0.2979632514297843,0.7356992352101361,0.442694026806978,4.0983606557377055,1174.5210483649005,51.936063712881634,0.0,0.0,0.0,UNKNOWN
2026-09-11 15:42:38.423237,device_0002,route_0029,event_037378,26.999911208269427,74.20382286962476,10.046368897236464,RESIDENTIAL,CLEAR,NORMAL,0.0230375737277983,-0.1746396416906384,9.77982991925102,0.3163079545808979,0.2980328487868872,0.2838280493971395,-0.0085388027323157,-0.008954536179462,0.043081267790523,0.1040667017474323,0.1060861637889653,0.1061068453732876,0.282402571439445,0.704769737098836,0.4286425872070927,5.0,1189.0117987248957,50.46207284431021,0.0,0.0,0.0,UNKNOWN
2026-09-11 14:51:33.523237,device_0026,route_0019,event_006729,28.921493208268178,76.55804084612735,72.75357604394047,RESIDENTIAL,CLEAR,NORMAL,0.0010459175933637,0.203709909235933,9.73755865908229,0.3285234776895128,0.3741096578081243,0.3673400534746264,-0.0224399479206957,0.0612200957712565,0.0153494448026491,0.0949738864911822,0.0836737044538519,0.108793120972833,0.3690803167216145,0.9501862303663912,0.4940297824559514,16.666666666666664,1156.2462834189637,49.29745575609877,0.0,0.0,0.0,UNKNOWN
2026-09-11 14:50:11.023237,device_0021,route_0019,event_005904,28.89199571320058,76.62568607669041,60.65667278206941,HIGHWAY,CLEAR,NORMAL,-0.0230781791288176,0.0856752487302203,9.867076698372305,0.3132873577654512,0.2752847312378567,0.2815424759327968,-0.0527501201771545,0.0169525878056985,-0.0460208283584351,0.093050207290568,0.1145971403393628,0.0958242079480249,0.292170939047542,0.8597874706308417,0.4295190651615264,16.666666666666668,1182.3087711011192,50.74816449523607,0.0,0.0,0.0,UNKNOWN
2026-09-11 16:30:17.223237,device_0013,route_0004,event_065966,31.886008014685554,82.08011560981737,58.7607058489324,URBAN,CLEAR,NORMAL,0.0337127689899561,-0.1174598020953654,9.668975851355937,0.3302046192935654,0.3062626879515118,0.3201541568980638,0.002073933404531,0.0326257502206839,-0.0239550588965806,0.1044715666911586,0.0989808570774068,0.0913565773292358,0.3400326153942227,0.8268501071955381,0.4270596622086627,7.017543859649122,1155.761160906742,49.31814801189647,0.0,0.0,0.0,UNKNOWN
2026-09-11 15:04:33.523237,device_0005,route_0025,event_014529,27.22854015381669,77.24654585590893,10.783073952769715,RESIDENTIAL,CLEAR,NORMAL,0.1394054589055633,0.0808838995829802,9.938855705420965,0.2550325197395596,0.2993189813535675,0.2930917475657861,0.0340837686988651,0.0165056381098669,0.0554625079152733,0.0920760305585003,0.0967841882325922,0.0833667632212843,0.3277352441268316,0.7900290304931978,0.3817000152507083,21.428571428571427,1173.3612685170888,47.72613644455269,0.0,0.0,0.0,UNKNOWN
2026-09-11 16:29:39.123237,device_0011,route_0015,event_065585,22.8953146468629,78.76723252785933,18.00803930115204,URBAN,CLEAR,NORMAL,-0.1119117294973097,-0.1107159155988349,9.905952771082848,0.2625832795149297,0.3053275143983831,0.2777115067169745,0.0212661526491217,0.0332882922009992,0.0280305039489306,0.0835135781157625,0.079936474228689,0.0936716901623232,0.3003869171547064,0.7277971756035608,0.3981032430264566,9.01639344262295,1173.916838169756,51.962794992449886,0.0,0.0,0.0,UNKNOWN
2026-09-11 14:52:34.123237,device_0008,route_0043,event_007335,27.87290076979049,77.17306237710956,85.15031439354615,RURAL,WET,NORMAL,0.188090293412495,0.0963848951901924,9.585256511717732,0.259722400580828,0.2602125199622623,0.3086159353352781,-0.0475046623769279,-0.0101513924170446,-0.0168542173155451,0.0959414206666873,0.1086069109470784,0.1060677561390867,0.3703339891326304,1.0148670305749068,0.3960171977262767,10.655737704918034,1174.5210483649005,51.936063712881634,0.0,0.0,0.0,UNKNOWN
2026-09-11 17:07:47.323237,device_0008,route_0003,event_088467,32.61103847746666,70.478411113942,54.08766977058465,URBAN,RAIN,NORMAL,0.1216541733119818,0.0040855433181438,9.747933669900975,0.2725212994583034,0.3362445243110562,0.28143792909608,-0.0414423530471827,-0.0572705231062925,-0.0379477895285247,0.1101371838384029,0.1057385979823954,0.0919888041667979,0.2859017928020896,0.6562347099044246,0.4322392137775054,9.836065573770492,1174.5210483649005,51.936063712881634,0.0,0.0,0.0,UNKNOWN
2026-09-11 15:44:02.923237,device_0006,route_0039,event_038223,31.7409218587902,78.3935751156481,58.91280262997529,SERVICE_ROAD,CLEAR,NORMAL,-0.0387129178947564,-0.096061235618718,9.95465780216421,0.2969743396527508,0.3160035462888453,0.3676768126229245,-0.0322176566344048,-0.0203592434455283,-0.0120817731996319,0.1045909385398541,0.0967209336909782,0.0864945627716722,0.3997309011176686,0.9700587233069272,0.4589864579555021,17.857142857142854,1169.7676911232593,47.87275321839885,0.0,0.0,0.0,UNKNOWN
2026-09-11 16:17:18.023237,device_0014,route_0025,event_058174,23.30575999899587,77.11633916068789,40.29765310145801,URBAN,CLEAR,ROUGH_PATCH,0.1758598333071413,-0.1219770784776183,9.786112168803356,1.189862888845371,0.7066606270986152,0.9792924890328456,-0.0353769883861855,0.026649112215275,-0.0883043588189516,0.1986874115735728,0.229222205212728,0.1610228991686402,0.9718593328223598,2.4629048983714874,0.4819000666945742,1.96078431372549,1067.897470709982,47.75739375624995,0.0,0.0,0.0,UNKNOWN
2026-09-11 17:09:35.623237,device_0017,route_0041,event_089550,26.914361378396947,85.03560085514133,9.9053631063364,HIGHWAY,RAIN,SPEED_BREAKER,0.1156971086229798,-0.2109898602121202,9.859743872514803,0.336126518378929,0.3223179421203876,0.4716685814987509,-0.0273383071390502,0.0258257035989054,-0.0358724237455561,0.0863356962479089,0.074894722994898,0.0764752018880551,0.4812088771217487,1.469363750459488,0.5205902536619613,14.788732394366198,1360.579416668302,52.18364994368368,0.0,0.0,0.0,UNKNOWN
2026-09-11 14:47:16.823237,device_0008,route_0040,event_004162,28.52797284952942,76.86467175701354,20.139490615917296,URBAN,WET,NORMAL,0.1118013210319038,0.0193926223488336,9.743587925821434,0.3238398708491372,0.3181803539852287,0.3390782527007868,-0.0484307704419667,-0.0131079547590784,-0.0409304200585353,0.1056157343455086,0.0875827976221253,0.1189055703686223,0.3398022967608598,1.0242824931969388,0.4380399941426118,4.0983606557377055,1174.5210483649005,51.936063712881634,0.0,0.0,0.0,UNKNOWN
2026-09-11 15:44:34.523237,device_0004,route_0013,event_038539,31.776342184775626,78.62832391623964,20.471069714524937,URBAN,DUSTY,NORMAL,-0.1689111262097506,-0.0267161812763517,9.577618493770323,0.3525327981781586,0.3129734314238591,0.2864401571974536,0.0535586006932646,-0.0093906974168554,0.0245753285537706,0.0949766765338003,0.0956530291597564,0.0974628857484021,0.3554134724956583,0.7908304418175476,0.4449806180917551,14.166666666666668,1194.4208269519645,50.2335513967164,0.0,0.0,0.0,UNKNOWN
2026-09-11 16:36:11.523237,device_0028,route_0031,event_069509,22.69156550534237,79.463987729274,10.62699311402689,RESIDENTIAL,CLEAR,NORMAL,0.1704177682714752,-0.0673472142017754,9.728346916442907,0.3495771686894164,0.3610149003021255,0.3122647510501062,-0.0265261458035884,0.0161604945739426,-0.0543631144654476,0.0952293068613741,0.1100570917084667,0.1007177602363498,0.3181071666485967,0.8840413226971435,0.4861893487897917,10.526315789473683,1164.8650637957344,48.932706260641424,0.0,0.0,0.0,UNKNOWN
2026-09-11 15:36:49.423237,device_0005,route_0015,event_033888,25.64814369303652,78.02789692788518,10.257102379845811,RESIDENTIAL,CLEAR,NORMAL,0.106260207305369,0.0527647604414246,9.966335370075454,0.2620097474419678,0.3419056568938616,0.2393954385444091,0.0228637238436897,0.0127381746070123,0.0514860233493553,0.0991214093539563,0.0904028948450527,0.1104493338286935,0.2998097532223341,0.6052069832213292,0.3923212725502156,12.5,1173.3612685170888,47.72613644455269,0.0,0.0,0.0,UNKNOWN
2026-09-11 15:44:42.723237,device_0017,route_0004,event_038621,30.521865581626308,80.03373524596557,62.00020749822877,RESIDENTIAL,CLEAR,NORMAL,0.0888085482622279,-0.2573820689889167,9.845128847426704,0.2824870750648738,0.2734894151361512,0.3388602077059945,-0.0254045371471413,0.0025583781263198,-0.008854745870989,0.1183933253612356,0.0973214336510334,0.0985290734209058,0.3419234676102142,0.794978799871048,0.4348947038127108,4.918032786885246,1168.9485129122031,52.18364994368368,0.0,0.0,0.0,UNKNOWN
2026-09-11 17:21:19.323237,device_0018,route_0002,event_096587,20.61751898284544,80.41283268799485,42.32883564277718,URBAN,RAIN,NORMAL,-0.0653480580094982,-0.1194222348367497,9.933496151040496,0.3768953097979513,0.3123409487987423,0.2949557916552748,0.0486178429254949,-0.0326478298675035,0.0001481242629118,0.1065170320114487,0.0945565679057257,0.1061623802635763,0.3288330855897423,0.8673981088082492,0.4883102811686742,19.166666666666668,1196.452449290308,50.14825289178003,0.0,0.0,0.0,UNKNOWN
2026-09-11 14:58:02.423237,device_0020,route_0015,event_010618,27.669439520397876,77.4852269830949,10.708488342010591,RESIDENTIAL,CLEAR,NORMAL,0.0943257857927559,-0.1470723817257296,9.58932499710861,0.3020856902539897,0.2630380208177637,0.2884081057500776,0.0227434095525177,0.0142546404224926,-0.0484754150276088,0.1117277970519766,0.1033595734659634,0.0978834755743214,0.3530692705742234,0.806422005316195,0.4022479322391801,18.75,1178.3195617621582,47.52530791923109,0.0,0.0,0.0,UNKNOWN
2026-09-11 15:44:16.323237,device_0008,route_0015,event_038357,25.25998552810147,78.13212187183298,9.885083936893606,URBAN,WET,NORMAL,0.1702545764485657,0.001317269745549,9.67256851540297,0.3087186088760411,0.3638508900679051,0.312917464866145,-0.0633025611080084,-0.0234316040458601,0.0075220307465821,0.1009902651973535,0.1180474675310641,0.0949337765168074,0.3333992253613426,0.8732676991755213,0.4801200172809621,4.0983606557377055,1174.5210483649005,51.936063712881634,0.0,0.0,0.0,UNKNOWN
2026-09-11 15:51:11.123237,device_0000,route_0006,event_042505,25.10314323007039,75.97626616640119,62.00147336098975,ARTERIAL,RAIN,NORMAL,-0.0396963889183095,0.22410866610212,9.932845334752654,0.2481381513532249,0.3043189242181141,0.3077411745218394,-0.0020658200901373,-0.0355722127642647,-0.0482514499224229,0.0945107298062749,0.1032841891552746,0.1193325399999531,0.3389370084644245,0.879548893949293,0.4264624065832253,16.666666666666668,1187.9876613670087,50.50557505871605,0.0,0.0,0.0,UNKNOWN
2026-09-11 15:35:01.323237,device_0020,route_0038,event_032807,30.857753585071062,79.18814535855434,63.43957097142959,RESIDENTIAL,CLEAR,NORMAL,0.1068998993964438,-0.1185762162897131,9.659660818320816,0.3605229423596808,0.3630284314842473,0.2641215534908894,0.0413258927081381,0.0248073636578102,-0.0633286340546207,0.1022695544341942,0.0991415004503321,0.0886409336696137,0.2929215152461822,0.7643822331248167,0.4496675501775352,19.642857142857142,1178.3195617621582,47.52530791923109,0.0,0.0,0.0,UNKNOWN
2026-09-11 16:14:58.623237,device_0024,route_0026,event_056780,24.65989289538101,80.5628758175057,19.453451768713737,HIGHWAY,CLEAR,NORMAL,0.1757004889481886,0.1336430951828166,9.941773543384038,0.3401810802585092,0.3184136903687789,0.3016846925967781,-0.0044406902472058,-0.05824833157309,0.0415178148963945,0.0844734066158684,0.0973889525257158,0.102301308376543,0.339136844056171,0.9551510202877632,0.4523956120288602,12.295081967213116,1165.9444844817242,52.318099885446266,0.0,0.0,0.0,UNKNOWN
2026-09-11 15:47:37.423237,device_0024,route_0008,event_040368,31.99673617931533,78.16698363375784,9.726717786523388,RESIDENTIAL,CLEAR,NORMAL,0.1431507563739827,0.1718734969808782,9.962168353647709,0.3336361721396612,0.3115452310034865,0.2711632517692168,-0.0189906264363753,-0.04271358766154,0.0275980175317335,0.08943692628739,0.0994317304791945,0.0929327558990054,0.3227850540369888,0.7659553159721746,0.4242815218263878,22.950819672131143,1165.9444844817242,52.318099885446266,0.0,0.0,0.0,UNKNOWN
2026-09-11 15:34:19.223237,device_0022,route_0025,event_032386,25.62360633522141,77.19347245616498,81.5202555796881,RURAL,CLEAR,ROUGH_PATCH,0.0595544745210787,-0.0240194171622808,9.632164982133643,0.6777709898258849,0.7951279620749359,1.0130740210257287,0.0161531373012283,-0.0723363561296603,-0.1110570814206261,0.2227201299614026,0.2374789336552213,0.2340676151542171,1.0236091517826198,2.3037546660846324,0.4774194139170974,1.818181818181818,1058.5018015070395,51.96023277588557,0.0,0.0,0.0,UNKNOWN
2026-09-11 15:09:57.923237,device_0029,route_0030,event_017773,30.015077093873668,78.13336122019376,9.81753087556712,RESIDENTIAL,CLEAR,NORMAL,-0.189075252023986,-0.2026495030127724,9.974755916290636,0.2507080842565736,0.3121643877563136,0.3774854328654434,-0.0030505807134129,-0.0395941077670483,0.0044655893874176,0.0933263653853927,0.1107113814479716,0.0942938332732799,0.4218933699483247,1.0305908414269904,0.4526863870288146,3.333333333333333,1185.4321676861896,50.614452379095,0.0,0.0,0.0,UNKNOWN
2026-09-11 16:22:12.723237,device_0029,route_0000,event_061121,23.2058858255466,75.82705355440126,19.717598918787967,RESIDENTIAL,CLEAR,SPEED_BREAKER,-0.1879356922719388,-0.1944378223071886,10.084216619427565,0.4052302723257496,0.37571682040199,0.6763100590350384,-0.0118813014777739,-0.0340038018151075,-0.0067452044681938,0.0985281478344258,0.0947585814864807,0.0826977198146457,0.7457605529060205,3.5836187607814747,0.6154347840562767,0.7142857142857142,1383.0041956338878,50.614452379095,0.0,0.0,0.0,UNKNOWN
2026-09-11 15:10:17.823237,device_0027,route_0044,event_017972,30.11506426378821,76.91011490521159,57.888340764041565,SERVICE_ROAD,WET,SPEED_BREAKER,0.1060992792104319,0.2077405625943037,10.5334454173797,0.92553138866842,0.8526297252505025,1.5208806635156775,0.0978060969566056,0.014910219979855,-0.0148265753004045,0.2215755367484181,0.2183852621398487,0.2650982251986742,1.823580976307175,6.119539228357596,1.3343798385065266,0.7142857142857142,1372.2844004923106,51.00983438628853,0.0,0.0,0.0,UNKNOWN
2026-09-11 16:27:31.023237,device_0001,route_0048,event_064304,22.936145629011904,78.45429766189548,9.56969351833073,RESIDENTIAL,CLEAR,NORMAL,-0.187134083171655,0.2274529000009556,9.93895797280386,0.2458705274123208,0.3186542595324044,0.2976799392744235,-0.039343479684738,-0.0405892878351668,-0.0436047408965946,0.1157117833170532,0.1043851363094404,0.109094932106845,0.3320916925753561,0.7264248894535985,0.4204442225826472,0.8771929824561403,1147.8114285371462,49.659725093210575,0.0,0.0,0.0,UNKNOWN
2026-09-11 16:36:20.123237,device_0007,route_0033,event_069595,34.04247528786935,80.28504060647049,10.452468265660835,URBAN,CLEAR,NORMAL,0.1309568908482759,-0.1137879772844775,9.620413629317648,0.3363026721299201,0.2894836301445856,0.2864258058489826,0.0130902850556893,0.0217582478280219,0.0294311369323095,0.1085547913510884,0.1000406727187784,0.0929493601131058,0.3316785621890818,0.978382184836116,0.4450524940037442,13.157894736842104,1156.3665497149682,49.29232864272136,0.0,0.0,0.0,UNKNOWN
2026-09-11 17:02:58.823237,device_0007,route_0021,event_085582,27.122171885525773,84.81087148963852,9.066902036762666,RESIDENTIAL,CLEAR,POTHOLE,0.0770375719301761,-0.1429184287928193,9.677894773780483,0.3083330891540586,0.2805269543266561,0.746239741944366,0.0206126566953134,0.0226771781539436,0.0249204597913181,0.0858781709862025,0.1039711398987247,0.0855637249665817,0.7540472647085003,3.0431308251984213,0.6779840593461874,21.27659574468085,953.4952252035704,49.29232864272136,3.708217301959216,7.681502452090931,6.27598302728457,MEDIUM
2026-09-11 15:05:19.023237,device_0000,route_0037,event_014984,28.81769036100475,75.7977463835626,81.46885987559872,RESIDENTIAL,WET,NORMAL,-0.0273341821688172,0.2116611448514164,9.958069693205532,0.2811865447031199,0.3440354963591009,0.3006161385693358,-0.0017684656570878,-0.0500595190780327,-0.0474482151929702,0.1222497369412509,0.108160488634836,0.1105764968350353,0.340265084446425,0.8718253122840967,0.4518451262210589,7.5,1187.9876613670087,50.50557505871605,0.0,0.0,0.0,UNKNOWN
2026-09-11 15:38:01.223237,device_0024,route_0048,event_034606,25.537778208941024,77.85043889701812,60.22057732838269,RESIDENTIAL,CLEAR,NORMAL,0.151133299539403,0.1084735167723183,9.928573965666097,0.3027767894924189,0.3016661717310419,0.3402680510835864,-0.0084941150530972,-0.0426426336924729,0.061108912741513,0.0959601835985454,0.1247049138120598,0.0956516204009764,0.36818706010258,1.2257405813938345,0.4292098125393112,11.475409836065571,1165.9444844817242,52.318099885446266,0.0,0.0,0.0,UNKNOWN
2026-09-11 14:56:10.023237,device_0003,route_0039,event_009494,29.317252395158743,77.49844433441748,74.97261730227474,HIGHWAY,CLEAR,NORMAL,0.0438680692796314,-0.0117897572714638,9.624051263876629,0.2654159622384712,0.3066999053465275,0.2930111176419072,0.0327005235258023,0.0480051000576361,0.0370167659929243,0.1152975831276114,0.1022499429573885,0.0949277102844537,0.3384956712734702,0.9503077418602786,0.4124980763853685,9.166666666666668,1178.291970417501,50.92116513256079,0.0,0.0,0.0,UNKNOWN
2026-09-11 15:33:47.723237,device_0025,route_0030,event_032071,31.095523657867496,78.83062897816488,10.115504095060077,URBAN,CLEAR,NORMAL,-0.0767683286408348,-0.0832589652148647,9.931731705834478,0.3142707631247811,0.3516301192422066,0.3434199656890369,-0.0155579784082864,-0.0499367427875413,0.012362723248324,0.1009584456157174,0.0807781578535569,0.0914508249304423,0.373329922590822,1.1656397179835398,0.4880869950252843,16.666666666666668,1191.6511525911126,50.35030585044683,0.0,0.0,0.0,UNKNOWN
2026-09-11 14:48:57.523237,device_0002,route_0018,event_005169,28.951969656024097,77.44652937155848,38.41113122536085,URBAN,CLEAR,SPEED_BREAKER,0.1064270588373537,-0.080220741271539,10.110145015498816,0.5533590716967968,0.4033429645513942,0.994026658685314,-0.002223966525854,-0.0150496420762073,0.0387179988943321,0.1676485427677686,0.172432062944089,0.1486504725991949,1.0747907892824635,3.667458928844168,0.7454642717618988,0.7142857142857142,1387.1804318457116,50.46207284431021,0.0,0.0,0.0,UNKNOWN
2026-09-11 16:38:01.523237,device_0023,route_0033,event_070609,34.12153131123536,80.33098112345705,40.7369478604337,URBAN,CLEAR,NORMAL,0.0761047617094031,0.0658639992892001,9.82659752408309,0.3404642919367606,0.343974607122926,0.3199479384322887,0.009975226049283,-0.0096437536802123,0.0339732434105381,0.0959223375757054,0.1119878699774628,0.0847678624899754,0.3235093532258862,1.0549190725139646,0.4850494566717418,20.0,1182.7936295130366,50.72736147953584,0.0,0.0,0.0,UNKNOWN
2026-09-11 14:59:12.323237,device_0014,route_0042,event_011317,29.573305242324725,77.37926877320203,43.97070611711618,URBAN,CLEAR,NORMAL,0.2126649076939921,-0.0390593310611847,9.734021256047884,0.3339906210531516,0.2842627093023219,0.2525184823422441,-0.0359162261122533,-0.0181934974030056,-0.0503323384053149,0.0996391720719147,0.1005441344839025,0.1004567508706587,0.2580700963320789,0.6987222016437276,0.4052844632748576,7.142857142857142,1172.5933011717448,47.75739375624995,0.0,0.0,0.0,UNKNOWN
2026-09-11 15:51:59.623237,device_0005,route_0016,event_042990,32.453953930522914,76.25258841847676,18.709806697083188,ARTERIAL,CLEAR,ROUGH_PATCH,0.2426316822464438,0.1168501701153942,9.963661785433498,0.8793003855688597,0.5834044949907558,1.27445520905135,0.0487838208255614,0.0037427078307404,0.0807974463614598,0.1981841036407103,0.2141924382106643,0.1926564842107886,1.2939141095668532,3.0752161673214804,0.4455371650510213,1.96078431372549,1068.5968695423487,47.72613644455269,0.0,0.0,0.0,UNKNOWN
2026-09-11 16:53:38.223237,device_0023,route_0037,event_079976,29.80993762384225,70.03758330134639,19.657536803006117,URBAN,CLEAR,NORMAL,0.0273406397898415,-0.0605958985117398,9.843094338810364,0.3446021044204286,0.318345053032392,0.3232087120676726,0.0098273834171536,-0.0417059554564089,0.0333686912611546,0.105601991514594,0.0922358986789661,0.1046462133914144,0.3300570798353083,1.113071302565082,0.4862665631231973,22.5,1182.7936295130366,50.72736147953584,0.0,0.0,0.0,UNKNOWN
2026-09-11 16:20:31.223237,device_0016,route_0005,event_060106,25.733074323288896,72.68430787360977,18.683671457198795,URBAN,CLEAR,NORMAL,-0.1073976979648019,0.0520892046156286,9.846226478279725,0.2819595690575339,0.3055658220607915,0.3323861572562848,0.0130894111048445,-0.0478503773879761,0.0518355522590961,0.0935130789414884,0.112513828133003,0.0843200480023508,0.3382335912327374,0.8763205704650989,0.4432194520900178,6.25,1173.9088107441603,47.70387570777382,0.0,0.0,0.0,UNKNOWN
2026-09-11 16:33:11.523237,device_0025,route_0001,event_067709,22.60181144892413,76.68159315866285,37.69049561166628,RESIDENTIAL,CLEAR,NORMAL,-0.2373089536216589,-0.0497015405280242,9.86567501032031,0.3843767635083534,0.3720887819419523,0.3503776783091969,-0.0302925864957033,-0.0270899399446846,-0.0125734332707538,0.1084160527670679,0.0898980179863822,0.1089399865524751,0.3599945443823424,0.845612387182177,0.5130612772376641,5.833333333333334,1191.6511525911126,50.35030585044683,0.0,0.0,0.0,UNKNOWN
2026-09-11 15:53:34.823237,device_0027,route_0032,event_043942,31.045424733135857,80.2241721767339,87.31154685852971,RESIDENTIAL,CLEAR,ROUGH_PATCH,0.162773860583374,0.1375106373379883,9.986012658258788,0.6082634994593971,0.3923261184330515,1.2516610456206545,0.0727865597848532,0.0369665637340145,-0.0534302978018271,0.1764172142518981,0.2144301284621399,0.1858511025141174,1.271066307047045,2.988836784851726,0.4045933564509901,1.818181818181818,1078.2234575296727,51.00983438628853,0.0,0.0,0.0,UNKNOWN
2026-09-11 15:53:42.323237,device_0029,route_0002,event_044017,25.001887065454596,78.6442441609825,20.83113375828311,RURAL,CLEAR,NORMAL,-0.2349687688966173,-0.2106008126026717,9.939502551118334,0.3101372988781803,0.3451496114712467,0.3288525643217722,0.0118744331762999,-0.0378071624727553,0.0135551385053993,0.095092387009288,0.1094867892764105,0.0927965375096155,0.3641174884951996,0.9148295511020096,0.4701039461394089,11.666666666666668,1185.4321676861896,50.614452379095,0.0,0.0,0.0,UNKNOWN
2026-09-11 16:24:21.823237,device_0011,route_0026,event_062412,24.27105291491362,80.88740916886412,76.61664939089529,ARTERIAL,WET,NORMAL,-0.0977491117437427,-0.1427166994279633,10.018605359826058,0.334225873914705,0.352070038772743,0.2993241450542638,0.0363052910059528,0.0278711516143413,0.0288241108525609,0.0886082521032836,0.1003385371678794,0.0983878176665426,0.3762373280795427,0.9967177203564574,0.4789532947394844,22.13114754098361,1173.916838169756,51.962794992449886,0.0,0.0,0.0,UNKNOWN
2026-09-11 15:26:39.023237,device_0011,route_0003,event_027784,29.80418821077666,75.15877267582327,63.53430108581522,HIGHWAY,CLEAR,SPEED_BREAKER,0.010391607053823,0.0274965206254215,10.552554627656429,0.9446059002153014,0.8460127350397522,1.6936924897262653,0.0194379794288165,-0.0075319960290071,0.0402587987532583,0.2516341924089222,0.2546639417271408,0.2395793843611963,1.9918341689781844,6.742346491720472,1.360445541685356,1.4084507042253522,1366.3622214762734,51.962794992449886,0.0,0.0,0.0,UNKNOWN
2026-09-11 15:16:26.523237,device_0027,route_0013,event_021659,30.40517993109181,77.97740280542953,87.37292758482738,RESIDENTIAL,CLEAR,NORMAL,0.1376055718926781,0.184782000202674,9.92027545988052,0.3450705616879957,0.3140200611842152,0.3753722253338701,0.0298142274891694,-0.013102660481724,0.0024916138193404,0.0912872178241834,0.1075582555228512,0.0708561088744637,0.3948574428362439,1.0799568374104176,0.4705998688885368,5.0,1176.243771850552,51.00983438628853,0.0,0.0,0.0,UNKNOWN
2026-09-11 15:32:38.123237,device_0003,route_0025,event_031375,25.714316764252303,77.1963113220013,41.88836660601828,URBAN,CLEAR,POTHOLE,0.0594152631294443,-0.1589744452986482,9.816077385742709,0.2822212330627695,0.3768151621055953,1.228040705407531,0.0820796855988739,0.0189883145703855,0.0678645629344953,0.2046076955742324,0.2367405278094751,0.2506351582327349,1.2389463501242597,5.242111139367561,0.8405644462108048,4.0,981.9099753479176,50.92116513256079,4.950267762455242,13.093088068109356,9.05721850680183,MEDIUM
2026-09-11 16:58:26.623237,device_0024,route_0032,event_082860,33.225198946142854,82.96231678693955,73.27873007407757,URBAN,CLEAR,NORMAL,0.1550878033567626,0.1294838432008372,9.98278137222509,0.2492004398011289,0.3120425295578661,0.2804795042000438,-0.0024530845598405,-0.0546409667076104,0.0408106075495786,0.1322536854673483,0.1056391604863507,0.0889515665937467,0.3414050744584349,0.7715456925266384,0.4127501843591999,4.0983606557377055,1165.9444844817242,52.318099885446266,0.0,0.0,0.0,UNKNOWN
2026-09-11 15:02:34.923237,device_0015,route_0006,event_013343,27.574121448464904,76.85456928263092,74.53096602405876,URBAN,CLEAR,NORMAL,0.1259531960059258,-0.1062174830793495,9.63817927222773,0.3274268004693656,0.3298311388098938,0.2997797045328578,0.0062852576576954,0.0557163635922572,-0.049830265575541,0.0879006372351413,0.1018224574882843,0.1037979997709363,0.3349793779418978,0.7037869084974098,0.4496564942528449,5.263157894736842,1170.7151707482878,48.688187719962,0.0,0.0,0.0,UNKNOWN
2026-09-11 16:04:42.023237,device_0027,route_0036,event_050614,33.210643372125524,76.89872592993989,86.23691063532809,URBAN,CLEAR,NORMAL,0.0991542489500247,0.1200894312444719,9.952809878089395,0.3334574201720442,0.2844798873639396,0.296771378393878,0.0343259952323474,-0.0097791892136213,0.0053629088896195,0.1168214746309052,0.1111903051680769,0.0925459343218793,0.3378068139366312,0.8430735727231031,0.4362014036533808,15.0,1176.243771850552,51.00983438628853,0.0,0.0,0.0,UNKNOWN
2026-09-11 15:38:22.923237,device_0004,route_0017,event_034823,31.077654131757736,78.97595424873921,75.46844760573921,RESIDENTIAL,CLEAR,NORMAL,-0.1783308096451623,0.0162399402957988,9.593670073473564,0.2742282250461524,0.2778965949498662,0.2750583178124939,0.0342032335154194,-0.0330891538617356,-0.0030419688245858,0.0934281256871769,0.1155889051469982,0.0866477866221094,0.3370932255484774,0.8050897597150044,0.398075653684008,16.666666666666668,1194.4208269519645,50.2335513967164,0.0,0.0,0.0,UNKNOWN
2026-09-11 15:06:44.323237,device_0000,route_0001,event_015837,27.242342342715588,77.15861192571387,20.832063524325,URBAN,RAIN,NORMAL,-0.0220508195648088,0.1397077400412244,9.953484732753571,0.3067229481963616,0.3102442228809702,0.307236165157756,0.0278097001402857,-0.0477381012234768,-0.0168333205411782,0.1155416428154868,0.0966790105651029,0.1042886021590233,0.3474477922512033,0.8012072833569857,0.3823673197784501,5.0,1187.9876613670087,50.50557505871605,0.0,0.0,0.0,UNKNOWN
2026-09-11 17:02:35.423237,device_0004,route_0014,event_085348,35.65978122271431,74.41105369346295,61.27219378523737,HIGHWAY,CLEAR,SPEED_BREAKER,-0.0931625149170848,0.0763237298567523,10.101212681045808,0.7981853320459025,0.7819965251916233,1.5082311025164303,0.0307845664788983,-0.047062149488803,-0.0188154986243206,0.2248670385959582,0.2186505473186906,0.1783939715805457,1.6466775588804647,5.834401447403936,1.0846803351174392,1.4285714285714284,1393.4909647772915,50.2335513967164,0.0,0.0,0.0,UNKNOWN
2026-09-11 16:14:53.523237,device_0027,route_0003,event_056729,31.143552509677075,72.9264004474507,21.90211333310971,HIGHWAY,CLEAR,NORMAL,0.0677972372486393,0.1350389826151352,9.964240579243135,0.2585938897074579,0.3547823744208088,0.3294842303965447,0.0440733286855511,-0.0016544662867631,-0.0023122540256787,0.1101474488909274,0.0948900360425284,0.102142654224346,0.3729612699229359,0.9140198555236374,0.4345171970270733,8.333333333333334,1176.243771850552,51.00983438628853,0.0,0.0,0.0,UNKNOWN
2026-09-11 16:20:12.823237,device_0013,route_0037,event_059922,29.50399378359839,71.81499948391667,42.43047813868397,URBAN,CLEAR,NORMAL,-0.0047106726168793,-0.1013089605991654,9.6337375020835,0.2858985102006007,0.2952417579324478,0.3118172330024695,-0.0032849713447475,0.0568384536353981,-0.0379987474781903,0.1051558958201222,0.1093005960576322,0.1017183293463099,0.3492439353516855,1.0030625636963642,0.4342397057786699,22.807017543859647,1155.761160906742,49.31814801189647,0.0,0.0,0.0,UNKNOWN
2026-09-11 15:36:40.923237,device_0002,route_0010,event_033803,30.022869905215764,79.89639352024183,10.367712069250883,HIGHWAY,CLEAR,NORMAL,0.0134214676013719,-0.0896652333537009,9.77752667197741,0.2931250537466199,0.3152336145703177,0.2988182934132387,-0.0183102946816206,-0.0094680040392534,-0.0054861005309074,0.098725836953325,0.1083384277092672,0.1045969204870565,0.2987179559170219,0.9241494029171112,0.4319817360833658,16.666666666666668,1189.0117987248957,50.46207284431021,0.0,0.0,0.0,UNKNOWN
2026-09-11 15:13:24.323237,device_0019,route_0033,event_019837,30.17799099919561,78.02855252642688,78.5354061451139,HIGHWAY,CLEAR,NORMAL,-0.1063508572692471,0.1246216837928623,9.994487774251704,0.2952492039635467,0.2896189922000403,0.3048382208940963,0.0312609721854857,-0.034393760329736,-0.0105089291940211,0.111171708181668,0.1002001669563048,0.1128032917059271,0.3664968464095848,0.7704132772005057,0.4086142251378506,9.836065573770492,1174.5353318231532,51.93543212132559,0.0,0.0,0.0,UNKNOWN
2026-09-11 15:16:12.323237,device_0028,route_0049,event_021517,30.540728081965742,76.81448395039297,19.82999702016167,URBAN,RAIN,NORMAL,0.1325526193392088,-0.0766912299160102,9.777782278942173,0.2657108095842438,0.3018700410319769,0.2744191789581937,-0.0346482166997402,0.0322461257901381,-0.0569320168234145,0.0909276130599961,0.114036089540024,0.1165011048097429,0.2735583339493184,0.7672267217283526,0.4236673180022331,15.789473684210526,1164.8650637957344,48.932706260641424,0.0,0.0,0.0,UNKNOWN
2026-09-11 17:12:20.123237,device_0010,route_0035,event_091195,22.758303933306777,83.13216090901281,82.98608650477354,RESIDENTIAL,CLEAR,NORMAL,-0.2218222589640971,0.0362512158577235,9.775321946068724,0.3254779367200157,0.3470956382474993,0.2646334527722431,-0.0035807836289214,0.0618387022797747,-0.0389591479254181,0.0905536922124902,0.092824047332105,0.10425231562195,0.2664163423884875,0.772795967582093,0.4425953114811403,17.543859649122805,1171.778857581421,48.64399082745811,0.0,0.0,0.0,UNKNOWN
2026-09-11 15:27:01.623237,device_0020,route_0048,event_028010,26.11557054162624,77.71629100442547,62.92501275190543,URBAN,CLEAR,NORMAL,0.007974951593031,-0.1787302668253116,9.792837649115269,0.2901745425624676,0.3227018580037962,0.2958508036790312,0.0264385496335962,0.0180625716409065,-0.0504746928566731,0.0991334555100445,0.1034554014072916,0.1045944774446097,0.2988068142091921,0.8824632853508785,0.4471507925673765,11.607142857142856,1178.3195617621582,47.52530791923109,0.0,0.0,0.0,UNKNOWN
2026-09-11 15:30:42.623237,device_0027,route_0043,event_030220,25.84573067155854,76.81651274428285,18.473296197607528,HIGHWAY,CLEAR,SPEED_BREAKER,0.0429550969993582,0.1263730225900765,10.141821115066312,0.3582217388420421,0.3701250514289188,0.5552526730078711,0.0269862036371437,0.0001809861307962,-0.0020636469872014,0.1082867746517582,0.0830143596611484,0.0944829024383062,0.6664789953224854,3.177514291137747,0.5944862993867881,1.4285714285714284,1372.2844004923106,51.00983438628853,0.0,0.0,0.0,UNKNOWN
2026-09-11 16:29:00.723237,device_0024,route_0046,event_065201,34.25698438428566,78.94114842781144,73.58871094758919,RURAL,CLEAR,NORMAL,0.124059017394833,0.2289760212457493,9.961793039507938,0.3352024137867836,0.2895881101351735,0.3509302906370039,0.0007940887090178,-0.0569047633854855,0.055151074740897,0.0955752181212418,0.1090445391808025,0.1166189299722221,0.3919413072950816,0.8515949461188992,0.4803000964562768,18.0327868852459,1165.9444844817242,52.318099885446266,0.0,0.0,0.0,UNKNOWN
2026-09-11 15:17:26.723237,device_0026,route_0035,event_022261,27.121824612056677,78.72832577828669,75.12581036936933,RESIDENTIAL,CLEAR,NORMAL,0.0439514279017397,0.2006740300248692,9.617320721920674,0.2864686938804585,0.3309870633183426,0.3307652537363694,0.016203097693322,0.0379718136741823,0.0335516246306343,0.0817525194611212,0.0971430423491847,0.0931712402371619,0.371144061536128,1.0589421161275985,0.4235542512212927,7.017543859649122,1156.2462834189637,49.29745575609877,0.0,0.0,0.0,UNKNOWN
2026-09-11 15:42:12.123237,device_0020,route_0002,event_037115,25.5774457384086,78.41198347318274,10.283255048022008,URBAN,CLEAR,NORMAL,0.0654110248700234,-0.1673350549548132,9.637369043732743,0.2646079357374049,0.3203685637236764,0.3332318273783361,0.0288604598571975,0.0261631900216056,-0.0608170875161942,0.0895607856541317,0.1030580130961872,0.0959193653211144,0.365696481254041,0.9870424603645418,0.4524216789360333,21.428571428571427,1178.3195617621582,47.52530791923109,0.0,0.0,0.0,UNKNOWN
2026-09-11 15:53:44.023237,device_0027,route_0048,event_044034,24.71191796334031,78.04205436042987,75.14630438682158,URBAN,CLEAR,NORMAL,0.1574972243311974,0.1003716549332044,9.985392924588576,0.2842464741448903,0.3620352778800431,0.3822237446626108,0.0450918194049172,-0.0182609970648217,0.0183643215087798,0.0924818469793908,0.1022002101680197,0.1296329319828477,0.4275246258557582,0.941021687916134,0.469531146649614,10.833333333333334,1176.243771850552,51.00983438628853,0.0,0.0,0.0,UNKNOWN
2026-09-11 16:12:59.923237,device_0025,route_0040,event_055593,28.412986640079485,72.24073695964724,62.88566879159249,URBAN,CLEAR,POTHOLE,-0.1434070297833563,-0.0860697911425214,10.642652689394318,0.9385262817523436,1.0937097139861551,3.549162884675493,-0.0552854114080336,-0.0802069426856126,-0.0277362571651722,0.387090718140149,0.2698841227276692,0.2517269928039985,3.799251436214543,17.23846698686345,2.5753424274401477,1.0,993.0426271592604,50.35030585044683,11.89409742589556,23.18153773872569,23.87822776024854,CRITICAL
2026-09-11 15:37:34.423237,device_0022,route_0000,event_034338,25.536158117452985,76.43515654698722,10.122920148088912,URBAN,CLEAR,NORMAL,0.0145772906504118,0.0688829977123481,9.61092664241221,0.31925034301597,0.2971527513503749,0.3201280682250786,-0.0289561840563273,-0.0197355313424786,-0.036689320192337,0.1027021015799588,0.1237272942149453,0.1160071856095288,0.3656674245996161,0.8196264876333981,0.4797483545045293,15.57377049180328,1173.9747253078074,51.96023277588557,0.0,0.0,0.0,UNKNOWN
2026-09-11 14:55:15.623237,device_0015,route_0041,event_008950,28.52715061773468,77.96875443356468,9.791462288787525,URBAN,RAIN,NORMAL,0.1138528921870073,-0.0456248077173437,9.639122607986598,0.3082339094488938,0.3226531493552999,0.255423690196856,0.00119742995791,0.0576524989480139,-0.0402443464994083,0.0899056138750607,0.1120871618776375,0.1031614417821492,0.2966783238145971,0.7716713785099678,0.4174859124033423,17.543859649122805,1170.7151707482878,48.688187719962,0.0,0.0,0.0,UNKNOWN
2026-09-11 16:07:51.223237,device_0025,route_0007,event_052506,25.681187433603327,80.8717785127175,19.68881960756288,RESIDENTIAL,CLEAR,NORMAL,-0.1309392366987574,-0.0666065989005386,9.987192846609336,0.3401481590454097,0.3388169218320059,0.3394165685524309,-0.0035412989118146,-0.0430247455519272,0.0092294222185446,0.1082953248237148,0.0906852969900541,0.1070411347940294,0.3904782215935536,1.1865795859047026,0.474670713764257,8.333333333333334,1191.6511525911126,50.35030585044683,0.0,0.0,0.0,UNKNOWN
2026-09-11 17:01:30.523237,device_0029,route_0016,event_084699,36.09402132974585,75.34716083646751,40.53210045267045,URBAN,CLEAR,POTHOLE,-0.1302823392347167,-0.1343706115611217,10.17472913578169,0.8115778491644199,0.479568797531326,1.081369299018332,0.0020475250553842,-0.0476849960928511,-0.0286637281810371,0.1815864276787135,0.2092464154562419,0.2209012907265218,1.2279968077962438,5.334434368599501,1.1551099049840368,1.0,987.8601397384912,50.614452379095,4.615988324714907,9.484559865697353,6.914763269575748,MEDIUM
2026-09-11 15:28:25.823237,device_0011,route_0024,event_028852,28.69990859899697,74.60011228880418,10.403751034822331,RESIDENTIAL,CLEAR,POTHOLE,-0.073394677210825,-0.0674815163392767,10.045634987188627,0.2858127175285609,0.2728491816418308,1.0084731736440629,0.034607152008796,-0.0052858887923374,0.0217289283327944,0.0984955687646556,0.0753013846639101,0.0790068393696494,1.0406225644272302,3.868306585538164,1.0718249664048274,19.0,962.2269165325868,51.962794992449886,10.590471321096796,16.649552855886697,18.767002414709573,CRITICAL
2026-09-11 16:01:20.023237,device_0020,route_0016,event_048594,32.94269444039949,76.13177028846384,10.1331098036124,HIGHWAY,RAIN,NORMAL,0.0213153373303148,-0.1018321311887649,9.656799689838255,0.2538469865628695,0.2637076101623782,0.2944630165993586,0.032763721101408,0.0301964132480623,-0.0307752933074463,0.1194681974116413,0.102716393903016,0.0913617917624703,0.324775604583994,0.8092451828771594,0.386591280316411,16.07142857142857,1178.3195617621582,47.52530791923109,0.0,0.0,0.0,UNKNOWN
2026-09-11 16:43:38.223237,device_0007,route_0014,event_073976,34.70852917550776,74.78605777649489,65.90914177465287,RURAL,CLEAR,NORMAL,0.1080159758443025,-0.2181362923290374,9.623332261087397,0.2888132311138882,0.324139356323967,0.2866757287529918,0.0352109918225109,0.0110218196808539,0.0199642721501125,0.0955195155066958,0.0926869300975586,0.1006343410044486,0.327946245158301,0.9104622383565246,0.4330558998073481,7.017543859649122,1156.3665497149682,49.29232864272136,0.0,0.0,0.0,UNKNOWN
2026-09-11 15:56:17.223237,device_0012,route_0034,event_045566,27.415975887719675,73.32941670099586,43.1982531426242,RURAL,CLEAR,NORMAL,0.0681987420804207,0.234959479511124,9.795134170063733,0.3251702685868864,0.2735358784464186,0.3803966275236851,-0.0486185769862238,-0.0165967400705833,-0.0018091354597564,0.0900144846694384,0.1004638108291335,0.0980775033287097,0.3833021759797326,0.9408750286799848,0.461997005523343,12.5,1178.0852418549218,47.53476065265595,0.0,0.0,0.0,UNKNOWN
2026-09-11 17:05:24.323237,device_0013,route_0009,event_087037,20.960340596371907,78.51426798005795,87.87454419863708,RESIDENTIAL,CLEAR,NORMAL,-0.1531220489638493,-0.0698036165910212,9.679064040502002,0.3243805606097577,0.2924401274672925,0.310746109844038,-0.0126937328718162,0.0829241964857233,-0.034300267392901,0.1093802642917625,0.0897935962508283,0.1037105170622437,0.3293775725439928,1.0242361404215536,0.4260399263871848,21.052631578947366,1155.761160906742,49.31814801189647,0.0,0.0,0.0,UNKNOWN
2026-09-11 14:58:55.323237,device_0020,route_0028,event_011147,28.02620240445824,76.48505821162455,54.384832203339386,URBAN,CLEAR,NORMAL,0.0420617326213581,-0.0915279222768048,9.669080408162824,0.3168929041175535,0.2643883856306752,0.3119118339038846,0.035418326940119,0.014027478209848,-0.0687227571892561,0.1109307437907677,0.117191373235525,0.0920195698775969,0.3339385753218519,0.9886856759147892,0.4462231304978047,17.857142857142854,1178.3195617621582,47.52530791923109,0.0,0.0,0.0,UNKNOWN
2026-09-11 17:05:01.523237,device_0023,route_0036,event_086809,36.453462837120966,76.61315158791638,64.50876536643136,URBAN,CLEAR,POTHOLE,0.0858287725408121,0.2163523527449715,10.712012785701784,0.574627276273774,1.3310087776170416,3.8907003049987714,0.0182726105553017,-0.0765520647834125,0.0196956589710198,0.3517906122226392,0.2655280953420095,0.2815899666333912,4.148924428656047,17.112628788538323,2.46156624665214,1.0,985.6613579275306,50.72736147953584,11.330553012970292,30.21137660971631,27.20359442114187,CRITICAL
2026-09-11 16:41:04.923237,device_0014,route_0016,event_072443,35.024382045288874,75.61338349181891,64.9213169158542,HIGHWAY,DUSTY,NORMAL,0.2172608848361727,-0.0306987179540738,9.738154293252624,0.3172297801542754,0.3701441478647291,0.2874191771559953,0.0008282435245196,-0.0260520225841187,-0.0355778222725634,0.1144010535728835,0.0980065789637954,0.1161895942292827,0.2891216873810843,0.6689911498056027,0.4978442374372816,16.96428571428571,1172.5933011717448,47.75739375624995,0.0,0.0,0.0,UNKNOWN
2026-09-11 15:26:33.023237,device_0017,route_0021,event_027724,28.16241963982346,79.71273547981151,9.88437676061194,RURAL,CLEAR,NORMAL,0.0499333865780712,-0.1305991105061618,9.820159486403169,0.3348189794251294,0.276615835766664,0.3314782976908441,-0.031075874202131,0.0066503305184288,-0.0172348758399387,0.0924435841248832,0.1081832042563531,0.0922654169036684,0.332033422760399,0.9447560188004154,0.4477056742834563,20.49180327868853,1168.9485129122031,52.18364994368368,0.0,0.0,0.0,UNKNOWN
2026-09-11 15:10:29.823237,device_0021,route_0014,event_018092,30.03285587003722,76.62936451240947,37.0637184750689,HIGHWAY,WET,NORMAL,0.0453785649020245,0.0694267441665383,9.954951346113832,0.2793123379133456,0.3035237705875344,0.3728607625279103,-0.0191805567677642,0.0352690972314743,-0.0442333996723767,0.1018332353678474,0.110375352577089,0.0835403433194138,0.4076129501637699,0.95807462755484,0.4623768233797315,12.5,1182.3087711011192,50.74816449523607,0.0,0.0,0.0,UNKNOWN
2026-09-11 17:03:03.223237,device_0028,route_0047,event_085626,21.30034612654235,79.40483919571598,38.25603231170482,URBAN,WET,NORMAL,0.1920633822703634,-0.0192629968518689,9.683564017280712,0.2581431441965406,0.2808865282259978,0.3085002947880733,-0.0377906353584378,0.0199292970401371,-0.0403267291905736,0.1119828719895932,0.1029598166241986,0.0969300038030661,0.3277118955115772,0.7952162166153283,0.3919078299245482,10.526315789473683,1164.8650637957344,48.932706260641424,0.0,0.0,0.0,UNKNOWN
2026-09-11 17:11:47.223237,device_0001,route_0043,event_090866,20.47408013596129,75.87216941879747,10.416905077031204,HIGHWAY,CLEAR,NORMAL,-0.1551046887542225,0.3088964336011467,9.968500962843931,0.3166751974184813,0.299253274274851,0.2842001229066849,-0.0408964311738483,-0.0248841717333729,-0.0530701432876985,0.1019620052359234,0.0995830546822686,0.0995256498483259,0.3382733177508279,0.6915584781457262,0.4062867219412402,7.894736842105263,1147.8114285371462,49.659725093210575,0.0,0.0,0.0,UNKNOWN
2026-09-11 15:12:36.223237,device_0026,route_0032,event_019356,29.66822437314637,78.49439180549909,21.07885757865894,URBAN,RAIN,NORMAL,0.0512541551915259,0.1862622557700619,9.642202311772769,0.3618083812170091,0.3225360176171154,0.2978697359514956,-0.0166947838650804,0.0446135210657994,0.0195719262514881,0.1107108820866523,0.1004320623490982,0.1004974730934463,0.3299127123164222,0.9896560779571626,0.4842242339241232,13.157894736842104,1156.2462834189637,49.29745575609877,0.0,0.0,0.0,UNKNOWN
2026-09-11 15:35:03.823237,device_0011,route_0013,event_032832,31.312873321144277,78.4082658402641,36.09103012754015,URBAN,CLEAR,SPEED_BREAKER,-0.1768362563411978,-0.2196383038208848,10.246976050372345,0.4163012673470375,0.5641249494570112,0.852586774715063,0.0335299408883081,0.0130734825347235,0.0488692425133262,0.1494473268187549,0.145484243966151,0.1568860303794515,0.9964693014893566,3.354993524552436,0.7915278465267971,0.7042253521126761,1366.3622214762734,51.962794992449886,0.0,0.0,0.0,UNKNOWN
2026-09-11 17:09:13.823237,device_0017,route_0047,event_089332,20.97994175897121,79.49664804201291,79.58612237598422,RESIDENTIAL,CLEAR,NORMAL,-0.0284779656847914,-0.2004187622531998,9.83870973681943,0.3459393240748573,0.2633769288566002,0.3692019961414743,-0.0365845621819325,0.0042390668394544,-0.0040236435546738,0.0930567974826787,0.0978437354912287,0.1122489464434897,0.3730447226246051,0.7714222214718944,0.4833131832498726,18.852459016393443,1168.9485129122031,52.18364994368368,0.0,0.0,0.0,UNKNOWN
2026-09-11 15:32:33.923237,device_0018,route_0037,event_031333,29.067630514435532,74.34873973164272,75.42463467226285,RESIDENTIAL,WET,NORMAL,-0.0599907499197182,-0.0953066314123678,9.978567896757053,0.3429791119504966,0.3279215984485251,0.3048973237625385,0.0321829157216168,-0.0271155717061803,0.0140983778190995,0.1017109877604621,0.10535129356294,0.1036529007216441,0.3596442858142458,0.8363436222270106,0.4512956662083289,3.333333333333333,1196.452449290308,50.14825289178003,0.0,0.0,0.0,UNKNOWN
2026-09-11 16:35:14.623237,device_0016,route_0033,event_068940,33.99182487545722,80.25539963744684,19.62180592857765,URBAN,CLEAR,ROUGH_PATCH,-0.0224427993829334,0.0368725629719466,9.852375202960086,1.306349297395704,0.7354090447935548,0.9816895272059012,0.0179771957780765,-0.052660510437904,0.0197017302364483,0.1691369418662462,0.2250022978992918,0.201966383521815,0.9792796477847668,2.625730803433449,0.4448127252374575,1.96078431372549,1069.0955240705746,47.70387570777382,0.0,0.0,0.0,UNKNOWN
2026-09-11 15:34:41.823237,device_0022,route_0018,event_032612,31.17722180618291,78.51397866967227,72.06551009094302,RESIDENTIAL,CLEAR,NORMAL,0.0201955007492249,0.0530722666691439,9.609901621525486,0.2506379239782118,0.3374159673215393,0.3098895133888284,-0.0181771133320241,-0.0242292868991413,-0.053852494875581,0.1002156029895532,0.0926156463144201,0.0904052374491512,0.3608236943032047,0.9252321620701078,0.4338176320851516,9.836065573770492,1173.9747253078074,51.96023277588557,0.0,0.0,0.0,UNKNOWN
2026-09-11 15:48:48.223237,device_0009,route_0027,event_041076,27.13657221091632,80.47657388394818,20.60016546207777,HIGHWAY,CLEAR,NORMAL,-0.1564661851142655,0.1481901246384464,9.9398914772391,0.2842109087384162,0.2629555995354091,0.2539769729691006,0.0237388192602997,0.0182789734441726,-0.0148436547308998,0.1077895940758233,0.0926657983298685,0.1091409175633231,0.2941683172707346,0.7978947629049618,0.3683107709997779,20.535714285714285,1175.8012798150014,47.62709563372047,0.0,0.0,0.0,UNKNOWN
2026-09-11 15:08:18.923237,device_0018,route_0012,event_016783,27.07975257418152,77.20436302968737,37.79249829457711,HIGHWAY,RAIN,POTHOLE,-0.0937578155618542,-0.1371072221140771,10.057886212259524,0.3654608714133273,0.3488447593951814,0.4982350602947619,0.0683524509733059,-0.0503359547815793,0.0123159192646359,0.2221548412893398,0.1794263624241884,0.1855637063642003,0.5769162545087633,2.3190341328938797,0.6070489428349449,21.0,997.0437077419236,50.14825289178003,1.078093286261343,3.008167090081043,2.145075560807774,LOW
2026-09-11 15:48:53.623237,device_0025,route_0025,event_041130,24.83763089045007,77.16749633234409,9.821435333337485,URBAN,CLEAR,NORMAL,-0.1045028974856478,0.0075826617862272,10.04771789608122,0.2733510925455022,0.3342515992991189,0.349994954960691,-0.0449078914966096,-0.0294278666449749,0.012009181993343,0.0887468102894457,0.1107300842974021,0.1081456953543974,0.4347152424202746,1.00411549356863,0.4410792674249089,11.666666666666668,1191.6511525911126,50.35030585044683,0.0,0.0,0.0,UNKNOWN
2026-09-11 16:50:52.423237,device_0028,route_0023,event_078318,24.78419849377819,83.19195299776187,9.390615156521106,HIGHWAY,CLEAR,NORMAL,0.0352959784803818,0.0167868687493386,9.722707417801235,0.3550953193436529,0.3461309797377544,0.3896566985934285,-0.0529870249243117,0.0118250539623302,-0.0289463014906574,0.1065648521685263,0.1112974810311857,0.0940230909745085,0.3949599641505938,1.0653260866489482,0.5173297210237228,16.666666666666664,1164.8650637957344,48.932706260641424,0.0,0.0,0.0,UNKNOWN
2026-09-11 16:40:37.523237,device_0016,route_0014,event_072169,34.55727339129001,74.84554567132139,38.26346788827232,RURAL,CLEAR,NORMAL,-0.0318122836117648,0.0512935819605033,9.870845826893987,0.3067481390092568,0.3111928475156972,0.2966011840942452,0.0417462308706541,-0.0335946883496756,0.056432543482586,0.0983021767740356,0.1041103943465975,0.0992977876799899,0.3062209135716566,0.6806574464878317,0.4117366991506599,12.5,1173.9088107441603,47.70387570777382,0.0,0.0,0.0,UNKNOWN
2026-09-11 14:47:15.723237,device_0005,route_0003,event_004151,28.71070433265734,76.98126003426344,82.08821316937536,HIGHWAY,CLEAR,NORMAL,0.2111224669121319,0.0866932246134866,9.977826320183937,0.2852187689894458,0.3153802216647779,0.3314826734480658,0.0604381085952043,0.0155643331466557,0.0506812967205629,0.0894165425780399,0.1084373524985912,0.0988393238211196,0.3796180018340737,0.8500893238552383,0.4132890363121511,9.821428571428571,1173.3612685170888,47.72613644455269,0.0,0.0,0.0,UNKNOWN
