accel_magnitude,gyro_magnitude,vertical_acceleration,speed_kmph,vibration_rms,vibration_peak,jerk_rms,frequency_dominant_hz,accel_std,gyro_std,accel_peak_to_peak,speed_adjusted_impact,event_duration_ms,road_type,weather,event_class,severity,pothole_depth_cm,device_id,route_id,event_id,timestamp,latitude,longitude
9.914766866656558,0.052807963316990385,9.90984728029424,54.59789115566063,1.1226825483536886,2.796614315290048,0.4481324877451897,1.923076923076923,1.65517646316059,0.39186959834052376,4.509673050872415,1.9090204511702065,1047.126215507572,URBAN,CLEAR,ROUGH_PATCH,,,device_0001,route_0017,event_075721,2026-09-11 16:46:32.723237,34.042658888895865,81.15245382095478
9.808295473043465,0.10167714020546366,9.805874317634608,63.50053844781647,0.3004284251012828,0.642022250635554,0.4700570538018569,8.771929824561402,0.5462588081683677,0.17966769555759726,1.2024526260489061,0.3804545951181652,1164.8650637957344,URBAN,WET,NORMAL,,,device_0028,route_0039,event_080184,2026-09-11 16:53:59.023237,35.28077848640317,79.70103020922495
10.074379207259998,0.08106505697561077,10.073573744274375,9.525918250536524,1.445079822487228,5.9173524496582015,1.335957137704051,18.0,1.505942073241403,0.15548760932205768,5.665939091236471,17.49929975932978,997.0437077419236,HIGHWAY,CLEAR,POTHOLE,CRITICAL,11.644722483829336,device_0018,route_0036,event_019864,2026-09-11 15:13:27.023237,30.45617225750457,77.14161704982575
9.6831156764068,0.02253695846420171,9.68300876599345,9.500615867321905,0.3436405494854634,0.8760982477893897,0.5053350691147814,22.13114754098361,0.6272679144169436,0.17088051764590018,1.3081068955496455,2.5957282435091753,1173.9747253078074,URBAN,RAIN,NORMAL,,,device_0022,route_0042,event_076699,2026-09-11 16:48:10.523237,35.436198392796214,77.82774091304859
9.8060053139415,0.06207867241907147,9.80518416826145,43.776757891108176,0.3153896855432904,0.8716561506637088,0.4399743969716759,16.96428571428571,0.5456663601157268,0.1812986852055395,1.2574775287138245,0.729774215864852,1173.9088107441603,RESIDENTIAL,CLEAR,NORMAL,,,device_0016,route_0027,event_092991,2026-09-11 17:15:19.723237,25.166967472311537,84.70957840067572
9.845472226857586,0.09540832211667702,9.84363344832608,59.177884126255655,0.605876276150828,1.4637823939116057,0.3619697624830622,1.818181818181818,1.1912106173724892,0.28364743518575875,2.374950875665917,0.9267688617025289,1088.9886895864247,HIGHWAY,WET,ROUGH_PATCH,,,device_0000,route_0016,event_076434,2026-09-11 16:47:44.023237,35.372628866951466,75.52665863237988
9.596214542893193,0.05389127741387431,9.594274730591764,18.30829369045937,0.3707024867119926,0.8642152127189942,0.4644498140958213,6.666666666666667,0.522946373395194,0.17164575694835793,1.2577238665837953,1.5495855034194654,1194.4208269519645,URBAN,RAIN,NORMAL,,,device_0004,route_0004,event_084004,2026-09-11 17:00:21.023237,32.785471359622214,83.43002827911256
9.771899177015882,0.042782470917984004,9.76930322334028,60.389148652328345,0.3185168033439289,0.8836685104204722,0.4598978565991651,8.771929824561402,0.553001890047242,0.17394756724222044,1.2829161603788108,0.5489549272917856,1171.778857581421,RESIDENTIAL,CLEAR,NORMAL,,,device_0010,route_0033,event_080917,2026-09-11 16:55:12.323237,34.92177571518512,80.79830979905452
9.851423368857878,0.04704717128233777,9.851122346263557,36.176046144186,0.3647818906089644,0.8266413909211696,0.51289407788073,16.96428571428571,0.58533987806127,0.17371886324859653,1.447142141769902,0.8230191571908031,1173.9088107441603,RURAL,WET,NORMAL,,,device_0016,route_0031,event_060767,2026-09-11 16:21:37.323237,23.425127986255674,79.18168142979442
10.35719116300869,0.08013603268724583,10.351240013508564,38.01429466874844,1.4099336090390726,5.279392093127793,0.8104156741954822,0.7042253521126761,1.5493843195084196,0.2490751929858974,4.788095169136973,5.026281778382224,1357.0829245606951,HIGHWAY,WET,SPEED_BREAKER,,,device_0024,route_0049,event_050074,2026-09-11 16:03:48.023237,33.07575714520572,76.40325665339904
9.887604425966932,0.038529207674027566,9.885303229077644,39.0737254711424,0.3468475951317532,0.8990471582338184,0.414233323341202,14.285714285714285,0.519282592179184,0.16703746449674295,1.3324614916110242,0.834891478180723,1175.8012798150014,RESIDENTIAL,CLEAR,NORMAL,,,device_0009,route_0022,event_027701,2026-09-11 15:26:30.723237,31.15079551607533,77.12176425927397
9.662244103695134,0.017136104478222294,9.661647635811152,86.63240850732855,0.3276634665943728,0.924173928433083,0.4562895277985206,18.333333333333336,0.5531638519509506,0.15777059126279283,1.2092860969910895,0.40787790754048164,1189.0117987248957,URBAN,RAIN,NORMAL,,,device_0002,route_0031,event_042141,2026-09-11 15:50:34.723237,24.988540002005557,78.58015064286367
9.766980221548428,0.0671686384899802,9.764228404268518,21.714880186145976,0.2736968890495461,0.7850997348867033,0.436382507338735,6.140350877192982,0.5360099935703847,0.17205058976955095,1.0910872880223792,1.2212380212600482,1164.8650637957344,RESIDENTIAL,CLEAR,NORMAL,,,device_0028,route_0031,event_045080,2026-09-11 15:55:28.623237,24.74181242771995,78.6750969663874
9.671367308337485,0.06227952750472081,9.670352120266902,21.00966174111801,0.3743393911394901,1.0572588946993164,0.4518951387244118,15.833333333333334,0.545745508416222,0.18225712311798653,1.4239797695656549,1.690960726527689,1194.4208269519645,HIGHWAY,CLEAR,NORMAL,,,device_0004,route_0021,event_016638,2026-09-11 15:08:04.423237,28.36184935965139,78.73588418709106
9.94791491830756,0.03717942601585573,9.94661779909056,20.056637729045352,0.3719365429770455,0.8533166343496408,0.4670825530503448,4.166666666666667,0.5972385635774375,0.17976677948710662,1.3467548468451511,1.418846048164692,1191.6511525911126,URBAN,CLEAR,NORMAL,,,device_0025,route_0033,event_020424,2026-09-11 15:14:23.023237,30.223862076891532,78.05522924653403
10.22063015332128,0.04984581233963299,10.219172444847594,18.02208029526688,1.7999980670752838,6.023332041851658,1.4853946408697354,19.0,1.8184097224416869,0.20213371037757086,6.946665074348047,10.940532340436938,997.0437077419236,RURAL,CLEAR,POTHOLE,CRITICAL,13.487993768409671,device_0018,route_0023,event_088702,2026-09-11 17:08:10.823237,24.28022367882148,83.97795546535987
10.308299804731279,0.0650692508606348,10.307836121421472,43.03621921369333,1.298922421768301,4.40989244903264,0.8170150242784222,0.7142857142857142,1.39500532351714,0.31041802254807005,4.590953082174696,3.750209963940995,1390.2596780229646,URBAN,CLEAR,SPEED_BREAKER,,,device_0025,route_0044,event_000149,2026-09-11 14:40:35.523237,28.541887154920104,77.21725705167549
9.667292385321767,0.06506707675421326,9.663879292352632,9.907242632941037,0.3451549694386681,0.7998148230818707,0.4215981114136157,12.280701754385964,0.5150665750145789,0.18628780483254498,1.2911523359928552,2.3004267465282,1171.778857581421,RESIDENTIAL,CLEAR,NORMAL,,,device_0010,route_0043,event_001761,2026-09-11 14:43:16.723237,28.36660516949139,77.26001193528015
9.59962525152532,0.046299823842944225,9.597413521040911,64.30473390406328,0.3431272341525249,0.8949024728453416,0.4533679871873024,5.263157894736842,0.5527148576059433,0.15992120241562294,1.1402934561024587,0.5240646858253003,1156.3665497149682,URBAN,CLEAR,NORMAL,,,device_0007,route_0014,event_063120,2026-09-11 16:25:32.623237,33.80006625828059,75.14415271009221
9.70975471932501,0.04045210609601528,9.70845134690458,76.4718509777744,0.3021836052576526,0.7464291503880087,0.4080243460577093,11.666666666666668,0.4910448409199712,0.1740801115152911,1.1541101161654055,0.37102621168446376,1189.0117987248957,HIGHWAY,DUSTY,NORMAL,,,device_0002,route_0033,event_069161,2026-09-11 16:35:36.723237,34.008692704462604,80.26524023245261
9.601302093951244,0.02654852198143331,9.598838208563604,9.057351211777052,0.3667588634447341,0.8362662525137363,0.4196732572462756,2.631578947368421,0.5715531711249053,0.18017905838544743,1.2679024584179253,2.5618251020451,1156.3665497149682,HIGHWAY,CLEAR,NORMAL,,,device_0007,route_0046,event_064883,2026-09-11 16:28:28.923237,34.22974632879965,78.93242453459624
9.780452990147928,0.05559309160272376,9.780074599415192,72.06601563097858,0.2864152202406658,0.6096016545556662,0.3845637051489969,20.535714285714285,0.49954830348071383,0.18013159690404706,1.1426448504094395,0.32056452516879314,1173.9088107441603,HIGHWAY,CLEAR,NORMAL,,,device_0016,route_0001,event_002495,2026-09-11 14:44:30.123237,28.435919016325045,77.28114824720883
9.697394059274579,0.05831871300775897,9.696039986196498,78.13256743877027,0.2958699212928062,0.6618315539439443,0.4388592511197484,15.789473684210526,0.551855046923006,0.18171491780779495,1.1240614858684665,0.32232356765778153,1164.8650637957344,HIGHWAY,CLEAR,NORMAL,,,device_0028,route_0035,event_080296,2026-09-11 16:54:10.223237,23.448261264353125,82.43585280821496
9.786410733797823,0.0460764622527113,9.786081925925595,77.70830059488921,0.2663093750885899,0.5508610458758199,0.3785750186700897,2.5,0.48470220560433824,0.16094202733047935,1.0629095956852979,0.2696720122020385,1182.7936295130366,RESIDENTIAL,CLEAR,NORMAL,,,device_0023,route_0047,event_019447,2026-09-11 15:12:45.323237,27.02237699924421,77.76794441578922
9.825408285007095,0.04572162641029314,9.825254829940478,19.190439234405,0.2441255454859789,0.7440756302122811,0.4114372480762133,1.6666666666666667,0.4902281543850799,0.17532522497115496,0.9689440547367205,1.2834179166531372,1182.3087711011192,RESIDENTIAL,WET,NORMAL,,,device_0021,route_0028,event_041331,2026-09-11 15:49:13.723237,26.19107560529269,74.4847070663248
9.669818314093853,0.05281339644049708,9.669029498748072,36.68842989477508,0.3225629475568886,0.8849693907731613,0.4420326475528045,22.5,0.5193080978392307,0.16702153697437966,1.1952609127217997,0.8699961075537128,1194.4208269519645,RESIDENTIAL,CLEAR,NORMAL,,,device_0004,route_0008,event_014888,2026-09-11 15:05:09.423237,29.800085483994625,77.51383568803372
10.109428491662783,0.03286656284627621,10.108657376943452,18.13479179990575,0.647573773656615,2.4679941816445137,0.5509303225623551,1.4084507042253522,0.7468971246712457,0.16210290888916307,2.2389469842198757,4.459936563135005,1366.3622214762734,RESIDENTIAL,CLEAR,SPEED_BREAKER,,,device_0011,route_0028,event_088636,2026-09-11 17:08:04.223237,23.314778648673112,71.35029921319725
9.805065111216509,0.05232519585247216,9.803401746674696,42.21062512634415,0.3254758023088471,0.7737298677420661,0.4544671334696818,19.166666666666668,0.534553633323966,0.19790910701630537,1.3015427651003968,0.6697419614009692,1189.0117987248957,RESIDENTIAL,CLEAR,NORMAL,,,device_0002,route_0037,event_094892,2026-09-11 17:18:29.823237,30.03762262844646,68.7157646187848
9.673065322072054,0.07373797047460243,9.668615805044054,72.28721173440591,0.3569649281226874,0.877202257711172,0.5144978214636982,12.5,0.5909250474908183,0.1913501162280091,1.3588338719033928,0.45994721147505213,1178.0852418549218,URBAN,CLEAR,NORMAL,,,device_0012,route_0032,event_092731,2026-09-11 17:14:53.723237,33.778132753377555,83.65690675878122
9.718063252872984,0.04114170750515944,9.71661804135204,57.92730898753781,0.3699723519225146,0.8888283211429364,0.50285394801089,5.263157894736842,0.6033291316805502,0.1810884266811635,1.453683362762213,0.5741107344559753,1171.778857581421,ARTERIAL,CLEAR,NORMAL,,,device_0010,route_0026,event_029130,2026-09-11 15:28:53.623237,26.567900063178907,78.96788538861003
9.97684353763154,0.03677459099942234,9.97297429210039,41.36608907981938,0.4236453164193088,1.2799804619018555,0.4827382595984396,17.21311475409836,0.5984428351952387,0.18986423569750355,1.507718163464034,1.1285790667560462,1174.5353318231532,URBAN,WET,NORMAL,,,device_0019,route_0011,event_079022,2026-09-11 16:52:02.823237,23.89711954071234,71.89868096977776
9.84962189973351,0.057692424100414044,9.848781454713976,9.11887494804844,0.3046425807642056,0.7476619285756723,0.4259234289776339,8.333333333333334,0.5399153521154926,0.18025517060847757,1.1941079774892636,2.2796525816015776,1182.7936295130366,RURAL,DUSTY,NORMAL,,,device_0023,route_0041,event_084936,2026-09-11 17:01:54.223237,27.006822070461777,84.63097717994631
9.632574018398882,0.05958725029846354,9.63068547024996,20.86372248089148,0.3794961433587295,0.8877480797897146,0.4548863053140087,1.7543859649122806,0.5501266707644995,0.16959725069573775,1.3897397284197197,1.4281820921577224,1170.7151707482878,URBAN,CLEAR,NORMAL,,,device_0015,route_0027,event_016821,2026-09-11 15:08:22.723237,28.05685140032307,78.4988492715036
9.676239631486357,0.05789782813914927,9.673497264857051,39.02330274296765,0.3601646266373728,0.7641941347964014,0.4704613735608886,22.807017543859647,0.5710362772086769,0.1672581249870203,1.3812900871041478,0.7104932314117258,1170.7151707482878,HIGHWAY,WET,NORMAL,,,device_0015,route_0034,event_036733,2026-09-11 15:41:33.923237,27.63157247303658,74.09380700313612
9.994237988956119,0.035766230729216274,9.993137721748752,79.2833866113815,0.3288755506833615,0.6921473152368662,0.4539627871418276,22.950819672131143,0.5288689041323504,0.16614927654180223,1.0279869609895869,0.33242995675311665,1173.916838169756,RESIDENTIAL,CLEAR,NORMAL,,,device_0011,route_0014,event_015602,2026-09-11 15:06:20.823237,29.82452511105578,76.71135112728571
9.884343111540126,0.031259665552761585,9.881998707310544,62.019271888756656,0.325931180779715,0.8300665033566137,0.4256121116124167,2.6785714285714284,0.549069533940285,0.19632974295598557,1.2565828001806238,0.5029237552060778,1175.8012798150014,RESIDENTIAL,CLEAR,NORMAL,,,device_0009,route_0035,event_028533,2026-09-11 15:27:53.923237,26.72471040272076,79.12898877794495
9.973741515307056,0.0838109670798873,9.97205094148373,72.07211006245825,0.3542553473476532,0.8508344798913363,0.4461964900002417,8.928571428571427,0.5295600032771259,0.16082310245863748,1.2115837666502856,0.4473831364439698,1173.3612685170888,HIGHWAY,WET,NORMAL,,,device_0005,route_0010,event_069769,2026-09-11 16:36:37.523237,31.52379441420644,82.76186670317682
9.721352080732377,0.034156735010013595,9.720133762533091,40.784158142203,0.3596117793573847,0.8194373349211315,0.4954112436128397,8.771929824561402,0.6244978481881174,0.1827138359395621,1.4093887352117136,0.7318992866353987,1156.2462834189637,HIGHWAY,WET,NORMAL,,,device_0026,route_0018,event_011405,2026-09-11 14:59:21.123237,29.457452184328364,77.68925235964568
9.947459419920037,0.04002329023421738,9.94700607962921,9.418949013136334,0.2863941924729146,0.6645326465444441,0.409356477462535,23.333333333333336,0.5220288599280958,0.1950497042620431,0.9538596141342346,1.9808783710077655,1191.6511525911126,URBAN,WET,NORMAL,,,device_0025,route_0038,event_096852,2026-09-11 17:21:45.823237,35.267924234793945,82.89275226068847
9.598447628286355,0.07484396273648367,9.597407862680226,63.37756345916957,0.9335581764279024,1.943973369725886,0.3794630415036769,1.818181818181818,1.3553571667397497,0.41053520245116754,3.7418296043926844,1.1540775711807525,1080.1009728827094,RESIDENTIAL,RAIN,ROUGH_PATCH,,,device_0003,route_0041,event_016130,2026-09-11 15:07:13.623237,28.383437458954432,78.59819289157782
9.64425041336989,0.08033918137543025,9.642495292142543,75.01477390390758,0.3083961756802563,0.7914311042839266,0.4202945157656668,1.7543859649122806,0.5076538784420539,0.15667027439548403,1.087752645102384,0.40064968368898274,1170.7151707482878,HIGHWAY,CLEAR,NORMAL,,,device_0015,route_0042,event_019792,2026-09-11 15:13:19.823237,30.33337659323569,77.43745483824343
9.955358772254062,0.04691760144717403,9.954747480559975,9.628754683707752,0.3544789550497325,0.8398979801319619,0.4693663627104915,4.918032786885246,0.5841744883126564,0.182660697041377,1.2506022337186273,2.4650762292640067,1173.916838169756,URBAN,CLEAR,NORMAL,,,device_0011,route_0005,event_089577,2026-09-11 17:09:38.323237,24.315570972356817,70.44497905546321
9.644572495996123,0.05721452805977718,9.64295896533055,10.470267916614247,0.3619423242152857,0.8541720090142988,0.4902236949902345,10.526315789473683,0.5531614213155912,0.1777071666131388,1.3162183598659816,2.3611781452465546,1171.778857581421,URBAN,RAIN,NORMAL,,,device_0010,route_0024,event_040163,2026-09-11 15:47:16.923237,28.70533185715207,73.58295083092285
10.349478223601059,0.06902030070904329,10.328450984469235,10.966930626054552,1.7226074687558566,4.5590463945609,0.5685114798005216,1.1904761904761905,1.884173077037988,0.5630032072264044,6.097374684215691,12.184318905372558,883.5639313911913,HIGHWAY,CLEAR,OTHER_ANOMALY,,,device_0012,route_0029,event_031776,2026-09-11 15:33:18.223237,27.235529691798803,74.64904905386624
9.698861986292927,0.04395107343153095,9.697393311778894,9.16740191463276,0.3494868036342674,0.9002367598031995,0.4553444015812483,14.912280701754383,0.5554882555078127,0.18536986461843757,1.3508765842707398,2.734743772961857,1164.8650637957344,RESIDENTIAL,CLEAR,NORMAL,,,device_0028,route_0025,event_025330,2026-09-11 15:22:33.623237,26.25768297514029,77.2143000557663
9.723239611623596,0.04697459617104595,9.721441717365636,9.824768964178276,0.2962467095112315,0.7236421809237736,0.442242369396245,13.157894736842104,0.5221128643601882,0.19002930027012638,1.148956600862693,2.093755585496791,1171.778857581421,URBAN,WET,NORMAL,,,device_0010,route_0029,event_079156,2026-09-11 16:52:16.223237,25.2420857546337,70.88313458497066
9.690553210534988,0.04501490091129295,9.688882001744666,38.019449989597625,0.2709936686885951,0.7087768485669148,0.4215575962855078,23.684210526315788,0.502668150251756,0.1551063187595504,1.0037919660459487,0.6747131138007567,1164.8650637957344,URBAN,CLEAR,NORMAL,,,device_0028,route_0047,event_051685,2026-09-11 16:06:29.123237,24.235143129369444,78.56543734591236
9.929574122718012,0.04765536465294077,9.92836770412362,10.148326384603015,0.3025559777155488,0.7478809995342726,0.4441384415719795,3.333333333333333,0.5365926949108691,0.15725537744949689,1.078846859035984,2.114401319856906,1176.243771850552,URBAN,CLEAR,NORMAL,,,device_0027,route_0015,event_075498,2026-09-11 16:46:10.423237,22.034035347594283,78.99819597591967
9.757927488505368,0.048404402329393685,9.755679704908712,40.5263422107026,0.3199156749332081,0.7385074241149301,0.4536036065298606,16.07142857142857,0.5474712349660419,0.17936600537535913,1.2849869370902027,0.6634341717271519,1178.0852418549218,RESIDENTIAL,CLEAR,NORMAL,,,device_0012,route_0002,event_004727,2026-09-11 14:48:13.323237,28.278576906263154,77.32214765453594
9.921155817365776,0.06309506739228941,9.918220605058256,40.49884529275173,0.3529924705162677,0.7103071920538522,0.4417118279240316,23.770491803278688,0.5331460312359964,0.17997050788125196,1.3097917561147767,0.6384949428515185,1165.9444844817242,RESIDENTIAL,CLEAR,NORMAL,,,device_0024,route_0021,event_085198,2026-09-11 17:02:20.423237,27.129130683814317,84.77682059283272
9.74206486268487,0.04121084298314473,9.740067687970267,19.943777073427466,0.4075468691320166,1.2155897530875048,0.479941033975478,3.191489361702128,0.6212690026036884,0.1977605349660797,1.569156765077821,2.0307401783097165,965.32654430122,URBAN,CLEAR,POTHOLE,LOW,1.1442378124770824,device_0015,route_0037,event_035795,2026-09-11 15:40:00.123237,29.135724216854967,73.95315696494818
9.703547393950648,0.046770683386485955,9.702715619566169,9.767983263736076,0.3039071560008449,0.7340697855424523,0.4459190383833427,21.052631578947366,0.5271967945315724,0.17141049005177655,1.1602602265629294,2.132686455178782,1155.761160906742,ARTERIAL,DUSTY,NORMAL,,,device_0013,route_0010,event_012256,2026-09-11 15:00:46.223237,29.12371892640168,78.18000970707531
9.935833812696355,0.011189113844891593,9.932155341982185,39.25906029457578,0.2985284642674419,0.617650615760315,0.4326012769597972,10.655737704918034,0.5387369748395114,0.17649611475056481,1.03825643891415,0.5711179221687916,1174.5353318231532,HIGHWAY,CLEAR,NORMAL,,,device_0019,route_0002,event_035718,2026-09-11 15:39:52.423237,25.694034455708,78.36492473151812
9.82317570027849,0.04302844110570266,9.821808405569035,60.869833769881566,0.3332001737370218,0.7105310079279477,0.4491177470584256,19.672131147540984,0.5163880344658545,0.18288767709609263,1.3277811133680117,0.4381272259450989,1168.9485129122031,HIGHWAY,DUSTY,NORMAL,,,device_0017,route_0001,event_070551,2026-09-11 16:37:55.723237,22.347627803479774,76.65546119933609
9.554991551274968,0.0641189239445103,9.553806527121406,36.3877680124466,0.3975997021377562,0.8623977448086304,0.464933279564426,14.166666666666668,0.5713402864956447,0.1914389550563896,1.2753566987021259,0.854117756190794,1194.4208269519645,RESIDENTIAL,CLEAR,NORMAL,,,device_0004,route_0002,event_054374,2026-09-11 16:10:58.023237,24.13807915563885,78.99265443962199
12.373493247691048,0.12016459675491575,12.369511475354969,75.5523973349146,10.218550491269593,43.29843172712164,5.2607724352778105,1.0,9.90353667575585,1.2864126043707265,39.424968166051954,21.771025476371644,962.2269165325868,HIGHWAY,CLEAR,SEVERE_POTHOLE,CRITICAL,13.64490310045952,device_0011,route_0036,event_039691,2026-09-11 15:46:29.723237,32.23221982982938,76.98484578179401
9.9446501029408,0.03541764591325214,9.94298359191323,55.65136516948826,0.3650073905832487,0.9423824574338332,0.4445940775996956,4.166666666666667,0.5526720650382858,0.1884953486102877,1.3291787439715428,0.6319268333633128,1176.243771850552,URBAN,CLEAR,NORMAL,,,device_0027,route_0016,event_093702,2026-09-11 17:16:30.823237,36.87985526897805,75.15164468439608
9.866578847254827,0.05932410920454527,9.8654076371463,41.75147037322191,0.3117479821964889,0.8183423378381356,0.4932321040336625,15.57377049180328,0.5779141075156755,0.16972136805586072,1.1979823244335428,0.715467573970787,1173.916838169756,URBAN,CLEAR,NORMAL,,,device_0011,route_0035,event_073691,2026-09-11 16:43:09.723237,23.86573178471263,82.01428871188284
9.65235651289579,0.045197298099225174,9.65190464815482,9.059948922953172,0.3499779294345338,0.8295815997998393,0.491401370415245,12.295081967213116,0.5779287482744152,0.18126969223063505,1.2931721583330713,2.540841789486113,1173.9747253078074,URBAN,DUSTY,NORMAL,,,device_0022,route_0019,event_098070,2026-09-11 17:23:47.623237,32.15830614604584,69.00769917054642
9.960176945680665,0.08432622199337947,9.958155632676489,39.9410842755004,0.3697282690671223,0.8044528622792217,0.472591820394071,20.49180327868853,0.5693914943124322,0.1898671981739878,1.3120493999956473,0.7323013307869137,1165.9444844817242,HIGHWAY,CLEAR,NORMAL,,,device_0024,route_0000,event_000575,2026-09-11 14:41:18.123237,28.474217527062464,77.20216137579446
10.556326996271737,0.07542109735778303,10.54964676770975,10.116201275393406,1.701512044801751,4.648111304409428,0.5999910934100344,2.2222222222222223,1.8216005209054595,0.5235741378132756,5.747962348575928,13.170997533201126,897.3393369677311,RESIDENTIAL,CLEAR,OTHER_ANOMALY,,,device_0018,route_0019,event_084610,2026-09-11 17:01:21.623237,31.68144821507352,70.1203882370767
10.045965756870379,0.06486509885446788,10.04582877642826,40.732432333322464,0.7760675864835567,3.849514319122632,0.6711071918628674,9.574468085106382,0.8902911679939621,0.36148778712218765,2.7929112679240227,3.442257993429093,981.7693121927356,RURAL,CLEAR,POTHOLE,MEDIUM,3.661297920140939,device_0006,route_0044,event_061769,2026-09-11 16:23:17.523237,33.98075792673361,76.15487517552076
9.856055362346044,0.06347334023974006,9.85533856075146,81.87811090288804,0.2818142582823892,0.6262916966489058,0.4029328158959712,1.6666666666666667,0.48856142654685286,0.1565803248422704,1.1000072479862588,0.2917119112492466,1182.3087711011192,URBAN,CLEAR,NORMAL,,,device_0021,route_0008,event_032260,2026-09-11 15:34:06.623237,31.29733268443708,77.95896542500628
9.849821723981872,0.053402207108556435,9.849116219679887,41.12070930314864,0.3402988865438396,0.8589734183161291,0.4699157209180505,7.5,0.5616865925549399,0.16892433069363577,1.3455460752940098,0.761489286478205,1182.7936295130366,URBAN,CLEAR,NORMAL,,,device_0023,route_0036,event_082199,2026-09-11 16:57:20.523237,36.040243308931,76.6492679292627
9.99011056077812,0.05140149727197739,9.989047907352806,82.94608404194418,0.9194673844591664,2.5721856692930345,0.4857183184210332,1.818181818181818,1.8156775121607118,0.3868184099063493,3.5492821696939885,1.18334744923172,1096.7480785161158,URBAN,CLEAR,ROUGH_PATCH,,,device_0018,route_0045,event_036290,2026-09-11 15:40:49.623237,25.508966461890243,78.16738150338774
9.94993496913361,0.057232260464357344,9.948524566020208,19.26237582469853,0.3434104016075306,0.9969652440192966,0.4402146767712832,21.311475409836067,0.5047203594033789,0.1718562148482975,1.2230804219349416,1.7142965130170091,1173.916838169756,HIGHWAY,CLEAR,NORMAL,,,device_0011,route_0018,event_078449,2026-09-11 16:51:05.523237,34.89365449007369,80.29715254049951
10.011268424649783,0.02309001481991621,10.008499224381112,65.08525191170338,0.3541876279965221,0.7946317853534062,0.4628124728680567,5.737704918032787,0.552648555709999,0.19185763557690594,1.107377537006105,0.4600876530747898,1174.5353318231532,RESIDENTIAL,CLEAR,NORMAL,,,device_0019,route_0021,event_060055,2026-09-11 16:20:26.123237,27.58124032421437,82.56155345083448
9.937688565423537,0.041435325231255545,9.934746027213484,59.903656787069934,0.3667866815263279,0.9204079720820388,0.4745002782146392,4.166666666666667,0.5888972460435543,0.18398792468021513,1.3486027731017884,0.5761222555065245,1185.4321676861896,URBAN,CLEAR,NORMAL,,,device_0029,route_0032,event_045948,2026-09-11 15:56:55.423237,31.157722117581248,80.36545833056093
9.962155357012984,0.011300007833631916,9.96114304813976,37.98694545835895,0.3236017033086982,0.6990888991627191,0.3936485400186351,6.25,0.5199994291737483,0.16779474275039924,1.1044990180810608,0.6660059611681434,1169.7676911232593,RESIDENTIAL,CLEAR,NORMAL,,,device_0006,route_0023,event_028177,2026-09-11 15:27:18.323237,27.219807736183157,79.39677265374014
10.042155859730947,0.042745635975830566,10.041308788838284,18.06424241856553,0.4128786896058448,1.124143407238666,0.4752747598035208,5.833333333333334,0.5611411222425161,0.17009482392350778,1.3018959022805632,2.037946077482864,1196.452449290308,RURAL,CLEAR,NORMAL,,,device_0018,route_0029,event_084463,2026-09-11 17:01:06.923237,25.018860015115266,70.46136623828636
10.446379226206975,0.07454001379778875,10.44137626867067,56.97104119671312,3.80534759894988,16.598577117263403,2.5426405085963504,1.0,3.8996124617946113,0.473153877103861,14.162376769834232,10.889482476581499,995.3506891266368,RURAL,RAIN,POTHOLE,CRITICAL,11.625192029136588,device_0004,route_0007,event_000578,2026-09-11 14:41:18.423237,28.56588753706404,77.19937797993067
9.93778781035279,0.05797337629377157,9.936080412208414,9.422921258036672,0.3631206341239237,0.8254269978279787,0.4431838585255646,0.8928571428571428,0.5837308046227843,0.18394807233800223,1.3231717504358365,2.4597536764473618,1173.3612685170888,ARTERIAL,DUSTY,NORMAL,,,device_0005,route_0022,event_030959,2026-09-11 15:31:56.523237,31.44317235092004,77.10463682284906
11.33001627558543,0.19296781525193724,11.327882331710397,64.98640584865596,8.306524656135387,39.89159454324471,5.250047172804436,1.0638297872340423,8.174345677642286,1.2186183891454383,32.65026251900364,23.130119073464908,984.1408063405715,RESIDENTIAL,CLEAR,SEVERE_POTHOLE,CRITICAL,14.497858469487053,device_0014,route_0038,event_064290,2026-09-11 16:27:29.623237,33.02588125256402,81.00914106618706
9.560774298578401,0.05064466941595076,9.558270688450031,42.52554318179212,0.3585148132195336,0.9185293419069128,0.4347526094003522,5.357142857142857,0.5302017329801617,0.1737856736986752,1.103850799677904,0.7896989731579372,1178.3195617621582,RESIDENTIAL,RAIN,NORMAL,,,device_0020,route_0040,event_014531,2026-09-11 15:04:33.723237,28.50502062998099,75.93247309246803
9.809291124882867,0.06180399994157712,9.807799379286031,83.08373195812362,0.3237466800379346,0.6473962120673704,0.4728578716669425,23.684210526315788,0.5509975541760336,0.17642171966663264,1.2968369147682814,0.2973672338152375,1164.8650637957344,SERVICE_ROAD,DUSTY,NORMAL,,,device_0028,route_0030,event_017933,2026-09-11 15:10:13.923237,30.027341689249457,78.1413970740244
9.899436646216646,0.05212987854199153,9.897056880601744,76.39351423220072,0.2969462139057182,0.7514021436567333,0.4205064334862028,6.666666666666667,0.5085165887267808,0.1835124604128731,1.115888154926644,0.37386207125438364,1187.9876613670087,URBAN,RAIN,NORMAL,,,device_0000,route_0000,event_033608,2026-09-11 15:36:21.423237,25.599774596520348,76.45192626762756
9.61791342663838,0.04748115639611352,9.6171231437955,10.983082794708166,0.8762005639091643,1.805034641605035,0.4161665567848813,1.818181818181818,1.3707927598269487,0.30572476854894953,3.569334494000068,4.818860487756366,1094.8857580393003,HIGHWAY,WET,ROUGH_PATCH,,,device_0004,route_0026,event_049959,2026-09-11 16:03:36.523237,25.13032576020263,80.16940473612968
9.672381736848651,0.03416742689524591,9.671665095311116,77.38647933899696,0.3462767067109961,0.7901147192471427,0.4053622975401557,0.8928571428571428,0.5178975554968395,0.17118992998840152,1.299716237286674,0.3883272630364553,1178.3195617621582,RURAL,CLEAR,NORMAL,,,device_0020,route_0006,event_066598,2026-09-11 16:31:20.423237,23.061588251753957,75.25070568215409
10.113298521839095,0.06321284395901859,10.11032272531944,9.187831698842317,0.5210710329473838,2.228147311764703,0.4511016863338186,2.2727272727272725,0.584119568080831,0.14345945050457126,1.6400744148810134,6.75819152881758,1382.890066466569,URBAN,DUSTY,SPEED_BREAKER,,,device_0005,route_0014,event_099089,2026-09-11 17:25:29.523237,36.80929994157741,73.9578756546572
9.75003884560434,0.07394478072130445,9.74795727586069,10.289336565001314,0.3056562336976282,0.6903473357179575,0.4455701468408756,2.6785714285714284,0.549953782275887,0.1769290219130791,1.210950918178824,1.932482540606724,1178.3195617621582,RESIDENTIAL,CLEAR,NORMAL,,,device_0020,route_0011,event_034451,2026-09-11 15:37:45.723237,26.546105548149303,74.90680525845876
9.613327259174701,0.07790078307520075,9.61147436967008,59.71949157500763,0.3373906773500504,0.7717739622567787,0.4248599300089808,5.357142857142857,0.504818172299862,0.16628839697180112,1.1586289647547154,0.48448218476337473,1178.3195617621582,RESIDENTIAL,CLEAR,NORMAL,,,device_0020,route_0015,event_034080,2026-09-11 15:37:08.623237,25.631255347469743,78.03212657929927
10.676630978034332,0.12304980824153157,10.671454644811616,86.70156481999624,2.56349062722025,9.27391189223286,1.6813757485859269,1.4084507042253522,2.717547911945348,0.6059659289902064,8.680825852889544,4.089857506047489,1366.3622214762734,RESIDENTIAL,CLEAR,SPEED_BREAKER,,,device_0011,route_0017,event_063587,2026-09-11 16:26:19.323237,33.16307939006485,80.50665888591477
9.678448982429906,0.06239274658710071,9.675983945678391,72.50498765570799,0.9220633202120292,2.085656766865148,0.4677663123911829,1.96078431372549,1.3160863665812965,0.34679080770607384,3.6412458113682318,1.090468389460377,1072.8990595464466,URBAN,CLEAR,ROUGH_PATCH,,,device_0012,route_0016,event_004293,2026-09-11 14:47:29.923237,29.076776433100665,77.09297495302206
9.851722301085221,0.04251832852199782,9.851083812165172,83.22912140006885,0.3025487069399706,0.7546734415945657,0.4571624438229306,10.0,0.5345159088124124,0.17740302967080301,1.1794733521093939,0.3460649056102817,1182.3087711011192,RESIDENTIAL,CLEAR,NORMAL,,,device_0021,route_0023,event_069102,2026-09-11 16:35:30.823237,25.23192999760769,82.49436868374532
9.777376397037626,0.050224586351926934,9.7765786241492,9.97987204636794,0.2926584359506139,0.7168572363357022,0.4304055584855566,4.385964912280701,0.5235153549036025,0.1730483899243201,1.1627394732918468,2.051112439249961,1164.8650637957344,URBAN,CLEAR,NORMAL,,,device_0028,route_0047,event_086411,2026-09-11 17:04:21.723237,21.23262727069742,79.42455104083304
9.65272278093853,0.0777852700418001,9.652011470950043,41.61941327409181,0.3303024206208252,0.6420545942445735,0.4859653357200624,20.175438596491222,0.5634857067681999,0.18487025439930183,1.2094120544749458,0.5629661130334697,1155.761160906742,RESIDENTIAL,CLEAR,NORMAL,,,device_0013,route_0004,event_099476,2026-09-11 17:26:08.223237,33.557226456318766,84.58794681895495
9.774328680944558,0.049728907879540436,9.771883118319684,20.76729572484636,0.8657676753368526,1.9690101488579472,0.3957013058213305,1.818181818181818,1.2368230845926313,0.27434071550241035,3.469466039478764,3.180016374387861,1058.994387869992,HIGHWAY,WET,ROUGH_PATCH,,,device_0008,route_0016,event_053929,2026-09-11 16:10:13.523237,33.408426304022406,76.01535674473546
9.645448765737344,0.05932302528826445,9.643317466911173,19.000355610303345,0.3188757671389226,0.8750397149452436,0.4442139907320463,7.017543859649122,0.5559505794676348,0.1693895492287167,1.1451763681318532,1.5217846711087488,1171.778857581421,RURAL,CLEAR,NORMAL,,,device_0010,route_0012,event_087070,2026-09-11 17:05:27.623237,20.759805945639908,77.0799434910991
10.53149481183888,0.12472470542367209,10.52098923581136,18.762698912422003,1.7536285136134842,4.818831550375048,0.6616502944152802,1.1904761904761905,2.1228939749539197,0.41488196950189554,5.587655156566606,8.467944102613117,845.7557894484236,URBAN,RAIN,OTHER_ANOMALY,,,device_0001,route_0020,event_065083,2026-09-11 16:28:48.923237,24.502483662724387,73.00829229414583
9.846094102954622,0.053213591709312565,9.844362103486594,54.51185615100482,0.3595960477196491,0.9946157795832864,0.4448879491739348,1.6666666666666667,0.5621591896592782,0.16468669972385538,1.4257766471431346,0.6799413623224844,1187.9876613670087,URBAN,RAIN,NORMAL,,,device_0000,route_0034,event_030712,2026-09-11 15:31:31.823237,27.778565034378712,74.61500983323975
9.99763702401614,0.03014711135193605,9.996063416491143,54.91932514966077,0.9273829499679984,2.299104645230617,0.4132211965143448,1.818181818181818,1.2371071238755829,0.385575112474228,3.6245021828138775,1.5608492727237926,1059.007266397925,URBAN,RAIN,ROUGH_PATCH,,,device_0019,route_0039,event_049182,2026-09-11 16:02:18.823237,32.66526367512302,78.73504848622811
9.771208899341033,0.05742770478650963,9.768258916478752,9.258151435885408,0.3221739518149112,0.7124420920671444,0.468477396143768,8.928571428571427,0.5848799053896545,0.181181705949918,1.2866940494064814,2.1494462346803505,1178.0852418549218,RESIDENTIAL,CLEAR,NORMAL,,,device_0012,route_0037,event_057234,2026-09-11 16:15:44.023237,29.46296203560576,72.05320750294977
9.585887070742073,0.06514985549014696,9.584582798369128,85.63585404817609,0.3938566196944222,1.0782273245994105,0.4589536335193855,1.6666666666666667,0.5724502265686309,0.1760862827379531,1.364060712561205,0.48115894517829955,1178.291970417501,URBAN,WET,NORMAL,,,device_0003,route_0010,event_015663,2026-09-11 15:06:26.923237,29.266094594606287,78.45180137890024
10.26997219598085,0.06663662610849483,10.267507977739736,59.80280504917686,1.9321856337312704,6.396022934860536,1.1949594365221006,0.7575757575757576,2.0814448021813328,0.3646990490053469,7.066465220644282,4.009869428111015,1356.7965719363824,RESIDENTIAL,CLEAR,SPEED_BREAKER,,,device_0010,route_0037,event_019966,2026-09-11 15:13:37.223237,28.89378937027331,75.3562376496432
14.205073592127528,0.12737828606079443,14.200636800077078,82.40232130377407,17.865206592050757,73.6751493751513,8.943565803995293,1.0,17.399735216505174,1.3103411606791453,69.38084108659463,34.107949075175206,962.2269165325868,HIGHWAY,CLEAR,SEVERE_POTHOLE,CRITICAL,21.997950743593996,device_0011,route_0002,event_091912,2026-09-11 17:13:31.823237,21.00720804019217,80.25588044944661
9.933053319947543,0.0315310938454569,9.932317461284606,18.29475247440431,0.3467392168639384,0.9810411408745824,0.4656544156587106,16.96428571428571,0.5397538906304673,0.17683291764020578,1.2705599403768595,1.7601292357937153,1169.7676911232593,RURAL,WET,NORMAL,,,device_0006,route_0009,event_091957,2026-09-11 17:13:36.323237,20.523722090171084,78.58571737407951
9.645340366742838,0.06420637987042786,9.644884809569636,79.95428401624422,0.344249130883805,1.000521065935672,0.411024569587051,11.403508771929824,0.5181076924957927,0.15838509032376422,1.2381030416136696,0.47669803996760063,1155.761160906742,RESIDENTIAL,CLEAR,NORMAL,,,device_0013,route_0008,event_081346,2026-09-11 16:55:55.223237,35.528912770781474,79.21749543636619
9.903565196346687,0.0467159096540094,9.901367746851156,36.40776337191629,1.0683816770383463,3.984520032417436,0.7523238548750841,0.7142857142857142,1.2687184782821377,0.23397500412125966,4.088214678109889,3.94431138961451,1393.4909647772915,URBAN,CLEAR,SPEED_BREAKER,,,device_0004,route_0035,event_055325,2026-09-11 16:12:33.123237,25.02892396571061,80.84071214093086
9.667237701301135,0.1382575939380997,9.665494527485713,20.38587812592567,0.9472633729980924,2.192108587549276,0.420219111427741,1.923076923076923,1.5957503397900576,0.3642441028813259,3.8737673129511485,3.5957017028125824,1054.9308874592691,RESIDENTIAL,CLEAR,ROUGH_PATCH,,,device_0007,route_0022,event_029857,2026-09-11 15:30:06.323237,31.344316944727275,77.11027545874889
10.026293409329554,0.05046758041619658,10.023410959584302,39.56703182953648,0.4006058031339541,1.1004125516538077,0.4542629496336013,15.833333333333334,0.5326683381439578,0.1745896173847406,1.292847806976905,1.0103167513998763,1176.243771850552,URBAN,RAIN,NORMAL,,,device_0027,route_0042,event_071222,2026-09-11 16:39:02.823237,34.94517659801349,77.79032852879226
9.824732265838653,0.04748208513921611,9.824070939155964,9.899123871405802,0.3897963371696097,0.9416956092889616,0.5557979988934013,8.333333333333334,0.6448593600816773,0.18195657124536097,1.5537247800210103,2.7100862414105973,1191.6511525911126,ARTERIAL,CLEAR,NORMAL,,,device_0025,route_0030,event_052458,2026-09-11 16:07:46.423237,32.63607002234373,79.82463497607178
9.70761318198305,0.035407127352071265,9.70476403118709,20.22243896720355,0.3053617565812281,0.846942827312926,0.4056459545874235,7.894736842105263,0.5085463860302833,0.18496436752630502,1.1828759166634626,1.3986086677062717,1156.2462834189637,RESIDENTIAL,CLEAR,NORMAL,,,device_0026,route_0038,event_088345,2026-09-11 17:07:35.123237,34.68233968665426,82.40069975800616
9.671997162059688,0.033466989361284415,9.671216079026868,64.02064654063832,0.332050266558918,0.7538145304838455,0.4494397119962047,21.929824561403507,0.546870451164476,0.15787420337959654,1.2395383144466798,0.44328571915792403,1155.761160906742,RESIDENTIAL,CLEAR,NORMAL,,,device_0013,route_0014,event_082363,2026-09-11 16:57:36.923237,35.40982948448441,74.50936350739772
9.716117011007835,0.048343342762006275,9.714772744889236,36.36941422134002,0.3069035886337209,1.0477636467017408,0.4221088508356662,21.666666666666668,0.5001323876760416,0.16817817130111742,1.1995743295915062,1.0381757247771741,1189.0117987248957,URBAN,WET,NORMAL,,,device_0002,route_0026,event_065349,2026-09-11 16:29:15.523237,24.06837088406045,81.05698695973892
9.659545772790862,0.0792203785301788,9.65873292424074,55.24302702844076,0.3652844471502398,1.1494022259239998,0.4384163859919033,11.403508771929824,0.549191707939208,0.1677810915807029,1.3706499143640372,0.7760590797443263,1170.7151707482878,ARTERIAL,CLEAR,NORMAL,,,device_0015,route_0043,event_059649,2026-09-11 16:19:45.523237,23.23931982655981,76.35821016974953
9.840060866677975,0.04090916439168498,9.838591079399736,9.06640478140199,0.3176610810979347,0.6306860452932366,0.4764141152812414,0.819672131147541,0.5807940367217163,0.18804867819682533,1.2534777725649455,1.9307102629819664,1168.9485129122031,URBAN,WET,NORMAL,,,device_0017,route_0031,event_044952,2026-09-11 15:55:15.823237,24.752723170903653,78.67073445589502
9.589773633384663,0.0268325170228957,9.588798445508504,37.17413613446539,0.3787060341103871,1.0881938693514552,0.4268701421760779,21.929824561403507,0.5225133467897378,0.18104526753780467,1.2845077918878332,1.0571625505853097,1156.3665497149682,HIGHWAY,DUSTY,NORMAL,,,device_0007,route_0046,event_039525,2026-09-11 15:46:13.123237,32.04140061005557,78.29054209252013
10.223546139093157,0.08471331860302928,10.222070657912866,54.986343595466735,1.4624491407884377,5.897503413407966,1.0011868378419606,0.7575757575757576,1.6735276091097873,0.43010808118413424,5.215005857293878,3.999233079340219,1388.4576064718722,HIGHWAY,CLEAR,SPEED_BREAKER,,,device_0012,route_0021,event_013935,2026-09-11 15:03:34.123237,28.410447882028908,78.49765737139167
10.502423027778642,0.08048687023138273,10.49847916392822,57.04927111845044,3.2908787480114308,16.22970050222749,2.30250861983848,2.127659574468085,3.288460778105783,0.4845309239399307,12.505937101686207,10.633837361129453,981.7693121927356,HIGHWAY,CLEAR,POTHOLE,CRITICAL,11.8355507461447,device_0006,route_0048,event_093780,2026-09-11 17:16:38.623237,20.3540407923992,79.05345645253583
9.73781390508828,0.06153866667395777,9.73682918677894,18.03081608166364,0.3375729428681874,1.0128460611255363,0.458631057764181,2.459016393442623,0.5504557996038432,0.1842841248399521,1.3414369553206171,1.838962401340245,1174.5210483649005,RESIDENTIAL,CLEAR,NORMAL,,,device_0008,route_0032,event_089884,2026-09-11 17:10:09.023237,33.618777330326395,83.45656665102328
9.890045258753403,0.04292715313474567,9.888445130485628,19.021786171928984,0.3004633507017472,0.8087820381998441,0.3716421106189179,4.4642857142857135,0.4863912597164391,0.17433736025597596,1.1357981801021424,1.4052463734304186,1175.8012798150014,RESIDENTIAL,CLEAR,NORMAL,,,device_0009,route_0046,event_081143,2026-09-11 16:55:34.923237,35.632582846177726,79.34482297587546
9.636984951464473,0.055602082922576346,9.636638774307198,60.016540463656426,0.3076411938431799,0.7770807836909626,0.4172038928635837,3.508771929824561,0.5327799341912931,0.18197578227936853,1.0822867497122992,0.485550001960589,1155.761160906742,URBAN,RAIN,NORMAL,,,device_0013,route_0042,event_095799,2026-09-11 17:20:00.523237,37.1490113696045,77.95882683031708
9.663652871899574,0.027219410238238765,9.662453753204382,19.419030157274747,0.3288144414788988,0.8327096003001024,0.4091425494145079,6.666666666666667,0.5038631572573696,0.17384181733873633,1.2141866400867194,1.4222785396455617,1189.0117987248957,URBAN,CLEAR,NORMAL,,,device_0002,route_0047,event_089404,2026-09-11 17:09:21.023237,20.973781409979143,79.49846770717676
9.920372201664797,0.02562024621363423,9.917290772275022,39.01780373026812,0.3504004945089484,0.899154909637577,0.419809716995446,4.0983606557377055,0.5432164721490808,0.17902850058818093,1.2969365873603635,0.8360770022342308,1174.5353318231532,URBAN,CLEAR,NORMAL,,,device_0019,route_0009,event_055223,2026-09-11 16:12:22.923237,23.7838753129336,78.05208852780787
9.974510795765543,0.05903066747316684,9.969575916387656,18.7732134227455,0.3407187372104603,0.8829586947257297,0.4231612803027732,18.0327868852459,0.5088208053592073,0.17610754313980936,1.1584203821365264,1.5508723838575116,1165.9444844817242,RESIDENTIAL,CLEAR,NORMAL,,,device_0024,route_0017,event_073645,2026-09-11 16:43:05.123237,33.89213179738832,81.04190901034247
9.763498250618877,0.04533004696472835,9.760499176747407,80.45099625539216,0.6503901282244722,1.6001253598252134,0.4437385636561205,1.7857142857142856,1.3015544247660038,0.2692800286664608,2.6103257771300257,0.757895314810118,1073.1330610341536,HIGHWAY,CLEAR,ROUGH_PATCH,,,device_0017,route_0013,event_066293,2026-09-11 16:30:49.923237,34.030978368377,79.6992294675252
11.322087056089012,0.0843407319334116,11.32191430409515,84.70251257521767,6.074840309610678,25.576316439719267,3.299086980142301,2.0,5.963039211904389,0.7140132018515041,22.876340740347484,11.533525126712119,980.2031432087932,RURAL,CLEAR,POTHOLE,CRITICAL,13.825317559947894,device_0027,route_0031,event_065539,2026-09-11 16:29:34.523237,23.02460401923763,79.33568348018385
10.007885862431356,0.04750398277809233,10.004115468034325,10.029309344200817,0.3766247108701598,0.9486936380524787,0.4629163524131521,13.934426229508198,0.5607221028558703,0.1771253456702804,1.2309900709555706,2.7048904968215917,1165.9444844817242,URBAN,CLEAR,NORMAL,,,device_0024,route_0005,event_028110,2026-09-11 15:27:11.623237,27.27179326213251,75.11587836996455
9.735871593294096,0.1301448788180477,9.734994649536532,80.71994832702245,1.3581402189935117,3.3124961016131778,0.4375987348897984,1.923076923076923,1.7476522590484351,0.3503279683744388,5.485375188307248,1.5639745618478462,1062.68391784874,URBAN,CLEAR,ROUGH_PATCH,,,device_0028,route_0022,event_041928,2026-09-11 15:50:13.423237,32.42790836892609,77.04571975308926
9.950291016992868,0.03255396297861714,9.949825678178582,43.79616590799088,0.3734309733259252,1.002866983596748,0.4966655784125643,17.857142857142854,0.577134303456238,0.18655809684923236,1.3442918043781162,0.8392865532580989,1175.8012798150014,URBAN,CLEAR,NORMAL,,,device_0009,route_0027,event_086546,2026-09-11 17:04:35.223237,25.411408704864613,84.18394479897421
9.932767996684362,0.03188956899751809,9.931049540107267,38.627525713918935,0.377075000079236,0.9192346251900768,0.4986188794640405,20.0,0.5906479902755849,0.17220444350053277,1.3871240175066895,0.8625737570219085,1191.6511525911126,RESIDENTIAL,CLEAR,NORMAL,,,device_0025,route_0011,event_082585,2026-09-11 16:57:59.123237,23.68521634935126,71.65821915707913
10.011239589225484,0.0384337727172505,10.009119343127908,10.09636381159812,0.8603598401481353,2.1205547624660745,0.3892455215648466,1.818181818181818,1.3149456281414997,0.2588989510924737,3.3670168023638745,6.017309969600351,1096.7480785161158,HIGHWAY,CLEAR,ROUGH_PATCH,,,device_0018,route_0049,event_038603,2026-09-11 15:44:40.923237,32.057473856635774,76.56842833156439
9.792442378937706,0.04453946386960328,9.789448117657065,18.55580423902812,0.3144533507424446,0.8993074368190541,0.4215474863103899,3.278688524590164,0.5405766276435672,0.18137034023341395,1.2501542822261023,1.5948133390216075,1168.9485129122031,RESIDENTIAL,CLEAR,NORMAL,,,device_0017,route_0033,event_091657,2026-09-11 17:13:06.323237,35.75592603225067,81.28540356976369
9.88798915150423,0.027271296618376507,9.88704217762081,21.50870124115439,0.2748862927433171,0.6987235648022949,0.4064790032794945,0.8928571428571428,0.5217708083413134,0.17919070061552067,1.028845392180294,1.095663096598601,1175.8012798150014,URBAN,CLEAR,NORMAL,,,device_0009,route_0044,event_062786,2026-09-11 16:24:59.223237,34.070402536655294,76.13750344329742
9.953456514912748,0.027955039997399143,9.951722308739557,19.857003105053277,0.3737320546815638,0.869310059134131,0.4417514730130163,14.75409836065574,0.5432167925145293,0.16463330581349256,1.3559261959588156,1.4575343856999337,1174.5353318231532,RURAL,CLEAR,NORMAL,,,device_0019,route_0018,event_084340,2026-09-11 17:00:54.623237,35.37145441307162,80.52616860154659
9.566687892287863,0.05782238700637254,9.56577689384608,10.8597961146438,0.4245117568422205,0.952338827411527,0.45534104897897,1.7543859649122806,0.5616301515843396,0.16495315358030763,1.4373606995038024,2.563531343402568,1156.3665497149682,URBAN,CLEAR,NORMAL,,,device_0007,route_0043,event_039874,2026-09-11 15:46:48.023237,24.99075953323632,76.66636593322549
9.889950793779274,0.04663990970124737,9.889323648501556,41.7869313496853,0.2866810321314634,0.8578460893000699,0.4329062929727745,13.333333333333334,0.5139730119503891,0.18034518746150852,1.0731772400281727,0.7494244003805387,1182.3087711011192,ARTERIAL,CLEAR,NORMAL,,,device_0021,route_0013,event_078468,2026-09-11 16:51:07.423237,35.02004059995822,80.16889624123058
9.778891030768122,0.023367449481382162,9.777410261108438,21.296925902337986,0.2572810890955472,0.745045455468091,0.3861372012024808,10.0,0.46773591611008997,0.17923624282729006,1.030186591951292,1.1780806226723897,1182.7936295130366,ARTERIAL,CLEAR,NORMAL,,,device_0023,route_0037,event_031631,2026-09-11 15:33:03.723237,29.072062863562877,74.32220200831455
9.736540061769459,0.04648567221926714,9.731934985315638,10.820680131732216,0.347380189243152,0.7614508853810662,0.4161220336383683,9.821428571428571,0.5604394971799739,0.17260276156910584,1.3640228960769534,2.0551037566777826,1178.0852418549218,URBAN,CLEAR,NORMAL,,,device_0012,route_0047,event_014952,2026-09-11 15:05:15.823237,27.41111202792761,77.65703426317444
9.71228569109517,0.06503941983848917,9.711023295332142,86.32845472193526,0.3607527823301611,0.7643865668891969,0.4756226611050064,21.052631578947366,0.5746213054969196,0.17653489866813626,1.4107951734428674,0.33849203741711925,1164.8650637957344,RURAL,CLEAR,NORMAL,,,device_0028,route_0011,event_039331,2026-09-11 15:45:53.723237,26.25618624089822,74.57743396496026
9.82110969718062,0.09119818938340528,9.818460572669666,74.9268444201631,0.802753589283768,2.0291496688687864,0.3778279357462242,1.923076923076923,1.3876372985979024,0.33139713185795544,3.2311926805015077,1.0283698448992638,1062.68391784874,URBAN,RAIN,ROUGH_PATCH,,,device_0028,route_0003,event_048587,2026-09-11 16:01:19.323237,30.7662956336794,73.55428376464107
9.943468280825444,0.05306868894966138,9.943356945207857,21.20999794001697,0.3746496559758208,0.8236038357128912,0.4123888382255105,0.8928571428571428,0.5136229802272231,0.17972118788444635,1.3660407690950294,1.3067892154097287,1169.7676911232593,HIGHWAY,CLEAR,NORMAL,,,device_0006,route_0018,event_083594,2026-09-11 16:59:40.023237,35.31109776682636,80.49736487705266
9.95733037950886,0.03377162566003067,9.954469517700112,9.99616562828349,0.3936499830290407,0.8844244566942852,0.4748862920474643,4.0983606557377055,0.6042668711635287,0.16802453958671862,1.4360330324619817,2.5276192928355683,1174.5353318231532,SERVICE_ROAD,WET,NORMAL,,,device_0019,route_0032,event_041487,2026-09-11 15:49:29.323237,30.907758419923034,80.05130736809025
9.80786539346898,0.04610087058906463,9.806656302885688,74.24364622035372,1.1729123842755422,2.937158433076503,0.4306929829412185,1.818181818181818,1.9043567007278461,0.3404467148804483,4.770311978685406,1.501544764314653,1084.2274937202835,RESIDENTIAL,CLEAR,ROUGH_PATCH,,,device_0023,route_0048,event_039627,2026-09-11 15:46:23.323237,25.09796060530109,77.95234866356402
10.416839265972296,0.13617868061232788,10.40110761888943,39.35853168664594,1.2450407746775334,3.304309605690886,0.4945845720945724,2.2222222222222223,1.3995142689937072,0.4344622688820427,3.91393721989035,3.0483593213638134,882.182828887914,RESIDENTIAL,CLEAR,OTHER_ANOMALY,,,device_0027,route_0028,event_087894,2026-09-11 17:06:50.023237,23.35993763819033,71.3994570916055
9.67402530057972,0.09871226015109576,9.67356390186893,72.66233627048251,0.3187133531641559,0.7497751972782609,0.4710227252313037,10.833333333333334,0.5509341934166208,0.16559508754846566,1.1985113730998762,0.3912091562839306,1178.291970417501,RESIDENTIAL,CLEAR,NORMAL,,,device_0003,route_0001,event_026303,2026-09-11 15:24:10.923237,26.30615717826725,77.06227077864695
9.664962851330404,0.046213160951467484,9.663703696210774,20.006673577970247,0.3506278455817118,0.7550277988304153,0.4686832552134128,1.7543859649122806,0.5741335115665487,0.17673248996849789,1.3316481942038791,1.2580298497052376,1170.7151707482878,RESIDENTIAL,WET,NORMAL,,,device_0015,route_0023,event_067403,2026-09-11 16:32:40.923237,25.31461279932259,82.36577549695355
10.493837458524657,0.03485392005989904,10.491723380930855,63.87865993012096,1.893892121417429,7.2977785914438655,1.1429307501547092,0.7575757575757576,1.978180492301308,0.4114775909168941,6.601477451825556,4.300484776191344,1378.6547788238413,URBAN,CLEAR,SPEED_BREAKER,,,device_0006,route_0015,event_098084,2026-09-11 17:23:49.023237,20.07228467395555,79.52505360123627
10.18754932186213,0.08627018989280692,10.180624531696228,72.16599358437344,1.886355018731933,6.930393762198818,1.306105684838924,0.7462686567164178,2.1784225723399975,0.46988697084340825,6.647620264363887,3.639626261565996,1359.237874226366,RURAL,CLEAR,SPEED_BREAKER,,,device_0007,route_0046,event_095601,2026-09-11 17:19:40.723237,36.88015570660433,79.71092638632095
9.970016838996203,0.05392228459596692,9.96977488426567,62.35343292842384,0.3822726148373784,1.0513961364382247,0.422334712040868,5.357142857142857,0.5453576553837685,0.16746783220114345,1.3428900220711775,0.6338156686315699,1173.9088107441603,URBAN,CLEAR,NORMAL,,,device_0016,route_0000,event_005019,2026-09-11 14:48:42.523237,28.08751679813709,77.1012690348647
9.858193134771966,0.02180979836880235,9.858026115573496,41.45841821228703,0.3040493689910761,0.674892560228205,0.4565187183483872,10.833333333333334,0.5434233811726022,0.1811124068132288,1.1949922033304716,0.5938548561690051,1182.7936295130366,RESIDENTIAL,CLEAR,NORMAL,,,device_0023,route_0045,event_005223,2026-09-11 14:49:02.923237,28.189346430747275,77.38050075879555
10.147240011228131,0.056706926816973195,10.14561735097026,10.45017104357161,0.6850429830601426,3.208261256249843,0.478938301900476,0.7575757575757576,0.6981836012932724,0.12638938050367077,2.3425794980257244,8.880894894810506,1382.890066466569,URBAN,CLEAR,SPEED_BREAKER,,,device_0005,route_0019,event_015780,2026-09-11 15:06:38.623237,29.24212973147959,75.80931440848562
9.817536091371496,0.044642573075896634,9.816893364540894,58.14816105774951,0.2951138002923925,0.9720670277542354,0.4151875487371446,1.6666666666666667,0.5030090603337893,0.17610263432787684,1.17178924371105,0.6256449176997969,1182.7936295130366,URBAN,CLEAR,NORMAL,,,device_0023,route_0020,event_045556,2026-09-11 15:56:16.223237,25.71308153460052,74.28038268424915
9.929126869515152,0.04941400126282992,9.926676555226033,18.99758200748688,0.3205378959554264,0.9206675095910324,0.5222617904425139,14.166666666666668,0.610670990972174,0.18048223297200755,1.1385756606307496,1.6013292341626322,1196.452449290308,HIGHWAY,WET,NORMAL,,,device_0018,route_0021,event_012896,2026-09-11 15:01:50.223237,28.42932118150781,78.40592553571472
9.65676299951142,0.05854752092736035,9.654862812612745,39.19984613091324,0.3982241026234607,1.020076154137449,0.5090716961949269,8.035714285714285,0.5970710184358362,0.18391380837947444,1.4972645016835102,0.9445183217053136,1178.3195617621582,RESIDENTIAL,WET,NORMAL,,,device_0020,route_0045,event_034304,2026-09-11 15:37:31.023237,25.67962914491348,78.11725737446216
9.997745861456188,0.05574650367208557,9.995335852771776,9.933059571425192,2.347050164818125,8.756901573789756,2.2794368176741537,20.0,2.380900266234755,0.19725757021220086,9.375250730269936,25.139924304203703,958.1545187804944,HIGHWAY,DUSTY,SEVERE_POTHOLE,CRITICAL,14.448863325760058,device_0017,route_0042,event_093322,2026-09-11 17:15:52.823237,36.92687579404275,77.94191964982728
9.588995429603488,0.04032576628978227,9.587777275177071,84.65295581537886,0.8244806956184262,1.876871974876213,0.4164492778285112,1.818181818181818,1.1819169670439529,0.3643673492661811,3.295125892715415,0.8468401115851468,1094.8857580393003,RESIDENTIAL,CLEAR,ROUGH_PATCH,,,device_0004,route_0013,event_005324,2026-09-11 14:49:13.023237,29.07801531538624,77.34704582860553
9.601593995287576,0.029943286459993387,9.600938663255908,10.255198153178418,0.3821993941180956,1.1308192687154612,0.4644832787903132,15.57377049180328,0.5683258029271584,0.1666377731191874,1.3341015846563273,3.173072044497193,1173.9747253078074,HIGHWAY,WET,NORMAL,,,device_0022,route_0022,event_052925,2026-09-11 16:08:33.123237,33.41527889163762,76.9865995901433
9.942497198658375,0.03974377090906366,9.940686880023003,82.74928291765991,0.3527949708339439,0.8063895803437617,0.5333603486849625,23.770491803278688,0.6253366663701949,0.17357023494681753,1.2782678084361159,0.3718253584224621,1173.916838169756,URBAN,CLEAR,NORMAL,,,device_0011,route_0041,event_062864,2026-09-11 16:25:07.023237,27.44830117142532,82.69569074620117
9.666731223639772,0.07242921891982831,9.666122744193547,72.70071052650039,0.3303119722109474,0.6864906347946977,0.4581613552961838,19.29824561403509,0.5376305864173806,0.19121477975541626,1.2149881386898365,0.3580100523619074,1155.761160906742,RURAL,CLEAR,NORMAL,,,device_0013,route_0036,event_008018,2026-09-11 14:53:42.423237,29.39471627687771,77.2349386097258
9.603836975689793,0.05910639357735105,9.6023797890634,62.96067721399056,0.3419421866911216,0.8162216508981874,0.4183948553476112,10.833333333333334,0.5020258379142252,0.16547134909667624,1.13902882794493,0.4875826738070376,1194.4208269519645,RESIDENTIAL,CLEAR,NORMAL,,,device_0004,route_0041,event_082944,2026-09-11 16:58:35.023237,27.0466866130434,84.45643899717078
9.688506902950946,0.0859985349946507,9.687257724336886,40.80889357747121,1.233458037722094,2.74885544372048,0.4052100099475045,1.923076923076923,1.5297061930837959,0.34131407995012475,4.975163268700651,2.453848086177728,1062.68391784874,SERVICE_ROAD,WET,ROUGH_PATCH,,,device_0028,route_0035,event_090376,2026-09-11 17:10:58.223237,22.81001600387886,83.07967491496895
9.825800596829675,0.05916884008737958,9.824212708391586,21.19439360079418,0.3310609890891411,0.8459604534440199,0.434013039450787,13.392857142857142,0.5422100371480222,0.16717586800694986,1.3159553413507936,1.3430931767571554,1172.5933011717448,HIGHWAY,RAIN,NORMAL,,,device_0014,route_0040,event_041720,2026-09-11 15:49:52.623237,28.444183225704503,73.4881192135404
10.037077943633925,0.0728286489442937,10.035629150230276,38.21232071216479,0.3851479146713453,0.8981502039593234,0.4647171496038179,15.0,0.5574743747892801,0.17130603811266232,1.1776990511284602,0.8510787265960419,1196.452449290308,HIGHWAY,RAIN,NORMAL,,,device_0018,route_0015,event_000866,2026-09-11 14:41:47.223237,28.516126785887295,77.25804451963678
9.780504634518289,0.04887517358640375,9.780469631311778,85.43425158864241,0.3136721613745706,0.7204233751457885,0.4352590873592293,10.714285714285714,0.5394635473435523,0.1702493393883892,1.2557231909939723,0.32221363173447864,1173.9088107441603,URBAN,CLEAR,NORMAL,,,device_0016,route_0034,event_098443,2026-09-11 17:24:24.923237,26.12485720420902,68.75248340756266
9.843684543623635,0.06049198639274776,9.841165361208754,39.7405759808516,0.2713333771910992,0.7783997843289594,0.4687208535823096,20.535714285714285,0.5531720912787359,0.17734562799255787,1.0724709661230882,0.7118331360517255,1172.5933011717448,HIGHWAY,CLEAR,NORMAL,,,device_0014,route_0044,event_083039,2026-09-11 16:58:44.523237,35.85811882242034,75.78826009213756
10.35780513250474,0.08147777056777775,10.357122997897047,41.69746152144553,1.324452799416296,4.887532266030872,0.8449651767633479,0.7142857142857142,1.3251787442723733,0.31393848525581547,4.689815973420892,4.278165222579975,1372.2844004923106,HIGHWAY,CLEAR,SPEED_BREAKER,,,device_0027,route_0040,event_013924,2026-09-11 15:03:33.023237,28.5062734077172,75.98710817561022
9.93030482800788,0.049727715134500874,9.930085087502516,10.39706519962429,0.3505484526526338,0.7610578693771242,0.419580903173587,1.7857142857142856,0.5273074632913586,0.15468084369443208,1.2918249052432174,2.1144805801031867,1173.9088107441603,HIGHWAY,CLEAR,NORMAL,,,device_0016,route_0017,event_079892,2026-09-11 16:53:29.823237,34.345068503866734,81.37432644254385
9.65139400312498,0.06860744347889751,9.650487342011605,42.37399748283802,0.3252367282713125,0.7533832098861755,0.4723170561039194,19.166666666666668,0.5617628264109996,0.1776732330887911,1.185483089663073,0.6498324498896052,1194.4208269519645,URBAN,DUSTY,NORMAL,,,device_0004,route_0000,event_031183,2026-09-11 15:32:18.923237,25.81078993397163,76.50710837029337
10.343222728029842,0.02597597054815996,10.339524846470146,54.03202694679759,1.693817936356185,8.528387581647628,1.1583290026599793,5.0,1.7917405513773546,0.47309025756647427,6.0205058183645095,5.8784006214129,962.7338785435682,ARTERIAL,WET,POTHOLE,MEDIUM,4.803713283780512,device_0019,route_0010,event_013799,2026-09-11 15:03:20.523237,29.188000840353464,78.3030258198438
9.828453708178593,0.03734059270211414,9.824917698993184,75.22489024607275,0.3479296097216534,0.8526693355369339,0.4828521320923695,17.21311475409836,0.5889104847879897,0.17502546983566983,1.375872654355252,0.43050578316412447,1168.9485129122031,URBAN,CLEAR,NORMAL,,,device_0017,route_0030,event_040988,2026-09-11 15:48:39.423237,31.769546521770103,79.2655998288566
9.92662844969395,0.05843251262028256,9.926296079809225,37.02893846066807,0.737308443948306,1.6211956566519472,0.439764108309367,1.818181818181818,1.1003519348067539,0.23956193630271805,2.92312739550308,1.5805387294687996,1092.3468898751864,HIGHWAY,WET,ROUGH_PATCH,,,device_0025,route_0019,event_066733,2026-09-11 16:31:33.923237,31.047899474477024,71.59791666128251
10.588877696184971,0.06512311165753559,10.58635958593712,38.11698860810444,3.6954643764188577,16.406380144295547,2.631916465796838,6.382978723404255,3.6299914612344755,0.6801543810467664,14.425256637617412,15.581721947839847,946.4410024779978,URBAN,CLEAR,SEVERE_POTHOLE,CRITICAL,11.659621938772016,device_0001,route_0048,event_078330,2026-09-11 16:50:53.623237,21.70734561480169,78.739485371395
9.875814612195253,0.03188914481850641,9.875202692994826,20.460612772162115,0.3132389618401014,0.8464751644407489,0.4284623725366229,22.5,0.5369857426091548,0.17889212786815611,1.200568879112037,1.3842256076333406,1182.3087711011192,ARTERIAL,CLEAR,NORMAL,,,device_0021,route_0048,event_024378,2026-09-11 15:20:58.423237,26.433906120659845,77.64240733398412
9.621482282727344,0.08555459541845546,9.619946034162076,78.70182426559586,0.36029280850273,0.9305101319151934,0.3701349252933899,5.0,0.4720114056529342,0.17394675886470473,1.2685354052655953,0.45005543235751216,1178.291970417501,URBAN,RAIN,NORMAL,,,device_0003,route_0046,event_023414,2026-09-11 15:19:22.023237,30.65104140763712,77.88253529109797
9.938819102292696,0.08527593846584317,9.934155776146566,54.03290691802432,0.3500547452218925,0.8530645646242103,0.4260997555137465,14.75409836065574,0.5226654408225869,0.16674891502543918,1.2659567896052941,0.5879867888260195,1165.9444844817242,RESIDENTIAL,CLEAR,NORMAL,,,device_0024,route_0024,event_097559,2026-09-11 17:22:56.523237,28.73362374742407,68.42131649616897
9.642663720596913,0.11086994204430983,9.642409597637014,54.229861331229976,0.3402782048447084,0.8127407958831991,0.4012816475236813,22.5,0.5058277225392204,0.17445184174377945,1.2336926574154568,0.5582982870318518,1178.291970417501,URBAN,CLEAR,NORMAL,,,device_0003,route_0044,event_022992,2026-09-11 15:18:39.823237,30.558238747956395,76.8233868999668
10.015244144790376,0.060130528983690854,10.013524175758535,73.65463333593708,0.3827736141376754,0.7617043181421561,0.4959601794733894,20.833333333333336,0.5659105566267947,0.18003139635029305,1.2574189034619714,0.39235485916055646,1196.452449290308,URBAN,DUSTY,NORMAL,,,device_0018,route_0011,event_003231,2026-09-11 14:45:43.723237,28.4016701419647,77.01408378593212
10.04309768481905,0.06351195164730881,10.041828390123824,37.96557238701446,0.419814019336838,1.0824505825936352,0.4514378481817672,4.0983606557377055,0.5628666629380462,0.16759487261173267,1.3376950340462344,1.0317510483222492,1173.916838169756,RURAL,CLEAR,NORMAL,,,device_0011,route_0010,event_041995,2026-09-11 15:50:20.123237,30.364609555019268,80.549115210155
9.816247163535014,0.053510001430142146,9.81509898326229,9.226599635515464,0.929841685477612,2.156543477442044,0.4505663486598735,1.818181818181818,1.4461475351211592,0.36058486224402536,3.7037678149116537,6.521837923184404,1084.2274937202835,URBAN,RAIN,ROUGH_PATCH,,,device_0023,route_0006,event_049187,2026-09-11 16:02:19.323237,24.536845529022337,75.77512208181034
10.022275986829754,0.035833262984004084,10.020499300192323,9.15147458166284,0.6386039055228561,2.5521694799249843,0.5720631383672602,9.0,0.7265835104307915,0.17517190196440166,2.373473328080216,7.762382732301321,962.7338785435682,RESIDENTIAL,CLEAR,POTHOLE,MEDIUM,3.1462829911212107,device_0019,route_0016,event_022514,2026-09-11 15:17:52.023237,30.66714083963767,76.69743631049415
9.748606656549454,0.08682501448264142,9.74686599124156,43.88222426396126,1.0145025089743172,2.384192091912734,0.4458355589114014,1.923076923076923,1.6692688224606809,0.3788533966184063,4.23289520156488,1.9917137339062212,1068.9912384953316,URBAN,CLEAR,ROUGH_PATCH,,,device_0010,route_0040,event_021325,2026-09-11 15:15:53.123237,28.48973684900704,75.3215835912165
9.679829635885605,0.04803547317000205,9.679547927837262,41.315303311324726,0.3488022125146376,0.9695479748174308,0.4880509436017125,23.684210526315788,0.5780975997284683,0.1782682389877527,1.3234222307477381,0.8558238863868591,1155.761160906742,HIGHWAY,RAIN,NORMAL,,,device_0013,route_0018,event_086233,2026-09-11 17:04:03.923237,35.52482983500053,80.59993164490884
9.629373875480798,0.08322628530657561,9.62693405218818,87.1015377972762,0.3784033543250956,1.1267535573329877,0.4908194279532551,19.642857142857142,0.5830498589740821,0.14923059945194506,1.3735603713015152,0.49472427560566423,1178.3195617621582,RURAL,CLEAR,NORMAL,,,device_0020,route_0045,event_088126,2026-09-11 17:07:13.223237,21.035487518765223,79.48118543689527
9.967722465742183,0.07287579609083857,9.96446757722325,43.642095995849246,0.3704527159537832,0.7371640062560871,0.4455653923697498,6.557377049180328,0.5352322186843913,0.17134606404972436,1.3058150739551522,0.6189181989980554,1173.916838169756,URBAN,CLEAR,NORMAL,,,device_0011,route_0016,event_029823,2026-09-11 15:30:02.923237,31.30490655910004,76.53861472425642
9.65541047667042,0.07939252261194647,9.655017551683692,10.562176252360736,0.3631156740144758,0.8061303408759741,0.4414214723764696,24.166666666666668,0.5235670733712932,0.1549409786650057,1.3391324528036854,2.21431282496746,1178.291970417501,URBAN,WET,NORMAL,,,device_0003,route_0010,event_092484,2026-09-11 17:14:29.023237,32.47167263760045,84.57137784654616
9.656863022872983,0.060186613845515366,9.65577852246943,19.9587397497942,0.3456218695641198,0.7287542098106474,0.4320237797144761,8.928571428571427,0.5254017283828893,0.15069072225682112,1.275494612778079,1.21668204157843,1178.3195617621582,RESIDENTIAL,CLEAR,NORMAL,,,device_0020,route_0048,event_068424,2026-09-11 16:34:23.023237,22.575035896914027,78.53793069062823
10.1529188778803,0.043294070678057545,10.150368109154892,18.320529240629742,0.8090362820817198,4.238432846081944,0.7928883322944645,19.0,0.9326868196101082,0.18417167781128876,2.840131094486118,7.595577686154116,962.7338785435682,URBAN,DUSTY,POTHOLE,LOW,2.243744842788823,device_0019,route_0003,event_064483,2026-09-11 16:27:48.923237,31.501635589161666,72.32836663241103
9.679897037570734,0.06910464349889195,9.6783083116228,43.03450684483676,0.3313291218246397,0.8142774947347764,0.4172698991304699,20.535714285714285,0.5428703181175198,0.1735271155546561,1.2547640683829648,0.6924937024818951,1178.3195617621582,URBAN,CLEAR,NORMAL,,,device_0020,route_0040,event_051019,2026-09-11 16:05:22.523237,28.42337719121928,72.65210289031438
9.867684827957667,0.027560868255559517,9.867461925191082,36.733148530630366,0.3275206344522562,0.9804536430825052,0.4456399590206124,1.6666666666666667,0.5366891885274704,0.17729688875127297,1.2726690153899014,0.9628066363151153,1176.243771850552,RESIDENTIAL,WET,NORMAL,,,device_0027,route_0018,event_026753,2026-09-11 15:24:55.923237,30.702033923091307,78.28619455063746
9.705775912928043,0.0546175946916878,9.704800167873708,62.497736919315074,0.3022651663730915,0.7826757833571492,0.4200070885385362,1.7543859649122806,0.5221777637732894,0.17007221990105423,1.1687932892505195,0.4707984479572937,1164.8650637957344,URBAN,CLEAR,NORMAL,,,device_0028,route_0003,event_049963,2026-09-11 16:03:36.923237,30.83006255358077,73.44812837848272
9.95700747027637,0.03842564798266523,9.951577695484149,58.47316680659574,0.3653938125154405,0.9252887316622882,0.4412014086654657,22.950819672131143,0.515622806810777,0.18082465693401362,1.3033896594751226,0.5924391408085935,1165.9444844817242,HIGHWAY,CLEAR,NORMAL,,,device_0024,route_0041,event_042731,2026-09-11 15:51:33.723237,27.85110158280655,80.93048466724424
9.956402220326911,0.05073343413983301,9.954613993070035,19.552090517556056,0.3611962958960635,0.8992171829287408,0.4980406253267608,3.333333333333333,0.5978689725293356,0.17671109554269837,1.2864737135920379,1.5271972265195768,1191.6511525911126,RESIDENTIAL,CLEAR,NORMAL,,,device_0025,route_0013,event_029056,2026-09-11 15:28:46.223237,31.00610408490642,78.26260861292158
9.67936512832292,0.05637337210923343,9.67720524878675,41.73554322319569,0.3135773339901793,0.7308521409063626,0.448503908032315,11.403508771929824,0.5346110218551321,0.1697958659589284,1.179127032954053,0.6391983909229672,1156.2462834189637,URBAN,CLEAR,NORMAL,,,device_0026,route_0023,event_055317,2026-09-11 16:12:32.323237,25.901514786512813,81.45116653889906
9.65652859026941,0.03992342462895938,9.655830193489727,19.07947285231252,0.3611707812791582,0.8747663873796903,0.416026443370079,1.6666666666666667,0.5427332332510556,0.17434100205594685,1.3379348056098053,1.5160942244693258,1194.4208269519645,RURAL,WET,NORMAL,,,device_0004,route_0041,event_035496,2026-09-11 15:39:30.223237,27.996156768505497,80.29633186539895
9.94613905358522,0.08088482075040004,9.944150583654563,61.14620894614524,1.1066583845262377,2.800821895981457,0.4758593798230824,1.818181818181818,1.525411548915088,0.4078840464303734,4.369203798030476,1.7197144339108528,1078.2234575296727,RURAL,RAIN,ROUGH_PATCH,,,device_0027,route_0015,event_056337,2026-09-11 16:14:14.323237,23.69837696616318,78.55156243649755
10.020447544906778,0.0638317860447224,10.01918055461931,10.132079840321106,0.8228679350415519,4.71891510721491,0.6318480632307496,2.0,0.9193852187679415,0.16773674616107348,3.155545778342553,13.356604719288613,985.2573092509326,RESIDENTIAL,WET,POTHOLE,LOW,1.8239733334312211,device_0021,route_0003,event_079277,2026-09-11 16:52:28.323237,32.18590389899892,71.18725213400269
9.916025970506725,0.044921181082262535,9.91538843056162,21.40782912590026,0.345966224655489,0.8192497823542801,0.4882614457029395,16.666666666666668,0.560744529035337,0.1916836284976362,1.279695720220552,1.28975959070687,1191.6511525911126,RURAL,CLEAR,NORMAL,,,device_0025,route_0048,event_005464,2026-09-11 14:49:27.023237,28.09063526580548,77.25760767408046
9.712720123822955,0.08348231671166727,9.711099355255564,76.86509045222903,1.2334277870182486,2.7570994797251576,0.4392123198340595,1.923076923076923,1.580091593245738,0.344391159898118,4.970937186438962,1.3638020878014903,1062.68391784874,URBAN,CLEAR,ROUGH_PATCH,,,device_0028,route_0000,event_070155,2026-09-11 16:37:16.123237,22.41966834530913,75.62192069772209
9.931464592309135,0.020489921096714842,9.92819163579053,61.60651999002633,0.3350288989005637,0.7748793718208287,0.4332931486106234,19.672131147540984,0.5161491848655893,0.17515761983584377,1.214106408916166,0.4724404659406582,1174.5353318231532,RESIDENTIAL,WET,NORMAL,,,device_0019,route_0019,event_070669,2026-09-11 16:38:07.523237,31.187457375959955,71.2724322643229
9.999385517690154,0.059452897465036465,9.99609253700926,10.292697716462168,0.3508899265999144,0.8556693773215418,0.4586088669879004,2.6785714285714284,0.5370500482831301,0.1794114046613079,1.1351790551065086,2.394703629213375,1173.3612685170888,URBAN,CLEAR,NORMAL,,,device_0005,route_0045,event_056013,2026-09-11 16:13:41.923237,23.80667126973547,78.66717291209709
9.980260682245717,0.046566278060584824,9.97998519801742,61.8691459253048,0.3968348971127196,0.9913462332407654,0.4983821406228125,13.333333333333334,0.603561949921824,0.16962515933507932,1.3963161209390407,0.602009465472618,1191.6511525911126,RESIDENTIAL,CLEAR,NORMAL,,,device_0025,route_0033,event_012085,2026-09-11 15:00:29.123237,29.576154975875117,77.67717223017868
9.860426852468212,0.05931498652428289,9.858933450544592,79.86340979598597,0.2964953847075416,0.9397966596029584,0.4104235182124531,15.833333333333334,0.4778533968571685,0.18835750429054246,1.156626570343338,0.44825110826721515,1187.9876613670087,URBAN,RAIN,NORMAL,,,device_0000,route_0027,event_056818,2026-09-11 16:15:02.423237,26.539353310914123,81.75993495807325
9.890069331334582,0.07279668868473346,9.888439676592418,81.70664493921089,0.3113412720568757,0.7282515143041266,0.4793190351061546,8.771929824561402,0.5781205455868091,0.18998871831122374,1.1779871655894247,0.33988100447551206,1147.8114285371462,HIGHWAY,CLEAR,NORMAL,,,device_0001,route_0019,event_020000,2026-09-11 15:13:40.623237,29.39165134857768,75.46039284731498
9.893486416550106,0.08886176770017314,9.881328273954065,84.8572022425898,1.0361722689916055,5.649524952369861,1.5936956322504274,2.127659574468085,2.0246435118741655,0.7662584161614799,1.6879553393583748,2.5431928126415886,984.1408063405715,RURAL,RAIN,POTHOLE,LOW,1.492771538507372,device_0014,route_0013,event_069066,2026-09-11 16:35:27.223237,34.25632790487592,79.80641181341836
10.425951375788374,0.062222254948774196,10.424604589268537,57.94266244712013,1.636766578936631,6.511409937097952,0.8915182750693575,0.7142857142857142,1.6848943588584502,0.4389697674403974,5.851561881746691,4.204798231045804,1372.2844004923106,ARTERIAL,CLEAR,SPEED_BREAKER,,,device_0027,route_0022,event_050452,2026-09-11 16:04:25.823237,33.193126280251484,76.99976038771972
9.911795969146777,0.027320431203453295,9.910438463257956,10.112505484030404,0.3442009637834397,0.9593335954410788,0.4926893442107504,20.535714285714285,0.5595284509542313,0.17145453095564792,1.2905045024292896,2.7191021368293615,1169.7676911232593,SERVICE_ROAD,WET,NORMAL,,,device_0006,route_0046,event_090709,2026-09-11 17:11:31.523237,36.45812503550718,79.58704532625882
10.512728791931076,0.1395759627390427,10.51091198892314,59.23105807217736,1.5815290045221346,4.458369737845965,0.5460104278340616,1.1111111111111112,1.652174738005797,0.4843323749876522,5.403135272457465,2.8203669992406573,897.3393369677311,URBAN,WET,OTHER_ANOMALY,,,device_0018,route_0028,event_052884,2026-09-11 16:08:29.023237,25.48855050426004,73.71951937744048
9.906536261462731,0.022266947165280448,9.906094615540969,9.08984365699619,0.3713079564556201,0.8534598339031874,0.4335886532594327,6.25,0.5503341304532517,0.1839807296606279,1.4123023702458184,2.6080061955424036,1175.8012798150014,ARTERIAL,CLEAR,NORMAL,,,device_0009,route_0031,event_030963,2026-09-11 15:31:56.923237,25.92657131608922,78.2189985681849
9.901290736047603,0.07738067014756568,9.89986164962738,77.60604785841394,0.3240472746088077,0.8713704249969716,0.4043099337704356,4.4642857142857135,0.5168478945824543,0.17745945558573836,1.2027610361502212,0.42711070949486224,1173.3612685170888,URBAN,CLEAR,NORMAL,,,device_0005,route_0037,event_034573,2026-09-11 15:37:57.923237,29.11704281777668,74.06161497184726
9.77276816598406,0.05312960201280772,9.769952435313174,21.074583785125725,0.3304668105480201,0.938877542476778,0.4760515936047261,10.655737704918034,0.5531317454107275,0.17775739866867007,1.3184212110243756,1.4977357957721658,1168.9485129122031,RESIDENTIAL,CLEAR,NORMAL,,,device_0017,route_0014,event_015294,2026-09-11 15:05:50.023237,29.798628251818933,76.72157710672622
9.870303100189016,0.019354998055952064,9.870144668391916,19.32286757926753,0.3043605703361126,0.7031551896395705,0.4325723303801356,6.25,0.5152213277111153,0.16758747704795657,1.1813599896891311,1.2059498039848726,1169.7676911232593,RURAL,RAIN,NORMAL,,,device_0006,route_0014,event_027918,2026-09-11 15:26:52.423237,30.85513444837239,76.30535150707328
9.630244712668903,0.024317754819430604,9.627657401878858,42.63524137832032,0.3505535127191054,0.7924076103967206,0.4613429468401029,9.649122807017545,0.5510627985702574,0.19208975138589982,1.2431207258387218,0.679664208419938,1156.3665497149682,URBAN,CLEAR,NORMAL,,,device_0007,route_0032,event_046120,2026-09-11 15:57:12.623237,31.167193556934464,80.37742556569697
9.712142167704993,0.024301215595570153,9.710483862337808,19.414226786305942,0.3340630368659578,0.8706353397793425,0.4763477810256487,22.5,0.5730936627990999,0.17014122843727733,1.3077514818256049,1.4873612487405183,1189.0117987248957,HIGHWAY,WET,NORMAL,,,device_0002,route_0032,event_035073,2026-09-11 15:38:47.923237,30.54873712449196,79.60025042895427
9.848718701745117,0.01782749326023296,9.84523975520732,42.17745513110795,0.3146354910179433,1.012290762800237,0.4351549950663864,23.770491803278688,0.5183591206693654,0.165888642410633,1.249494895289967,0.8768701176157249,1168.9485129122031,RURAL,CLEAR,NORMAL,,,device_0017,route_0035,event_010550,2026-09-11 14:57:55.623237,27.863161689961952,77.9803575121485
9.701776005360262,0.028418688920927172,9.699442797273536,65.57294635312381,0.3156273562665663,0.7170130733942166,0.4451070427199225,1.639344262295082,0.5681869140891755,0.1660134477967859,1.2115318297434534,0.41223671612523155,1168.9485129122031,RURAL,CLEAR,NORMAL,,,device_0017,route_0040,event_091127,2026-09-11 17:12:13.323237,28.33376740598017,69.04596918794357
10.275381554174018,0.061132521194543876,10.274064035814533,60.73725953300624,1.6982342375133457,7.251696551692525,1.0901137116692727,1.0,1.7662247840479772,0.4364148747422651,6.287995594118422,4.480694180757067,980.2031432087932,URBAN,CLEAR,POTHOLE,MEDIUM,4.384538060091177,device_0027,route_0049,event_000690,2026-09-11 14:41:29.623237,28.69178517201715,77.1146438328634
9.925442124778488,0.06803069134681115,9.921847314078812,37.09360598554883,0.8760716765454677,2.020358024726484,0.4119804852707734,1.923076923076923,1.2169441511464711,0.36148341280565677,3.5060026124715833,1.966591128981937,1047.126215507572,URBAN,CLEAR,ROUGH_PATCH,,,device_0001,route_0044,event_077729,2026-09-11 16:49:53.523237,35.38939768204366,75.87988529650322
9.612805686334553,0.0519344932018135,9.61109134589762,78.0754702561783,0.3707245010537147,0.8853575572362331,0.4439586730188515,12.5,0.5613952253846619,0.17370591723662693,1.305204316010304,0.4314846101875789,1194.4208269519645,HIGHWAY,CLEAR,NORMAL,,,device_0004,route_0039,event_036096,2026-09-11 15:40:30.223237,31.561425096741445,78.32730165264293
10.020340712350658,0.04488818671228513,10.01561879912875,39.03822408043954,0.3863683874030188,0.8531654479924597,0.4590834599334237,23.333333333333336,0.5531484712017091,0.18463332036495167,1.2407947010109162,0.7929374096829569,1185.4321676861896,URBAN,CLEAR,NORMAL,,,device_0029,route_0012,event_065351,2026-09-11 16:29:15.723237,22.71271371609517,77.11843419941796
10.006158796400477,0.07285068370391833,10.004529109883096,20.34398479316842,0.3469304576476569,0.8566177983218353,0.43548202331911,3.278688524590164,0.5196073076570751,0.16817932087373777,1.0833888090689605,1.4075227299061168,1173.916838169756,HIGHWAY,CLEAR,NORMAL,,,device_0011,route_0034,event_011040,2026-09-11 14:58:44.623237,28.258954597774167,76.3176759994024
9.718108103945767,0.03904086325869316,9.715507360957114,38.357245169443054,0.2730865167913234,0.8248607813858673,0.4049901161089888,7.894736842105263,0.48832532307105897,0.1780199533000854,1.065256640058184,0.7789560233071344,1171.778857581421,RURAL,WET,NORMAL,,,device_0010,route_0021,event_004221,2026-09-11 14:47:22.723237,28.58513371176014,77.64165455630872
9.676259402894079,0.07265367755235011,9.674747030614654,43.12300394471277,0.3376850426839765,0.7051987449968955,0.4747472349752168,17.543859649122805,0.5353715999152462,0.18619556318793054,1.273467525241852,0.5986025388570494,1164.8650637957344,URBAN,CLEAR,NORMAL,,,device_0028,route_0001,event_000821,2026-09-11 14:41:42.723237,28.58564340313636,77.29652794980582
10.012152650781871,0.05288747886536526,10.009205207217503,19.633585401991645,1.5635393446705368,6.123776031812909,1.4142022661293403,19.0,1.6440156927024425,0.21455336222287247,6.113627782338639,10.364531538742908,958.1545187804944,ARTERIAL,CLEAR,POTHOLE,CRITICAL,11.304323947290314,device_0017,route_0009,event_038128,2026-09-11 15:43:53.423237,25.3010447327576,77.80368798876134
9.908108162634951,0.06545224755362375,9.904526479801364,72.37683074377989,0.3356381469018877,0.8584100123251055,0.4245793589433291,7.017543859649122,0.5395033488556185,0.1822876307453112,1.2548604527637757,0.4495656622384867,1147.8114285371462,HIGHWAY,CLEAR,NORMAL,,,device_0001,route_0012,event_089151,2026-09-11 17:08:55.723237,20.57275223362103,77.07631914896521
9.959510290048113,0.08816635614405578,9.959394860269288,80.59499690728002,1.7587427866852108,8.881723712152716,1.3510708519525352,4.25531914893617,2.0819556715582777,0.7625904136865087,6.108226895005678,4.199644913699798,965.32654430122,URBAN,WET,POTHOLE,MEDIUM,4.218950803680469,device_0015,route_0037,event_029231,2026-09-11 15:29:03.723237,29.035373440430835,74.53499849508016
10.01492105554857,0.06404350241844188,10.009994996877175,43.46121487294972,0.3822154582686423,0.8878130847718886,0.4598100717675996,9.01639344262295,0.544614444736465,0.16970756132766568,1.2393546909820188,0.7482430335156829,1165.9444844817242,URBAN,RAIN,NORMAL,,,device_0024,route_0001,event_050556,2026-09-11 16:04:36.223237,24.13634282157713,76.83955479958233
9.787142770670362,0.040736025220253824,9.784723034917276,82.00654860943098,0.297430161938274,0.771720137648197,0.4603515362259508,20.175438596491222,0.5337756570875509,0.18543749026565257,1.18394285438076,0.35891226894951794,1171.778857581421,RURAL,CLEAR,NORMAL,,,device_0010,route_0031,event_033684,2026-09-11 15:36:29.023237,25.698293978734466,78.30684727785597
9.697297472468117,0.07037039530154207,9.695696556294482,42.43346514213607,0.9442927814060752,2.241248609127286,0.3933145426302655,1.923076923076923,1.3927698196336165,0.3970981897813956,3.856259702602139,1.9307183750053265,1068.9912384953316,URBAN,CLEAR,ROUGH_PATCH,,,device_0010,route_0048,event_058753,2026-09-11 16:18:15.923237,23.422365396096307,78.34137697954733
9.9269723505574,0.05811324089437366,9.9235630035067,21.904066943781626,0.3485549965521005,0.8309711526734187,0.4660778536557535,0.8333333333333334,0.5663298186974867,0.17128023350959007,1.2835157824464325,1.2831516448391462,1185.4321676861896,URBAN,CLEAR,NORMAL,,,device_0029,route_0035,event_027022,2026-09-11 15:25:22.823237,26.82029152318952,79.0325467609378
10.22631075811629,0.0707413225834423,10.21952591620342,63.16685886218617,1.9299599710857755,6.385625783244219,1.3338994838498486,0.7142857142857142,2.195391985787644,0.43814079073048395,6.788931732287203,3.802843182734705,1374.6739654870846,RESIDENTIAL,WET,SPEED_BREAKER,,,device_0003,route_0001,event_036905,2026-09-11 15:41:51.123237,25.35752027876046,76.96488187764973
10.099036834996582,0.024214263493127195,10.098114375663208,21.40968470073595,0.6547719718321362,2.825557604686148,0.6109312911919671,1.4285714285714284,0.8201968173216299,0.18304680044719498,2.270440864134464,4.448001048362966,1372.2844004923106,HIGHWAY,CLEAR,SPEED_BREAKER,,,device_0027,route_0021,event_000270,2026-09-11 14:40:47.623237,28.6559834604687,77.29346928799647
9.610681197349582,0.07059810165473261,9.610323697450683,41.78103590792269,0.3337296312936777,0.7255457610179494,0.4225117873887673,1.6666666666666667,0.5122493363303033,0.1744224493064045,1.1292078955490936,0.6339269058718605,1178.291970417501,RESIDENTIAL,CLEAR,NORMAL,,,device_0003,route_0039,event_008866,2026-09-11 14:55:07.223237,29.264180614571785,77.47882963000269
9.625846576603836,0.05190122044739618,9.623376631720369,9.516100551102856,0.3640784256527885,1.231442060399349,0.4404490118261187,10.44776119402985,0.5195705783053188,0.13352258393969033,1.293965413112062,3.644370817584273,1359.237874226366,RURAL,CLEAR,SPEED_BREAKER,,,device_0007,route_0014,event_015006,2026-09-11 15:05:21.223237,29.77473888317712,76.73106881333162
9.670111867454573,0.06949255639335679,9.668793778060442,79.90051201751263,0.3493085023429195,0.8811751193532888,0.4597056056560467,10.526315789473683,0.5589264535960781,0.1669903338145683,1.3096303035744903,0.42010476368456984,1170.7151707482878,URBAN,CLEAR,NORMAL,,,device_0015,route_0011,event_004688,2026-09-11 14:48:09.423237,28.315032915748372,76.91577544006955
10.04098467880564,0.05533784523330498,10.039063207585585,41.50016345707407,0.7356399561962613,3.582845214700077,0.6870535735977005,4.0,0.8927183818425476,0.37906325885386694,2.601417114589765,3.1497427195664627,980.2031432087932,RESIDENTIAL,RAIN,POTHOLE,LOW,1.4917010952278529,device_0027,route_0025,event_081995,2026-09-11 16:57:00.123237,21.164689308982933,77.04624441736176
10.011376424774852,0.030970315493693147,10.009197060071031,64.35543730706125,0.4217523872699171,1.05037274304995,0.4762667094027594,9.836065573770492,0.5920759618964205,0.17202083523377557,1.4342164896695948,0.614653513710427,1173.916838169756,URBAN,RAIN,NORMAL,,,device_0011,route_0036,event_084372,2026-09-11 17:00:57.823237,36.23502798759853,76.6319284127003
11.628117266117282,0.07371007420762431,11.626388983564338,65.02891182106322,7.083706843194996,29.172117927373304,3.6652615293920574,2.0,6.880165212359207,0.866151041110078,27.06248099452336,16.904289613020865,955.692200394856,ARTERIAL,CLEAR,SEVERE_POTHOLE,CRITICAL,10.129036804050545,device_0024,route_0000,event_002514,2026-09-11 14:44:32.023237,28.305452526228663,77.1581643789099
9.656915781481445,0.07225275354774138,9.655223278470864,20.84351583918087,0.3614677720257597,1.120921098973186,0.498923099456186,17.543859649122805,0.5932622183864538,0.1922728573407533,1.35596153358415,1.8047704781066036,1155.761160906742,RESIDENTIAL,CLEAR,NORMAL,,,device_0013,route_0001,event_036399,2026-09-11 15:41:00.523237,25.40271095768356,76.9694223299484
9.74260561451824,0.05658105301534715,9.741527086614257,9.52027391376094,0.3511289326362645,0.8402353324670901,0.5106034242132195,19.672131147540984,0.5893292807958977,0.1800400376726972,1.3924655287795211,2.4858529873774176,1174.5210483649005,URBAN,CLEAR,NORMAL,,,device_0008,route_0047,event_038868,2026-09-11 15:45:07.423237,25.343395371335664,78.24815736094067
9.62803956062882,0.060644527454351775,9.62764238162182,9.780174617755412,0.3283455189254057,0.8106408076578759,0.4024822361256194,12.280701754385964,0.5207052849407944,0.1763233009984639,1.1396105239729835,2.3530639636841335,1156.3665497149682,URBAN,CLEAR,NORMAL,,,device_0007,route_0002,event_058244,2026-09-11 16:17:25.023237,23.815317760488757,79.12285572094692
9.941198652192355,0.05611553335480004,9.940709580308194,10.525132781002783,0.7738103830973057,1.8435801071987683,0.3785028654487318,1.96078431372549,1.2334831470371503,0.34788271503601287,3.077632657098359,5.076938393595852,1065.3241472729685,URBAN,CLEAR,ROUGH_PATCH,,,device_0006,route_0018,event_030409,2026-09-11 15:31:01.523237,30.998473302464795,78.42845914174968
9.742742050640794,0.0746206357482223,9.742130178556929,10.91315308006468,0.3350270130462646,0.7391185922667436,0.5009721952593722,11.475409836065571,0.5993912813132642,0.15343948671916033,1.3312492853400535,1.9824609545643797,1174.5210483649005,RESIDENTIAL,DUSTY,NORMAL,,,device_0008,route_0021,event_054794,2026-09-11 16:11:40.023237,27.675777178379068,82.09792903112022
9.962422375671629,0.026630364686436068,9.960960222429213,61.82396990796611,0.3927796175571898,1.32150379076678,0.4324332963400015,10.833333333333334,0.5387937860180614,0.1656986765019608,1.4157246639315417,0.8030532297668966,1176.243771850552,RESIDENTIAL,CLEAR,NORMAL,,,device_0027,route_0016,event_019263,2026-09-11 15:12:26.923237,30.38337253455261,76.7680655240905
9.956962941676043,0.035079978162271916,9.956719359348858,38.45826221043736,0.320574678337691,0.8783943681887383,0.4520042845026533,12.5,0.5439978806799334,0.18005423480313212,1.0917224730808037,0.8275368066974779,1191.6511525911126,URBAN,CLEAR,NORMAL,,,device_0025,route_0025,event_083909,2026-09-11 17:00:11.523237,20.992442946878658,77.04044393914974
9.919839331326605,0.033573790103801564,9.913938303093966,76.70954163691259,0.2953879976108076,0.7969547490844935,0.40022705312125,2.5,0.47071354360394313,0.16279247623186432,1.0684719367413749,0.39497424117200314,1185.4321676861896,HIGHWAY,CLEAR,NORMAL,,,device_0029,route_0038,event_026973,2026-09-11 15:25:17.923237,30.45614412395349,78.85036048039377
9.570265529161617,0.052609728284745944,9.568439718340333,10.228071093564822,0.3500675397137187,0.706044214396341,0.4103676300890809,14.035087719298245,0.49942411236228784,0.1631000460402767,1.083311420691249,1.9849330517210473,1156.3665497149682,ARTERIAL,CLEAR,NORMAL,,,device_0007,route_0027,event_007129,2026-09-11 14:52:13.523237,28.42453827019512,77.7085720995762
9.85632227169533,0.04036781302519631,9.854976432559043,9.574599296688143,0.2883711099427984,0.7776171619969858,0.4013824029752304,9.166666666666668,0.5190224075861798,0.19273154830078965,1.1235494028237376,2.2913889242733068,1182.3087711011192,URBAN,CLEAR,NORMAL,,,device_0021,route_0003,event_007144,2026-09-11 14:52:15.023237,28.84940205215328,76.75059025505215
9.951118602883524,0.06428281167646062,9.947799969774495,9.343146923779384,0.3496925550108503,1.0640665677933647,0.4010808640820548,7.894736842105263,0.524556518444522,0.16893386699446777,1.2490363238872035,3.189851910862337,1147.8114285371462,HIGHWAY,CLEAR,NORMAL,,,device_0001,route_0004,event_045465,2026-09-11 15:56:07.123237,30.863341327334528,80.54592296605706
9.704621565934817,0.04909005555704779,9.702530160695153,38.13231442507072,0.8386827301760893,1.889785928455524,0.4354955338798571,1.96078431372549,1.1827149537697101,0.41844479942745216,3.3214171308483174,1.7941439526816139,1072.8990595464466,RURAL,CLEAR,ROUGH_PATCH,,,device_0012,route_0009,event_001966,2026-09-11 14:43:37.223237,28.51049894181648,77.27837120251039
9.970843899879007,0.02421228910177123,9.97058925747261,10.808729852243994,0.3977025233744631,1.2103431660837352,0.4400975594374608,0.7142857142857142,0.5360248698826114,0.13892046318038348,1.4065023301712714,3.2692693516867135,1379.3602329513055,URBAN,DUSTY,SPEED_BREAKER,,,device_0021,route_0015,event_015152,2026-09-11 15:05:35.823237,27.275431025773997,77.59108377709332
9.614965993238087,0.03570961775093935,9.614421487050036,10.83571966879548,0.3254827259757045,0.6991273349304716,0.4196980952058064,0.8771929824561403,0.5233029389810249,0.171513283455765,1.0940991883870446,1.8849839456079023,1156.3665497149682,ARTERIAL,CLEAR,NORMAL,,,device_0007,route_0000,event_019113,2026-09-11 15:12:11.923237,26.86111892911773,76.78099036679076
10.003647904546519,0.05146184860203649,10.00070348589048,10.407432357771391,0.3906081482736738,0.9213300219835076,0.457027421023053,20.833333333333336,0.5708656987583625,0.17325145559762808,1.3061102315366817,2.557929821510606,1196.452449290308,RESIDENTIAL,CLEAR,NORMAL,,,device_0018,route_0049,event_076206,2026-09-11 16:47:21.223237,35.39543569025052,76.02656875384812
9.91693573874992,0.04392113907135758,9.916221171361794,62.12828034329731,0.3618118961212765,0.7322134205640207,0.4559122880410217,8.035714285714285,0.5499278543230887,0.16628160149765286,1.3523563813025703,0.44290486113524774,1169.7676911232593,RESIDENTIAL,RAIN,NORMAL,,,device_0006,route_0036,event_032141,2026-09-11 15:33:54.723237,31.555662072895057,77.04455884881287
10.785342230017685,0.12349020953401282,10.779439162958054,87.78075770055885,2.5577262069512385,8.913458701187082,1.3816116969421035,0.7142857142857142,2.613713243280069,0.6152670723880665,8.637466336837928,3.8846742713839277,1390.2596780229646,RESIDENTIAL,CLEAR,SPEED_BREAKER,,,device_0025,route_0024,event_021934,2026-09-11 15:16:54.023237,28.696256302153028,75.22218135744362
9.756976495626718,0.037446202457334266,9.75645862974658,65.26395726785834,0.2935477794430545,0.6851459479053279,0.4282227942140659,17.5,0.502906182228918,0.18200536918399945,1.1686070421820425,0.3956724246959924,1182.3087711011192,URBAN,WET,NORMAL,,,device_0021,route_0036,event_040359,2026-09-11 15:47:36.523237,32.2919217959253,76.97982991999754
9.84927105326498,0.06443307040346875,9.847281764257495,43.58160207886804,1.0897459008061954,2.756335593111187,0.4481793468664891,1.818181818181818,1.7683784221616845,0.36087899806897594,4.340221143800154,2.3171439990965177,1088.9886895864247,URBAN,CLEAR,ROUGH_PATCH,,,device_0000,route_0039,event_053841,2026-09-11 16:10:04.723237,33.05849436250843,78.88003470614618
9.870491031346846,0.05034472058112835,9.869098834705245,81.873258546704,0.3295964961500182,0.8223056728420328,0.4449305873401871,5.833333333333334,0.539038713011381,0.16559860909100663,1.2743027517779417,0.3830322439178452,1182.7936295130366,ARTERIAL,CLEAR,NORMAL,,,device_0023,route_0006,event_009162,2026-09-11 14:55:36.823237,27.92860314330445,76.98071735865778
9.604182352317167,0.07616347357550006,9.60289326287958,20.38685058426173,0.3830492922383663,0.9560124259297478,0.4577690720363551,20.833333333333336,0.5475395962144262,0.16133103148009192,1.3430706078024492,1.5680785390906016,1178.291970417501,URBAN,CLEAR,NORMAL,,,device_0003,route_0049,event_087843,2026-09-11 17:06:44.923237,36.42835492811051,75.8589527203811
10.485309923901953,0.05698492059578971,10.481332639502002,86.19875532123925,2.499272662048566,8.59648298081217,1.3257613332485796,0.7462686567164178,2.6028717184882235,0.5600234241630598,9.075331481886717,3.8122401801205084,1369.2273556897228,RESIDENTIAL,CLEAR,SPEED_BREAKER,,,device_0028,route_0003,event_037629,2026-09-11 15:43:03.523237,30.25936477916965,74.39943722357974
9.875226146987258,0.0914274955419695,9.870936260970756,9.927167505960888,0.3277342503269413,0.9835379229349588,0.4461847201860784,17.21311475409836,0.5344298801467257,0.18333070073723443,1.268300047600615,2.824803887837208,1165.9444844817242,RURAL,CLEAR,NORMAL,,,device_0024,route_0038,event_083304,2026-09-11 16:59:11.023237,34.33508554390909,82.10882244482563
9.705387531474303,0.03927982085226399,9.703939647156597,9.034742230226849,1.0312527938437048,2.608277213928723,0.4278219119523647,1.923076923076923,1.6592986425179561,0.34830112732464724,4.126345292541264,8.00407761921144,1054.8211708383528,RURAL,CLEAR,ROUGH_PATCH,,,device_0026,route_0015,event_066269,2026-09-11 16:30:47.523237,22.83556711145493,78.78314850743183
9.931567909771818,0.05703489199229101,9.929943808961587,62.08562108307015,0.3535328010936658,0.9737224570959278,0.4040158064384037,16.666666666666668,0.5038233440984567,0.16376187185706942,1.3012354920892513,0.5893702388735672,1187.9876613670087,RURAL,RAIN,NORMAL,,,device_0000,route_0038,event_034653,2026-09-11 15:38:05.923237,30.984999679545176,79.29483299275263
9.833243543286763,0.07118091645807445,9.833107536385048,10.84946400701006,0.3290916181667995,1.0128041442732858,0.4581303714100508,20.535714285714285,0.5441697391739837,0.17033039388083696,1.3060051665468713,2.728190441877677,1173.9088107441603,ARTERIAL,CLEAR,NORMAL,,,device_0016,route_0027,event_041962,2026-09-11 15:50:16.823237,27.102977299008728,80.54868117858594
10.67050263506995,0.22947943091218131,10.670054731445566,43.27599205942606,4.782327170278421,20.083337310491306,2.7811387367396248,1.0,4.74106264796796,0.7306492986124092,18.653533210730718,16.992419564878926,981.9099753479176,URBAN,DUSTY,SEVERE_POTHOLE,CRITICAL,10.795387723747252,device_0003,route_0029,event_039590,2026-09-11 15:46:19.623237,26.9068472947856,74.02796203057197
9.736711181689948,0.05420287293196911,9.734281383860733,40.00767598426541,0.3199346045493219,0.8009131384609987,0.4908729073609124,18.75,0.5859241684847138,0.16808089207195573,1.2596713712674337,0.7279758547098544,1172.5933011717448,RESIDENTIAL,CLEAR,NORMAL,,,device_0014,route_0026,event_081035,2026-09-11 16:55:24.123237,22.98609968684883,81.9615394233454
9.935480298043833,0.03240388189643467,9.9344330115706,20.88819333736044,0.9676721590640562,2.339821768315936,0.4274256622587661,1.818181818181818,1.3835712471374018,0.30944472457865496,3.9053252432814354,3.760532934792911,1092.3468898751864,HIGHWAY,CLEAR,ROUGH_PATCH,,,device_0025,route_0001,event_010980,2026-09-11 14:58:38.623237,27.67689233813397,77.20311963625502
9.712198862537393,0.07268827743624034,9.71175021030237,55.53041304464017,0.5524202296562315,2.4917768606404174,0.8430189673320897,1.0,1.0144103764659889,0.4552805853679483,1.949405579873087,1.674288306228888,995.3506891266368,URBAN,RAIN,POTHOLE,LOW,1.569350156561562,device_0004,route_0010,event_056299,2026-09-11 16:14:10.523237,30.961665753289488,81.68843885846135
9.792531039400442,0.06574353629543883,9.79192705653874,58.136236156723314,0.3071752382102306,0.8755920595638003,0.4476568358145977,7.142857142857142,0.5564010368943145,0.17140719297338994,1.226677487624226,0.5636595414986743,1173.9088107441603,RESIDENTIAL,CLEAR,NORMAL,,,device_0016,route_0011,event_061548,2026-09-11 16:22:55.423237,24.935499592061248,73.07823358407279
9.60310494191985,0.039385052010052234,9.601435621033952,39.99885423809352,0.3646054020975879,1.2387214653521357,0.4869392193946019,21.666666666666668,0.5744711844495752,0.16398218614192786,1.2426484795562445,1.1261397477752226,1194.4208269519645,RURAL,CLEAR,NORMAL,,,device_0004,route_0026,event_088400,2026-09-11 17:07:40.623237,22.47789983098158,82.38630733004997
9.882366430633184,0.05179773840983736,9.88192561376178,19.26675868467051,0.3381802203784212,0.8567614674327402,0.4516210115695757,10.714285714285714,0.5301464926009058,0.18009092253716197,1.2947058234677584,1.4729365255285418,1173.9088107441603,RESIDENTIAL,WET,NORMAL,,,device_0016,route_0036,event_044323,2026-09-11 15:54:12.923237,32.646971416840834,76.94838574052817
9.9864529869976,0.046115823235742155,9.9851724225041,9.925900028083344,0.3468720317157059,0.7596709139279252,0.4797584737641481,11.666666666666668,0.5586539748780979,0.17218410859734218,1.1489897414666572,2.182037534079528,1176.243771850552,ARTERIAL,CLEAR,NORMAL,,,device_0027,route_0027,event_055207,2026-09-11 16:12:21.323237,26.600454777477168,81.62886104013056
9.865441278072419,0.02692369868020381,9.864461714275125,10.429912533674266,0.3063951200804282,0.7465031382088814,0.4531589704482677,12.5,0.5371330636040987,0.17536180171957755,1.1764425905782794,2.0693213114544093,1175.8012798150014,URBAN,CLEAR,NORMAL,,,device_0009,route_0043,event_053527,2026-09-11 16:09:33.323237,23.781346890870743,76.45345554760797
9.897192964822466,0.06901185313466761,9.89568549972873,20.257006618636403,0.3330459080833959,0.7271936643910859,0.4265153818062298,11.666666666666668,0.5394176080689637,0.17847889578826012,1.2628708199909298,1.1991482309814612,1187.9876613670087,URBAN,CLEAR,NORMAL,,,device_0000,route_0031,event_026970,2026-09-11 15:25:17.623237,26.26176839483873,78.0899940878853
9.670850535615228,0.04072837855220591,9.66802169551069,77.8167497439612,0.3285042178457651,0.8524829951182635,0.4404276591051588,1.7543859649122806,0.5386334908047409,0.1841144318848442,1.23328115746369,0.41677675917757134,1155.761160906742,HIGHWAY,CLEAR,NORMAL,,,device_0013,route_0046,event_073217,2026-09-11 16:42:22.323237,34.948817100547174,79.14392996497821
9.834797818599496,0.040390032341778875,9.833963325958134,79.64239229771059,0.3601037249561848,0.8151068243553166,0.4658677482543468,24.166666666666668,0.5471690676289157,0.1453582417584548,1.4247227937823475,0.389805600707395,1182.7936295130366,HIGHWAY,CLEAR,NORMAL,,,device_0023,route_0020,event_065890,2026-09-11 16:30:09.623237,24.452582192743723,72.95582505216655
9.952798320147656,0.03744471353400359,9.94979144852324,61.74348613985151,0.3468350233265108,0.809227054674853,0.4649584110991058,22.13114754098361,0.5440092530841713,0.18037981113451873,1.2336898678601997,0.49235421009067937,1174.5353318231532,URBAN,CLEAR,NORMAL,,,device_0019,route_0042,event_042221,2026-09-11 15:50:42.723237,32.34448759520339,77.59135546430858
9.7701976878138,0.04355214905554845,9.767460082164058,9.193821575697257,0.4814333639975995,1.910544100380509,0.4099513463602725,2.238805970149253,0.6217529186775611,0.12432076572311916,1.9181954406451993,5.792238706334156,1359.0965085801854,URBAN,CLEAR,SPEED_BREAKER,,,device_0026,route_0006,event_097865,2026-09-11 17:23:27.123237,20.41193610925396,74.30898253264685
9.584654020025793,0.04462883133719752,9.581653064925211,20.81805459196499,0.4096879372560624,0.8620649892093883,0.4890263641763848,4.385964912280701,0.5906771052946499,0.16726733085921455,1.419363102189429,1.3894158964232235,1156.3665497149682,URBAN,RAIN,NORMAL,,,device_0007,route_0003,event_012250,2026-09-11 15:00:45.623237,29.08571347990494,76.35680599256605
9.849621070828334,0.020482126819866553,9.846302587957938,39.92596271298999,0.2774446770853548,0.6626700769996567,0.4013142058470048,21.666666666666668,0.5135165768520839,0.17485247194087497,1.0763608984822994,0.6034427350671941,1185.4321676861896,URBAN,CLEAR,NORMAL,,,device_0029,route_0024,event_069436,2026-09-11 16:36:04.223237,28.71984173983909,70.95030448749964
9.586352454203992,0.08865152709678435,9.584576720551096,9.11596316899134,0.3505300157895038,0.8825442645757455,0.4324148333168325,3.571428571428571,0.5013780946665061,0.1794686866239837,1.1476957204731413,2.6915118720743276,1178.3195617621582,URBAN,DUSTY,NORMAL,,,device_0020,route_0019,event_038432,2026-09-11 15:44:23.823237,30.04483671402888,73.9371776007015
10.029121994635105,0.03320175726986058,10.027640405059405,20.319062746182382,1.6834949850872514,6.933889830284251,1.4216373483263018,20.0,1.7435280780316098,0.20437397510356473,6.622052196912144,11.404863588129418,958.1545187804944,HIGHWAY,CLEAR,POTHOLE,CRITICAL,11.92626560230185,device_0017,route_0029,event_040889,2026-09-11 15:48:29.523237,26.852386583991397,73.92467549331958
9.85613812504557,0.04094618267498141,9.855767766087553,10.95136806313378,0.3625069340728486,0.8396890028214603,0.4785061470750082,18.333333333333336,0.5594353978157548,0.1606380215213991,1.4294185129510062,2.246453968026958,1182.7936295130366,URBAN,CLEAR,NORMAL,,,device_0023,route_0015,event_030998,2026-09-11 15:32:00.423237,25.89923810747047,77.96061278046173
9.81740470866803,0.044027890011700044,9.812741057819368,56.17009858827545,1.0399759058232012,5.113217540479049,0.8211772558832223,1.0638297872340423,1.1966922006404939,0.44902014164513004,3.9181788800853248,3.3991751121879616,953.396058257742,SERVICE_ROAD,WET,POTHOLE,MEDIUM,3.50101891159005,device_0026,route_0011,event_056145,2026-09-11 16:13:55.123237,25.25673046479533,73.44288390141432
9.644661197798413,0.06073552749862759,9.643556318506318,10.920286532624065,0.3563207861285281,0.9048732587501204,0.4614376834107315,14.75409836065574,0.5700811799454588,0.17483158956963238,1.2910054642638507,2.4258870813816156,1173.9747253078074,URBAN,DUSTY,NORMAL,,,device_0022,route_0039,event_095413,2026-09-11 17:19:21.923237,36.565482315003685,80.175362172831
9.92271877681457,0.04057102513126424,9.920760607591657,10.31456843424811,0.3832800498056364,0.9971162981204084,0.4833457926730638,12.5,0.6053666307183583,0.18180277869766484,1.445348052078284,2.7862978970005754,1196.452449290308,URBAN,WET,NORMAL,,,device_0018,route_0013,event_022155,2026-09-11 15:17:16.123237,30.445434630205007,77.99643192273724
9.79493281246978,0.06853200433679886,9.792197453261124,54.79158623196677,0.3169864691711193,0.9544172974929186,0.4362641476206472,6.25,0.540882671933136,0.16366632691901117,1.2758719829884022,0.649356384927048,1172.5933011717448,RURAL,CLEAR,NORMAL,,,device_0014,route_0020,event_017613,2026-09-11 15:09:41.923237,27.445593943278368,76.10092120830656
9.888242904752532,0.03667714861845119,9.887951207512945,43.31770649410473,0.2811048372429394,0.7882954579209258,0.4399140551006731,21.666666666666668,0.5109812607857444,0.17750428468439144,1.061526460943206,0.6663851791034198,1182.7936295130366,RURAL,CLEAR,NORMAL,,,device_0023,route_0016,event_056443,2026-09-11 16:14:24.923237,33.627926736864325,75.9608562909782
9.91274547661855,0.0424409801869909,9.912604535441549,9.214919507518234,0.5858501378889838,2.390935166088134,0.6180588814068495,13.57142857142857,0.7095103169902393,0.14062334266949456,2.293106664931365,7.237078257579648,1379.3602329513055,HIGHWAY,RAIN,SPEED_BREAKER,,,device_0021,route_0034,event_098399,2026-09-11 17:24:20.523237,26.125957016969288,68.75647989327703
9.893488234898696,0.03934478496464085,9.893105319188448,39.38025901019016,0.2891729771316503,0.5595433962272427,0.4083855583947378,22.32142857142857,0.4905792204017872,0.1798828848595803,1.0852889033538204,0.5159428818493723,1169.7676911232593,ARTERIAL,WET,NORMAL,,,device_0006,route_0014,event_024052,2026-09-11 15:20:25.823237,30.531477140755047,76.43276260811726
9.95814161748922,0.01770342396686847,9.956886987123283,19.80949322543093,0.3878679111825027,1.2369516746009026,0.443651986473371,21.311475409836067,0.5549899586522807,0.1753387447133631,1.4042917063264966,2.078081482691474,1174.5353318231532,URBAN,CLEAR,NORMAL,,,device_0019,route_0023,event_050242,2026-09-11 16:04:04.823237,26.148029968704364,81.06699194388578
9.850453643776387,0.05480851802624195,9.847794965344342,43.56421012720234,0.3161982833756065,0.8361141631044475,0.4669400041299433,14.166666666666668,0.5511559822310357,0.16695651532692457,1.2425238710252025,0.7031456306062085,1187.9876613670087,HIGHWAY,CLEAR,NORMAL,,,device_0000,route_0032,event_058998,2026-09-11 16:18:40.423237,31.8888849848664,81.28355250110309
9.85961283552744,0.05551374242652407,9.856060429575196,19.713256435646752,0.3149919972724548,0.7680318005622375,0.4537585751552154,2.5,0.5458099612522492,0.17013735475030597,1.232547318332955,1.2955315566152277,1185.4321676861896,URBAN,CLEAR,NORMAL,,,device_0029,route_0013,event_031344,2026-09-11 15:32:35.023237,31.191773786698764,78.35096721014901
9.63058523377936,0.05472693504509388,9.627354581901372,57.58842137223149,0.3673489104836492,0.7768978390257448,0.4537200211111432,18.421052631578945,0.5479921782771645,0.1647913845149967,1.318729386851178,0.5045739583616128,1170.7151707482878,RURAL,CLEAR,NORMAL,,,device_0015,route_0014,event_061241,2026-09-11 16:22:24.723237,33.64292898932691,75.20620061135448
9.813600980246719,0.06419508088686346,9.81353909479601,80.90093745793821,0.2838020650257046,0.714804967305394,0.4259229085790721,9.166666666666668,0.5086981152363351,0.17445211724515272,1.1405818385388535,0.33677129544512935,1182.3087711011192,RESIDENTIAL,CLEAR,NORMAL,,,device_0021,route_0015,event_092529,2026-09-11 17:14:33.523237,20.554849711984357,79.39561579947215
9.940890291065037,0.07093898536691516,9.938132277796855,37.63540071696004,0.316253907400344,0.9622226651344352,0.4008416687301627,10.655737704918034,0.4945190832713627,0.19001429612397458,1.1157793546350518,0.9244274329680964,1165.9444844817242,URBAN,CLEAR,NORMAL,,,device_0024,route_0026,event_080828,2026-09-11 16:55:03.423237,23.000209715780844,81.94967860851054
9.691463484635733,0.06811017721548845,9.68889050871512,20.05164521610832,0.3461476308576893,0.8348722604503962,0.447502103073589,5.263157894736842,0.5681815083506463,0.18030695789209628,1.3252640804874822,1.3884659497492502,1170.7151707482878,URBAN,CLEAR,NORMAL,,,device_0015,route_0038,event_051725,2026-09-11 16:06:33.123237,32.16056797011998,80.28202126420415
9.968321593660665,0.03704459638338198,9.96767919950716,37.63263623378258,0.2991521917554147,0.8988735370439329,0.3912513884066305,1.7857142857142856,0.49951536243865063,0.18776352603391072,0.9581652055358738,0.8636239434816734,1169.7676911232593,URBAN,CLEAR,NORMAL,,,device_0006,route_0021,event_033879,2026-09-11 15:36:48.523237,28.051730206949117,80.25511074332843
9.659564529742418,0.05802470521228461,9.658274983009177,56.62230255838744,0.3236540927815535,0.7648092553466803,0.4545287740630127,8.771929824561402,0.5311814614653597,0.17596843120442715,1.1919449797582864,0.504638869241277,1156.3665497149682,HIGHWAY,WET,NORMAL,,,device_0007,route_0014,event_083006,2026-09-11 16:58:41.223237,35.46384613257481,74.48814822633577
9.834048652592777,0.040680331476901525,9.833710657350691,76.92606213287013,0.3155659577706065,0.7728581269122099,0.3980414463202323,23.21428571428571,0.4966739407946801,0.19182408689182184,1.2436251325839471,0.38200703533221564,1173.9088107441603,ARTERIAL,CLEAR,NORMAL,,,device_0016,route_0046,event_073908,2026-09-11 16:43:31.423237,35.00844683658548,79.16133317180865
9.864658331273729,0.038304052582646395,9.86434289201559,64.55582071727224,0.2932547154829505,0.7720452484371112,0.4199762626247668,15.178571428571429,0.5095550879444681,0.15977009857818825,1.1424013111115698,0.450462260014983,1173.9088107441603,RESIDENTIAL,CLEAR,NORMAL,,,device_0016,route_0017,event_067246,2026-09-11 16:32:25.223237,33.42821799934501,80.70149012749638
9.849167635289568,0.027422126777081873,9.849091749215038,58.24150405738525,0.3724257927545905,0.8408014168146121,0.4512739385406106,7.5,0.5854375431916667,0.18963395438152408,1.4735501375443825,0.5403477499768722,1182.3087711011192,HIGHWAY,CLEAR,NORMAL,,,device_0021,route_0020,event_088807,2026-09-11 17:08:21.323237,23.03172499354181,71.46276548276754
9.98907795065494,0.05683324564776138,9.98625065405256,18.705550498761863,0.3553802482131195,0.703700526230369,0.4712661033168697,9.166666666666668,0.5620626662428798,0.17829235648745623,1.166264828068627,1.2396978021188996,1176.243771850552,URBAN,CLEAR,NORMAL,,,device_0027,route_0039,event_013121,2026-09-11 15:02:12.723237,29.62302275333957,77.61153412312862
9.599232514399464,0.04426614989025936,9.59835279648687,9.835929009483149,0.3376689558496604,0.7274528069514936,0.4155556638104989,17.543859649122805,0.4910003201570669,0.18007929808090978,1.109630859849993,2.103083375038705,1155.761160906742,SERVICE_ROAD,CLEAR,NORMAL,,,device_0013,route_0008,event_008257,2026-09-11 14:54:06.323237,29.228546748759605,77.34387833848095
9.779436572839026,0.07493511262743223,9.77654506255897,55.52100468431145,0.3242934472513892,0.9032268214622244,0.4983908747930692,17.857142857142854,0.6180546852437442,0.15734623430659328,1.2952818793018004,0.6069970265137659,1178.0852418549218,URBAN,CLEAR,NORMAL,,,device_0012,route_0043,event_093380,2026-09-11 17:15:58.623237,20.251670500817344,75.83267584919354
9.701383837422298,0.07260127950062878,9.698661523549008,65.32139742344881,0.3196854332311073,0.7558467859971838,0.4596438511284584,11.607142857142856,0.5599407520094015,0.16543274395151913,1.2310545267567825,0.4361405361638075,1178.3195617621582,RURAL,WET,NORMAL,,,device_0020,route_0031,event_013914,2026-09-11 15:03:32.023237,27.35771653257698,77.66818710265544
9.87121873199159,0.03452817079836411,9.867590125547457,10.699831521494986,0.3782716684312965,0.8705074863637918,0.499741131658618,10.0,0.6140987762175901,0.17976620856874034,1.4743898025709612,2.3687550026430793,1185.4321676861896,RESIDENTIAL,CLEAR,NORMAL,,,device_0029,route_0013,event_030902,2026-09-11 15:31:50.823237,31.156073265882515,78.33394398683707
9.805669897363705,0.07014764822182647,9.803013610703148,41.871725635698105,0.3116733076275294,0.7553373169379718,0.4378019632793445,13.934426229508198,0.53238766592857,0.175055790052267,1.251700767142534,0.6586517568025879,1174.5210483649005,ARTERIAL,CLEAR,NORMAL,,,device_0008,route_0010,event_072858,2026-09-11 16:41:46.423237,31.652697723763133,83.00769652352416
9.991799446255138,0.052857381330992485,9.989185416669534,39.76082485799259,0.9771825657543286,3.708943824354904,0.9113832642311738,1.4925373134328357,1.2310878659502031,0.2927767839777728,3.54005054589749,3.3901955334623843,1359.0965085801854,RURAL,CLEAR,SPEED_BREAKER,,,device_0026,route_0012,event_020292,2026-09-11 15:14:09.823237,26.76426575768001,77.19825281028986
9.929752232650515,0.03137085034436535,9.926677675350415,78.9785428089674,0.3242172577883306,1.0123128595802855,0.3815365530798912,3.508771929824561,0.49687519639857713,0.16877489574955384,1.172754238055706,0.487987773856586,1147.8114285371462,RURAL,CLEAR,NORMAL,,,device_0001,route_0005,event_058170,2026-09-11 16:17:17.623237,25.826124265418777,72.83145042367698
9.912713507064776,0.053174354667364164,9.910876698281312,20.266535116152937,0.3205858623529024,0.932889930328141,0.4694867691205336,20.535714285714285,0.5362846434981196,0.18336102969902734,1.1825932014090341,1.537738990528015,1175.8012798150014,RESIDENTIAL,WET,NORMAL,,,device_0009,route_0022,event_020949,2026-09-11 15:15:15.523237,30.54478323066985,77.1580688742811
9.874964984940465,0.053895445216302594,9.874277434204416,10.417057292180209,0.2970207269743621,0.6738472580636241,0.4383000593787841,19.642857142857142,0.5246911399022076,0.1857428083043923,1.1301765923019573,1.8695833536823576,1173.9088107441603,URBAN,CLEAR,NORMAL,,,device_0016,route_0049,event_036694,2026-09-11 15:41:30.023237,31.888378945766508,76.5958099777392
9.871598210585223,0.048455263632259396,9.869873164112896,19.064149366124465,0.7233396553372458,3.746828180129702,0.578841048738225,0.7575757575757576,0.8550326823507773,0.16386150702295643,2.837351531161069,6.498099055207935,1388.7337692196863,HIGHWAY,CLEAR,SPEED_BREAKER,,,device_0020,route_0026,event_008525,2026-09-11 14:54:33.123237,27.989548810744704,77.77977741466087
10.090301552168643,0.11590378180044697,10.090163054862613,79.27404333927223,0.957134527973378,4.526149847630563,0.852231770176174,1.0,1.2054409912593216,0.6326984962580658,3.331622029341947,2.174098754489574,980.2031432087932,ARTERIAL,RAIN,POTHOLE,LOW,1.694894185027572,device_0027,route_0002,event_078271,2026-09-11 16:50:47.723237,22.145005445138636,79.79660506011368
9.876363564856016,0.07656516209065546,9.876087700642175,18.12511410989625,0.351093946853957,1.017941798103145,0.4325220981208737,22.32142857142857,0.5179419457055972,0.17461943144443376,1.3668436600920195,1.840337262076012,1173.9088107441603,ARTERIAL,CLEAR,NORMAL,,,device_0016,route_0039,event_077402,2026-09-11 16:49:20.823237,35.046033102707625,79.61423193207698
9.88199633097839,0.060696820750960175,9.87918627672317,21.88031978715634,0.3162662170608285,0.7231467903985553,0.4468336187823714,15.57377049180328,0.5659035535244458,0.1612496902526492,1.2105690292529836,1.1176782919930262,1165.9444844817242,RESIDENTIAL,WET,NORMAL,,,device_0024,route_0036,event_077651,2026-09-11 16:49:45.723237,35.632824560703014,76.68509655828797
10.039604146989145,0.03543024139870694,10.038117123879966,9.884132674804494,0.5689544916516733,2.151565974973945,0.5237287118248777,17.424242424242426,0.684461253539581,0.1324402700327151,2.0299566961194486,6.198632713668566,1385.7657940676804,URBAN,CLEAR,SPEED_BREAKER,,,device_0009,route_0018,event_099836,2026-09-11 17:26:44.223237,36.627810147978295,81.12891782692611
9.78054438007774,0.05831314158764242,9.780241430522558,40.52024925667412,0.3533080552604226,1.0443307922797285,0.4526623545585574,6.666666666666667,0.5528756193064337,0.15726856451648918,1.4093817600380945,0.9382973453349842,1182.3087711011192,HIGHWAY,CLEAR,NORMAL,,,device_0021,route_0049,event_092271,2026-09-11 17:14:07.723237,36.82137161281427,75.7951769385867
9.957084685589717,0.029461300372034014,9.954876983533657,87.48064259840946,0.3214512360522187,0.746581196456054,0.3815914813198157,3.333333333333333,0.4951940832580148,0.17760887755366472,1.1009090295331987,0.3264433546814786,1176.243771850552,HIGHWAY,CLEAR,NORMAL,,,device_0027,route_0027,event_029775,2026-09-11 15:29:58.123237,27.565224202440003,79.55503395227369
9.903661744759052,0.04931409533565236,9.903018583468317,87.96691272739615,0.3476472063148471,0.7904864061307482,0.436426365335796,20.833333333333336,0.5481357260557318,0.17824141408628144,1.3061783904043516,0.3438133923115891,1182.3087711011192,RURAL,RAIN,NORMAL,,,device_0021,route_0024,event_034807,2026-09-11 15:38:21.323237,28.702828932638976,74.0645602744971
9.694357670231872,0.06780235432175537,9.693705354130271,19.41365576002129,0.3613272994677861,1.264077370506655,0.4942409648170221,12.5,0.6115060583738641,0.17092465400496218,1.4183704706706415,2.159555745523621,1178.0852418549218,HIGHWAY,WET,NORMAL,,,device_0012,route_0034,event_016885,2026-09-11 15:08:29.123237,28.116181592434938,75.81189557395068
9.981663957925502,0.06604336587957117,9.979211782248344,10.75597284785685,0.3737748819375341,0.8588381642511518,0.4829859629981863,9.836065573770492,0.5606931158573226,0.18400704322907283,1.2884802312864707,2.328109906696905,1165.9444844817242,RESIDENTIAL,CLEAR,NORMAL,,,device_0024,route_0015,event_049983,2026-09-11 16:03:38.923237,24.25019410543372,78.40331546346285
9.589868277644555,0.06773158816909078,9.58916523353847,57.009550775489465,0.3446847533278288,1.2606614334851205,0.4067169976045396,5.833333333333334,0.5026280200648388,0.19396655511654418,1.1119048075739464,0.8265338245969122,1178.291970417501,RESIDENTIAL,CLEAR,NORMAL,,,device_0003,route_0035,event_062614,2026-09-11 16:24:42.023237,24.56728855772454,81.30623637582428
9.673865330034848,0.0565446540609252,9.672917197557782,83.29967450098349,0.2587615976176243,0.6465626198992567,0.4107637677306855,9.166666666666668,0.5218864224596583,0.16915033441609692,0.9296087150656724,0.29624972766283236,1189.0117987248957,SERVICE_ROAD,CLEAR,NORMAL,,,device_0002,route_0021,event_014228,2026-09-11 15:04:03.423237,28.405277794953637,78.52336289739696
9.979213647889242,0.03399745975658709,9.977055831355614,21.9180377417398,0.3754809618373,1.1845117006594013,0.4670263504321071,22.5,0.5835833229163094,0.17300120228474142,1.2883256327492845,1.8280885497003505,1196.452449290308,RURAL,DUSTY,NORMAL,,,device_0018,route_0023,event_052176,2026-09-11 16:07:18.223237,26.05397621033028,81.21351127086642
9.736868577751753,0.0521314732757375,9.734290745526522,65.07707715765896,0.3448067383194895,1.0806575298497147,0.5012281004778922,20.175438596491222,0.5942478409623272,0.16681374451033523,1.3572424815643167,0.6257691114424323,1156.2462834189637,HIGHWAY,CLEAR,NORMAL,,,device_0026,route_0022,event_008028,2026-09-11 14:53:43.423237,29.38463110445235,77.2272875077466
9.661739179128947,0.05735373547591941,9.661638700329288,10.200813403733886,0.3389657245934303,1.148731649123336,0.4747442302612918,11.475409836065571,0.5590720582896134,0.17095110042730846,1.260888328777984,3.235678454365986,1173.9747253078074,RESIDENTIAL,CLEAR,NORMAL,,,device_0022,route_0006,event_028921,2026-09-11 15:28:32.723237,26.25410471608146,76.3854102656693
9.922665322150117,0.05400240473704353,9.919820691806086,18.37443012589836,0.3324167501981898,0.6881754943452272,0.4677325805880379,13.934426229508198,0.5473361310876789,0.1805038464321103,1.215206929766957,1.2302892015089408,1165.9444844817242,RURAL,CLEAR,NORMAL,,,device_0024,route_0038,event_069419,2026-09-11 16:36:02.523237,33.37891961427733,81.30582595516528
9.809414380586654,0.0507116529870693,9.806425179800366,9.242517553900209,0.5075181568557233,2.135324049778708,0.5019472905736544,0.7462686567164178,0.6897040943475742,0.11753808147491605,2.0234419141133166,6.449903626217384,1358.5262768552934,URBAN,CLEAR,SPEED_BREAKER,,,device_0013,route_0028,event_070811,2026-09-11 16:38:21.723237,24.398519377138445,72.53151524899111
9.919322930749148,0.0447612137512074,9.918745006333664,18.41713661178566,0.6841787921465352,3.159179275032363,0.5993417323680036,1.4285714285714284,0.8403017184616731,0.17541662405517655,2.622020592533577,5.637079043130684,1387.1804318457116,URBAN,RAIN,SPEED_BREAKER,,,device_0002,route_0000,event_034363,2026-09-11 15:37:36.923237,25.53399042864476,76.43480573113706
9.755144038075883,0.050313245034068116,9.75439232892295,20.527171335409736,0.2784938805008591,0.6012613059675971,0.4132482065518268,3.333333333333333,0.4997742874140646,0.167356571556286,1.1000671851812527,0.9805636332789173,1189.0117987248957,URBAN,RAIN,NORMAL,,,device_0002,route_0038,event_043203,2026-09-11 15:52:20.923237,31.573718392648644,79.78942747455751
10.440881751148595,0.04166422397237393,10.437878334518128,60.78730422687552,1.7315943953569044,6.550811507245843,1.034368743667721,0.7575757575757576,1.8644178774059745,0.3579763455239946,5.932396751700665,4.044503215818873,1385.7657940676804,RURAL,WET,SPEED_BREAKER,,,device_0009,route_0008,event_036794,2026-09-11 15:41:40.023237,31.68835560462021,78.07539645434599
9.850558545605594,0.047446583397336914,9.848420927852503,80.70337503894606,0.2591570410893108,0.666531070589361,0.4721910203476537,0.8928571428571428,0.5561401878186171,0.17466019161406304,1.0143668108925716,0.314760100306697,1172.5933011717448,URBAN,CLEAR,NORMAL,,,device_0014,route_0028,event_097026,2026-09-11 17:22:03.223237,22.80476016822317,70.79437324681574
9.623732587412773,0.06882955944834501,9.621221257576163,19.95505496786101,0.3347228227175689,0.9109633863183592,0.4155062705612489,2.631578947368421,0.533852014919245,0.170401974474072,1.1622088702643367,1.521120928406203,1170.7151707482878,RESIDENTIAL,CLEAR,NORMAL,,,device_0015,route_0037,event_063342,2026-09-11 16:25:54.823237,29.556087578266062,71.51178021632077
10.394941379515684,0.0781637015189019,10.389371783656474,83.49379433233517,2.2067594313179364,7.14513269437812,1.4042263639266008,0.7142857142857142,2.3853617451930016,0.5715529007639077,7.833513763411477,3.2665780465472327,1387.1804318457116,HIGHWAY,WET,SPEED_BREAKER,,,device_0002,route_0021,event_036955,2026-09-11 15:41:56.123237,27.9965025274352,80.52598984706302
9.653664318102761,0.055759569507261,9.650579522585952,18.844225780741034,0.306662381228173,0.6491778516716504,0.4219537412090069,11.607142857142856,0.4849317722234889,0.17961364358870122,1.0933304430198127,1.13670361675193,1178.3195617621582,ARTERIAL,CLEAR,NORMAL,,,device_0020,route_0036,event_069228,2026-09-11 16:35:43.423237,34.87805068097668,76.7514640051989
9.643269988436801,0.05570698624476312,9.640951513225009,58.092633529631456,0.8744885522266763,2.0268073332422745,0.4142627848910815,1.923076923076923,1.6321221396204917,0.3980274448547297,3.4623611676691652,1.3056668516242296,1054.8211708383528,URBAN,CLEAR,ROUGH_PATCH,,,device_0026,route_0008,event_009423,2026-09-11 14:56:02.923237,29.328744716120944,77.37386095483585
9.581650805926195,0.042691580632949755,9.580855541076664,9.411000263034296,0.3882075594020337,0.99915417735782,0.4386616367756066,19.166666666666668,0.5304342932599154,0.1889379294296537,1.3037190478691834,2.980103371146328,1194.4208269519645,URBAN,CLEAR,NORMAL,,,device_0004,route_0019,event_086000,2026-09-11 17:03:40.623237,31.73083475313943,70.00542642936854
10.034750646670224,0.048519479723606644,10.032379668079994,37.341154201775886,0.3754598665952977,0.8465319668342968,0.4913642029484371,20.833333333333336,0.5760931625152825,0.170229855804702,1.1356370706082437,0.8190695041580937,1196.452449290308,URBAN,CLEAR,NORMAL,,,device_0018,route_0038,event_016958,2026-09-11 15:08:36.423237,29.76651466482577,78.27122335378128
9.918447979078511,0.06658731343184104,9.91449294540974,60.8496674499408,0.3885268639912191,0.9832738952806944,0.4697291708372738,9.166666666666668,0.5733511385378307,0.17345291186152886,1.4559452105687711,0.6064943330910432,1185.4321676861896,URBAN,CLEAR,NORMAL,,,device_0029,route_0007,event_021614,2026-09-11 15:16:22.023237,27.397021729187102,78.68688409361097
9.739401633162087,0.051656535908358295,9.73833240215168,38.14115830088509,0.2773965243879812,0.7007797906144457,0.4373544026488446,4.166666666666667,0.5423367714647062,0.17399767791599333,1.0867643291020812,0.6651737340591584,1182.7936295130366,RURAL,CLEAR,NORMAL,,,device_0023,route_0035,event_061461,2026-09-11 16:22:46.723237,24.64044910542301,81.23263708379018
9.693148926606078,0.0246961954576297,9.69055123890689,37.21080105035362,0.299078951899681,0.7581965723984254,0.469834659432397,1.6666666666666667,0.5510403084176135,0.18184030895235823,1.135784915057954,0.7359202471915254,1189.0117987248957,URBAN,CLEAR,NORMAL,,,device_0002,route_0036,event_061773,2026-09-11 16:23:17.923237,34.2102397093323,76.81048622316275
10.077203142357199,0.058752411566630955,10.075746230205448,9.78157491864173,0.4458946812442455,1.0914198808494024,0.4982917387429096,0.8333333333333334,0.5825810719701955,0.18367703391931617,1.3632435586530889,3.1677653310089737,1196.452449290308,RESIDENTIAL,CLEAR,NORMAL,,,device_0018,route_0015,event_086801,2026-09-11 17:05:00.723237,21.0522941288436,79.26211039853933
9.93907144473302,0.05178928579934206,9.935930540539868,36.38645865232684,0.3336944903310441,0.6412170724199164,0.4286437642115754,5.833333333333334,0.5415100895264647,0.16367666916301166,1.196861375074974,0.6350812562596133,1185.4321676861896,URBAN,RAIN,NORMAL,,,device_0029,route_0018,event_067502,2026-09-11 16:32:50.823237,34.00623965746696,79.87115380502784
9.978064347688317,0.036194783017405696,9.977331399231703,9.163081368934147,0.3388931938456767,0.8097441861514643,0.4013044596316042,3.571428571428571,0.48723179326594374,0.18359891951917426,1.1383449462050308,2.4606523760083134,1169.7676911232593,RESIDENTIAL,CLEAR,NORMAL,,,device_0006,route_0033,event_079370,2026-09-11 16:52:37.623237,34.80174513738025,80.72831204253796
9.746892359952236,0.0554062261647218,9.74401872295014,62.01146846386437,0.3155381477994032,1.0541939563415212,0.4444405395025411,15.178571428571429,0.5450250781888135,0.163018328250329,1.2477955181822402,0.638794428224909,1172.5933011717448,RESIDENTIAL,CLEAR,NORMAL,,,device_0014,route_0022,event_034496,2026-09-11 15:37:50.223237,31.760821073139827,77.08531059542487
9.886927760070877,0.09115712538801973,9.886782048280644,84.1473236173432,1.363926436566527,3.318414981455362,0.431188657017249,1.96078431372549,1.9144516517146084,0.4275190786868294,5.567564811394568,1.5058494553327337,1065.3241472729685,RESIDENTIAL,CLEAR,ROUGH_PATCH,,,device_0006,route_0023,event_043008,2026-09-11 15:52:01.423237,26.499393443742804,80.51930438436048
9.729351238473393,0.038070742692599094,9.725489906694015,10.790275642750435,0.3820373743307553,0.8322735033644406,0.4901970135088921,17.5,0.5986575082666251,0.1557532454363216,1.5126109251540747,2.2508667815731638,1189.0117987248957,RESIDENTIAL,CLEAR,NORMAL,,,device_0002,route_0045,event_091597,2026-09-11 17:13:00.323237,20.735775934262545,79.56902628851647
9.988596493990032,0.05193923690265418,9.98507550900882,42.53739719941344,0.3433015237931183,0.7402046871253081,0.4633717938277637,16.07142857142857,0.5321862774122831,0.18357895718051723,1.1264638335919095,0.6362235377741646,1173.3612685170888,URBAN,CLEAR,NORMAL,,,device_0005,route_0020,event_075438,2026-09-11 16:46:04.423237,23.86063019093607,72.33379688657969
9.783529303456135,0.0525484480106105,9.783463410953278,59.31962753540661,0.3135879736979138,0.90107105160563,0.3982157021894862,1.6666666666666667,0.5154514705069572,0.1778814833402331,1.2672641335110448,0.5692206898101385,1182.3087711011192,HIGHWAY,CLEAR,NORMAL,,,device_0021,route_0036,event_029719,2026-09-11 15:29:52.523237,31.338692285243123,77.06366009186657
9.87557379503489,0.04192710003698893,9.874486022410077,21.99879467574377,0.2505479408389525,0.7195077023219145,0.3877786468409928,2.5,0.48258296866711536,0.16941825966333487,0.9438989433578442,1.106986245009577,1182.7936295130366,HIGHWAY,WET,NORMAL,,,device_0023,route_0019,event_038606,2026-09-11 15:44:41.223237,30.051364804978896,73.9227782309042
9.644856119787375,0.10850046744863805,9.643404862148625,64.76437295015393,1.0000518816292787,2.169131440168382,0.3917215388408216,1.818181818181818,1.4588738529840275,0.3813180808575498,4.087961353431606,1.2617763223061726,1094.8857580393003,URBAN,WET,ROUGH_PATCH,,,device_0004,route_0044,event_077126,2026-09-11 16:48:53.223237,35.335955593775715,75.89008459117403
9.631462033854934,0.06244090033488723,9.63094588594869,39.38301000163183,0.3679859548135782,1.1877367750959156,0.4399022829893353,12.5,0.5363834472206349,0.18329665684789118,1.332421862672522,1.0951169824788454,1178.291970417501,RURAL,WET,NORMAL,,,device_0003,route_0019,event_097087,2026-09-11 17:22:09.323237,32.12363632551556,69.08902746234982
9.582860719033974,0.0645412264679144,9.58203679414259,38.11794988048932,0.3117391195190959,0.7139196516372728,0.4023010168279966,2.5,0.49032663709057367,0.17082856477156186,0.9343612968375865,0.6780193752668748,1178.291970417501,RESIDENTIAL,WET,NORMAL,,,device_0003,route_0010,event_024626,2026-09-11 15:21:23.223237,29.63985219068432,79.16566599169168
9.993850290609466,0.02563687860212687,9.99150222877982,10.846138564910428,0.3662123394510141,0.8930840101291846,0.4476429182094233,12.295081967213116,0.5821731813562372,0.1692375411143243,1.2057968721177978,2.4062391879866514,1174.5353318231532,URBAN,DUSTY,NORMAL,,,device_0019,route_0031,event_061814,2026-09-11 16:23:22.023237,23.337185254209157,79.21558448220398
9.90779554566185,0.03931920054700583,9.905594179165856,19.711667174471,0.294796227988536,0.7414529309965232,0.4010321639121525,22.5,0.5214506250756441,0.16874301929285357,1.082808170160913,1.2507816098140974,1187.9876613670087,RURAL,CLEAR,NORMAL,,,device_0000,route_0021,event_069755,2026-09-11 16:36:36.123237,27.40672363595996,83.41618188165285
9.921401602269734,0.05497760935240564,9.921333314192424,58.66070942588978,0.3634562679394767,0.7594817611981171,0.4174688172823592,19.642857142857142,0.5135878604882625,0.1870389335630801,1.3575218167042387,0.4848216805437692,1173.9088107441603,HIGHWAY,CLEAR,NORMAL,,,device_0016,route_0039,event_011930,2026-09-11 15:00:13.623237,29.52252434256985,77.5742681261994
9.800379204247717,0.05655700036287872,9.7980485160341,21.856282425323403,0.6014370983910221,2.4640349630635683,0.5652817477366153,1.5151515151515151,0.7762486421954523,0.16842860439868013,2.3615040750454845,3.811893639667728,1355.564934550649,RESIDENTIAL,CLEAR,SPEED_BREAKER,,,device_0015,route_0015,event_016160,2026-09-11 15:07:16.623237,27.188041664405915,77.6144298010429
9.94350042553011,0.06845462885900991,9.940054119739452,21.18718023171062,0.3064236940538389,0.6286053839001617,0.4081599871921512,19.642857142857142,0.5140139669791286,0.1700243288660321,1.069644133055096,0.998294176826906,1173.3612685170888,RESIDENTIAL,CLEAR,NORMAL,,,device_0005,route_0021,event_047439,2026-09-11 15:59:24.523237,27.80799841852043,81.44986054315166
9.841016406868388,0.04796858227505781,9.837663858852563,75.97312902373253,0.3154847147633534,0.8245761685656401,0.435351284363734,19.29824561403509,0.5234619952542336,0.18737665372160697,1.2423790928410767,0.4124266131044801,1147.8114285371462,RESIDENTIAL,CLEAR,NORMAL,,,device_0001,route_0038,event_034605,2026-09-11 15:38:01.123237,30.981702970937278,79.29206298880065
9.891715893368444,0.07728750125685421,9.891184433883284,78.46529112412821,0.2582804979809761,0.622300199602309,0.4271195851316562,22.32142857142857,0.5015071578397643,0.16849323798399934,0.9478945458483032,0.30184830059745343,1173.9088107441603,URBAN,CLEAR,NORMAL,,,device_0016,route_0036,event_014106,2026-09-11 15:03:51.223237,29.94033650603047,77.18715602693254
10.058608645421923,0.0554908138121112,10.057396336622888,10.671368345620952,0.633217030486268,2.327273504019031,0.6133705124079025,0.7142857142857142,0.7536143593742775,0.14800952946744225,2.2841754340352267,6.34507552177617,1390.2596780229646,URBAN,CLEAR,SPEED_BREAKER,,,device_0025,route_0030,event_090650,2026-09-11 17:11:25.623237,35.52231190837324,81.68726776547075
10.009530038991388,0.02972862001611813,10.009078515800187,65.58680373114083,0.3780036938195382,0.9902471612243318,0.4738008945938431,8.333333333333334,0.5730350995371478,0.19483821810821872,1.2319851470308727,0.5692154880688596,1191.6511525911126,URBAN,CLEAR,NORMAL,,,device_0025,route_0006,event_098434,2026-09-11 17:24:24.023237,20.363805541902806,74.29181121369457
10.212736504136846,0.06504771451934481,10.212279977003933,65.57996867881711,2.0170299698518,7.9034727347899505,1.273024477332167,0.7042253521126761,2.257647630288976,0.47194434472860675,7.302769520895691,4.543533367353228,1366.4295983090874,URBAN,WET,SPEED_BREAKER,,,device_0022,route_0043,event_017502,2026-09-11 15:09:30.823237,26.972559125336492,77.0148218045522
9.731816070482488,0.07301742089701983,9.7301315262734,75.39741562057087,0.3502958453416699,0.8300524943101593,0.4196121699117294,2.631578947368421,0.5181853970303951,0.18725738691567392,1.3825396422720644,0.4181760768017256,1164.8650637957344,RESIDENTIAL,CLEAR,NORMAL,,,device_0028,route_0029,event_063485,2026-09-11 16:26:09.123237,25.901905496083376,72.12850390754355
9.83746126460538,0.04998637864679319,9.833493163641704,55.87252282587122,0.2756158821206509,0.740900394489941,0.4159164752886913,3.508771929824561,0.5052021672074638,0.18410487584397361,1.091363607502597,0.49498525167861757,1147.8114285371462,RESIDENTIAL,WET,NORMAL,,,device_0001,route_0003,event_033075,2026-09-11 15:35:28.123237,30.048876078286803,74.75060295122577
9.818080298668006,0.05802131334316522,9.817988854151372,9.923256536882,0.9775248237253286,2.3864248899597893,0.4572217835541711,1.96078431372549,1.635247071322056,0.3748467551521743,3.9537555195821845,6.855938863550408,1069.0955240705746,RURAL,CLEAR,ROUGH_PATCH,,,device_0016,route_0018,event_079808,2026-09-11 16:53:21.423237,35.00411819199205,80.34987952535917
9.795711750323244,0.07145875220271194,9.795197132982622,10.312764911590646,0.4197440787636808,1.9154042293110451,0.5089506610244636,23.88059701492537,0.6095061034465574,0.1373117666622501,1.6880827684578144,5.352995710171774,1369.2273556897228,RURAL,WET,SPEED_BREAKER,,,device_0028,route_0007,event_090790,2026-09-11 17:11:39.623237,23.5542281201786,83.57931975987138
9.985519175393877,0.030092937773343653,9.985031013388015,80.36371295484615,0.4500479420144596,1.427889419208956,0.5192815039597148,14.166666666666668,0.6219690947404994,0.17132846527323564,1.6181088913425228,0.6770159203273581,1191.6511525911126,RURAL,CLEAR,NORMAL,,,device_0025,route_0049,event_093364,2026-09-11 17:15:57.023237,36.91881926713845,75.77950829138679
9.68380502602952,0.02611751203752094,9.681596234210843,20.933703514265048,1.1930017167160036,2.660234909946753,0.514615780698688,1.923076923076923,1.7493044849765902,0.3713985518213335,4.808275331500894,4.267693178311488,1054.8211708383528,RURAL,RAIN,ROUGH_PATCH,,,device_0026,route_0014,event_018292,2026-09-11 15:10:49.823237,30.04962595586961,76.62273248715677
10.345577636617922,0.02421760088405039,10.34531296275125,59.11814211863624,1.733844966263233,6.579188868252235,1.1661145411651654,0.7142857142857142,1.8587555473348676,0.37090687111646586,6.2212634500332555,4.169443933179184,1379.3602329513055,URBAN,CLEAR,SPEED_BREAKER,,,device_0021,route_0014,event_043849,2026-09-11 15:53:25.523237,32.18785068359715,75.77990425046394
9.852752829030505,0.04381702859654317,9.8525324736983,56.26172779283085,0.331803082802924,0.8877060231674481,0.4581279514582456,3.571428571428571,0.5710397373781297,0.1700972498178724,1.305740542862086,0.589233701509007,1173.9088107441603,RESIDENTIAL,CLEAR,NORMAL,,,device_0016,route_0017,event_035067,2026-09-11 15:38:47.323237,31.09539034131029,78.98910943631313
10.104347523780584,0.03992310599669422,10.10408815032624,37.89159181099724,1.2205206916326838,4.468884727732791,0.8817994728161355,0.7042253521126761,1.4699893595297493,0.2679528551692724,4.398331172313019,4.267094693269339,1367.0654825230808,HIGHWAY,WET,SPEED_BREAKER,,,device_0008,route_0030,event_061392,2026-09-11 16:22:39.823237,33.31130033980792,80.26033085956367
9.839358182313962,0.07348321679344076,9.838511183318108,77.68703295903201,0.3127134635009753,0.7245167062235147,0.4012997367980558,0.8928571428571428,0.5186353076285379,0.15484914796711452,1.2278511934247476,0.35477685012106,1173.9088107441603,RURAL,CLEAR,NORMAL,,,device_0016,route_0002,event_027381,2026-09-11 15:25:58.723237,26.389269006244103,78.08370018344692
9.647822565495098,0.04033990170357151,9.644599541515024,9.190866839615891,0.3774994479824671,1.2155107705332586,0.4256498589141524,16.417910447761194,0.5038591194739823,0.1202442970777592,1.3990878828375095,3.6859162792326496,1359.0965085801854,HIGHWAY,CLEAR,SPEED_BREAKER,,,device_0026,route_0029,event_085413,2026-09-11 17:02:41.923237,24.97891948828433,70.3859125569084
9.649611710860375,0.04195753147941149,9.649491730700678,20.25092202501129,0.3914391954775983,0.8909562605429748,0.5329820530119777,3.278688524590164,0.6394567543612775,0.17214148387187836,1.4758806071554176,1.4695626988929882,1173.9747253078074,URBAN,RAIN,NORMAL,,,device_0022,route_0032,event_013797,2026-09-11 15:03:20.323237,29.35706735079223,78.1030271131403
9.835113787922298,0.01707342124197601,9.834271170226897,57.829118604063154,0.2806144681696926,0.6076179524415082,0.3760459667420476,15.178571428571429,0.4512164184851956,0.18773619736995417,1.109749772060077,0.3930950116449359,1173.9088107441603,HIGHWAY,RAIN,NORMAL,,,device_0016,route_0033,event_001728,2026-09-11 14:43:13.423237,28.77171184529056,77.20754073853216
10.041253932134156,0.0673925872852037,10.03697676876842,39.90572114507725,0.4021340002129288,0.9301614534903369,0.4672820525572484,22.13114754098361,0.5514639175699598,0.17921994708556813,1.2668960062280163,0.8474170829963714,1165.9444844817242,URBAN,CLEAR,NORMAL,,,device_0024,route_0010,event_066100,2026-09-11 16:30:30.623237,31.370883707694308,82.4694295983777
9.774726054100212,0.07604557580248808,9.771968949948237,19.066693546200543,0.3523259305951941,0.8832411214017224,0.4679661414141485,2.6785714285714284,0.576830798706595,0.1613553856563494,1.4057027364703174,1.531630217625545,1172.5933011717448,URBAN,CLEAR,NORMAL,,,device_0014,route_0028,event_007677,2026-09-11 14:53:08.323237,28.237223719426957,76.71491944321254
9.971450794575333,0.07554310691067224,9.968952420352569,18.92647349937076,0.3636926960437519,0.8152575548031749,0.4595203649898075,16.393442622950822,0.5240497840499702,0.18720674900722353,1.2689925892386427,1.4223863165445838,1165.9444844817242,RESIDENTIAL,WET,NORMAL,,,device_0024,route_0031,event_073314,2026-09-11 16:42:32.023237,22.372008406385422,79.5869839244727
9.9388091961619,0.06257665776284219,9.937641154878236,65.30781154249871,0.375253762501286,0.8561175209169498,0.4042743621321682,0.8928571428571428,0.5472735954781807,0.1507857707990671,1.3865860955706744,0.49409583241103433,1173.3612685170888,RESIDENTIAL,CLEAR,NORMAL,,,device_0005,route_0047,event_069695,2026-09-11 16:36:30.123237,22.67796991069616,79.0109895796037
9.721291546995218,0.053914889315279255,9.71785615552588,58.72113623439572,0.341672666361151,0.8636684367337839,0.4779700829594333,21.929824561403507,0.5466672021207978,0.1680581459556448,1.346366460569719,0.5507989737342517,1156.2462834189637,SERVICE_ROAD,WET,NORMAL,,,device_0026,route_0005,event_005438,2026-09-11 14:49:24.423237,28.36229806700166,76.83867722736608
9.735794075464968,0.04717520366494988,9.73461085237533,10.729323461761156,0.3623244045002299,0.922805644904555,0.4703756098503536,17.21311475409836,0.5377599551465683,0.1727476507009523,1.426250391511676,2.5060367431002617,1174.5210483649005,RESIDENTIAL,WET,NORMAL,,,device_0008,route_0039,event_073380,2026-09-11 16:42:38.623237,34.70667268340309,79.48898211385043
10.94345344937397,0.027385560195786345,10.942754160826912,18.64305560555,5.126109345929246,19.20533908748509,3.8525599932449928,1.0,5.286510776039104,0.33926307935274375,21.057006680285248,33.92711553078146,980.2031432087932,URBAN,CLEAR,SEVERE_POTHOLE,CRITICAL,22.381234887289278,device_0027,route_0040,event_034590,2026-09-11 15:37:59.623237,28.46022259932081,74.12912714125561
9.804235259741217,0.04961289751274322,9.803918013807587,61.33544879136195,0.3466351667252829,0.8508499203919637,0.4944197619631922,24.166666666666668,0.5540028754416493,0.16758187116376952,1.3885215547175385,0.5209116558510303,1182.3087711011192,RESIDENTIAL,WET,NORMAL,,,device_0021,route_0043,event_008452,2026-09-11 14:54:25.823237,27.77368374116288,77.15569645282854
9.950300811746185,0.028550201291914417,9.947558817582223,18.552388033550848,0.3198180639013763,0.717971583910705,0.4453679687638572,16.393442622950822,0.5444034882219276,0.15503048900840377,1.1133656882955272,1.2734289297303496,1174.5353318231532,URBAN,CLEAR,NORMAL,,,device_0019,route_0032,event_006234,2026-09-11 14:50:44.023237,28.93304487472955,77.57096059442064
9.979078085816111,0.06983892860359268,9.975824209893162,40.69432498664537,1.3371516660803648,3.2986555719315103,0.4848974880811038,1.818181818181818,1.6795747135587111,0.3867478680676027,5.366570844323165,2.95219187037025,1059.007266397925,RURAL,CLEAR,ROUGH_PATCH,,,device_0019,route_0028,event_056579,2026-09-11 16:14:38.523237,25.26389308586632,73.47461208750596
9.568230584110736,0.04153412065415028,9.56704973901573,57.37977827555864,0.3774224173423712,0.9904162068885968,0.4249772393130822,14.035087719298245,0.5179270565043198,0.18590042500662535,1.2154650406413587,0.6454348547446476,1155.761160906742,RESIDENTIAL,CLEAR,NORMAL,,,device_0013,route_0014,event_044068,2026-09-11 15:53:47.423237,32.20609749803622,75.77254938841901
9.728414083703525,0.05267271199623188,9.727170340776464,79.38626346811988,0.3290182959952503,0.8081694101854318,0.4712460007727023,5.357142857142857,0.5764873520337578,0.1761087519509444,1.299665702032236,0.3876750805577995,1178.0852418549218,ARTERIAL,CLEAR,NORMAL,,,device_0012,route_0019,event_073661,2026-09-11 16:43:06.723237,31.29348855147588,71.02519510048393
9.763867655561585,0.03459516344974129,9.76266951351992,20.42446748980824,0.2493906982135857,0.5940737110940972,0.4212055371126665,10.833333333333334,0.5199022148678221,0.18764394901810869,1.0021463461248423,0.9729157228782823,1189.0117987248957,URBAN,CLEAR,NORMAL,,,device_0002,route_0015,event_018241,2026-09-11 15:10:44.723237,27.007177875094012,77.66319694930448
10.225721932709165,0.13416754313646403,10.218965812650008,81.01995016495684,2.244522421758673,11.627593972020064,1.69317249686406,6.382978723404255,2.3805799068883826,0.657175636226393,8.081009285786799,5.470524953006936,984.1408063405715,SERVICE_ROAD,CLEAR,POTHOLE,MEDIUM,4.6681266978664215,device_0014,route_0023,event_072559,2026-09-11 16:41:16.523237,25.06386445225012,82.75621607610411
9.998480919859164,0.02564656381885532,9.99524191362553,79.022152036676,0.3668114603886677,0.967638163179819,0.3999020997198895,9.836065573770492,0.4751763723281018,0.178049727779339,1.21917642893278,0.46620721792533326,1174.5353318231532,RESIDENTIAL,CLEAR,NORMAL,,,device_0019,route_0031,event_011372,2026-09-11 14:59:17.823237,27.571045704665096,77.58630286269721
9.828304338700358,0.049141903041754746,9.82774320038066,10.879128655324743,0.2723891056444827,0.7514386542257636,0.4581953386605996,12.5,0.5529515463720373,0.17737175981120207,1.0818924391909803,2.020114676424547,1182.3087711011192,URBAN,CLEAR,NORMAL,,,device_0021,route_0012,event_053067,2026-09-11 16:08:47.323237,23.8173125610134,77.14015206631152
9.889505422533562,0.034709346680789906,9.887331738743017,39.73309382422571,0.3191043805145181,0.760217356270342,0.4642437533884258,13.934426229508198,0.551139125645923,0.16789321370353663,1.1980937655707287,0.6953245606870133,1168.9485129122031,RESIDENTIAL,CLEAR,NORMAL,,,device_0017,route_0013,event_054396,2026-09-11 16:11:00.223237,33.06441382566312,79.24033559908337
9.92957392687034,0.04180151700795612,9.925147789963686,19.070463870056848,0.3214717891400399,0.7039060288168688,0.45660756472073,14.166666666666668,0.5405399758915996,0.1718318327340368,1.1555085171720059,1.2204453846816115,1185.4321676861896,URBAN,CLEAR,NORMAL,,,device_0029,route_0016,event_060743,2026-09-11 16:21:34.923237,34.00332945517173,75.8671818270508
9.938551125979176,0.03593591101896256,9.934156415974122,41.43518067114294,0.4127935900001999,1.2116311067924048,0.5104607595956928,17.5,0.590895790184363,0.17227815962184098,1.5367162905380276,1.0666898107544607,1185.4321676861896,ARTERIAL,CLEAR,NORMAL,,,device_0029,route_0010,event_004232,2026-09-11 14:47:23.823237,28.78871730192835,77.54072385586808
9.861782169801975,0.04438420109573724,9.861746374808645,58.27229992998532,0.3488583698564652,0.7391912940626764,0.4391063098703038,20.0,0.5142368121829632,0.1713563931514072,1.3695307145605646,0.4748122647750425,1182.3087711011192,HIGHWAY,CLEAR,NORMAL,,,device_0021,route_0032,event_066149,2026-09-11 16:30:35.523237,32.28932491630986,81.78650195573155
9.98377331772981,0.0393067446250675,9.981466628841128,40.74110859339176,1.2482582568919036,2.825808538241173,0.4592109133581256,1.818181818181818,1.4925571063694836,0.3464441943411481,4.899664308501698,2.5263643455258893,1078.2234575296727,RESIDENTIAL,WET,ROUGH_PATCH,,,device_0027,route_0001,event_000226,2026-09-11 14:40:43.223237,28.6388039716204,77.30214193306537
9.614901723750474,0.05931575356766331,9.6121332821036,79.91280504132516,1.3414578369137669,3.2252776153615663,0.4629119215220734,1.818181818181818,2.0613140239531633,0.3483958847296031,5.625592576227526,1.5374424028719766,1094.8857580393003,URBAN,CLEAR,ROUGH_PATCH,,,device_0004,route_0014,event_038050,2026-09-11 15:43:45.623237,31.702660411370704,75.97084038219246
9.909613239955604,0.055213649621306246,9.907228600599378,39.52124479184456,0.3386012770104178,0.9336600964570624,0.4848436054709678,5.833333333333334,0.6016788610616279,0.1607983387194526,1.2644424387150792,0.8581189264439611,1185.4321676861896,HIGHWAY,CLEAR,NORMAL,,,device_0029,route_0009,event_075830,2026-09-11 16:46:43.623237,21.95502324218677,78.35150350246556
10.003720898908352,0.05263446836484837,10.002626332739265,84.53704854232399,0.3702622109663414,0.8205504694085555,0.470918715879221,24.166666666666668,0.5608823683254267,0.1844026912610313,1.1997782048161945,0.37071507709738116,1191.6511525911126,URBAN,CLEAR,NORMAL,,,device_0025,route_0016,event_011712,2026-09-11 14:59:51.823237,29.724270272253005,76.93197983105772
9.650321677922127,0.08013711859088757,9.64845273916728,20.29379752349927,0.3327373755475411,1.1113254062490403,0.4235835583260461,16.666666666666668,0.5047482801582867,0.17579626838021153,1.1989028295216286,1.8298092839113538,1194.4208269519645,ARTERIAL,CLEAR,NORMAL,,,device_0004,route_0017,event_089798,2026-09-11 17:10:00.423237,35.06326556991829,81.90169575376822
9.990268617516143,0.06437766079448443,9.985961075915686,9.241495969299235,0.358315745192349,0.8044461530181994,0.4038154215016339,0.819672131147541,0.49385600502683435,0.17132712412999462,1.198244879209021,2.4300763444956055,1165.9444844817242,HIGHWAY,CLEAR,NORMAL,,,device_0024,route_0045,event_084721,2026-09-11 17:01:32.723237,21.32943104938004,79.39495129046965
9.941403416446388,0.07859556148043934,9.9410943714852,42.92011471185556,0.8047788383681204,4.333122929107976,0.8524306196511704,7.446808510638298,1.0245381583280717,0.31267061112717526,3.0077370204926126,3.6940429116326112,985.244894731706,URBAN,RAIN,POTHOLE,MEDIUM,3.008961612711832,device_0016,route_0016,event_011650,2026-09-11 14:59:45.623237,29.71878586351622,76.93308980376518
9.847342302206384,0.060299189395934934,9.846992960106665,40.79510719034619,1.3997499550795145,3.135977441224913,0.4087738291244997,1.96078431372549,1.640206980809693,0.3638780727721845,5.641251950045132,2.800285690041388,1069.0955240705746,RESIDENTIAL,CLEAR,ROUGH_PATCH,,,device_0016,route_0013,event_063792,2026-09-11 16:26:39.823237,33.82794863161184,79.60289032903341
9.85431598001731,0.0491014688781114,9.853034060204912,21.95036560376385,0.3131388873793873,0.9034419175646012,0.4460615848778532,10.655737704918034,0.5288330095261594,0.17878022726410503,1.236746066306484,1.3925690779995266,1168.9485129122031,RESIDENTIAL,CLEAR,NORMAL,,,device_0017,route_0001,event_018331,2026-09-11 15:10:53.723237,27.019226159558897,77.13571565919338
9.94087291623358,0.06264402090633074,9.939413348667376,75.9093771214145,0.3525031918122674,0.7967514683756018,0.4534151352520503,21.311475409836067,0.554890992052778,0.1648993720450435,1.2733738710471698,0.3988275204122869,1173.916838169756,URBAN,CLEAR,NORMAL,,,device_0011,route_0012,event_059464,2026-09-11 16:19:27.023237,23.24202746090364,77.12875055266984
9.949753725457535,0.050030421949424066,9.946904028936602,84.38881058972922,0.8244673333661149,2.05529528702189,0.3855392145264316,1.7857142857142856,1.1583617139091382,0.2657835204586894,3.1687217419624254,0.9301155987093757,1070.3752644422386,HIGHWAY,CLEAR,ROUGH_PATCH,,,device_0024,route_0049,event_031838,2026-09-11 15:33:24.423237,31.45687220069818,76.66597034768843
9.851398354070602,0.0494818686407162,9.850111218744647,42.965635884503314,0.3349400622559982,0.7703490724837145,0.4908102629757005,8.035714285714285,0.5691587771736467,0.16669835772447592,1.3261800623216509,0.6560959373599345,1175.8012798150014,SERVICE_ROAD,CLEAR,NORMAL,,,device_0009,route_0031,event_035887,2026-09-11 15:40:09.323237,25.513330635744843,78.37812631013358
9.913294890563918,0.0589239183167193,9.911631996111554,65.1439486875438,0.3293589772052411,0.8531052342946701,0.4374283672397278,4.918032786885246,0.5284099529810298,0.18187518126769148,1.2272714596396526,0.4935241625553017,1173.916838169756,SERVICE_ROAD,WET,NORMAL,,,device_0011,route_0000,event_070557,2026-09-11 16:37:56.323237,22.38452073428153,75.61267340447625
10.034626300275026,0.037312944190111656,10.03282577812403,40.7983730697914,0.4007576148371927,1.154861968895483,0.4608919827215661,21.666666666666668,0.5636110437912404,0.17743062516819902,1.2641677202997137,1.0311642050896117,1176.243771850552,URBAN,WET,NORMAL,,,device_0027,route_0028,event_068841,2026-09-11 16:35:04.723237,24.51841212254598,72.66204345118054
9.712907870982397,0.09458483626186096,9.711745609229492,56.60858660330646,0.9061452378502028,5.342282608345997,0.7429823627636005,1.0638297872340423,1.06388048187429,0.4759563033121726,3.4402882356366895,3.525759571535398,953.4952252035704,URBAN,WET,POTHOLE,LOW,1.93351495029752,device_0007,route_0044,event_044299,2026-09-11 15:54:10.523237,32.43914963674146,76.45596462420751
9.96348441910062,0.0323925556972421,9.961839769320102,10.179584291021012,0.3372823447192793,0.9375304365563172,0.4610233153684299,19.672131147540984,0.5557034850299979,0.18358566991451436,1.1620538451013296,2.644733208857168,1173.916838169756,HIGHWAY,WET,NORMAL,,,device_0011,route_0029,event_039431,2026-09-11 15:46:03.723237,26.913518460197817,74.04058436952725
9.63495231030004,0.053717258029640676,9.633245125657568,41.148828629843294,0.4622207250068944,1.1876936829810472,0.573455977461561,23.684210526315788,0.6295285742470097,0.1808309738610517,1.7419120095571934,1.0522476166267434,1155.761160906742,URBAN,CLEAR,NORMAL,,,device_0013,route_0005,event_071757,2026-09-11 16:39:56.323237,25.172723168473983,71.79911445748218
9.858075513306062,0.021217558183234463,9.85630568427767,21.95293552819349,0.790773710106694,1.7364821625629343,0.3885468167558731,1.7857142857142856,1.2192581418241537,0.4328387769511676,3.2096529052521916,2.676355683427856,1073.1330610341536,URBAN,CLEAR,ROUGH_PATCH,,,device_0017,route_0038,event_051266,2026-09-11 16:05:47.223237,32.12906857804357,80.25575728995007
9.528857951113823,0.045961862121170975,9.52795076261956,72.21041179930464,0.4012497291461082,1.0007740841069133,0.4704162162562128,19.29824561403509,0.5540764020934168,0.16564609185104123,1.2282792219838754,0.5252689549781672,1156.3665497149682,RURAL,CLEAR,NORMAL,,,device_0007,route_0029,event_049808,2026-09-11 16:03:21.423237,26.47692542208807,73.21570493406394
9.569462105769388,0.039447885758799886,9.568847585847312,41.24132802594039,0.4023048629362777,1.044059720629125,0.4627246361936735,3.508771929824561,0.5654460244409613,0.18256872804830443,1.3584651293142223,0.9231026286677385,1155.761160906742,URBAN,RAIN,NORMAL,,,device_0013,route_0040,event_086688,2026-09-11 17:04:49.423237,28.34381647586458,69.44505655359484
9.824282413264811,0.04701349091365664,9.821659180997347,18.394575375438027,0.6507817440339622,3.29410286173424,0.525908743545299,1.5151515151515151,0.7630154666254172,0.17919012166838952,2.583041604613868,5.883751411240695,1355.564934550649,URBAN,WET,SPEED_BREAKER,,,device_0015,route_0029,event_061004,2026-09-11 16:22:01.023237,26.006159617868757,72.32604440142516
9.734842810471083,0.033231851078824585,9.733280895069182,64.435373287561,0.3029798762080303,0.8796671119770938,0.4548621076508768,18.0327868852459,0.558783843787196,0.17521698156278648,1.1915107528134676,0.5141593124834957,1174.5210483649005,URBAN,CLEAR,NORMAL,,,device_0008,route_0011,event_060770,2026-09-11 16:21:37.623237,24.981846830893844,73.13061065966437
9.722840872056388,0.040437403431615566,9.722382643412072,72.94928553819483,0.3008982126775857,0.8252665969871806,0.4265856132975161,17.5,0.5198466913650654,0.17043941526432144,1.173468466672773,0.4289924675532163,1189.0117987248957,HIGHWAY,CLEAR,NORMAL,,,device_0002,route_0029,event_000087,2026-09-11 14:40:29.323237,28.56897445938774,77.16786899772741
9.706700620946883,0.05155862215467297,9.705998240777584,81.24013838741,0.3240714707828007,0.8176925676234479,0.4104926970763764,15.0,0.5006824552144935,0.1891641675379135,1.2506577223831457,0.3837124542933503,1189.0117987248957,RESIDENTIAL,CLEAR,NORMAL,,,device_0002,route_0004,event_077203,2026-09-11 16:49:00.923237,32.44622051509932,82.92122823950594
9.857548125239203,0.061991504312195175,9.85715720641542,64.59034901598172,0.3254143962458588,1.0140539329487677,0.4356451807870865,17.857142857142854,0.5063481799501109,0.16241976565653085,1.274606719771871,0.5913682886859145,1173.9088107441603,URBAN,CLEAR,NORMAL,,,device_0016,route_0042,event_051987,2026-09-11 16:06:59.323237,33.22023894083341,77.65824184920967
9.82293267878732,0.05954379291652931,9.822699509871056,73.36344451768306,0.3344740199961649,0.8608114094664003,0.4507788126806319,23.21428571428571,0.5381698607045244,0.176412970504935,1.331850832583477,0.44507398285227256,1173.9088107441603,ARTERIAL,CLEAR,NORMAL,,,device_0016,route_0004,event_082149,2026-09-11 16:57:15.523237,32.69287008303652,83.29124024278958
9.980509374831406,0.03297373155192546,9.978595413553393,40.71530131853031,0.4247250145232571,1.185466248770343,0.4881353330773527,9.166666666666668,0.5837915645032352,0.17652887550328103,1.5227116979419861,1.0604569029519906,1176.243771850552,HIGHWAY,CLEAR,NORMAL,,,device_0027,route_0041,event_043733,2026-09-11 15:53:13.923237,27.83117844300293,81.01830864614158
9.653026538678807,0.054840351152405896,9.652130091958412,10.9997759838468,0.3455341817344117,0.8077097234110724,0.4314598726850836,7.5,0.5039707970973288,0.16681918451896943,1.2621543376115412,2.1539247633588445,1194.4208269519645,ARTERIAL,CLEAR,NORMAL,,,device_0004,route_0006,event_095181,2026-09-11 17:18:58.723237,20.639089155175707,74.38995179510827
9.940971040734073,0.014282288426302685,9.939456380341555,43.06732986853216,0.3425912087567287,0.987570103549924,0.416363934505202,18.333333333333336,0.5307001740497229,0.17499426125987824,1.2382303315211516,0.839282879490629,1187.9876613670087,ARTERIAL,RAIN,NORMAL,,,device_0000,route_0047,event_088476,2026-09-11 17:07:48.223237,21.053984237811694,79.4755120822556
9.718676701505355,0.045168442429210365,9.71649199622666,20.35725844478244,0.3172309695503661,0.6806743559681898,0.4739170137682091,12.5,0.5690580876312045,0.16708497789853466,1.2467301735591576,1.117817684631904,1172.5933011717448,HIGHWAY,WET,NORMAL,,,device_0014,route_0042,event_062005,2026-09-11 16:23:41.123237,34.118648334927414,77.72693578741932
10.304321827127076,0.1457708105615074,10.30322875187252,77.36605613640518,2.164743075778661,9.663234012620263,1.4221153338363908,1.0,2.28723843610115,0.7581743296055686,7.8338445536551085,4.750498904073929,985.6613579275306,HIGHWAY,CLEAR,POTHOLE,MEDIUM,4.7901244558128,device_0023,route_0030,event_030883,2026-09-11 15:31:48.923237,31.00580816138658,78.77279918836025
9.713676666084329,0.0558402478991266,9.711826390056263,18.111861645931643,0.2824590072591746,0.7869255381545717,0.42905052457264,18.0327868852459,0.48642540847501026,0.173471057238628,1.0890554045618792,1.4235355679323507,1174.5210483649005,HIGHWAY,CLEAR,NORMAL,,,device_0008,route_0024,event_050766,2026-09-11 16:04:57.223237,28.71068034615581,72.62936292400636
9.918428076724917,0.036972816641671964,9.91585879961192,76.00349784174313,0.3469024094971882,0.8680853756401508,0.4821454933131084,10.0,0.5588373604896312,0.17071202497424143,1.285740358080396,0.4340237109919027,1185.4321676861896,URBAN,CLEAR,NORMAL,,,device_0029,route_0008,event_074955,2026-09-11 16:45:16.123237,34.978205266200014,79.05354888698598
9.902673120075127,0.0542251178182973,9.901045518876565,81.21059308539863,0.2944574281045384,0.7965966647236318,0.4568987776558902,4.0983606557377055,0.5427949083406846,0.1684705778606528,1.0891072753476898,0.3739425514502767,1173.916838169756,RESIDENTIAL,CLEAR,NORMAL,,,device_0011,route_0044,event_012750,2026-09-11 15:01:35.623237,29.65414970648169,77.00015169414654
9.695343684032194,0.05832175735242749,9.692800382443824,62.652656989907705,0.3259451531096628,1.0980299215857006,0.429058277916671,10.526315789473683,0.5159619889045849,0.1834215693031523,1.2370949033859695,0.6589564294500428,1156.2462834189637,URBAN,RAIN,NORMAL,,,device_0026,route_0018,event_036506,2026-09-11 15:41:11.223237,31.492859111261183,78.66570599306024
9.917543198340933,0.04876703803854787,9.913585155088228,9.555733522105015,0.3214001329620552,0.9440737400759592,0.3919995503801829,14.035087719298245,0.4878798220810257,0.16868842455979105,1.193217471401617,2.7857547908756994,1147.8114285371462,URBAN,CLEAR,NORMAL,,,device_0001,route_0003,event_009937,2026-09-11 14:56:54.323237,28.978506240429887,76.53516580158097
10.29264678409733,0.07936095013486064,10.2926258253249,64.21894142565698,1.9063106751224117,6.507295730165939,1.1205303021208213,0.7042253521126761,2.0468883220535212,0.43260645130175857,6.984762108616273,3.8155360339370854,1366.4295983090874,RURAL,CLEAR,SPEED_BREAKER,,,device_0022,route_0001,event_018373,2026-09-11 15:10:57.923237,27.015726598440526,77.1356361627698
9.838663362636934,0.05425189638303296,9.838359774910122,55.810221602621695,0.3267369487092614,0.8529552849246951,0.4543697003501292,9.821428571428571,0.5558906719563075,0.1658578282779173,1.2992769478643993,0.5704411467268712,1173.9088107441603,HIGHWAY,CLEAR,NORMAL,,,device_0016,route_0012,event_092220,2026-09-11 17:14:02.623237,20.297013203774835,77.07073934150537
9.87528271868509,0.040891856850480024,9.874936483015867,18.81919626918748,0.3308817422425945,0.914108786256552,0.4474517557435876,11.607142857142856,0.5486276609215243,0.18104713637286757,1.27816295812449,1.6023505393848836,1173.9088107441603,RESIDENTIAL,CLEAR,NORMAL,,,device_0016,route_0039,event_090729,2026-09-11 17:11:33.523237,36.17045336747756,80.02914911685569
9.721528287675245,0.044709141177259985,9.719266682732714,42.5528979036703,0.5721651751719263,1.2018252229580604,0.38401542570151,1.818181818181818,0.9292696491961273,0.28016709086474567,2.290302374441186,1.0326534132804708,1089.9274821644876,HIGHWAY,CLEAR,ROUGH_PATCH,,,device_0002,route_0042,event_012396,2026-09-11 15:01:00.223237,29.67014191174364,77.38664023808724
9.648476932602787,0.06675837684042665,9.64719247101335,56.1879614337644,0.322148917713877,0.726085876887419,0.4081656851731484,7.142857142857142,0.5174379505693354,0.165353881802185,1.1596445827807322,0.48254558525725205,1178.3195617621582,URBAN,CLEAR,NORMAL,,,device_0020,route_0016,event_094921,2026-09-11 17:18:32.723237,36.98617225027317,75.12525406953921
9.968501040830052,0.03672582494517193,9.96669452103352,64.74397695966337,0.3757785364767489,0.8961298232596882,0.4422981431713173,4.918032786885246,0.5698483827644178,0.20830716483225115,1.320090216579267,0.5214303058349427,1174.5353318231532,RURAL,WET,NORMAL,,,device_0019,route_0018,event_033801,2026-09-11 15:36:40.723237,31.273465070615792,78.56050308145522
9.68436535131732,0.04283206381617062,9.683435947096772,18.65140851251832,0.3413731937690656,0.89613891295825,0.4418546655580914,10.526315789473683,0.5306517389901372,0.1656499035499786,1.3016545769312202,1.5824868682457396,1156.3665497149682,HIGHWAY,CLEAR,NORMAL,,,device_0007,route_0017,event_001230,2026-09-11 14:42:23.623237,28.64229883026153,77.18827959201366
9.621005063683064,0.04966128206582573,9.62032966380155,10.023043002260296,0.3679702008921905,0.830869226561612,0.4562368011758903,15.833333333333334,0.5577468534528047,0.18032189798296494,1.3097124550910628,2.370011206348547,1194.4208269519645,URBAN,CLEAR,NORMAL,,,device_0004,route_0031,event_020334,2026-09-11 15:14:14.023237,26.81873470860145,77.87578504424795
10.053218572520109,0.049605743424779636,10.04992479556296,10.303634218192814,0.599675712261978,2.421214056898263,0.5058747707530304,2.1428571428571423,0.6974039622791794,0.12300147120747953,2.1506381285355154,6.770905966872998,1383.0041956338878,URBAN,RAIN,SPEED_BREAKER,,,device_0029,route_0047,event_078043,2026-09-11 16:50:24.923237,21.956074751000227,79.21744054455642
9.986150624392286,0.030564680208881482,9.98383067902623,74.15292097327264,0.3576758287064063,0.7865352967004284,0.4580053159275938,24.10714285714285,0.5330019626721546,0.17061994845416684,1.2028520525411928,0.4025622008264612,1175.8012798150014,URBAN,CLEAR,NORMAL,,,device_0009,route_0021,event_040350,2026-09-11 15:47:35.623237,27.93537213877128,80.82509015832095
9.679736189269061,0.07969208034637802,9.678219746689336,36.32079497931425,0.3029132454548772,0.7472229606571421,0.5052318514342129,23.21428571428571,0.5822019294212252,0.18502321312866873,1.135449969509338,0.7412780041072993,1178.3195617621582,URBAN,CLEAR,NORMAL,,,device_0020,route_0029,event_050862,2026-09-11 16:05:06.823237,26.432706584114136,73.13203477319807
9.641369607239259,0.05383173143734716,9.635594575050863,74.65594879232188,0.3576002803963737,0.899702598251233,0.4903644582717749,23.684210526315788,0.5661660191098188,0.17071340450921632,1.3195936628971872,0.4575382343307561,1156.2462834189637,URBAN,CLEAR,NORMAL,,,device_0026,route_0035,event_065409,2026-09-11 16:29:21.523237,24.390654632381807,81.48498748800073
9.727950035053798,0.05221941612022958,9.725323225811136,77.36467504820513,0.3217703162812625,0.8623365935047325,0.4706403847876337,16.07142857142857,0.5688733588158121,0.1753937462433212,1.254420413600883,0.4239366004934375,1178.0852418549218,RESIDENTIAL,CLEAR,NORMAL,,,device_0012,route_0039,event_098465,2026-09-11 17:24:27.123237,36.82314657431005,80.27039808354796
9.681244689297095,0.05125357033442915,9.679778377321124,62.555883902335424,0.3364774722907809,0.8361941851281323,0.4514980584296952,9.01639344262295,0.5222738665482466,0.175281336274883,1.2750436370844653,0.5025516219453532,1174.5210483649005,URBAN,CLEAR,NORMAL,,,device_0008,route_0022,event_083942,2026-09-11 17:00:14.823237,36.199740219036606,76.82041492918198
9.68241535799034,0.05528597239003844,9.681273167577109,60.20408189554956,0.7996958651025716,1.7502163191579037,0.4319426446994182,1.923076923076923,1.0085973834762945,0.27026697792585375,3.1878669599610525,1.0904081282590374,1054.3786029324665,HIGHWAY,RAIN,ROUGH_PATCH,,,device_0013,route_0014,event_035640,2026-09-11 15:39:44.623237,31.501011987297883,76.05060587168194
9.677266546882569,0.040188068255964264,9.674752798235062,37.73398094668369,0.3859587096109392,0.8851561512383004,0.4954726388003813,0.8771929824561403,0.5993823325830064,0.1797307036805185,1.4695942092073402,0.848379312166852,1156.2462834189637,HIGHWAY,CLEAR,NORMAL,,,device_0026,route_0034,event_076609,2026-09-11 16:48:01.523237,26.658078435967628,70.64263626857391
10.387636417662268,0.08495638162939186,10.370321565740849,60.48377912677103,1.4072893294410769,3.7836165252588634,0.497276561874246,2.2222222222222223,1.7286418355767985,0.46921527342426805,4.478737918597126,2.3470190962725757,890.9907460252565,URBAN,CLEAR,OTHER_ANOMALY,,,device_0000,route_0046,event_001045,2026-09-11 14:42:05.123237,28.720920453679643,77.31587807145303
9.978850099106952,0.033822600068926394,9.976185722377776,77.87226350501845,0.3992952293597037,1.0820942791071229,0.4845469097214533,22.13114754098361,0.567216785487871,0.1688399064951647,1.4132427038876756,0.5286744168448669,1174.5353318231532,HIGHWAY,CLEAR,NORMAL,,,device_0019,route_0021,event_097795,2026-09-11 17:23:20.123237,26.90215295115292,85.88722947888748
9.853937785574468,0.057413937097510415,9.853566049246322,54.78162072261128,0.2951032029575322,0.8713344324010048,0.4366478144231277,0.8928571428571428,0.5184818378712356,0.18820704979221142,1.147685956368825,0.592929845546659,1173.9088107441603,RESIDENTIAL,CLEAR,NORMAL,,,device_0016,route_0017,event_005937,2026-09-11 14:50:14.323237,28.983307621943474,77.43888947441027
10.07169726762427,0.151427404711382,10.07037608878566,54.90604444433432,0.664316464196393,3.642977104844535,0.6795310618791115,10.638297872340424,0.8487128410710155,0.5008489744440411,2.282660804931705,2.473754358629268,981.7693121927356,URBAN,CLEAR,POTHOLE,LOW,1.7616623641347404,device_0006,route_0047,event_057687,2026-09-11 16:16:29.323237,23.71605908662613,78.71382442288687
9.911864412042577,0.056170095250013874,9.907894280237498,21.60598487356616,1.4408168392867875,3.5339091501801096,0.4340699522771352,1.7857142857142856,2.0258179855660168,0.37265599693156437,5.646574647875688,5.52044245535468,1070.3752644422386,URBAN,CLEAR,ROUGH_PATCH,,,device_0024,route_0010,event_007895,2026-09-11 14:53:30.123237,28.941661934142367,77.83263314178691
9.634494466395301,0.055346412074699196,9.6332901803997,38.0582792614732,0.3157917103388842,0.605221048128028,0.46043786450397,1.6666666666666667,0.5639734323122261,0.1708632692745806,1.0953292778929224,0.575602291634818,1194.4208269519645,RESIDENTIAL,CLEAR,NORMAL,,,device_0004,route_0002,event_087484,2026-09-11 17:06:09.023237,21.376836068186964,80.10660101224468
10.194421905205491,0.0710696190338638,10.176209566720376,85.30082584212562,1.1905309168692022,3.1843293485903867,0.5267440163201788,1.1111111111111112,1.5669640288498603,0.4476988620158108,3.938936186681932,1.4263381412485225,887.0952221347775,RESIDENTIAL,CLEAR,OTHER_ANOMALY,,,device_0023,route_0001,event_017570,2026-09-11 15:09:37.623237,27.087205538025223,77.1427468211714
9.88209319690797,0.042427096557892306,9.881414819757037,74.62359118225051,0.294159332895541,0.8163348422377457,0.4373916185824479,17.5,0.5366330402020442,0.16927271077842382,1.118920402541054,0.4153129257835455,1187.9876613670087,URBAN,RAIN,NORMAL,,,device_0000,route_0006,event_053064,2026-09-11 16:08:47.023237,24.208360934213164,75.65834204197611
9.562397650124263,0.0767279907744407,9.561622186395557,40.461425243662255,0.4139585316028471,0.9730644723731388,0.4573725464021429,8.771929824561402,0.5612156998183612,0.1657939807961967,1.382032121507173,0.8754235538248688,1155.761160906742,RESIDENTIAL,RAIN,NORMAL,,,device_0013,route_0038,event_011141,2026-09-11 14:58:54.723237,29.36587893954355,77.93482215847217
10.011920427863354,0.05789108461308253,10.01037387725573,57.40571013099216,0.4237411883089811,1.0195815686490697,0.4208956784517733,21.428571428571427,0.5203425221435511,0.16834282236187323,1.4495097960902399,0.6641607540888776,1173.3612685170888,HIGHWAY,CLEAR,NORMAL,,,device_0005,route_0009,event_096936,2026-09-11 17:21:54.223237,20.08180811760796,78.6582107360121
9.616524411027353,0.03383985406034332,9.616344841597856,43.52978554822974,0.3303846759307887,0.82419652965328,0.4595333917072987,9.836065573770492,0.5379028310424973,0.17193734804071342,1.128225349364854,0.6936252879297727,1173.9747253078074,RESIDENTIAL,WET,NORMAL,,,device_0022,route_0034,event_050490,2026-09-11 16:04:29.623237,27.29569682371989,72.90358448040043
9.726860426132163,0.04716081416059226,9.723161711237127,10.51158037297457,0.3011930725572824,0.6308902493110509,0.4335373839854025,23.21428571428571,0.5472109692053856,0.1850235767721257,1.1850629929675236,1.7389980500979207,1178.0852418549218,RURAL,CLEAR,NORMAL,,,device_0012,route_0009,event_033222,2026-09-11 15:35:42.823237,25.73656736514555,77.73238191343778
9.838940107364843,0.06002451920234578,9.838361643015062,59.327496197247,0.3172020495086504,0.9618731422426324,0.4498284497906773,22.32142857142857,0.5626394952496223,0.1578162767493922,1.2573865622657756,0.6075548221560336,1173.9088107441603,RESIDENTIAL,CLEAR,NORMAL,,,device_0016,route_0014,event_082506,2026-09-11 16:57:51.223237,35.42209102873564,74.50469802457852
9.870983435166917,0.06717985854697857,9.870567683123502,81.61351631872617,0.8791337152482633,2.279335212420719,0.386601427758769,1.96078431372549,1.4941972437429856,0.3687688832995462,3.5377330925189057,1.064941757063265,1065.3241472729685,RURAL,DUSTY,ROUGH_PATCH,,,device_0006,route_0041,event_036296,2026-09-11 15:40:50.223237,27.980112379153017,80.3662960872824
10.140400113492536,0.02553379080272665,10.139763583768111,58.13896454623921,1.6815948786709574,5.789506691953459,1.2040744902799545,0.7042253521126761,1.8426287038846954,0.3932493381414609,6.309122686886185,3.7268124657245214,1366.4295983090874,HIGHWAY,CLEAR,SPEED_BREAKER,,,device_0022,route_0037,event_067924,2026-09-11 16:33:33.023237,29.62612327925248,71.10570966613085
9.949986772623436,0.062039182528359216,9.948475771168324,21.00904276618673,0.3647812802832887,0.8997380660970524,0.4711409818773795,20.0,0.5666026520541684,0.19097854232649006,1.3110925620643066,1.4390603822926575,1196.452449290308,URBAN,CLEAR,NORMAL,,,device_0018,route_0033,event_094404,2026-09-11 17:17:41.023237,35.96923516677636,81.40997341940052
9.782424340352755,0.04886668244386193,9.779263948514954,38.92019622864139,0.2840981429046947,0.6721124010642008,0.4786367068812268,5.737704918032787,0.5674312909322358,0.16797638032196718,1.147648924260242,0.6263833440870324,1168.9485129122031,RESIDENTIAL,WET,NORMAL,,,device_0017,route_0018,event_084992,2026-09-11 17:01:59.823237,35.42444464869575,80.55170722100215
10.059024160455914,0.044184086966857015,10.057145076526687,19.2047506742644,0.4702222644979422,1.0984720022058738,0.4861459469653786,7.5,0.6085837505499951,0.18480522481911255,1.537060304666344,1.8935295063077782,1196.452449290308,URBAN,CLEAR,NORMAL,,,device_0018,route_0024,event_062122,2026-09-11 16:23:52.823237,28.71614141002839,71.60814114980937
9.983354035228132,0.08908060394294377,9.980531519439364,10.33700499808365,0.4061781707564477,1.2064786492302328,0.4482805441529441,4.0983606557377055,0.5435912210805706,0.17012223870220308,1.4355436361929144,3.366054903074935,1165.9444844817242,HIGHWAY,RAIN,NORMAL,,,device_0024,route_0033,event_065743,2026-09-11 16:29:54.923237,33.74332403149498,80.1103762133262
9.915983294528997,0.03418009332843033,9.912561980548071,42.74484164432825,0.3321322777712414,0.787249835210373,0.5100513190500335,24.166666666666668,0.6031942713420306,0.17964343001712124,1.2239979954417954,0.6736570774592779,1176.243771850552,RESIDENTIAL,CLEAR,NORMAL,,,device_0027,route_0021,event_040246,2026-09-11 15:47:25.223237,27.93731677405689,80.81598498786794
9.709926279898221,0.08151131121810722,9.70907120216437,9.141142644644228,0.9083184598767102,2.1735559062099643,0.4797881930268851,1.923076923076923,1.8391407015085257,0.357561294279148,3.787753193731543,6.616033217159585,1054.3786029324665,RESIDENTIAL,RAIN,ROUGH_PATCH,,,device_0013,route_0023,event_016361,2026-09-11 15:07:36.723237,27.79361806095254,78.50262635818517
9.662083853726292,0.03890638343404596,9.661726457847054,10.222398172505262,0.3375645588641318,1.0738609998633457,0.4537606088039601,9.01639344262295,0.56257750574125,0.18464709047680392,1.249337563380081,3.0201966977392987,1173.9747253078074,RESIDENTIAL,CLEAR,NORMAL,,,device_0022,route_0022,event_055938,2026-09-11 16:13:34.423237,33.68561274167425,76.97023145251477
9.85529409548379,0.03149051180946674,9.849888078063884,56.7720011777288,0.3421948800108331,1.035278026890989,0.4519650838390666,13.333333333333334,0.546292571194712,0.173526186119466,1.341288555725967,0.6814177626721885,1185.4321676861896,HIGHWAY,WET,NORMAL,,,device_0029,route_0001,event_028674,2026-09-11 15:28:08.023237,26.09391327064215,77.04056038024828
9.881407112841949,0.02022755748885204,9.880099080397258,60.2158721513101,0.3436591871434848,0.8348060726797133,0.436742710767586,2.5,0.5388125287474346,0.18751599492421378,1.3224452194585439,0.5199998347528054,1182.7936295130366,URBAN,CLEAR,NORMAL,,,device_0023,route_0048,event_023957,2026-09-11 15:20:16.323237,26.4706814152656,77.6339356933381
10.011624190892327,0.03493886679032148,10.010975540676966,9.251317056406034,0.4932047740706733,1.6208641227063776,0.4889460820772592,9.999999999999998,0.6419650502387885,0.12585191612345706,1.761451516097921,4.8926883744670775,1390.2596780229646,HIGHWAY,CLEAR,SPEED_BREAKER,,,device_0025,route_0016,event_007858,2026-09-11 14:53:26.423237,29.3880612684913,77.0156319444752
9.872496953096682,0.033811392739593535,9.871210985971654,36.16965020317713,0.8357121986554282,3.354142623241392,0.7136757601610875,0.7042253521126761,1.098270378811381,0.25724066196832707,3.15700718418584,3.339976929125565,1366.4295983090874,RESIDENTIAL,CLEAR,SPEED_BREAKER,,,device_0022,route_0027,event_094212,2026-09-11 17:17:21.823237,25.120615912744466,84.80898919893552
9.912170456284485,0.07752342968341477,9.91000291116361,20.180231839181747,0.3140290682420487,0.7593411514955388,0.4178551029219109,0.819672131147541,0.5275981343524766,0.18113693624354837,1.169576525995506,1.2561354358316767,1165.9444844817242,URBAN,RAIN,NORMAL,,,device_0024,route_0048,event_063351,2026-09-11 16:25:55.723237,23.01965405663409,78.43480632604827
9.710411448701423,0.06250188135386026,9.708336266339172,9.674960575655424,0.3161790904321803,0.8338483091866191,0.4167522728541971,15.57377049180328,0.514495197667268,0.1682647900992421,1.2288392553721899,2.4390514461037958,1174.5210483649005,URBAN,RAIN,NORMAL,,,device_0008,route_0035,event_050198,2026-09-11 16:04:00.423237,25.353427079127236,80.51321042107901
9.909122529428794,0.05897096256666286,9.90812151807615,37.639116520438336,0.8733682690482314,2.174444419775547,0.447366445257657,1.96078431372549,1.6573089883583534,0.36662833149027424,3.521125952744754,2.088847796478326,1070.819022688662,URBAN,CLEAR,ROUGH_PATCH,,,device_0009,route_0044,event_055238,2026-09-11 16:12:24.423237,33.40423345969677,76.26767281294097
10.213380977820117,0.10561206718167954,10.212339212205157,18.11309668271353,3.516326111295696,13.18278957605855,3.057335507442777,23.404255319148938,3.5156893280615713,0.3306649729825745,13.966521496188069,23.846121174632103,960.502771901746,RESIDENTIAL,CLEAR,SEVERE_POTHOLE,CRITICAL,17.54812846789073,device_0028,route_0014,event_098340,2026-09-11 17:24:14.623237,36.74663885986076,73.98246173699474
10.256293980092831,0.05445034213000387,10.255227521734458,10.508871759842496,2.335615873126504,8.524694238993735,2.1118021601037755,20.0,2.333695832259698,0.21467645086275425,9.160528582837713,23.50201829638689,962.7338785435682,RESIDENTIAL,CLEAR,SEVERE_POTHOLE,CRITICAL,13.321244603647552,device_0019,route_0004,event_013705,2026-09-11 15:03:11.123237,29.27910852822125,78.16940129324772
9.629663200082831,0.051543154594982335,9.628804488748148,54.80175956413771,0.3148191090725555,0.8207473070986158,0.4456762090928026,3.333333333333333,0.5208221510417567,0.19513856975777116,1.084757482792881,0.5583147941029825,1194.4208269519645,HIGHWAY,CLEAR,NORMAL,,,device_0004,route_0028,event_013579,2026-09-11 15:02:58.523237,27.878563343005432,76.32378581685595
9.735828148680143,0.053314387122206874,9.733927487015182,78.5531454527601,0.30684671488975,0.6817038392107904,0.4747079536205272,8.196721311475411,0.5557340326970557,0.17362696688480955,1.2149041909632814,0.3303102918596292,1174.5210483649005,ARTERIAL,CLEAR,NORMAL,,,device_0008,route_0018,event_034570,2026-09-11 15:37:57.623237,31.335790606380854,78.59022731358009
9.608538844807537,0.052647875106776605,9.607704439919893,36.28781919367072,0.325888747640344,0.9697884116222006,0.4745724390678021,23.333333333333336,0.5448137089810599,0.1709734303133822,1.092861869650914,0.9628601706736768,1194.4208269519645,URBAN,CLEAR,NORMAL,,,device_0004,route_0021,event_093621,2026-09-11 17:16:22.723237,26.9776226264113,85.51941694964344
9.751733215331582,0.04449610756950647,9.750664370829064,62.6477432333762,0.2698607993581979,0.6505959779737633,0.401543295436829,9.166666666666668,0.454359085770472,0.18089316013891646,1.0629904347109616,0.39046842183124636,1189.0117987248957,ARTERIAL,CLEAR,NORMAL,,,device_0002,route_0007,event_002104,2026-09-11 14:43:51.023237,28.480902530271383,77.30729751454841
9.91257656417666,0.06971726472288862,9.911385632762316,36.551159045563786,0.3024731978594379,0.8720558241817304,0.4216190296260902,19.672131147540984,0.5197729431548697,0.17755110808962982,1.1054511621109704,0.8602031061078946,1173.916838169756,RESIDENTIAL,CLEAR,NORMAL,,,device_0011,route_0038,event_074360,2026-09-11 16:44:16.623237,33.71923693214972,81.59161019850971
9.96279147808097,0.0631803706747972,9.960927021705125,10.54784074997289,0.3738327748200472,0.931696840303438,0.5004898905487271,13.114754098360656,0.580319880345239,0.19670839021416528,1.3169691508142094,2.5617460523966056,1165.9444844817242,RESIDENTIAL,CLEAR,NORMAL,,,device_0024,route_0007,event_085888,2026-09-11 17:03:29.423237,23.826487507008306,83.2328298532237
9.684443598809535,0.04764748982480025,9.679993037806153,21.01036180823885,0.3458947126925379,0.7424970870027483,0.4524529767722462,11.475409836065571,0.5761184553008568,0.19284137044528102,1.325565454833466,1.1875031520066324,1168.9485129122031,ARTERIAL,DUSTY,NORMAL,,,device_0017,route_0006,event_099906,2026-09-11 17:26:51.223237,20.238943301518816,74.24735648899956
9.942373798386177,0.020790759825912084,9.94223949068678,20.218427917878643,0.3723704318535563,0.9264289022947628,0.4887510654102227,16.666666666666668,0.579960173460311,0.17281883423615102,1.3541022631277286,1.5301222778557815,1191.6511525911126,SERVICE_ROAD,CLEAR,NORMAL,,,device_0025,route_0014,event_056429,2026-09-11 16:14:23.523237,33.24024879057165,75.3649278181897
9.777646319040404,0.05496337252134519,9.774944585592978,10.260642611630557,0.4015549041764112,1.2422317332252764,0.4009893257093017,1.5151515151515151,0.5411970930856673,0.1407922876341605,1.5983811733087272,3.4843639716828716,1355.564934550649,URBAN,CLEAR,SPEED_BREAKER,,,device_0015,route_0034,event_086502,2026-09-11 17:04:30.823237,26.416428597120937,69.78610957510473
9.97595542509786,0.08823855664996014,9.973458966707565,75.73102636755983,0.3183138994781683,0.6607175569766532,0.4179263970709116,2.6785714285714284,0.5147866419203906,0.161167611481706,1.0586817929317647,0.3314732480330791,1173.3612685170888,HIGHWAY,WET,NORMAL,,,device_0005,route_0041,event_012469,2026-09-11 15:01:07.523237,28.4568641884897,78.27732657318664
9.977480130415902,0.07249260776550506,9.97683918847517,18.740080204850344,0.3879493220065275,1.0584629497450084,0.4891749567119813,24.166666666666668,0.5819372669620408,0.18485815961110305,1.358098993701038,1.8618455875441349,1196.452449290308,URBAN,CLEAR,NORMAL,,,device_0018,route_0048,event_014778,2026-09-11 15:04:58.423237,27.274718799743344,77.44700124490628
9.651783202762775,0.031034780786254556,9.650837776746222,10.785498102704237,0.3128022788346508,0.8521113240386811,0.4543902621308823,22.807017543859647,0.5681065789922758,0.17279114250688898,1.1301163666678207,2.3052624081236237,1171.778857581421,HIGHWAY,CLEAR,NORMAL,,,device_0010,route_0008,event_027543,2026-09-11 15:26:14.923237,30.89087784577949,77.83837668580694
9.833210894765068,0.05122571078328168,9.832658106472971,86.22477217142384,0.2819873422717441,0.7075886076201829,0.4424041151838523,0.8333333333333334,0.5373480007548522,0.1614312199901298,1.11291828461599,0.3137003687970704,1182.3087711011192,URBAN,CLEAR,NORMAL,,,device_0021,route_0023,event_097976,2026-09-11 17:23:38.223237,23.82941281208088,84.67999561031012
9.842303439908878,0.03117579054163077,9.840526469644905,10.893327411702886,0.4943492913481175,2.008195504914452,0.5398562540808374,16.901408450704228,0.6653324945858118,0.1317701155053584,1.9688828659542317,5.3935442346790845,1360.579416668302,SERVICE_ROAD,CLEAR,SPEED_BREAKER,,,device_0017,route_0042,event_046122,2026-09-11 15:57:12.823237,32.69447789078209,77.61812233291178
9.714730394564898,0.047684044698665475,9.713483855269326,18.135553434562755,0.3069166289506739,0.9299975676024133,0.4578142556953851,9.836065573770492,0.5503490482430737,0.15905874983963866,1.1950695071671902,1.680549926798401,1174.5210483649005,HIGHWAY,RAIN,NORMAL,,,device_0008,route_0023,event_049368,2026-09-11 16:02:37.423237,26.19049917129132,81.00085900620198
9.665489225529067,0.06015093828346039,9.662818752597008,63.77855074755704,0.3276866164432286,0.9441008350527388,0.4415028300532436,20.535714285714285,0.5238764977148226,0.16771574993736654,1.2066519017515986,0.5571679091039091,1178.0852418549218,URBAN,CLEAR,NORMAL,,,device_0012,route_0037,event_001332,2026-09-11 14:42:33.823237,28.609631701519664,77.00751039181489
9.963132919282076,0.05829561613280564,9.960516091980203,40.52024372229144,0.3668883718183361,0.6915449723617222,0.4644675336494743,2.5,0.5703251263826358,0.17008556835493938,1.2997406657850306,0.6213308055323724,1185.4321676861896,URBAN,CLEAR,NORMAL,,,device_0029,route_0047,event_002360,2026-09-11 14:44:16.623237,28.49972660380534,77.34541668777847
10.132907442815771,0.1050382183423087,10.128404513881964,55.573629675046696,2.418306919460117,12.219949177038568,1.742347290447806,2.127659574468085,2.49917759181545,0.4701166662881314,9.21791318643778,8.204938489525727,952.9960449581909,RURAL,CLEAR,POTHOLE,HIGH,9.477269354046006,device_0013,route_0015,event_082417,2026-09-11 16:57:42.323237,21.433027682163072,79.1597324848168
9.882085556106857,0.04276762517640901,9.881472609055724,10.799972303034206,0.319663275180609,0.8138172509436199,0.4654473906488323,19.166666666666668,0.5388774422250863,0.17052461911070138,1.2264726588080848,2.199510199831322,1182.7936295130366,RURAL,CLEAR,NORMAL,,,device_0023,route_0015,event_045148,2026-09-11 15:55:35.423237,24.67000734965452,78.29038822443432
9.954601633710729,0.038782382284876564,9.953764749384566,42.46874529425238,0.3599407037061429,0.8618984456888068,0.4496352483405695,8.333333333333334,0.5389894299412544,0.16808030726592615,1.2871114026632995,0.7419166928059175,1191.6511525911126,URBAN,RAIN,NORMAL,,,device_0025,route_0000,event_007841,2026-09-11 14:53:24.723237,27.84198821437009,77.03716940357495
9.624545168159566,0.030640125818872575,9.62344782096065,72.26662858410567,0.3311923558259937,0.8441214540164754,0.4032002932286666,16.666666666666668,0.4867269723402573,0.16301618142201332,1.1464233447826864,0.44272126338223594,1194.4208269519645,URBAN,WET,NORMAL,,,device_0004,route_0009,event_086290,2026-09-11 17:04:09.623237,21.02659018488075,78.50338185529752
9.863630818286628,0.06761545007632873,9.863077598855382,20.1113042534452,0.2614061749072608,0.563441791525328,0.388877654483318,9.166666666666668,0.5038889298620224,0.17319428547158944,0.9964934440695039,0.9347346549199126,1182.3087711011192,URBAN,DUSTY,NORMAL,,,device_0021,route_0004,event_036034,2026-09-11 15:40:24.023237,30.392946636517564,79.84035978489833
9.57329242063153,0.057876448916962205,9.570503829588429,82.9624081480766,0.3581762835036791,0.7374795236514995,0.429212458228527,20.175438596491222,0.5048861432228724,0.17652121182153843,1.1425802382338368,0.339217617983046,1156.2462834189637,ARTERIAL,RAIN,NORMAL,,,device_0026,route_0042,event_018145,2026-09-11 15:10:35.123237,30.185562197882533,77.42600468741075
9.896275765547792,0.052363255017612555,9.895500123549455,9.913883936879444,0.3023417942068193,1.006655070807005,0.4813509957749327,8.035714285714285,0.552214855001421,0.16749987208496225,1.1252751647625097,2.8939585104309096,1175.8012798150014,RURAL,CLEAR,NORMAL,,,device_0009,route_0043,event_070745,2026-09-11 16:38:15.123237,22.256444582474444,76.18518276016982
9.926668708218006,0.061878984049432345,9.923177395146416,75.87677910088405,0.2834250327199271,0.6916749965183602,0.3923370825996849,14.912280701754383,0.47203355420086296,0.16504430282041876,1.0075709647336417,0.346371000084907,1147.8114285371462,HIGHWAY,CLEAR,NORMAL,,,device_0001,route_0007,event_078803,2026-09-11 16:51:40.923237,24.21982332708832,82.73152904791526
9.792470167279504,0.03207555171613508,9.789690974554771,80.870073717738,0.289544607905819,0.8526826114205832,0.4342943607847114,24.10714285714285,0.5506937995284884,0.1706326093064887,1.1446295397633612,0.40187669178016566,1172.5933011717448,RESIDENTIAL,CLEAR,NORMAL,,,device_0014,route_0024,event_094235,2026-09-11 17:17:24.123237,28.7319338712985,68.72023814009792
9.885674660128233,0.055437306055750715,9.882581236694303,83.95619829512577,0.328349579971094,0.7172188810504423,0.4139516097949822,19.29824561403509,0.5193595688783793,0.18933045689405148,1.2603119854600706,0.32617093278356846,1147.8114285371462,HIGHWAY,CLEAR,NORMAL,,,device_0001,route_0005,event_052490,2026-09-11 16:07:49.623237,26.09914533597895,73.26312991323452
9.631878537756037,0.03247204416099031,9.630056177927823,80.32981671786261,0.3643948134807872,0.962363607233364,0.4776030378397959,23.684210526315788,0.5502585918518446,0.1843176337292296,1.324333727573439,0.45647608150416746,1156.2462834189637,URBAN,CLEAR,NORMAL,,,device_0026,route_0014,event_088894,2026-09-11 17:08:30.023237,35.95643024302532,74.29425066856807
9.668242836587082,0.04542311083105294,9.665102133816085,64.33874806581736,0.3229828116253211,0.9890513626336226,0.4516103424946038,12.280701754385964,0.5251908632817358,0.17937345048502237,1.1972649574700327,0.5789110222979577,1156.2462834189637,RURAL,CLEAR,NORMAL,,,device_0026,route_0021,event_059268,2026-09-11 16:19:07.423237,27.595342677390825,82.49214967032707
9.774795920204634,0.04510027376163328,9.774255250404286,59.66594410776332,0.3122298603888471,0.7505703664120347,0.4444174744447667,20.0,0.545449057475158,0.17626307342095598,1.2521249029980765,0.47156788573909564,1182.7936295130366,ARTERIAL,RAIN,NORMAL,,,device_0023,route_0043,event_019662,2026-09-11 15:13:06.823237,26.78115418767625,76.98096734286896
9.931842742116032,0.02499771985349387,9.930523462109855,74.5487303540689,0.3525495814293285,0.7139769209615654,0.4742863297141963,8.333333333333334,0.6106110589336203,0.17958548904145258,1.2736041008950671,0.36358419429224076,1191.6511525911126,URBAN,CLEAR,NORMAL,,,device_0025,route_0032,event_049825,2026-09-11 16:03:23.123237,31.37488485305432,80.63836593148648
9.781196326274594,0.03848570578094374,9.780270797744892,36.29761449902122,0.3458770740515296,0.949463428298797,0.4909482721823291,22.5,0.598214506532762,0.1798328901781513,1.382120984145363,0.9424512493878349,1182.7936295130366,RESIDENTIAL,RAIN,NORMAL,,,device_0023,route_0020,event_001322,2026-09-11 14:42:32.823237,28.45568270342513,77.16217576600559
9.856657597760552,0.06037602252075639,9.854652219074383,21.002216472881138,0.8181247814236049,3.2360471376749924,0.546832983514165,0.7575757575757576,0.9353617012104416,0.18626628976972345,3.206509360286912,5.1772164138887415,1355.564934550649,HIGHWAY,WET,SPEED_BREAKER,,,device_0015,route_0005,event_037623,2026-09-11 15:43:02.923237,26.814249625459247,74.39277288750338
9.743076250398907,0.02952535639041049,9.741718639938329,39.99813419153162,0.3238425970812958,0.8845676878708542,0.4295001570565724,4.166666666666667,0.5352754313493789,0.16772726035918198,1.290209272226999,0.8041865448386292,1189.0117987248957,ARTERIAL,WET,NORMAL,,,device_0002,route_0040,event_020086,2026-09-11 15:13:49.223237,28.49259291906821,75.43299424351645
9.761685168690414,0.04684346707694991,9.758739819239375,63.83868812239661,0.2547195938908181,0.5546747626177471,0.4396114980025674,1.7857142857142856,0.5326529409739624,0.17658304739587496,1.0116476274111363,0.3270551232458895,1178.0852418549218,URBAN,RAIN,NORMAL,,,device_0012,route_0013,event_088365,2026-09-11 17:07:37.123237,35.823999582024605,80.5508008459879
9.680609662281562,0.039615871659378576,9.676611275379324,85.1715841712952,0.388365406723731,0.903543087371272,0.4828340433813429,6.140350877192982,0.6032754593942091,0.17569140252934562,1.4993929856016663,0.405305387705393,1156.2462834189637,RESIDENTIAL,RAIN,NORMAL,,,device_0026,route_0007,event_092895,2026-09-11 17:15:10.123237,23.437252457954663,83.72836185301387
10.141213818415832,0.04137589276008106,10.139221281914637,20.62792283679069,0.7434538262441158,2.6044074083483046,0.5390829688651765,1.4285714285714284,0.8286481857026547,0.18152222163657028,2.574129677679,4.230007419801856,1372.2844004923106,URBAN,CLEAR,SPEED_BREAKER,,,device_0027,route_0028,event_069587,2026-09-11 16:36:19.323237,24.473025404814955,72.61249174991588
9.620737926447587,0.10936701682885054,9.61964120534167,21.868312007942244,1.1959929613670266,2.799678755845441,0.3839736578484085,1.818181818181818,1.7035731583399603,0.3795455459889004,4.8545843616049815,4.329124768536682,1080.1009728827094,URBAN,WET,ROUGH_PATCH,,,device_0003,route_0018,event_026586,2026-09-11 15:24:39.223237,30.688421320299003,78.27967608292596
9.89988654233387,0.051427732486011034,9.897602837129638,37.24033494940519,0.3299819321233959,0.8143233780625092,0.4726708669398749,19.642857142857142,0.5492229237202478,0.1704737136925598,1.236885786832648,0.789831973054093,1175.8012798150014,RURAL,RAIN,NORMAL,,,device_0009,route_0007,event_039878,2026-09-11 15:46:48.423237,26.3824053213463,79.97882805254926
9.921408128519577,0.06312220685744822,9.917050282064924,20.550732033149384,0.3325519965596932,0.8020116287642924,0.4490544951505915,13.114754098360656,0.5504128690538238,0.15501275560516994,1.2200924034922416,1.3067009613911051,1165.9444844817242,URBAN,CLEAR,NORMAL,,,device_0024,route_0048,event_075298,2026-09-11 16:45:50.423237,21.972976643107184,78.67754849925583
9.853293540811363,0.03847290490610975,9.851372573117215,10.456853189970488,0.6099262094032057,2.8598542578445176,0.5363733799893348,0.7575757575757576,0.7412933460004423,0.14036347710474045,2.4251862581072885,7.912798782043537,1388.4576064718722,URBAN,CLEAR,SPEED_BREAKER,,,device_0012,route_0010,event_053978,2026-09-11 16:10:18.423237,30.86473701786645,81.50375850265678
9.807632716694686,0.067197043128911,9.806962257079176,20.432133050576184,0.6500953669174212,2.408501298707309,0.5820864338895256,0.7575757575757576,0.8266775312858279,0.17442092880803053,2.55800979939011,3.9431699127072477,1388.7337692196863,HIGHWAY,CLEAR,SPEED_BREAKER,,,device_0020,route_0030,event_049673,2026-09-11 16:03:07.923237,32.42570096738671,79.68914227177879
9.768766100633691,0.05979928264491489,9.764321184491552,9.314517807008231,0.3383885471928973,0.8375966070430092,0.3875880788882847,5.357142857142857,0.5150344688793363,0.19060534821875413,1.347825911911336,2.5163407918599403,1172.5933011717448,URBAN,CLEAR,NORMAL,,,device_0014,route_0042,event_075961,2026-09-11 16:46:56.723237,35.37017936638288,77.82272410563772
9.96258411875019,0.031576667173970584,9.962049195830474,37.50119174567183,0.637490947052166,1.5871194255763186,0.354754185034652,1.96078431372549,1.1721393759169059,0.27004675387190047,2.4575829579586816,1.5297097348939042,1065.3241472729685,HIGHWAY,CLEAR,ROUGH_PATCH,,,device_0006,route_0026,event_025355,2026-09-11 15:22:36.123237,26.82819804866901,78.75036406959069
9.73590610486712,0.05908245254447645,9.733171181562255,19.316047119341547,0.3299720368182801,0.7456764138354117,0.4381192247135329,14.035087719298245,0.535413984157736,0.17798469466154349,1.3016187841521436,1.279250140504039,1164.8650637957344,RURAL,RAIN,NORMAL,,,device_0028,route_0005,event_027733,2026-09-11 15:26:33.923237,27.289933537802984,75.14425888335566
9.850610270127357,0.05820302304944214,9.849861909246773,36.68741857593066,0.2645964949767179,0.5674036984166033,0.4008325189854583,1.7857142857142856,0.4872887483514006,0.17806167658158897,1.0319722913381142,0.5578173482377284,1173.9088107441603,URBAN,CLEAR,NORMAL,,,device_0016,route_0018,event_018005,2026-09-11 15:10:21.123237,29.992643928590667,77.94604444830456
9.92433385812187,0.05786101785334924,9.92031275422867,21.30962019667069,0.3665457062026416,0.7691982260675143,0.4629929110251954,12.280701754385964,0.5660537740197595,0.17835070250604615,1.3517939074809142,1.2156614284851215,1147.8114285371462,ARTERIAL,CLEAR,NORMAL,,,device_0001,route_0004,event_022672,2026-09-11 15:18:07.823237,29.726532484001343,78.84017014254917
9.689452773499811,0.047523558836622806,9.686876509916482,10.245024945787373,0.3561798273830256,0.9309791282260989,0.4453399252870945,19.29824561403509,0.5643529733112059,0.1702633230069257,1.3713390761219593,2.614187428296259,1156.2462834189637,URBAN,CLEAR,NORMAL,,,device_0026,route_0002,event_050380,2026-09-11 16:04:18.623237,24.47116324325705,78.8580134917825
9.643210073487303,0.08582895806006441,9.640439862975033,19.27571997493369,0.2916661587291733,0.673086375914032,0.4256258778148743,2.6785714285714284,0.5164359133098512,0.18598873587648432,1.0067992977882803,1.1567184630832448,1178.0852418549218,RESIDENTIAL,RAIN,NORMAL,,,device_0012,route_0014,event_059038,2026-09-11 16:18:44.423237,33.45854222002183,75.2788184324821
9.999269502257986,0.05093865168101272,9.997364630735138,37.13816557565555,0.3677116836221638,0.7452048933589825,0.4092205115683389,12.5,0.5197751502754289,0.1797534886057732,1.2184582552671408,0.7245873829629141,1196.452449290308,HIGHWAY,CLEAR,NORMAL,,,device_0018,route_0037,event_043444,2026-09-11 15:52:45.023237,29.252174608535583,73.275221262128
9.96436375864524,0.006822621320290312,9.962712624704832,21.434473050337616,0.3424119579120452,0.9230100679247144,0.4508948520752175,11.475409836065571,0.5388875026994048,0.17017109531702676,1.1763977622308666,1.4515890556851343,1174.5353318231532,HIGHWAY,CLEAR,NORMAL,,,device_0019,route_0043,event_002280,2026-09-11 14:44:08.623237,28.320752486975515,77.25158744194712
9.655695467033565,0.06653118885866544,9.654815776001069,65.54638709655177,0.3762922089394342,0.8900117689531637,0.4590661684594385,12.280701754385964,0.5764080354984823,0.16239642177314792,1.4078729797371103,0.5118953297847398,1155.761160906742,URBAN,CLEAR,NORMAL,,,device_0013,route_0044,event_077964,2026-09-11 16:50:17.023237,35.41001850163947,75.87576213152661
9.881213967204014,0.04535726886336639,9.880412422911132,80.82492143583367,0.3235208684654709,0.9183629005848548,0.4726559030569287,14.166666666666668,0.5565228967010142,0.1760883109488382,1.2440756589422115,0.4330627768536424,1191.6511525911126,RESIDENTIAL,CLEAR,NORMAL,,,device_0025,route_0047,event_096125,2026-09-11 17:20:33.123237,20.39272317527984,79.6645306010944
10.571143801557923,0.09093146367343298,10.564631124592744,84.10386400579551,2.473782162661343,9.08678966501327,1.544506295337894,0.7575757575757576,2.5887673670731686,0.5567038126394157,8.72568064906002,4.125489735349422,1381.9849620952707,URBAN,CLEAR,SPEED_BREAKER,,,device_0014,route_0032,event_077647,2026-09-11 16:49:45.323237,32.933157130549155,82.59566849524288
9.893561152304551,0.020149880554960455,9.893320701080537,72.07472413921992,0.3007957582257107,0.7625943286071131,0.389024720590053,0.8928571428571428,0.49985920284665586,0.16891911413881758,1.1277668341914584,0.4009711962735657,1169.7676911232593,ARTERIAL,CLEAR,NORMAL,,,device_0006,route_0010,event_031431,2026-09-11 15:32:43.723237,29.923939324617777,79.7077411755231
9.941768664963845,0.05067841741963093,9.939700225548188,57.16605660193149,0.3676229697381162,1.2253119927356853,0.5144912777330884,14.75409836065574,0.5894963813295989,0.18131846464379245,1.3329893657084995,0.8013019382367655,1173.916838169756,RESIDENTIAL,CLEAR,NORMAL,,,device_0011,route_0024,event_031922,2026-09-11 15:33:32.823237,28.70131309163628,74.32422805302265
9.642781287750198,0.051545649430068535,9.64088987344944,76.85154002245869,0.3351007953607579,0.7604843858180867,0.4829787828094344,1.7543859649122806,0.6048059831738555,0.1816274947899218,1.2202437078664161,0.3762374275650615,1156.3665497149682,RESIDENTIAL,CLEAR,NORMAL,,,device_0007,route_0039,event_015808,2026-09-11 15:06:41.423237,29.849829572312625,77.69531911008009
9.682949135353489,0.07891403058831728,9.680858537711469,9.29423336254752,1.1666482726614995,2.697328120166381,0.5033446100163742,1.923076923076923,1.8710367550619333,0.3572059526721628,4.7202825596174804,8.11578387894194,1068.020857524754,URBAN,CLEAR,ROUGH_PATCH,,,device_0015,route_0024,event_085541,2026-09-11 17:02:54.723237,28.727692960300946,69.5020009155173
9.626999474947555,0.044270986834515386,9.626776870387072,37.98314480915337,0.331700593134444,0.8150625889805898,0.4380587220836153,13.157894736842104,0.5240979275044177,0.1899284426579556,1.1519284897382889,0.7765617298901208,1155.761160906742,URBAN,CLEAR,NORMAL,,,device_0013,route_0009,event_015495,2026-09-11 15:06:10.123237,27.309793111737772,77.47497023705445
9.633145103289795,0.06203205804028054,9.63253818804196,42.33161216927863,0.3034777026129004,0.715270586577855,0.4616292117599227,13.333333333333334,0.5175348673655915,0.1841195784866344,1.043213546545708,0.6175227263532466,1178.291970417501,HIGHWAY,WET,NORMAL,,,device_0003,route_0049,event_077431,2026-09-11 16:49:23.723237,35.50442733743787,76.00898166770583
10.005067099132987,0.025244163178745865,10.001588869168351,19.329094543976503,0.3836922867870582,1.0653872480243258,0.4995041661784046,0.819672131147541,0.5932154635868142,0.17259079565863886,1.2662732011178157,1.8267099839919085,1174.5353318231532,HIGHWAY,RAIN,NORMAL,,,device_0019,route_0009,event_057936,2026-09-11 16:16:54.223237,23.543112068836795,78.09165854565055
9.919945698303009,0.04094191970837755,9.918915433302978,10.54625068285181,0.3580780278148081,0.8368767550059157,0.4401312570190929,5.0,0.5671398602541203,0.18635904410347448,1.3294506980389649,2.301285116700175,1176.243771850552,ARTERIAL,WET,NORMAL,,,device_0027,route_0025,event_018949,2026-09-11 15:11:55.523237,26.83132816032319,77.23320881779037
9.985705837298925,0.07338567816428117,9.9819236958677,43.87201138252373,0.3218240005190532,0.6750850221909843,0.3962625074845972,18.0327868852459,0.494626997446824,0.1760780346143862,1.0242882419809263,0.5640749178443188,1165.9444844817242,HIGHWAY,CLEAR,NORMAL,,,device_0024,route_0012,event_022583,2026-09-11 15:17:58.923237,26.55845959646672,77.19413041016732
10.003775829953405,0.06310487723654358,10.00159714285041,77.61479897410827,0.392290798848436,1.027774585485842,0.4363499801122744,3.333333333333333,0.5466886002964056,0.1675472394323728,1.3165397542053476,0.5037197167204426,1196.452449290308,HIGHWAY,DUSTY,NORMAL,,,device_0018,route_0044,event_006748,2026-09-11 14:51:35.423237,29.12438439627153,77.1035502149718
9.95499810442605,0.029926175507313846,9.954605863330263,61.86588812939928,0.3356478752757497,0.9595346881806835,0.3680091384891015,2.6785714285714284,0.48754629695871693,0.18857414828837213,1.1725057691580183,0.5827202610830018,1169.7676911232593,URBAN,CLEAR,NORMAL,,,device_0006,route_0018,event_080573,2026-09-11 16:54:37.923237,35.06628430300801,80.3801391188188
9.934725779936304,0.07011978316423292,9.930795335193071,64.49049481711405,0.307912535440503,0.7546780137427316,0.4310224085898246,13.157894736842104,0.5072873420734252,0.19335971735605678,1.0946020475824412,0.4407490503655444,1147.8114285371462,ARTERIAL,CLEAR,NORMAL,,,device_0001,route_0016,event_053070,2026-09-11 16:08:47.623237,33.33370865041843,76.03398769024378
9.801776013094987,0.019329917768482023,9.798659143911308,10.587584125948617,1.0672474979821545,2.542558955473689,0.3789464218145,1.7857142857142856,1.551957072828142,0.350083702320314,4.3939239246715545,6.9718438187470575,1073.1330610341536,ARTERIAL,CLEAR,ROUGH_PATCH,,,device_0017,route_0049,event_001402,2026-09-11 14:42:40.823237,28.75519497498126,77.1045270573591
9.837913143710445,0.06932050871690429,9.83740096225474,60.15638753001991,0.3183093317440721,0.7597336409123674,0.4664231997969246,10.714285714285714,0.5487812769929704,0.1842508543909244,1.2600891725691135,0.4736760719620471,1173.9088107441603,RESIDENTIAL,RAIN,NORMAL,,,device_0016,route_0007,event_037781,2026-09-11 15:43:18.723237,26.49916700642,79.83065140195313
9.897257438298716,0.04469689294192757,9.89438713718496,10.82844998134217,0.3284670728656768,0.7896924055883243,0.4622413102828733,20.833333333333336,0.5699444755617166,0.1786389734530701,1.2421286961165627,2.1302089067487193,1185.4321676861896,HIGHWAY,CLEAR,NORMAL,,,device_0029,route_0044,event_064679,2026-09-11 16:28:08.523237,34.23738811317327,76.10485332322463
10.081032811000322,0.026988625113823363,10.07836222035908,78.43341500835315,0.4101863376181797,1.3050967595786798,0.4587440413344652,17.5,0.548638908991568,0.16401494113648704,1.1608417488204559,0.6332853052109665,1176.243771850552,URBAN,CLEAR,NORMAL,,,device_0027,route_0048,event_079960,2026-09-11 16:53:36.623237,21.56459584915552,78.77271563713187
9.842063517545984,0.05535800604051624,9.84123480780203,19.044941592888406,0.3159793952077799,0.6106940599993322,0.4333481158828492,0.8928571428571428,0.5132170470114028,0.17796397081732115,1.2510674453883546,1.0600053943079473,1173.9088107441603,URBAN,WET,NORMAL,,,device_0016,route_0032,event_023787,2026-09-11 15:19:59.323237,29.91647474855401,78.80609437933948
9.764559126582046,0.03391942950083666,9.76311813223132,78.80064320843799,0.2839542837536207,0.656199729219157,0.4258052197234416,16.07142857142857,0.5156065741747193,0.17686183561130467,1.1270323379142617,0.3170022375634326,1172.5933011717448,RURAL,CLEAR,NORMAL,,,device_0014,route_0035,event_030418,2026-09-11 15:31:02.423237,26.605459419618317,79.24968566024158
9.732288367621855,0.050052507331265914,9.7307760251282,86.9118857262979,0.341604938222396,0.8895863091597569,0.4956340522361153,18.0327868852459,0.5736056319501839,0.18975740880719036,1.3568724011299373,0.3914059430415832,1174.5210483649005,RESIDENTIAL,CLEAR,NORMAL,,,device_0008,route_0037,event_059034,2026-09-11 16:18:44.023237,29.490228459218024,71.89368392397004
9.673975983805914,0.07541846772783022,9.672679661730225,20.92010523617568,0.8738381680420296,1.9640537282417323,0.4224094969794887,1.923076923076923,1.1676285106432134,0.39653976827687065,3.4681992475265773,3.1525608894950916,1054.8211708383528,URBAN,RAIN,ROUGH_PATCH,,,device_0026,route_0021,event_020330,2026-09-11 15:14:13.623237,28.29551616336321,79.06129109945343
10.048835451851648,0.02950535168710873,10.048514171852188,10.196437916533563,0.4072786523491407,0.8746574669178315,0.4770493659776471,18.333333333333336,0.5412302492153361,0.16260840850464367,1.2568166321720398,2.4644420581001696,1191.6511525911126,ARTERIAL,CLEAR,NORMAL,,,device_0025,route_0028,event_095652,2026-09-11 17:19:45.823237,22.888266674814616,70.88535106396341
9.588837488304513,0.07129099912291718,9.586362074473946,77.64910334401182,0.4055356811441811,0.9696331137909606,0.4503997329007922,0.8771929824561403,0.5342032692514919,0.17464980089204765,1.3933352270990795,0.4750245007373123,1170.7151707482878,URBAN,CLEAR,NORMAL,,,device_0015,route_0041,event_000883,2026-09-11 14:41:48.923237,28.68862070779352,77.26166713435488
9.624836893710295,0.07762531711100643,9.624404585715272,9.222262482230644,0.4766819352292658,1.4271794717565882,0.5287139979532861,23.0,0.610655632673297,0.15276885517846495,1.7864734201310064,4.317504583423813,981.9099753479176,RESIDENTIAL,CLEAR,POTHOLE,LOW,2.9839739637124856,device_0003,route_0030,event_041515,2026-09-11 15:49:32.123237,31.80934014172078,79.2913614175961
9.815087063047761,0.0554796846293401,9.811575323413804,77.99417472751264,0.3702268164224221,0.985668955151434,0.4995760120821467,9.821428571428571,0.582201744912521,0.15796841947121745,1.4881832162197206,0.480848283882147,1172.5933011717448,URBAN,CLEAR,NORMAL,,,device_0014,route_0015,event_014038,2026-09-11 15:03:44.423237,27.37221192874967,77.5649964376486
11.31406037197354,0.14459294950187138,11.31041177903952,42.35978095824409,6.756030384121292,27.018829523034835,3.8210859618185222,1.0,6.599528160346146,0.7198563501753789,26.273254602461776,23.312301278878337,958.1545187804944,URBAN,WET,SEVERE_POTHOLE,CRITICAL,15.684316443898002,device_0017,route_0048,event_044969,2026-09-11 15:55:17.523237,24.629973526796647,78.06122828933322
9.753008169742097,0.047879080398971305,9.751670881226488,39.52875254350716,0.2762067583339598,0.6487148315817812,0.4023231042610893,21.666666666666668,0.49516571391907,0.17354019258937334,1.1028277513443285,0.5961253596076644,1189.0117987248957,RESIDENTIAL,WET,NORMAL,,,device_0002,route_0044,event_032865,2026-09-11 15:35:07.123237,31.429426183139498,76.6532604361892
9.665480466599918,0.03408718258240324,9.6639719423361,54.28919715409849,0.333936925842049,0.8627460737872976,0.4026257853041438,14.035087719298245,0.5110870791588173,0.17425384698989713,1.2326841112232323,0.5920452611529134,1171.778857581421,RESIDENTIAL,CLEAR,NORMAL,,,device_0010,route_0007,event_079368,2026-09-11 16:52:37.423237,24.18866790262494,82.77155431143242
9.623157571307114,0.04927881514781502,9.622311627421691,9.0861168385966,0.4094229691209993,1.2878106052339522,0.4979612334030417,14.035087719298245,0.5856741165132541,0.18808169093846236,1.4879014125821115,3.9364178728273114,1156.3665497149682,RURAL,CLEAR,NORMAL,,,device_0007,route_0026,event_003253,2026-09-11 14:45:45.923237,28.35338252314507,77.47569630821417
9.601270318257562,0.03130640598970228,9.600163543067069,56.69882908924272,0.4309397006117564,1.0869893943254052,0.4720850033373391,5.263157894736842,0.6166220419673663,0.17284229451917563,1.5587430491979113,0.7163165488594544,1156.3665497149682,URBAN,CLEAR,NORMAL,,,device_0007,route_0037,event_002937,2026-09-11 14:45:14.323237,28.633970409409077,76.86540248085774
9.79015676264667,0.05427486929595943,9.788722243875329,87.74980285161095,0.3132386188768915,0.6391024901359241,0.4663726706402769,21.052631578947366,0.5550516014765822,0.1701960180616285,1.2390285942920052,0.27862838731961487,1164.8650637957344,RESIDENTIAL,RAIN,NORMAL,,,device_0028,route_0035,event_036838,2026-09-11 15:41:44.423237,26.199023820330503,79.65970974508672
9.933759435387895,0.045607115334227996,9.933495374540165,9.075625088631956,0.3321725309206753,0.7734535464418499,0.4663115085836528,24.166666666666668,0.5396545754710652,0.19371046463502356,1.1975728594803527,2.366092760228484,1191.6511525911126,ARTERIAL,CLEAR,NORMAL,,,device_0025,route_0046,event_025039,2026-09-11 15:22:04.523237,30.791329523747347,77.92364513110512
9.799359503957948,0.0929105842699206,9.798667718149732,9.950552130084404,0.351744993326356,1.085080729480529,0.478527652641001,19.29824561403509,0.5620434156213195,0.18449385529510184,1.4014019297424127,3.111219453861039,1164.8650637957344,HIGHWAY,WET,NORMAL,,,device_0028,route_0037,event_023394,2026-09-11 15:19:20.023237,28.94618003653141,75.05222097854036
9.978359948198433,0.034682652877230276,9.97768553308649,40.85216606092564,0.3737062389291539,0.9527247657864368,0.3891586310751483,8.035714285714285,0.506558097522269,0.16028894511505395,1.298371781125315,0.8496577529765571,1169.7676911232593,URBAN,CLEAR,NORMAL,,,device_0006,route_0037,event_081992,2026-09-11 16:56:59.823237,29.840497488493455,69.85938380299189
9.721815124362006,0.10518473941618874,9.719434128912877,9.115884392208908,1.1150597821385482,2.874274829937585,0.5350963390744031,1.96078431372549,1.9023579517298896,0.417044359601747,4.419565788787218,8.76578275314766,1072.8990595464466,RESIDENTIAL,CLEAR,ROUGH_PATCH,,,device_0012,route_0039,event_056293,2026-09-11 16:14:09.923237,33.265223202962375,78.95663887987308
9.680652175798167,0.03243335115138761,9.68009603986468,9.498017630567745,0.331588965196689,0.8965265530080941,0.4049107153329233,0.8771929824561403,0.5264611485152312,0.19370130885953377,1.2546989050621953,2.656765097054878,1155.761160906742,RESIDENTIAL,DUSTY,NORMAL,,,device_0013,route_0013,event_001318,2026-09-11 14:42:32.423237,28.75274601832358,77.1923231755692
9.77582738608277,0.05478069559579341,9.77309943057976,10.289326240878712,0.315146845307702,0.6466281437593882,0.4722538252769033,0.8928571428571428,0.5704719227935017,0.1885525373639478,1.2495849852114702,1.8101011422344688,1172.5933011717448,RESIDENTIAL,CLEAR,NORMAL,,,device_0014,route_0002,event_095284,2026-09-11 17:19:09.023237,20.726157373658488,80.36908536184221
10.004248638362068,0.05307761967637327,9.999602138900492,9.6516056247496,0.798707772931845,3.394882711997605,0.8212899315973556,21.27659574468085,0.8451933608742821,0.14675296342434582,3.0758761852433842,9.947204176021236,946.4410024779978,RESIDENTIAL,CLEAR,POTHOLE,MEDIUM,4.98879208783975,device_0001,route_0002,event_032592,2026-09-11 15:34:39.823237,25.95485066349814,78.2598881439505
9.685310135292344,0.023026305924360283,9.684229936173772,20.0827142998028,0.3245072153363308,0.9170441342920396,0.4420580996949508,19.166666666666668,0.5168121108078773,0.17923921440621401,1.2314647281153661,1.5231574362854088,1189.0117987248957,URBAN,RAIN,NORMAL,,,device_0002,route_0000,event_086253,2026-09-11 17:04:05.923237,21.018664897032597,75.25632459224981
9.598823486120837,0.05954849257142575,9.597297335224264,9.17362443428947,0.3633352022503294,0.8184393246179908,0.4665795798425255,10.526315789473683,0.5963822037150261,0.17753609719493457,1.2353828002174119,2.4850847348818745,1156.3665497149682,URBAN,CLEAR,NORMAL,,,device_0007,route_0033,event_079994,2026-09-11 16:53:40.023237,34.850022926201774,80.75637806448044
9.58003446787545,0.06275469793116736,9.578727263139898,9.32840338013676,0.3913773643502295,0.804014778656688,0.4608595947969464,11.403508771929824,0.5458134679321252,0.17331876561666198,1.322852999630605,2.412936510774896,1156.3665497149682,URBAN,CLEAR,NORMAL,,,device_0007,route_0020,event_063780,2026-09-11 16:26:38.623237,24.583433376056288,73.0933604332032
9.736458616200798,0.01454458058675842,9.735279735791526,10.380142710937085,0.3185029494491141,0.8411442870822032,0.4263831205797668,22.5,0.5472490777188985,0.17244567586531354,1.2614940087051778,2.339738357234676,1189.0117987248957,RESIDENTIAL,CLEAR,NORMAL,,,device_0002,route_0023,event_037108,2026-09-11 15:42:11.423237,26.786000264756087,80.07297726887427
9.524240517584003,0.08980389043819888,9.523273200817854,55.86833828971198,1.2854276873560848,2.9460956614969103,0.4663730274226678,1.923076923076923,1.4633318022982624,0.34459600374046506,5.071639280673701,1.9683831191307204,1054.9308874592691,RESIDENTIAL,WET,ROUGH_PATCH,,,device_0007,route_0010,event_001349,2026-09-11 14:42:35.523237,28.668570397201208,77.31122936912233
9.673050168593685,0.057821565251219266,9.67048444740175,36.85421210240271,0.3722298629037737,0.7885227682024887,0.4361209557500719,5.263157894736842,0.5609542624818638,0.19259096595599573,1.415306778935804,0.7720357119858533,1170.7151707482878,RESIDENTIAL,CLEAR,NORMAL,,,device_0015,route_0041,event_004790,2026-09-11 14:48:19.623237,28.61058748578288,77.60397985519985
10.006047808339401,0.1019970639951648,10.003295670219666,20.06360829065512,1.0046058098174957,2.639405445154223,0.5398533967312797,1.1111111111111112,1.387302426271776,0.4424481159691111,3.6715670790059285,4.387381000012723,895.8156202139731,RESIDENTIAL,CLEAR,OTHER_ANOMALY,,,device_0004,route_0047,event_096594,2026-09-11 17:21:20.023237,20.35194162197199,79.67614373350845
9.91511750633124,0.04707984183386304,9.914824211360225,10.669823512318686,0.3668950776594297,0.7989865751152365,0.4380788555682021,23.21428571428571,0.5113853022847672,0.18671339436627174,1.385882412049817,2.1785853781930062,1173.9088107441603,HIGHWAY,CLEAR,NORMAL,,,device_0016,route_0049,event_087444,2026-09-11 17:06:05.023237,36.393016192613736,75.8647621237066
9.690569622333436,0.018680871031180383,9.689342405999437,60.88384223216074,0.2768655445877326,0.6722455526690752,0.3850424320894994,13.333333333333334,0.4941402141663703,0.17751596253165836,1.0408668577476838,0.41443017524376236,1189.0117987248957,URBAN,WET,NORMAL,,,device_0002,route_0043,event_087607,2026-09-11 17:06:21.323237,20.76298293952815,75.92279670649687
9.81963623483008,0.029263742085500803,9.818170831257424,20.571048904125067,0.2997833898409288,0.7707132697392343,0.3661618042431354,3.278688524590164,0.485978272094765,0.1795641790839824,1.1893355569636483,1.25466889549,1168.9485129122031,HIGHWAY,DUSTY,NORMAL,,,device_0017,route_0002,event_084333,2026-09-11 17:00:53.923237,21.63959759930479,80.00050343180081
9.898352870176966,0.03270163268406623,9.89814551007544,79.30753808428493,0.3473949838693864,1.3628628649785774,0.4621870593088031,6.666666666666667,0.5645001227639614,0.18485237889466566,1.3164654038698806,0.6543767329192828,1191.6511525911126,URBAN,CLEAR,NORMAL,,,device_0025,route_0038,event_058134,2026-09-11 16:17:14.023237,32.601996573733935,80.6532287074502
9.566923861697584,0.056588628586781216,9.56453134084198,77.28144266013337,0.3834064350890963,0.8507293422749438,0.4518961535113014,12.280701754385964,0.5520470222352374,0.16049081505628882,1.2503207863135906,0.41865858401758244,1156.3665497149682,RURAL,CLEAR,NORMAL,,,device_0007,route_0011,event_018634,2026-09-11 15:11:24.023237,27.4863658252658,75.97448242531101
9.78499590445445,0.05405540972383515,9.781856471351194,75.94132080975153,0.3286525707160827,0.7269899878312778,0.4714715399323445,11.607142857142856,0.5744358910096761,0.17830112982041602,1.3270878012999354,0.363761809520964,1172.5933011717448,HIGHWAY,CLEAR,NORMAL,,,device_0014,route_0028,event_003393,2026-09-11 14:45:59.923237,28.49778773542942,76.99879112186073
9.653319510742023,0.04681815643708787,9.652919508345796,38.37657776954242,0.3530897681177244,0.7909417380525721,0.4484892950676838,5.737704918032787,0.571139095043987,0.19605477574694055,1.300299902524447,0.7465838722078689,1173.9747253078074,RESIDENTIAL,CLEAR,NORMAL,,,device_0022,route_0016,event_072228,2026-09-11 16:40:43.423237,35.00550681782232,75.61803005192859
9.631514896118599,0.054394926700145174,9.627775214869486,81.47162366604682,0.3756397609749111,1.149368034773822,0.4774586332867961,22.807017543859647,0.5459612448516957,0.1824899288218364,1.3633202876545774,0.5378945598434455,1170.7151707482878,ARTERIAL,CLEAR,NORMAL,,,device_0015,route_0022,event_037587,2026-09-11 15:42:59.323237,32.038317872385164,77.0687871441657
9.97613348793318,0.04376342501143002,9.97483726231762,73.74561191647336,0.4221022734060956,0.9748587831771208,0.4777689851642073,5.357142857142857,0.6003689292904077,0.1664374783120574,1.5146547034820408,0.5015633727210063,1175.8012798150014,ARTERIAL,DUSTY,NORMAL,,,device_0009,route_0010,event_011446,2026-09-11 14:59:25.223237,29.089774165047647,78.11552845752296
9.923515924349143,0.027779510192141074,9.921348334079427,85.52250435885115,0.3335698341510974,0.7022008436437446,0.4546967346865567,22.13114754098361,0.5823835352936478,0.17473257497184636,1.2199831460368493,0.3137538873260162,1174.5353318231532,RESIDENTIAL,CLEAR,NORMAL,,,device_0019,route_0023,event_092168,2026-09-11 17:13:57.423237,24.111548718807647,84.24035150023131
9.995539587005949,0.07600606781878705,9.993686904614565,61.40327835368281,0.3375716854926031,0.9174065339191008,0.4322277109148819,16.393442622950822,0.5186345881569051,0.18138515548721124,1.068985840548116,0.5610767882050318,1165.9444844817242,URBAN,CLEAR,NORMAL,,,device_0024,route_0002,event_033054,2026-09-11 15:35:26.023237,25.916183932039797,78.27523309796935
9.579906287494225,0.05213420121513415,9.578768277136074,9.505140896024564,0.3924102151808915,1.0024224636447183,0.4492399512183606,7.894736842105263,0.5554321791286947,0.1719310374738417,1.322728977086971,2.9690100128901165,1156.3665497149682,HIGHWAY,CLEAR,NORMAL,,,device_0007,route_0028,event_093268,2026-09-11 17:15:47.423237,23.033255903631403,71.04323720276206
9.64873512126904,0.044650123899135905,9.645964960024951,36.46076091103023,0.3326750177782882,1.0195994336727665,0.6844409129480644,22.34042553191489,0.7564899823889498,0.29576763996442884,1.116734132434555,1.0079883924227513,953.4952252035704,URBAN,CLEAR,POTHOLE,LOW,1.5414038566397106,device_0007,route_0025,event_059808,2026-09-11 16:20:01.423237,23.158756983693834,77.11203259800803
9.956852507164333,0.05063463917850788,9.952794003062351,87.99380323570989,0.3232008991193835,0.7301707876916748,0.4344533538170741,14.75409836065574,0.5014339759747423,0.17801753379513646,1.1154722187254684,0.31748694455899573,1174.5353318231532,URBAN,CLEAR,NORMAL,,,device_0019,route_0023,event_061577,2026-09-11 16:22:58.323237,25.59745969226073,81.92494740443131
9.658239349795585,0.047050961582151996,9.655156036939314,41.29327078944338,0.3487176405943615,0.8639274642777384,0.4157355956410624,2.631578947368421,0.5683013199132548,0.1875579130510951,1.2909353792090243,0.762963194505349,1156.2462834189637,RESIDENTIAL,WET,NORMAL,,,device_0026,route_0033,event_049660,2026-09-11 16:03:06.623237,32.49450834119183,79.38106404642713
9.850587535247733,0.11397637061076961,9.850311831891334,18.99507931886704,1.1617102705100772,2.795702112998592,0.4061418612439523,1.818181818181818,1.6464894165970292,0.3537827134114139,4.68736786019209,4.8631310624873905,1083.783040176026,URBAN,CLEAR,ROUGH_PATCH,,,device_0021,route_0017,event_011060,2026-09-11 14:58:46.623237,29.35480031407775,77.71149011897315
9.750826607651081,0.05643311127501233,9.749784367717645,21.76280420559353,0.2819645767773021,0.8679273771879448,0.4167855013748736,3.508771929824561,0.5185688336953643,0.18365596609513246,1.113832800134638,1.3475666239772197,1164.8650637957344,RESIDENTIAL,WET,NORMAL,,,device_0028,route_0024,event_001550,2026-09-11 14:42:55.623237,28.68642858861317,77.05546624862197
9.75547690818468,0.0751743149532397,9.75494014167912,19.077413085913708,0.3384440708221427,0.7553630940204918,0.4253600082636877,0.8928571428571428,0.5448189191989543,0.1823947485908902,1.3481605888325952,1.3092682289967073,1173.9088107441603,URBAN,CLEAR,NORMAL,,,device_0016,route_0046,event_080750,2026-09-11 16:54:55.623237,35.598752319801754,79.33484756477299
9.617531357932469,0.04240410770312954,9.617194129480485,41.282104057694525,0.3747468210851228,0.8714216680231388,0.4608916108415981,17.5,0.5588020832423969,0.18328439676581718,1.3276200723736693,0.769771357720347,1194.4208269519645,HIGHWAY,CLEAR,NORMAL,,,device_0004,route_0035,event_004510,2026-09-11 14:47:51.623237,28.245398394203335,77.59453845215326
9.643584923214371,0.0420664017540593,9.6426981429134,10.103060047809048,0.3989778087374542,1.3091838538945204,0.5298800539035908,1.4925373134328357,0.5882478992423014,0.12117870197194992,1.4822416294494793,3.7131908946183803,1359.237874226366,RURAL,CLEAR,SPEED_BREAKER,,,device_0007,route_0038,event_026438,2026-09-11 15:24:24.423237,30.41924032879375,78.81936917149402
9.703907168355094,0.06823104305517796,9.703155649757486,10.128034733293926,0.3194789574538084,0.5989462270522825,0.4933398163298555,7.017543859649122,0.5635278624828159,0.1838712659156484,1.2341915420119882,1.6957665757738103,1164.8650637957344,SERVICE_ROAD,DUSTY,NORMAL,,,device_0028,route_0045,event_086708,2026-09-11 17:04:51.423237,21.15778376700673,79.44532876042322
10.394130456366367,0.038593629079694616,10.389461767539196,40.61350374240203,1.4869939550000828,5.806194282845931,0.8173361091742402,1.4084507042253522,1.514124253872698,0.2850367062437024,5.262547151095376,5.205772957327758,1367.0821075318668,RESIDENTIAL,WET,SPEED_BREAKER,,,device_0019,route_0048,event_083003,2026-09-11 16:58:40.923237,21.29805135383648,78.83442851058274
10.015235006861172,0.06884902057128457,10.01405144282937,19.82574560714217,1.8215673476259,6.261688223047297,1.713215448675315,22.34042553191489,1.848980984427002,0.192975420829178,7.2258474991064725,10.512473903306095,960.502771901746,URBAN,CLEAR,POTHOLE,CRITICAL,14.579521741351511,device_0028,route_0046,event_080166,2026-09-11 16:53:57.223237,35.54836423116452,79.3200711774841
9.60736299518025,0.06708675503737271,9.606084830673568,40.85542364790098,0.3483778138686911,0.8210336434117593,0.4482063109724563,5.0,0.5606451699307701,0.18789223940550415,1.1994338711706902,0.7321599723204752,1178.291970417501,RESIDENTIAL,DUSTY,NORMAL,,,device_0003,route_0022,event_048078,2026-09-11 16:00:28.423237,32.98027457607901,77.0125202804809
10.377851170819142,0.026208135225465445,10.377755480880245,55.58155004807688,1.693736297525601,5.639599964160055,1.0997811257667227,0.7575757575757576,1.8160534618733017,0.35828502416289393,5.965056204031676,3.7861384670989002,1383.5353840913317,URBAN,CLEAR,SPEED_BREAKER,,,device_0016,route_0042,event_016301,2026-09-11 15:07:30.723237,30.020248187901423,77.4135240132725
9.971907591040248,0.07569164704119083,9.968861730842756,38.99241368224117,1.1149038243597456,4.625735182306906,0.8523981117475652,1.4925373134328357,1.2737126305743873,0.265107591051347,4.302790259522258,4.303768768598031,1359.0965085801854,URBAN,CLEAR,SPEED_BREAKER,,,device_0026,route_0029,event_017494,2026-09-11 15:09:30.023237,27.83652007507623,75.78419072183732
9.998097635363509,0.07474007871612318,9.996883541991131,36.518199025131615,0.5822000743865943,2.405948236249301,0.8515808372013155,1.0,0.9687366197962956,0.336337197331465,1.9821929064717239,2.3751778648967092,962.2269165325868,ARTERIAL,RAIN,POTHOLE,MEDIUM,3.276819223232109,device_0011,route_0035,event_085698,2026-09-11 17:03:10.423237,23.106360817573723,82.78097765681188
9.942758178854604,0.07948857674528789,9.94000155871231,40.328944230525664,0.9444261962220358,2.4031508208779595,0.4075954045435203,1.818181818181818,1.7314706414748953,0.38910064880608064,3.7051970624892974,2.1684710634034086,1088.9886895864247,RURAL,CLEAR,ROUGH_PATCH,,,device_0000,route_0035,event_061705,2026-09-11 16:23:11.123237,24.62487566074596,81.24810227101776
9.635912069973156,0.035502412999806415,9.635042199217258,55.3122664839787,0.3511123208703349,0.8396963716608905,0.4450725550822931,4.385964912280701,0.5817981165820144,0.17663561292648167,1.2644318502131249,0.5662885075468882,1156.3665497149682,URBAN,CLEAR,NORMAL,,,device_0007,route_0004,event_049148,2026-09-11 16:02:15.423237,31.046844716145408,80.82177539412633
9.644124234747059,0.08021884085419795,9.642080950114542,10.033988711729505,0.3851624642147652,1.0741959046589589,0.4922256033796161,19.29824561403509,0.5683360470119574,0.14894741991356608,1.4314914442277242,3.0616980723695577,1156.2462834189637,HIGHWAY,CLEAR,NORMAL,,,device_0026,route_0007,event_070172,2026-09-11 16:37:17.823237,24.699409661494112,82.12135987416077
9.838562249717128,0.07016294656557426,9.838254341701395,75.58920173943261,0.3548037366014951,0.9375957830987928,0.4452129455968773,12.5,0.5807138236073285,0.18353423324143575,1.402549307454784,0.47121758359551896,1173.9088107441603,RESIDENTIAL,CLEAR,NORMAL,,,device_0016,route_0007,event_096222,2026-09-11 17:20:42.823237,23.252419378355707,83.96377551004078
9.840032768538022,0.044606264510521715,9.835758880863908,84.07968232375076,0.3222502797661702,0.7444097322039429,0.4150093200841451,13.333333333333334,0.5306714861257511,0.15426923239838225,1.2789890341663437,0.33806195143517775,1185.4321676861896,URBAN,WET,NORMAL,,,device_0029,route_0015,event_052412,2026-09-11 16:07:41.823237,24.039204746058854,78.45980075342511
9.798586528887478,0.0516346032764584,9.79822672448796,21.33155174009057,0.2948637201694366,0.7081165678469183,0.4391924873988536,0.8333333333333334,0.5329567168249025,0.18115683923650733,1.1840698955556732,1.1181574269312986,1182.7936295130366,URBAN,RAIN,NORMAL,,,device_0023,route_0048,event_097493,2026-09-11 17:22:49.923237,20.0288199035016,79.12909644818815
9.740308516817512,0.07090843847843153,9.737556642679746,83.8909808069302,0.2954254964570321,0.6359168875766468,0.4059215357593242,14.912280701754383,0.4865613155644594,0.1925915527638591,1.1546606847274958,0.2894116696563271,1171.778857581421,ARTERIAL,CLEAR,NORMAL,,,device_0010,route_0008,event_009093,2026-09-11 14:55:29.923237,29.3006442535386,77.36530410321228
9.813843350091904,0.05101561956977123,9.810686112408582,36.9573421601965,0.3097826160971299,0.978334535979327,0.4336772870409937,12.295081967213116,0.5225646610087709,0.16646658436374714,1.2399412893404858,0.9554668192606504,1168.9485129122031,RURAL,WET,NORMAL,,,device_0017,route_0027,event_006267,2026-09-11 14:50:47.323237,28.45728101853833,77.63817675692242
9.743394323436707,0.08936900965743982,9.741580568420328,72.29461404563398,0.3202202588820244,0.8521968072587143,0.493889369618827,20.175438596491222,0.5751036284714311,0.16367206076958143,1.2699413910719706,0.446792643448719,1164.8650637957344,ARTERIAL,CLEAR,NORMAL,,,device_0028,route_0039,event_081823,2026-09-11 16:56:42.923237,35.41915271933845,79.75201348896105
9.66603113602066,0.04853626095605353,9.664755396535115,9.993373800784555,0.3618263442272567,0.8766916989370195,0.434175161188273,4.385964912280701,0.5593244939842642,0.1753391403148497,1.3595726686146925,2.5060195244348202,1156.2462834189637,RESIDENTIAL,CLEAR,NORMAL,,,device_0026,route_0006,event_040203,2026-09-11 15:47:20.923237,25.298196984046577,76.04587902170057
9.72914261003227,0.08206776925349984,9.726121415265194,61.30503000967962,0.3090617715379926,0.7043928314027053,0.4465008249801026,21.929824561403507,0.5498306992509071,0.17243310846409304,1.22350320111833,0.43144782648338054,1164.8650637957344,ARTERIAL,CLEAR,NORMAL,,,device_0028,route_0049,event_069325,2026-09-11 16:35:53.123237,34.78458085043439,76.12586606040941
9.635868897212747,0.08489224016996245,9.634435843731334,9.191901097804218,0.3860553495585021,1.0009596460304788,0.4228847912803454,16.666666666666668,0.5311288363307825,0.1854494167029793,1.4059508142154797,3.0350732274579824,1194.4208269519645,RESIDENTIAL,CLEAR,NORMAL,,,device_0004,route_0024,event_057862,2026-09-11 16:16:46.823237,28.71387050538191,71.99113749833475
9.691046224043763,0.042334799895482826,9.690442901755246,18.77944453824849,0.3301947866492327,0.7654837674899913,0.4748276090038428,20.49180327868853,0.5516160334622628,0.173514636528427,1.2603712217200318,1.3441658179235818,1174.5210483649005,URBAN,CLEAR,NORMAL,,,device_0008,route_0024,event_052991,2026-09-11 16:08:39.723237,28.711558723539063,72.42939754928113
9.71609864785691,0.023934130627595546,9.714369574900434,21.26712476873154,0.2829090699753982,0.9923392206053894,0.3788577515920627,3.333333333333333,0.48205312868107747,0.16431182560290386,1.0847027471050872,1.5709570909839723,1189.0117987248957,RURAL,CLEAR,NORMAL,,,device_0002,route_0012,event_089245,2026-09-11 17:09:05.123237,20.564543354286787,77.07583933158027
9.645965087021471,0.05370663758929754,9.644809257936718,10.83342887343746,0.3495705472508664,1.136959891862599,0.3667585889183999,7.017543859649122,0.4671864448378494,0.1686406982609176,1.2727615482709531,3.065939511527446,1155.761160906742,HIGHWAY,DUSTY,NORMAL,,,device_0013,route_0000,event_026873,2026-09-11 15:25:07.923237,26.185840520201907,76.60510303880552
9.842314823523338,0.06862041619373772,9.842160905086208,9.100066712489513,0.3209936085765706,0.7972770180967181,0.4706833764903685,9.821428571428571,0.5461802260526014,0.18794914179949626,1.2713331883214778,2.4344212456157943,1173.9088107441603,RURAL,CLEAR,NORMAL,,,device_0016,route_0001,event_062596,2026-09-11 16:24:40.223237,23.059308641808816,76.72871348189584
9.948354075469238,0.034181190583299985,9.947186352370789,9.62608383629943,0.3989657892338316,1.1069577341617052,0.4962443360221753,20.0,0.5712173514311922,0.1770372168116849,1.4692604489169412,3.2495256816571376,1176.243771850552,RURAL,DUSTY,NORMAL,,,device_0027,route_0002,event_047745,2026-09-11 15:59:55.123237,24.690953723821178,78.76967537784317
9.876288243451414,0.031683462316869825,9.876024014752204,74.49404829122159,0.3023220335871263,0.6702893856360408,0.3854088342710678,4.166666666666667,0.5278402587580491,0.17759178458806826,1.161740503714359,0.34157462902114216,1182.3087711011192,URBAN,CLEAR,NORMAL,,,device_0021,route_0029,event_040990,2026-09-11 15:48:39.623237,26.8479848883532,73.91668456804963
10.494400299396759,0.04562534843192463,10.488631577063384,64.38628363031562,1.7840331531305829,6.216710721794748,1.2038928696363442,0.7142857142857142,1.9008219306586882,0.47802165625092646,6.080913339983546,3.636232526043502,1383.0041956338878,URBAN,CLEAR,SPEED_BREAKER,,,device_0029,route_0045,event_013928,2026-09-11 15:03:33.423237,27.437875079509407,77.60112331899968
9.940127790847608,0.03550486422709258,9.936814362984796,10.907737444132655,0.3563819463260453,0.7197573372783275,0.4290257765208751,6.666666666666667,0.5452845929460434,0.17124847017315145,1.2852475646902946,1.9312315902413681,1185.4321676861896,RURAL,CLEAR,NORMAL,,,device_0029,route_0041,event_094953,2026-09-11 17:18:35.923237,26.806353612571755,85.50923425417723
9.904664381084576,0.05935505613756762,9.898866832497244,20.202881414334158,0.2858817724094277,0.6645755896392398,0.3992441343636943,15.789473684210526,0.4774358613339316,0.18135929753296123,1.0504385663711489,1.0983412731108038,1147.8114285371462,RURAL,RAIN,NORMAL,,,device_0001,route_0036,event_018742,2026-09-11 15:11:34.823237,30.35556487403249,77.15034767667322
10.040792806150861,0.08782014926405984,10.038831063960696,18.299882888190474,0.3473183399659164,0.7084828454519858,0.4099866772435394,7.377049180327869,0.5188991325090354,0.18311826092304537,0.9487021445909676,1.2708279213917892,1165.9444844817242,RURAL,CLEAR,NORMAL,,,device_0024,route_0048,event_001057,2026-09-11 14:42:06.323237,28.476982949815856,77.16840570300901
9.551038779453744,0.025749364125881496,9.550668034954702,18.216505318130377,0.4056046675732675,1.0937814607181071,0.4355022079141726,11.475409836065571,0.5490751298702771,0.18394787192389672,1.3123952107032757,1.969313256168147,1173.9747253078074,HIGHWAY,RAIN,NORMAL,,,device_0022,route_0014,event_004337,2026-09-11 14:47:34.323237,28.882096200181994,77.08309204169835
9.915552393578423,0.08501482843767671,9.913111320945042,9.012679647323674,0.8070503315945314,2.1580090844676665,0.3960778980371736,1.818181818181818,1.7003353175677178,0.3476294759234151,3.1163441722440623,6.633557861885905,1088.9886895864247,URBAN,WET,ROUGH_PATCH,,,device_0000,route_0003,event_034170,2026-09-11 15:37:17.623237,30.09953559337279,74.66608826007419
9.578690927298481,0.02918380725953263,9.578124726496414,20.58081830843413,0.8591669769215573,2.23907427311703,0.439214327768314,1.818181818181818,1.3667431392513223,0.28763699005106635,3.3529506462841168,3.6436122589926354,1058.5018015070395,HIGHWAY,CLEAR,ROUGH_PATCH,,,device_0022,route_0023,event_096505,2026-09-11 17:21:11.123237,23.900908455284608,84.56865324491258
9.743875967367384,0.06468977746177322,9.743039589292936,10.544681065090888,0.3203813589196172,0.6447620220699051,0.4982568533656157,11.607142857142856,0.58379844059703,0.17648607722350967,1.2780663257919258,1.7731898532100978,1178.0852418549218,URBAN,CLEAR,NORMAL,,,device_0012,route_0048,event_002029,2026-09-11 14:43:43.523237,28.39165083715993,77.18766469034898
9.730165441027006,0.04656180992397534,9.728783199728868,20.25661972323323,0.3382807867766115,0.99292771500399,0.4133515613676121,19.642857142857142,0.49775956610169053,0.17553625603968248,1.3279329527759742,1.6373719443735257,1178.0852418549218,RESIDENTIAL,CLEAR,NORMAL,,,device_0012,route_0049,event_001430,2026-09-11 14:42:43.623237,28.757671613105103,77.10412937908133
9.612067936176784,0.0519953191458206,9.611062115225002,61.0417465183728,0.3560888322208823,1.165159037260013,0.4766484882484565,16.666666666666668,0.5203340285655406,0.1580043881702525,1.2363783205663346,0.716560731917543,1194.4208269519645,RESIDENTIAL,RAIN,NORMAL,,,device_0004,route_0039,event_035083,2026-09-11 15:38:48.923237,31.475732738854216,78.29580037997492
9.768506724302695,0.03042794038710655,9.766038346385036,54.81875374953518,1.0968754363191595,2.6436213336527565,0.4332219504854783,1.7857142857142856,1.8290484396686193,0.3686604114209473,4.513572310858019,1.797808464225509,1073.1330610341536,ARTERIAL,RAIN,ROUGH_PATCH,,,device_0017,route_0006,event_033931,2026-09-11 15:36:53.723237,25.829779682177605,76.23458352893529
9.627848907029543,0.030958762963219703,9.62750839498293,20.658421436578703,0.4497732185100618,1.062510037359807,0.4895096219056671,17.21311475409836,0.5939356472828227,0.1628355238443054,1.6879581314743461,1.7235653792236065,1173.9747253078074,URBAN,RAIN,NORMAL,,,device_0022,route_0023,event_055375,2026-09-11 16:12:38.123237,25.898562440474524,81.45554001545013
9.646929374942651,0.06859643825099132,9.645149900533198,37.14032080291518,0.3086278113261101,0.6894179512993901,0.4583567077266929,21.428571428571427,0.5175883709016864,0.19668823515481448,1.0926708267733574,0.6703087752787171,1178.0852418549218,URBAN,RAIN,NORMAL,,,device_0012,route_0047,event_022824,2026-09-11 15:18:23.023237,26.73064659118886,77.85164460772899
9.959153916776634,0.029137375190863807,9.95882198035206,87.55122717538583,0.3574786324165342,0.9364905516865304,0.4652284089881918,1.6666666666666667,0.5699301261507279,0.1813861996575898,1.2592592953620354,0.4091657012494147,1191.6511525911126,URBAN,CLEAR,NORMAL,,,device_0025,route_0003,event_073646,2026-09-11 16:43:05.223237,31.925480982962824,71.62173062728198
10.436964936487795,0.08849409498728653,10.433024166961491,76.7154317034799,2.0645892535066683,8.036270392023535,1.4873081248641185,1.5151515151515151,2.359154342239605,0.47526255392665484,6.887630562728777,3.9825199332618157,1385.7657940676804,URBAN,CLEAR,SPEED_BREAKER,,,device_0009,route_0016,event_025269,2026-09-11 15:22:27.523237,30.9073172232482,76.63757545174687
9.97336864084617,0.0433301567617959,9.97318028068877,36.446963683733856,0.4083349687340846,0.9846898210748076,0.4638992449777195,17.21311475409836,0.566768643637862,0.1856128977307815,1.4626955820600287,0.9738083963724676,1173.916838169756,URBAN,WET,NORMAL,,,device_0011,route_0046,event_064034,2026-09-11 16:27:04.023237,34.15634865197576,78.91131264420513
10.20932108458195,0.016818482398827352,10.207452462340918,37.05432136501726,1.0270244344295183,3.9585833364449865,0.7609404399466518,0.7575757575757576,1.1919496429702259,0.24671734641017784,3.5253938081758847,3.856922443071369,1378.6547788238413,RESIDENTIAL,WET,SPEED_BREAKER,,,device_0006,route_0028,event_014805,2026-09-11 15:05:01.123237,27.80378441472904,76.24259500065455
9.956125852477662,0.0857246187806866,9.95146676515565,10.952580562816896,0.3352042688515989,1.1359167245752708,0.4191487162535305,14.035087719298245,0.4976993332879927,0.19352788632199394,1.1762529655584721,3.0387175506012505,1147.8114285371462,RESIDENTIAL,CLEAR,NORMAL,,,device_0001,route_0044,event_060297,2026-09-11 16:20:50.323237,33.85086373180115,76.1804330393393
9.928491022938056,0.07384810769668872,9.925212599391342,36.934851801410446,0.3554540229116182,0.8892528797090016,0.4199713500627381,15.57377049180328,0.5375581904372059,0.17492022212368658,1.3021290466771553,0.86894452094082,1165.9444844817242,URBAN,CLEAR,NORMAL,,,device_0024,route_0042,event_050078,2026-09-11 16:03:48.423237,33.04903989147239,77.64534157329383
9.734057215391562,0.09341201722060254,9.731456296828677,56.51103529078885,0.2972570899052033,0.9590380087594284,0.4037472233949092,7.017543859649122,0.5085415167568457,0.1835128702818149,1.1627790181718645,0.6339590814473575,1164.8650637957344,URBAN,CLEAR,NORMAL,,,device_0028,route_0012,event_031591,2026-09-11 15:32:59.723237,25.748446720156597,77.17821545097055
9.65841261670489,0.069289381759635,9.657553246929794,63.20994401344257,1.3037443437543057,2.704997966992208,0.4427562169130925,1.923076923076923,1.741459645238917,0.3845074199683425,5.353701781617011,1.6098796133210198,1054.3786029324665,URBAN,CLEAR,ROUGH_PATCH,,,device_0013,route_0027,event_000585,2026-09-11 14:41:19.123237,28.672742372567065,77.1749444094064
9.967498570232646,0.027449250337759374,9.966953160675786,10.044349876361538,0.8374352056076418,2.280225007491863,0.4678439321288464,1.818181818181818,1.139192298565514,0.24250264995699433,3.2896233245530233,6.494355459855859,1092.3468898751864,HIGHWAY,CLEAR,ROUGH_PATCH,,,device_0025,route_0013,event_036904,2026-09-11 15:41:51.023237,31.643538521662485,78.56516683876283
9.844015484972685,0.021762056632656113,9.842717396428458,20.449397917853737,0.5641799950207301,2.5898676904360745,0.585661957745492,0.7142857142857142,0.7961289628737186,0.17501342362485997,2.185507111529798,4.237106695449331,1387.1804318457116,URBAN,CLEAR,SPEED_BREAKER,,,device_0002,route_0033,event_021332,2026-09-11 15:15:53.823237,30.294235194649094,78.09664355795141
9.734729648441254,0.06355912282806041,9.7329871752371,64.71317402114532,0.3224767475937554,0.7740274174591306,0.4912052667439655,8.771929824561402,0.5904705406968126,0.18593029021563934,1.2794959140591544,0.4505845806051321,1170.7151707482878,URBAN,DUSTY,NORMAL,,,device_0015,route_0026,event_039456,2026-09-11 15:46:06.223237,25.855307392233804,79.56353535601374
9.6578330579867,0.07027817040617626,9.656422497672278,21.222763362248067,0.2996540005332421,0.7358476622252255,0.4044908323406834,7.5,0.492760025869936,0.18324332933006265,1.0650560091669554,1.1669580396993275,1194.4208269519645,RESIDENTIAL,CLEAR,NORMAL,,,device_0004,route_0042,event_012533,2026-09-11 15:01:13.923237,29.68251223031091,77.38752501582319
9.768972255179886,0.048134755642771726,9.767051702101597,75.00493702358555,0.3186039757574618,1.0489011743149224,0.4378928322018713,1.639344262295082,0.5646893575395383,0.17455187636533573,1.2658723395053357,0.5310560143864381,1168.9485129122031,URBAN,WET,NORMAL,,,device_0017,route_0034,event_040815,2026-09-11 15:48:22.123237,27.532179162106804,73.74064551295146
9.909117417680413,0.07032890916762641,9.906545408309563,10.553959134132944,0.3310405856125251,0.7722730402751363,0.437818254369242,22.950819672131143,0.5414290264704582,0.1764055730833719,1.2355514312231684,2.1225098494716765,1165.9444844817242,HIGHWAY,CLEAR,NORMAL,,,device_0024,route_0025,event_068316,2026-09-11 16:34:12.223237,22.394185765441645,77.08671910255501
10.066878053661322,0.03055686055672,10.065972133847003,10.871577273857827,1.018191560659895,2.564596070794167,0.5000728517703552,1.818181818181818,1.6150933880390648,0.37627294402718003,3.919872237619895,6.897980015347455,1058.4496081858456,RURAL,CLEAR,ROUGH_PATCH,,,device_0011,route_0010,event_042917,2026-09-11 15:51:52.323237,30.40305131266529,80.62261326146583
10.37397538404591,0.02766104295565328,10.373744719831215,18.102278025571596,4.1081390166366685,14.336431437957362,3.0892417357095137,1.0,4.208766144498153,0.29158313697147104,16.7166495347265,25.945617770929477,962.2743650063996,HIGHWAY,CLEAR,SEVERE_POTHOLE,CRITICAL,17.80617051528968,device_0022,route_0022,event_005215,2026-09-11 14:49:02.123237,29.132110781542487,77.24218017317544
10.292726692825063,0.046461084778517306,10.288836773707432,59.55998283498084,1.5741539928014097,5.639183431185584,1.1810947145906314,1.4084507042253522,1.811035358378095,0.3887711847734308,5.406705763938287,3.5488892096314446,1360.579416668302,RESIDENTIAL,CLEAR,SPEED_BREAKER,,,device_0017,route_0009,event_083012,2026-09-11 16:58:41.823237,21.31772807042634,78.45589156350283
9.782175976930342,0.05960621401328656,9.78084775631878,21.97331568028602,0.3399994004050183,0.8590987278196831,0.4303347666894342,9.649122807017545,0.5095525536793959,0.1666488900698774,1.3635564427121878,1.3230482213277788,1164.8650637957344,RESIDENTIAL,CLEAR,NORMAL,,,device_0028,route_0005,event_040199,2026-09-11 15:47:20.523237,26.690475697791555,74.19713473020323
9.641116710055213,0.03123234424004363,9.638704404466012,42.34726390909216,0.3421999051458306,0.7976446213472865,0.4729573466579172,14.912280701754383,0.5596736498826005,0.17215446505733098,1.235216890829271,0.6884070851835624,1156.2462834189637,URBAN,CLEAR,NORMAL,,,device_0026,route_0020,event_064273,2026-09-11 16:27:27.923237,24.552750627793795,73.06118312709782
9.724971090225026,0.06238921371836376,9.724119506908371,37.04068542400299,0.3382954865567171,0.9228282383424506,0.421868488466235,8.771929824561402,0.5502673926402113,0.1587789103369246,1.33134461356509,0.8994277057592482,1155.761160906742,RESIDENTIAL,CLEAR,NORMAL,,,device_0013,route_0022,event_088543,2026-09-11 17:07:54.923237,36.61270046254747,76.79563301158429
9.739705524375106,0.07612805606050037,9.736905049969304,36.80588112452635,1.2564142064422912,3.179977349120561,0.5448050420886955,1.96078431372549,2.002646340202513,0.3785553166700284,5.0927376407390135,3.1171755261613376,1072.8990595464466,URBAN,CLEAR,ROUGH_PATCH,,,device_0012,route_0018,event_000833,2026-09-11 14:41:43.923237,28.59954690594899,77.2784960355376
9.614970221636758,0.04095376142233148,9.613896589534823,21.991540544744375,0.3495679717620262,0.8209195173737047,0.4212861871079751,11.403508771929824,0.5064192376287338,0.17548979767299308,1.2027198679687459,1.2633641564423528,1156.3665497149682,RESIDENTIAL,WET,NORMAL,,,device_0007,route_0008,event_041272,2026-09-11 15:49:07.823237,32.07454298368675,78.19020510407
9.916938949559844,0.049082265119418045,9.91543177126654,19.445951181189717,0.3525875851076044,0.8720546691673867,0.4760594754707778,21.311475409836067,0.5626084714535347,0.16801240433902775,1.3153357002970658,1.4877701696607153,1173.916838169756,RESIDENTIAL,CLEAR,NORMAL,,,device_0011,route_0028,event_079342,2026-09-11 16:52:34.823237,23.87979508460124,71.96624403140757
9.825198200543491,0.02442747082542324,9.8246916053689,81.555760768687,0.3193668710089525,0.8093891767896384,0.417903114842877,15.833333333333334,0.5175517384353527,0.17086923984288158,1.2703429123936125,0.37841481135464156,1182.7936295130366,RESIDENTIAL,CLEAR,NORMAL,,,device_0023,route_0048,event_035015,2026-09-11 15:38:42.123237,25.501870868216542,77.85879301535944
10.424374098303238,0.06518870341090213,10.410993132609647,77.57023256672281,2.3000940909349907,8.54460494199789,1.5672792100573436,0.7462686567164178,2.568635209482778,0.5656570902789636,7.752318948123818,4.1900603556615215,1369.2273556897228,HIGHWAY,RAIN,SPEED_BREAKER,,,device_0028,route_0014,event_066702,2026-09-11 16:31:30.823237,34.09978913278907,75.02601031543718
9.500000456228493,0.03972720004951647,9.498672323504522,81.34663605354814,0.4129754633814751,1.0406764070921248,0.5017123855263139,0.8771929824561403,0.5697748278587099,0.16499334160898568,1.17872609308942,0.48774103126416574,1156.3665497149682,HIGHWAY,CLEAR,NORMAL,,,device_0007,route_0037,event_065643,2026-09-11 16:29:44.923237,29.59128062545828,71.30794988039327
9.99313779461531,0.03561207358395083,9.99162002152248,9.215031987236026,0.3992585177240583,1.0025536713642855,0.4841424489208795,18.852459016393443,0.5611892431383149,0.1744765254593186,1.3750422066827177,3.034585681919256,1173.916838169756,RESIDENTIAL,CLEAR,NORMAL,,,device_0011,route_0023,event_018485,2026-09-11 15:11:09.123237,27.69053335690932,78.66356781101625
9.836340502722619,0.06027850264006925,9.835968455691065,36.836719232172406,0.2594139703500698,0.6158832668828502,0.41357990273221,14.285714285714285,0.4875513066069175,0.17951304267499651,1.0315991406660636,0.6032641979697905,1173.9088107441603,URBAN,CLEAR,NORMAL,,,device_0016,route_0035,event_033333,2026-09-11 15:35:53.923237,26.42089468890821,79.43576513239627
9.900273786026563,0.043858538863602935,9.897026736499654,56.86915621616981,0.3239307376357757,0.7862398490191733,0.496086565576418,18.421052631578945,0.5766001295084761,0.1766655232422666,1.2080734669327313,0.5166753724838458,1147.8114285371462,HIGHWAY,CLEAR,NORMAL,,,device_0001,route_0007,event_013551,2026-09-11 15:02:55.723237,27.845129255561805,78.11704739734911
9.674560715952813,0.05791294192273551,9.670526233754568,75.83299365012974,0.3368235593604999,0.8151757996897526,0.4614009064196193,15.789473684210526,0.552030488163572,0.1807909694899137,1.2648486807988775,0.408440551916308,1156.2462834189637,ARTERIAL,CLEAR,NORMAL,,,device_0026,route_0038,event_095260,2026-09-11 17:19:06.623237,35.15844075648781,82.80039537589109
9.89276857466447,0.055166560947191357,9.889568191662796,38.32006329266318,0.364463858233567,0.7693263359956539,0.5148586948571281,21.428571428571427,0.5754464806509166,0.17497063226121645,1.3959346641337618,0.7271504588028611,1172.5933011717448,ARTERIAL,CLEAR,NORMAL,,,device_0014,route_0046,event_017672,2026-09-11 15:09:47.823237,30.15551709608516,77.73683637074048
9.94810695786364,0.034790235569214165,9.946560701768265,82.02238252655312,0.3497667298224012,0.8966112780648068,0.4569188515802997,5.833333333333334,0.5535473267962508,0.1937189056533878,1.249207654497166,0.41691999302067395,1196.452449290308,URBAN,DUSTY,NORMAL,,,device_0018,route_0025,event_023145,2026-09-11 15:18:55.123237,26.454296682975173,77.22075124795136
9.90031414170021,0.04898703968827934,9.89910339395186,21.348868079109025,0.3500980577950904,0.7777284467968553,0.4448015667550183,8.333333333333334,0.5315219668633352,0.18008580255596554,1.3408653448314567,1.2272397242665225,1187.9876613670087,RURAL,CLEAR,NORMAL,,,device_0000,route_0004,event_061129,2026-09-11 16:22:13.523237,31.644503852581984,81.71821005330636
9.750080560346598,0.06788116766448278,9.74898278536619,38.19819120308741,0.3419625922139196,0.9227740730732332,0.4036944102665655,13.157894736842104,0.5377266051879489,0.18844569093527277,1.3623706153349637,0.8747048598668077,1164.8650637957344,URBAN,CLEAR,NORMAL,,,device_0028,route_0036,event_069840,2026-09-11 16:36:44.623237,34.93309141955416,76.74681465538836
9.950131164416794,0.05036948134827365,9.948026028039228,43.39278242356086,0.3556924706400639,0.903600494493114,0.4654913621774129,11.666666666666668,0.5641726821389974,0.17952243933712803,1.2786127781837884,0.7626481909565181,1176.243771850552,HIGHWAY,CLEAR,NORMAL,,,device_0027,route_0023,event_096986,2026-09-11 17:21:59.223237,23.877611831386464,84.60498779031113
10.035822310162635,0.06213344862722547,10.032775064518091,59.87249336522846,0.4026852760838096,0.88793506707467,0.4453412892460272,5.357142857142857,0.5505948765008445,0.1810648296983751,1.2792723954832468,0.556067264822358,1173.3612685170888,URBAN,CLEAR,NORMAL,,,device_0005,route_0013,event_035753,2026-09-11 15:39:55.923237,31.549926604936523,78.52083275505458
10.206816253487261,0.11617811184911883,10.203648659962171,41.82794786810508,1.2503168545639791,6.357500037738966,0.9853219075482692,3.0,1.3876317425877125,0.37267006740259556,4.452523104622291,5.549015684521716,962.7338785435682,URBAN,RAIN,POTHOLE,MEDIUM,3.257040293776188,device_0019,route_0040,event_033459,2026-09-11 15:36:06.523237,28.46277599574266,74.23078675619145
9.906023145045344,0.09551554527618115,9.9043016586124,39.92031453230125,1.2263786984582326,3.113375192889478,0.4472045283323704,1.818181818181818,1.4765523341739446,0.29909314364225187,4.954938742917682,2.8354762264735083,1058.4496081858456,URBAN,WET,ROUGH_PATCH,,,device_0011,route_0042,event_014268,2026-09-11 15:04:07.423237,29.837900050997327,77.39940408425042
9.922081504029357,0.04760038436068415,9.920719954835098,74.0681233252015,0.3396279629238106,0.7394073721053331,0.4832404543346733,22.5,0.5635192227550647,0.17005937506652805,1.2454897023630203,0.37885238717741376,1176.243771850552,URBAN,CLEAR,NORMAL,,,device_0027,route_0018,event_022186,2026-09-11 15:17:19.223237,30.331638581465896,78.10880072509298
9.899935169011535,0.06742297484774694,9.896265864837025,59.56413082523495,0.3088976668650211,0.7517365349844614,0.4311140178109375,7.894736842105263,0.5268962406218691,0.17243838092976857,1.1585946060818024,0.47305706864854796,1147.8114285371462,RESIDENTIAL,DUSTY,NORMAL,,,device_0001,route_0034,event_015022,2026-09-11 15:05:22.823237,28.16156607320689,75.97323471285101
10.092895395286671,0.037717518114721606,10.091889446414214,38.5400956496945,1.102754764689961,5.0007026378203,0.7255373178061334,0.7575757575757576,1.2125387712768347,0.28572320997762707,4.115186246277126,4.702107563649743,1388.4576064718722,URBAN,CLEAR,SPEED_BREAKER,,,device_0012,route_0019,event_011968,2026-09-11 15:00:17.423237,29.10704759056878,76.1243777931745
9.954979982673036,0.07714213651918554,9.95183380369821,9.60538081852051,0.3121744587904156,0.7747629873684829,0.428088833447444,12.5,0.49979133128400394,0.17121868037916685,1.0719326217294594,2.2778134554347096,1173.3612685170888,URBAN,WET,NORMAL,,,device_0005,route_0021,event_028565,2026-09-11 15:27:57.123237,28.14730508411444,79.7867080943669
9.626516404961194,0.06087725991561355,9.62494033323336,59.54032501245488,0.3520243371097936,1.0085294199944723,0.4734036191747214,5.263157894736842,0.5634631622752557,0.16658394484490882,1.2591941565737308,0.6348909419627835,1156.3665497149682,RURAL,CLEAR,NORMAL,,,device_0007,route_0022,event_025841,2026-09-11 15:23:24.723237,30.9839024467508,77.13183451298154
9.523199109837913,0.07917047052692361,9.522595989312292,56.16916559647811,0.3741219988083501,0.9214552049880388,0.3911041486564947,20.0,0.46692091162793636,0.1877202165989844,1.0421735137651815,0.6125763559147475,1178.291970417501,RURAL,CLEAR,NORMAL,,,device_0003,route_0035,event_000278,2026-09-11 14:40:48.423237,28.513228865907312,77.32413486275323
9.847417683525942,0.04094518924334059,9.845730772763282,72.27152730471794,0.3115380497014882,0.6794144342493418,0.425515801525141,12.5,0.5227826331696002,0.16141693225508527,1.2324139979326283,0.3563135331143763,1182.7936295130366,RESIDENTIAL,CLEAR,NORMAL,,,device_0023,route_0006,event_076182,2026-09-11 16:47:18.823237,22.249532809213065,74.96198782103652
9.909901944182266,0.026759050914641456,9.909522980786017,75.06380529097859,0.2981364108598706,0.8652007246223885,0.4082968685372729,19.642857142857142,0.4816131176125648,0.16095947964409088,1.0895663119267631,0.4377227842440366,1169.7676911232593,RESIDENTIAL,RAIN,NORMAL,,,device_0006,route_0008,event_006148,2026-09-11 14:50:35.423237,29.0465720660486,77.28984894381387
9.803581370446155,0.03721254774138338,9.79990660849747,21.35828683507534,0.3090122167102683,0.8515438112966116,0.4750431801795356,6.557377049180328,0.5796648034773313,0.18645106205367618,1.243763337593247,1.3432197795298448,1168.9485129122031,ARTERIAL,WET,NORMAL,,,device_0017,route_0005,event_061296,2026-09-11 16:22:30.223237,25.67592388091971,72.59392002255163
9.64911488948747,0.032734369955736205,9.64653423946136,9.38698769432721,0.3044108489850239,0.8918780102887158,0.4664321308527749,21.929824561403507,0.5189604133138881,0.18149830020595203,1.074913945429909,2.664910226717106,1156.2462834189637,RESIDENTIAL,CLEAR,NORMAL,,,device_0026,route_0007,event_077959,2026-09-11 16:50:16.523237,24.26685985556921,82.67188454774718
9.603931669414838,0.07560062711325945,9.603697422869091,36.68583551801592,0.3955175911187666,1.0548598716516615,0.4689876453072276,18.333333333333336,0.5418986769175617,0.1853950730604962,1.390780538350878,1.0370782442794504,1178.291970417501,URBAN,CLEAR,NORMAL,,,device_0003,route_0023,event_014149,2026-09-11 15:03:55.523237,27.901079441699228,78.33518960099522
9.775191854787757,0.06042842302476718,9.7728712841359,41.3611407680968,0.3068435475525783,0.6740590241227977,0.4097593400090997,9.821428571428571,0.5039247027415695,0.18103863439419385,1.2269114535176087,0.5943933619913491,1172.5933011717448,RESIDENTIAL,CLEAR,NORMAL,,,device_0014,route_0036,event_047139,2026-09-11 15:58:54.523237,32.89948678824792,76.92600614705322
9.97884074525987,0.04617946014986931,9.976602102394844,10.54551730125973,0.333242837094246,0.711824986604654,0.4774271326768386,15.0,0.6016859134448278,0.17688472619909365,1.0904248767207108,1.957510267559905,1196.452449290308,HIGHWAY,WET,NORMAL,,,device_0018,route_0005,event_029517,2026-09-11 15:29:32.323237,27.204283911626597,75.00893662471695
10.003906637983372,0.032751193158875286,10.001562738524727,60.61407496498842,0.3957931784219046,1.084860138139156,0.4635798512797282,23.770491803278688,0.5521244748634185,0.1675547842624938,1.3303387256131494,0.6715936976437378,1173.916838169756,RURAL,CLEAR,NORMAL,,,device_0011,route_0032,event_010049,2026-09-11 14:57:05.523237,29.14695476456874,77.83942322090802
9.984505672555501,0.05649422955500561,9.981258825400069,40.02303025547398,1.133387493302778,5.163614920254503,0.7737664965492167,1.4084507042253522,1.2397310747129182,0.2991375493581124,4.404169392032145,4.691739655620313,1367.0654825230808,RESIDENTIAL,CLEAR,SPEED_BREAKER,,,device_0008,route_0021,event_053345,2026-09-11 16:09:15.123237,27.701675086433323,81.97046254270842
10.171892547239619,0.051652591403020046,10.170165118800815,72.27500542981846,1.74022058748498,5.836086198319208,1.2023062646790454,1.5151515151515151,1.955939204467929,0.5321120036750335,6.38163503661864,3.0605497386370217,1388.7337692196863,URBAN,CLEAR,SPEED_BREAKER,,,device_0020,route_0014,event_075309,2026-09-11 16:45:51.523237,34.820018777151226,74.741983201687
9.662694819342034,0.07242732735743775,9.66182208145526,18.518369425620097,0.374249667189871,0.8788138359264099,0.4340225974042981,20.833333333333336,0.5544616840466563,0.17311547712206318,1.4060270321448165,1.5610612283970196,1194.4208269519645,RESIDENTIAL,CLEAR,NORMAL,,,device_0004,route_0042,event_020612,2026-09-11 15:14:41.823237,30.406928640919045,77.44302950786006
10.273972499130117,0.0800469527429385,10.256198010092938,9.513746158481553,1.2730279648502167,3.5765440892466422,0.5542364895799895,1.1111111111111112,1.889921830493722,0.46687661965455285,3.710598981702102,10.586388251793279,866.4604906892114,URBAN,DUSTY,OTHER_ANOMALY,,,device_0019,route_0005,event_034286,2026-09-11 15:37:29.223237,26.974824882648896,74.64642657069164
9.614962409559832,0.06704877906644845,9.6128592008509,61.17112260548944,0.3606814244844493,0.795922359733737,0.4441119816470463,16.666666666666664,0.5473392364629664,0.18392583529308942,1.2759074850549332,0.4885122906670296,1170.7151707482878,RESIDENTIAL,CLEAR,NORMAL,,,device_0015,route_0037,event_059396,2026-09-11 16:19:20.223237,29.495810736885936,71.8615720595938
9.97652680050792,0.07850773637191738,9.974381428515562,20.589536159805,0.3585528696975089,0.9426271502887094,0.4747910165330755,19.166666666666668,0.5459711421061033,0.18663630464643058,1.2196783173299366,1.5333793108786882,1196.452449290308,RURAL,RAIN,NORMAL,,,device_0018,route_0006,event_038720,2026-09-11 15:44:52.623237,25.423818007170944,76.09012105603078
9.820758748457166,0.0425467729113469,9.820401541071366,86.70239839604682,0.8437877968548363,2.106723108749758,0.3916504467969621,1.818181818181818,1.5608207137514987,0.3419472671832828,3.342144597756839,0.9290705189738744,1083.783040176026,URBAN,DUSTY,ROUGH_PATCH,,,device_0021,route_0001,event_031120,2026-09-11 15:32:12.623237,25.87502364481684,77.01800757066594
9.702524879099622,0.053900236861482,9.700459316566958,60.954631364459225,0.3293288624139969,0.7914864057303088,0.4596951166885124,21.929824561403507,0.5611616599717443,0.1785434061591913,1.2590881630499844,0.48740875845437,1155.761160906742,RESIDENTIAL,RAIN,NORMAL,,,device_0013,route_0008,event_046499,2026-09-11 15:57:50.523237,32.525091267451835,78.3242268876536
9.936857385640412,0.03927448248881977,9.93626475619763,76.03505890383778,0.3444195240826561,0.9848079164250888,0.4370681422318619,4.4642857142857135,0.5466483342907554,0.15687154536280085,1.253703525921189,0.49218826345006467,1169.7676911232593,SERVICE_ROAD,CLEAR,NORMAL,,,device_0006,route_0040,event_031418,2026-09-11 15:32:42.423237,28.467238558028324,74.4143167101022
9.930771940094978,0.047842624954467367,9.92845098854916,39.54724350651481,0.3553222452217715,0.7360956381346782,0.4336794611583584,6.25,0.5288567770487866,0.1839779131932119,1.3108715818376098,0.6761352304878318,1173.3612685170888,URBAN,RAIN,NORMAL,,,device_0005,route_0008,event_001572,2026-09-11 14:42:57.823237,28.65232863862872,77.17244064915553
9.701942720287237,0.0246590477541221,9.699959784867527,20.2737354828511,1.257955359799666,3.04191474942494,0.4507893169388421,1.923076923076923,1.9263861375288134,0.3719298087157829,5.07866624568582,5.012685009398724,1068.020857524754,URBAN,CLEAR,ROUGH_PATCH,,,device_0015,route_0015,event_078056,2026-09-11 16:50:26.223237,21.811981178729617,79.05793606339965
9.630997021420097,0.04681952390501047,9.629663375619453,10.123874764998826,0.302056969970242,0.7713249951338152,0.451299272288654,22.5,0.5019592066911263,0.175960762777523,1.0254504991666558,2.1844571917198796,1194.4208269519645,RESIDENTIAL,CLEAR,NORMAL,,,device_0004,route_0022,event_053083,2026-09-11 16:08:48.923237,33.42931294811429,76.98584641809566
9.710698847586198,0.022162611001173366,9.709628648545936,9.469527879293308,1.1974725279393346,2.613579067858911,0.4017733976743927,1.818181818181818,1.4828746289336074,0.3626602235565702,4.8481872631188025,7.761457094206735,1089.9274821644876,RURAL,CLEAR,ROUGH_PATCH,,,device_0002,route_0034,event_027805,2026-09-11 15:26:41.123237,27.8496195920734,74.86672771573984
9.622581082718623,0.08996936861547922,9.62194212156524,60.259796919975294,0.3573655987700596,0.7123038133880168,0.4044773721408676,22.5,0.5192362691269782,0.16110894001828963,1.2608354583592707,0.44339001835008646,1178.291970417501,RURAL,CLEAR,NORMAL,,,device_0003,route_0026,event_096810,2026-09-11 17:21:41.623237,21.89738380588111,82.87143448413983
9.963411823016063,0.050903507011242057,9.96143803186373,10.656565556603272,0.3984389034474838,1.2980737315014892,0.4430024842252074,1.6666666666666667,0.6002462107514627,0.17410155511001169,1.4266566942240928,3.5426409454202963,1176.243771850552,URBAN,CLEAR,NORMAL,,,device_0027,route_0023,event_097649,2026-09-11 17:23:05.523237,23.845494631156225,84.65528232113516
9.918671821643256,0.05733621806120372,9.916561300637843,42.619829654844224,0.3285815940211744,0.773586181431094,0.447187190827911,23.770491803278688,0.544045309124016,0.1873680182489767,1.2147980276303976,0.6637400326500003,1165.9444844817242,RESIDENTIAL,WET,NORMAL,,,device_0024,route_0035,event_015842,2026-09-11 15:06:44.823237,27.528020037837276,78.31833630623638
10.014706519589824,0.05507668186444439,10.013800367049228,9.218541096371132,0.5615703996655508,2.650807636734479,0.6011195311650264,20.21276595744681,0.6427870202413895,0.15206002018607662,2.0632614762994983,8.021483210313432,981.7693121927356,URBAN,CLEAR,POTHOLE,LOW,2.9177013746790066,device_0006,route_0026,event_052852,2026-09-11 16:08:25.823237,24.930848412775656,80.33611541440744
10.01124568238943,0.06307388735407554,10.006969455222048,20.75764737788385,0.3605803127639467,0.9883487209188644,0.4361578158543552,17.857142857142854,0.5159486610188702,0.1750037534901963,1.1379937832285272,1.596837867238972,1173.3612685170888,URBAN,CLEAR,NORMAL,,,device_0005,route_0014,event_050137,2026-09-11 16:03:54.323237,32.7139801593299,75.57225204908342
9.67688189166874,0.07449038020624087,9.675729013893244,20.408513652638376,0.320538333917756,0.905641570430422,0.4988750449428079,16.666666666666664,0.5784126807897124,0.18473567180127295,1.205660619670006,1.4841404656076287,1155.761160906742,URBAN,CLEAR,NORMAL,,,device_0013,route_0018,event_027537,2026-09-11 15:26:14.323237,30.76578034962478,78.31677855026392
10.000489108463164,0.027007880565486177,9.999796564541736,20.212936122506395,0.6384789179800051,2.8100573719062893,0.490944351626856,0.7142857142857142,0.7585962287716501,0.17664210452132023,2.385734775004291,4.642241416222606,1379.925901098543,RESIDENTIAL,CLEAR,SPEED_BREAKER,,,device_0023,route_0026,event_011855,2026-09-11 15:00:06.123237,27.760058327680778,77.97187001220584
9.92123097575906,0.05860886723854831,9.920920393624003,38.61334673257738,1.0535049841137325,2.52655056116636,0.4201636763268221,1.818181818181818,1.4488253316068225,0.3503583890855678,4.187622994936763,2.3716049124438685,1083.783040176026,RESIDENTIAL,WET,ROUGH_PATCH,,,device_0021,route_0000,event_041093,2026-09-11 15:48:49.923237,24.94832272873745,76.28185123247259
9.644700272145887,0.04994805763252372,9.642055568851912,10.21921082244143,0.3921703396679413,0.9318181727165752,0.5165293672819518,18.421052631578945,0.5973941847085177,0.14300140180367904,1.4617094470539378,2.621293640983044,1170.7151707482878,URBAN,CLEAR,NORMAL,,,device_0015,route_0007,event_040941,2026-09-11 15:48:34.723237,26.32338698132503,80.05396166881182
9.97949421947634,0.06770780014694865,9.975976832121022,72.12026536352548,0.3535182466808859,0.9389083101686264,0.4241954733623234,22.807017543859647,0.4974399246045246,0.16448025319797288,1.2118967619467753,0.4933815223500378,1147.8114285371462,RESIDENTIAL,CLEAR,NORMAL,,,device_0001,route_0030,event_078212,2026-09-11 16:50:41.823237,34.58238025349634,81.08065189386545
10.23180100306725,0.11194205723517114,10.231640156976756,64.22316841656387,1.6755698009060085,6.130261164190905,0.9966655177838653,0.7142857142857142,1.8578750953756549,0.4283729679233198,6.034981141698584,3.5942400838144257,1374.6739654870846,ARTERIAL,CLEAR,SPEED_BREAKER,,,device_0003,route_0036,event_070851,2026-09-11 16:38:25.723237,35.02357364068166,76.73880502971132
9.815047910055188,0.0641596138911544,9.811801170590709,19.179460554056927,0.2811464373268191,0.8516785231583626,0.428079232028129,22.13114754098361,0.4937043049684234,0.18990784577915396,1.1285917385229567,1.4697124140092204,1168.9485129122031,HIGHWAY,WET,NORMAL,,,device_0017,route_0032,event_085906,2026-09-11 17:03:31.223237,33.39574485992763,83.17655109035628
9.686748841856403,0.02645358705672232,9.68601155496687,37.26726310399889,0.3268054184588623,0.8625893749719058,0.4543769192884273,3.278688524590164,0.5748288298418706,0.1686699755931292,1.245439911275934,0.8361003954132532,1173.9747253078074,RESIDENTIAL,CLEAR,NORMAL,,,device_0022,route_0028,event_070226,2026-09-11 16:37:23.223237,24.434090536947668,72.57021249963263
9.891413308613457,0.04458445060124511,9.891110554330153,20.512866942718027,0.3628054104017191,0.7746044067031796,0.4877573207366688,8.333333333333334,0.5964994215161643,0.16452831062135448,1.3916917265129456,1.2639964285096228,1191.6511525911126,RESIDENTIAL,CLEAR,NORMAL,,,device_0025,route_0010,event_017247,2026-09-11 15:09:05.323237,29.331803263312946,78.57758577504448
9.892348098946538,0.02705827314738639,9.887417617808754,20.64739765659395,0.3487285004258982,0.8564342730868866,0.4671355045958891,20.833333333333336,0.5945257412771277,0.17374819610197031,1.3182200902140835,1.3898980898825457,1185.4321676861896,RESIDENTIAL,CLEAR,NORMAL,,,device_0029,route_0008,event_091330,2026-09-11 17:12:33.623237,36.38934830245388,79.47321500984705
9.881042802269555,0.06635096513544328,9.880269895067068,21.40505689409573,0.3111819715162544,0.9973344275934988,0.4560213815287381,16.666666666666668,0.5457040856177432,0.1765068122782409,1.1978518957967914,1.5702927676974179,1191.6511525911126,HIGHWAY,CLEAR,NORMAL,,,device_0025,route_0042,event_074411,2026-09-11 16:44:21.723237,35.231074461581066,77.8120736885219
9.90211221899539,0.0644398441173221,9.901775784747818,36.949802704962586,0.3098225491924457,0.6895532466654846,0.4459191536578565,24.10714285714285,0.5285732714004008,0.168447999906505,1.1586274982482117,0.67355953007502,1173.9088107441603,ARTERIAL,CLEAR,NORMAL,,,device_0016,route_0030,event_013735,2026-09-11 15:03:14.123237,29.71014516428757,77.93659218941308
9.640428500495023,0.05459457353677988,9.638717051193698,9.95337456931268,0.3422745185121424,0.7867260480833504,0.4221873381648207,10.526315789473683,0.5398348332141477,0.1789699447614232,1.2367033551124322,2.25529973176117,1156.2462834189637,RESIDENTIAL,CLEAR,NORMAL,,,device_0026,route_0004,event_075533,2026-09-11 16:46:13.923237,32.36287424014735,82.79608696559009
9.685452602371397,0.034614918268826816,9.68391685559819,10.299367052022337,0.3266849361891377,0.8527939334328174,0.4727136418820036,14.035087719298245,0.5720413091123312,0.17218743119212315,1.237721740771974,2.3855431651772534,1156.3665497149682,URBAN,CLEAR,NORMAL,,,device_0007,route_0031,event_019778,2026-09-11 15:13:18.423237,26.865488870041727,77.85772299156302
9.896230327976642,0.055568621930009936,9.896124751556224,21.19374029481269,0.5078885866776032,2.22505264982507,0.570926848600886,20.0,0.679015818112587,0.20151681370961094,1.966676946636209,3.532707130879175,985.2573092509326,RURAL,CLEAR,POTHOLE,LOW,1.957237040576277,device_0021,route_0005,event_008093,2026-09-11 14:53:49.923237,28.234371949331905,76.63688457925156
9.943478869661089,0.04866790511821448,9.942687408272098,55.635489980977376,0.312196151026432,0.7160405878460825,0.4819341042784733,12.5,0.6059721098993769,0.17123804013381547,1.0724531708451792,0.480278161929741,1196.452449290308,HIGHWAY,CLEAR,NORMAL,,,device_0018,route_0042,event_092533,2026-09-11 17:14:33.923237,36.856102732697934,77.93665674282352
9.960097016853984,0.046671825754276246,9.958514249401269,86.8264788957525,1.0476994344470931,2.4993413004756704,0.4298933245664769,1.818181818181818,1.3901557971416563,0.39622144338662235,4.233783801795796,1.1007104231550484,1086.6461537123405,RESIDENTIAL,WET,ROUGH_PATCH,,,device_0029,route_0043,event_082192,2026-09-11 16:57:19.823237,21.242594836406667,76.00718242812096
10.052196961895776,0.030214177448202657,10.051807574892926,72.63113507024464,1.5265297244503655,6.402222062583196,1.0829394665523775,3.0,1.704526795124739,0.5731971952171321,5.694140758414462,3.3418385655984553,962.722170790902,URBAN,CLEAR,POTHOLE,MEDIUM,3.1382719420919947,device_0008,route_0039,event_067483,2026-09-11 16:32:48.923237,34.20921799768734,79.30535056197596
9.695335801369076,0.041302908541618076,9.69386501745283,63.60853004534792,0.3293897914190416,0.7701084524547692,0.4589850236757751,6.140350877192982,0.5714625959572525,0.16285450287407383,1.2673088493477707,0.4556279818172202,1155.761160906742,ARTERIAL,CLEAR,NORMAL,,,device_0013,route_0031,event_046677,2026-09-11 15:58:08.323237,24.607624624806725,78.72643318279711
9.734278925480409,0.07717707381367739,9.73375257762134,9.68682053595936,0.6192927445126384,2.2201393052547638,0.6041711188330907,11.428571428571429,0.7586960673188735,0.12007849346302372,2.4678473805597534,6.4884004270291875,1374.6739654870846,RESIDENTIAL,CLEAR,SPEED_BREAKER,,,device_0003,route_0049,event_074257,2026-09-11 16:44:06.323237,35.22265531147741,76.05496179698491
9.929643167453108,0.02668860721295305,9.928483864034462,9.719255629351196,0.3189550708520044,0.7147281163906225,0.4240268795520371,15.178571428571429,0.5286961962708933,0.17790093490529338,1.1510711149343216,2.0838685004498982,1169.7676911232593,RURAL,WET,NORMAL,,,device_0006,route_0024,event_054568,2026-09-11 16:11:17.423237,28.71245456280101,72.2874929601602
10.841307754609655,0.1870067240631843,10.836065492756209,87.37661201938994,5.079195193857556,24.996904570124283,3.3827422306559662,3.191489361702128,5.063340722839491,0.8685986643925049,19.050699298134532,10.942364361164971,986.8332169875904,RESIDENTIAL,CLEAR,POTHOLE,CRITICAL,13.071530801356383,device_0009,route_0023,event_061460,2026-09-11 16:22:46.623237,25.60303673417905,81.91600668256463
10.00316620895965,0.07134512409255687,10.001805800259271,9.019445468704326,0.4139755247922172,0.8708578056453149,0.4760382266181598,2.5,0.5695257001277894,0.1713455985253529,1.4235122476437176,2.6755603615796124,1196.452449290308,HIGHWAY,CLEAR,NORMAL,,,device_0018,route_0041,event_031021,2026-09-11 15:32:02.723237,28.086227387019058,79.90319051288745
13.126669462887712,0.2072177746899809,13.12338507429176,62.40799786378618,14.14772062919181,57.789082517161006,7.535250047238665,1.0,13.88245289477454,0.8594257885770057,55.223155760870306,34.80850763529778,990.8431656040798,URBAN,CLEAR,SEVERE_POTHOLE,CRITICAL,22.829533287027072,device_0002,route_0029,event_002129,2026-09-11 14:43:53.523237,28.48291857017393,77.00562619880243
9.710141864447719,0.05172361214647129,9.70806337584975,18.44712746983213,0.3353585634831271,0.7686418684878085,0.5225209387692925,23.770491803278688,0.6147584717528284,0.1791922951321547,1.29754216923455,1.3696930612094158,1174.5210483649005,RESIDENTIAL,CLEAR,NORMAL,,,device_0008,route_0041,event_095184,2026-09-11 17:18:59.023237,26.801594734836872,85.52945677688756
9.707367032953039,0.024074658913672945,9.705276191983591,39.00136477299358,0.3055742486554951,0.7253034538445355,0.4117558356151967,19.166666666666668,0.5130264250830001,0.18078951005142885,1.1882366670946034,0.6746794737082878,1189.0117987248957,URBAN,CLEAR,NORMAL,,,device_0002,route_0049,event_011863,2026-09-11 15:00:06.923237,29.683809465759648,76.95376161064219
9.913527464293127,0.05709724568541629,9.906959773655805,20.589604910446585,0.3087228312307095,0.7069698435831686,0.424281112859235,0.8771929824561403,0.5347692606282086,0.1919507849866221,1.1245958124184234,1.1500304232750342,1147.8114285371462,RURAL,CLEAR,NORMAL,,,device_0001,route_0008,event_055042,2026-09-11 16:12:04.823237,33.26155179070496,78.54317717977459
9.81719292227816,0.027213944612872895,9.815529291827149,59.437262060147575,0.3468634711138545,0.7681080195408274,0.4476652006685487,23.770491803278688,0.5651977268777765,0.17379189237818676,1.3905828259089041,0.4843260850776009,1168.9485129122031,RESIDENTIAL,CLEAR,NORMAL,,,device_0017,route_0048,event_014424,2026-09-11 15:04:23.023237,27.305761854444388,77.4399645254452
9.934082794152616,0.06184829468163181,9.930097924717945,10.943321333780943,0.3695361081202445,1.1664742170102045,0.4374511805265456,1.639344262295082,0.5474489148869519,0.1668974467518147,1.353077413866707,3.1223961285588295,1165.9444844817242,URBAN,WET,NORMAL,,,device_0024,route_0022,event_052150,2026-09-11 16:07:15.623237,33.3456882108268,76.99062908619837
9.787339562177339,0.0657260065477623,9.785037359967015,62.53258435354336,0.364654316975131,0.78295585885515,0.4767031965557155,16.393442622950822,0.5651888589602446,0.18541290822104148,1.454136291679081,0.47072024420073594,1168.9485129122031,URBAN,CLEAR,NORMAL,,,device_0017,route_0041,event_009161,2026-09-11 14:55:36.723237,28.522999029035123,77.98745423933985
9.974614933640863,0.055026443211112254,9.971465136722212,9.072871042773796,0.3713559531492695,1.02806367715041,0.4704338344238456,18.0327868852459,0.5678135262061288,0.18583019329547623,1.29446929296234,3.1456400779496274,1165.9444844817242,RESIDENTIAL,CLEAR,NORMAL,,,device_0024,route_0046,event_042665,2026-09-11 15:51:27.123237,32.31240213018629,78.37004204619778
9.688509635292323,0.027867444736696237,9.686414090988029,10.76602492625687,0.2834165490404201,0.7753955252921454,0.3885652244198649,16.666666666666668,0.4976256669493907,0.18760601731994883,1.0693301412299796,2.1004854838443108,1189.0117987248957,URBAN,CLEAR,NORMAL,,,device_0002,route_0002,event_007315,2026-09-11 14:52:32.123237,28.06294004833685,77.40918147903854
10.01499264573889,0.06924036500541447,10.01219742473926,82.57891456177762,0.3715554834965159,0.887729727006155,0.4358887269991172,20.833333333333336,0.5305458018557777,0.18550835829400408,1.1786531437470913,0.4101366858198358,1196.452449290308,RESIDENTIAL,CLEAR,NORMAL,,,device_0018,route_0032,event_002180,2026-09-11 14:43:58.623237,28.706131495013725,77.28572070469986
9.683723032443332,0.09810047267766885,9.681860893538689,42.35841152078154,1.1804837266240906,2.591459479835404,0.400162203053286,1.96078431372549,1.5491306208477793,0.31870422125256,4.8055519022465525,2.2360209462083964,1073.112458033394,URBAN,CLEAR,ROUGH_PATCH,,,device_0020,route_0019,event_067358,2026-09-11 16:32:36.423237,31.070230864747664,71.54617230983925
9.93872328475907,0.04564383324257877,9.938315609569324,42.91221000006578,0.3442275870419411,0.9467526583892028,0.394286297525915,12.5,0.4812418225810279,0.1806417069477203,1.2436762500126832,0.8072547922068691,1169.7676911232593,HIGHWAY,CLEAR,NORMAL,,,device_0006,route_0011,event_009600,2026-09-11 14:56:20.623237,28.022878999423515,76.58428500028671
9.639731803317378,0.052028357131012525,9.637342869169066,55.95487663251895,0.3558906533032948,0.7098326261699643,0.4333639202710316,14.166666666666668,0.532415618132038,0.17866895388066717,1.3012434715618788,0.47357790794616217,1194.4208269519645,URBAN,CLEAR,NORMAL,,,device_0004,route_0048,event_035736,2026-09-11 15:39:54.223237,25.438807050720097,77.873282852541
9.705151496464904,0.05353211452718541,9.703068585984177,42.16825370495062,0.3549081593385423,0.7932611702034968,0.4881143862936896,11.475409836065571,0.5751235761191373,0.1687363889746663,1.3781429226589914,0.687278470849709,1174.5210483649005,RESIDENTIAL,CLEAR,NORMAL,,,device_0008,route_0034,event_030464,2026-09-11 15:31:07.023237,27.784682177722647,74.63650841644731
10.337136266748262,0.041894199891524916,10.333169974368708,64.49554924439565,1.908354136223396,6.744211191352985,1.0782749576173245,1.5151515151515151,2.0387390836897636,0.4165707382554496,6.883388499670794,3.9384814141948357,1356.7965719363824,RESIDENTIAL,CLEAR,SPEED_BREAKER,,,device_0010,route_0043,event_010571,2026-09-11 14:57:57.723237,27.58608935657501,77.12270430969163
9.958080459829523,0.04592209784196263,9.955833691820844,21.213752079608383,0.3299879162205411,0.6944037519079966,0.4003400014039234,5.357142857142857,0.5032068161086883,0.16452721972084516,1.1374860066872152,1.1016270005598976,1173.3612685170888,RESIDENTIAL,CLEAR,NORMAL,,,device_0005,route_0027,event_085766,2026-09-11 17:03:17.223237,25.4410804748945,84.12022401728802
10.00038710561738,0.05176857829248201,9.999750424469264,20.84641595462404,1.2378664924374547,2.8155916456286363,0.4565969214063578,1.818181818181818,1.4844290521177228,0.34532236303405583,4.871761645670806,4.53279322180009,1078.2234575296727,ARTERIAL,CLEAR,ROUGH_PATCH,,,device_0027,route_0044,event_006175,2026-09-11 14:50:38.123237,29.0740664970198,77.11355823630151
9.869196794292678,0.034993918148458,9.865412813201852,18.37148774514469,1.718902484152059,6.668736058517791,1.6456196077980798,23.404255319148938,1.7758436527434116,0.21057088793175427,6.839529628488261,11.923634466313246,953.396058257742,URBAN,CLEAR,POTHOLE,CRITICAL,13.681811835065524,device_0026,route_0022,event_031196,2026-09-11 15:32:20.223237,31.464396312201103,77.10305297846637
9.950049757830289,0.0558417948520235,9.949205157091075,21.16871432069392,0.3970165041178991,1.1862119033795473,0.4994931095639817,22.950819672131143,0.573492382564293,0.17368488496535112,1.4553686908360142,1.8852165243962968,1173.916838169756,RESIDENTIAL,WET,NORMAL,,,device_0011,route_0049,event_077457,2026-09-11 16:49:26.323237,35.50644806625096,76.00866369529803
9.692066546995758,0.07489493288448047,9.69006628131563,76.56827344846558,0.3710494421033743,0.8278747308030248,0.5056839450280072,20.175438596491222,0.5975192135466384,0.18013331392025553,1.433254715373966,0.41101773458385643,1170.7151707482878,ARTERIAL,CLEAR,NORMAL,,,device_0015,route_0018,event_001221,2026-09-11 14:42:22.723237,28.631781669376537,77.2932036279549
9.604427458868106,0.04246764747616668,9.60318600124242,21.00217384359197,0.3879430646431203,0.8895123553288382,0.4331762455602547,10.714285714285714,0.5246327868644994,0.15452084406481803,1.3566823863111068,1.4230960249991533,1178.3195617621582,URBAN,CLEAR,NORMAL,,,device_0020,route_0005,event_074448,2026-09-11 16:44:25.423237,25.04324339640655,71.59465220723649
9.91035277855846,0.018606234851416822,9.907419151659925,37.63966671720127,0.3486939631229005,0.8909956130593777,0.4363035720019124,11.475409836065571,0.5461731885142138,0.1824041327474719,1.2993501044586786,0.8559104174494354,1174.5353318231532,RESIDENTIAL,CLEAR,NORMAL,,,device_0019,route_0048,event_037037,2026-09-11 15:42:04.323237,25.32477759319202,77.899946149796
9.674063906955153,0.05671900220215482,9.673771815296693,20.168474951706568,0.3601415950338459,0.944669546079913,0.467995644759868,15.0,0.5504043804846205,0.16341976202580674,1.372910061503518,1.5634739849618997,1178.291970417501,URBAN,CLEAR,NORMAL,,,device_0003,route_0035,event_016290,2026-09-11 15:07:29.623237,27.499634142926244,78.3470347730316
9.671642526915132,0.054678431189288404,9.670690489768075,10.116073025918348,0.3614958173848166,0.8613586500582002,0.4516846598564218,7.5,0.5387514830064902,0.18541910839922968,1.3589727423192102,2.4407883084103354,1194.4208269519645,RESIDENTIAL,WET,NORMAL,,,device_0004,route_0002,event_025452,2026-09-11 15:22:45.823237,26.55014649756819,78.01957206302744
9.81883807982858,0.05825950562416691,9.816908064366707,21.751879528756056,0.5470674410192287,2.276706580868378,0.6878411733507955,22.34042553191489,0.7470258041957318,0.2027628705935189,2.209917154783991,3.5363734570536094,960.502771901746,URBAN,RAIN,POTHOLE,MEDIUM,4.018483378243651,device_0028,route_0008,event_033562,2026-09-11 15:36:16.823237,31.40996691865328,77.9925348535869
10.074217428847453,0.05603936244536309,10.072435714237184,61.088156926678224,0.454459053098642,1.102565679988496,0.4931601882905739,20.833333333333336,0.6071070516510795,0.17232566066837302,1.4141854386078379,0.6775829779482222,1196.452449290308,URBAN,CLEAR,NORMAL,,,device_0018,route_0016,event_000655,2026-09-11 14:41:26.123237,28.759284470191474,77.17206227603653
10.496535861824903,0.018705149233806964,10.496244895013607,87.06195017243458,2.4451010561510675,9.392614195225455,1.5886472399796776,1.4084507042253522,2.633250414361676,0.5864916935842612,8.634876922920107,4.125812889989566,1360.579416668302,URBAN,CLEAR,SPEED_BREAKER,,,device_0017,route_0044,event_043383,2026-09-11 15:52:38.923237,32.357787014075704,76.47193175856218
9.720162359911377,0.062426188959147054,9.719415392260638,74.1093026172001,0.3238168662807,0.816844783177963,0.4389951185558712,16.666666666666664,0.5661572646124451,0.1871729052061059,1.2631170590871754,0.4183085782656005,1155.761160906742,RESIDENTIAL,CLEAR,NORMAL,,,device_0013,route_0009,event_064832,2026-09-11 16:28:23.823237,22.93073855948596,78.19188426145861
9.718372781329842,0.051809610850387454,9.71674090529424,72.02643124638703,0.3578331319211615,0.8249508456136496,0.4897406998642731,23.684210526315788,0.5784888129374047,0.178499612547541,1.4146151885978995,0.4340337075352874,1171.778857581421,URBAN,CLEAR,NORMAL,,,device_0010,route_0033,event_037691,2026-09-11 15:43:09.723237,31.564758796047155,78.83837186412497
9.97398655091072,0.013522280359357068,9.973843050457772,38.555566403277616,0.3467035663365003,0.838508898955812,0.4545982042264341,21.428571428571427,0.5381391370558226,0.17664744974373944,1.1789322003858516,0.7881543777466727,1169.7676911232593,HIGHWAY,CLEAR,NORMAL,,,device_0006,route_0005,event_050194,2026-09-11 16:04:00.023237,26.20981341713626,73.437615076793
10.786594667211487,0.0585701156322446,10.78393782749371,82.56359962804527,4.618033417909876,22.317542000068865,2.9588503539521254,1.0638297872340423,4.536474030309213,0.6716366795390071,17.949392271207245,10.312668186611928,986.8332169875904,RESIDENTIAL,CLEAR,POTHOLE,CRITICAL,13.038412260915337,device_0009,route_0012,event_064797,2026-09-11 16:28:20.323237,22.762742518038543,77.11924614274064
9.849227500365664,0.059932193744023046,9.84855662944371,40.50999024775817,0.3668000942102801,1.0187640842996115,0.4724771886018039,19.642857142857142,0.6039374542335355,0.18868268315419817,1.4555116191173774,0.9155374590098216,1173.9088107441603,RURAL,CLEAR,NORMAL,,,device_0016,route_0049,event_034272,2026-09-11 15:37:27.823237,31.672952996301703,76.63089135605635
9.856549317584054,0.05890500969686346,9.855528597491782,43.020078830165005,1.0839198384184396,2.702909310100478,0.425242023900731,1.818181818181818,1.8149083541390183,0.4012582840707709,4.310089663634888,2.29936603880508,1084.2274937202835,ARTERIAL,CLEAR,ROUGH_PATCH,,,device_0023,route_0026,event_004050,2026-09-11 14:47:05.623237,28.2983600987835,77.52171283743326
9.89115420396606,0.03999174759433523,9.891089293557618,39.26659158154455,0.3056229944270827,0.6611835608011276,0.425464940982333,8.928571428571427,0.5424637926115581,0.17885780216726407,1.153596637640785,0.6112647533651869,1173.9088107441603,RURAL,WET,NORMAL,,,device_0016,route_0034,event_087071,2026-09-11 17:05:27.723237,26.40245866054621,69.73728503369416
10.009412207848609,0.05095692861681819,10.008321272372315,77.97499150412774,0.4309496563735505,0.9550383106188658,0.5052548756254813,5.833333333333334,0.6225055141540341,0.18520046864992745,1.4787994486634233,0.46601447250935113,1196.452449290308,URBAN,CLEAR,NORMAL,,,device_0018,route_0021,event_081772,2026-09-11 16:56:37.823237,27.19081178955196,84.47507420111747
9.949911745416863,0.026035295191681643,9.945949153711297,21.698846366847285,0.3652981648639679,0.9285209968690112,0.511595678927382,17.5,0.6048945234051466,0.17528796854381548,1.3074426729287403,1.445233741024028,1185.4321676861896,HIGHWAY,CLEAR,NORMAL,,,device_0029,route_0046,event_070996,2026-09-11 16:38:40.223237,34.75688445135507,79.08781822482338
10.00668842379663,0.17829833155665994,10.006211783911548,73.45337623671799,1.6114501605637492,8.771936289159463,1.1678183759988103,8.51063829787234,1.7531723958720358,0.6833732407585641,6.04450720224893,4.5301763281952265,953.396058257742,RURAL,CLEAR,POTHOLE,MEDIUM,3.627170799909787,device_0026,route_0027,event_004367,2026-09-11 14:47:37.323237,28.529427509362023,77.48331089473581
9.663466341860564,0.06574289457666907,9.66242160568518,19.93434968539758,0.3532905424967426,1.0551968104774847,0.4748856820362064,17.5,0.5384691369671513,0.15692777618280812,1.3232322342530587,1.7634852408315291,1178.291970417501,URBAN,CLEAR,NORMAL,,,device_0003,route_0011,event_056345,2026-09-11 16:14:15.123237,25.24486254276144,73.42893992038675
10.191762218041378,0.0390666996845731,10.190371474361452,36.81982926732071,1.0780100037907605,3.829794035660665,0.7453773133929916,2.2727272727272725,1.193095095287035,0.2847965389762853,3.877300048461887,3.7528760941944435,1385.7657940676804,RESIDENTIAL,RAIN,SPEED_BREAKER,,,device_0009,route_0033,event_045917,2026-09-11 15:56:52.323237,32.20381867130529,79.21125897828624
9.5499511002233,0.03719713974741908,9.54693780724448,38.93032294110444,0.3839167224451815,0.8088344991814473,0.4428260469887794,15.0,0.5247526912523691,0.17040259944255232,1.2005638233357416,0.7536253573410822,1194.4208269519645,HIGHWAY,CLEAR,NORMAL,,,device_0004,route_0035,event_046368,2026-09-11 15:57:37.423237,25.595889946560483,80.2685866595646
10.193413469549359,0.005791048632463359,10.190222451054977,56.05490422294992,1.5084204554669145,6.753543203260847,1.1612348749012782,0.7575757575757576,1.6889492984723877,0.35020200941478863,5.425345148637341,4.498245923889084,1356.7965719363824,HIGHWAY,CLEAR,SPEED_BREAKER,,,device_0010,route_0022,event_090889,2026-09-11 17:11:49.523237,36.82324451810514,76.78298625618952
10.625635945104055,0.058327176889925635,10.623888332958906,79.07353550265199,2.3777194363944414,8.84435275584125,1.4184084552288232,0.7142857142857142,2.3902095899113323,0.5509353313179258,8.549098382581079,4.258565716423088,1379.3602329513055,HIGHWAY,WET,SPEED_BREAKER,,,device_0021,route_0037,event_005073,2026-09-11 14:48:47.923237,28.666743679416648,76.67622272588041
9.761306643549663,0.04055635074033444,9.758976930016882,41.00974242159732,0.3002664602412911,0.6575793770150824,0.4610752449415712,23.21428571428571,0.5792403925230905,0.1834596985380523,1.189656217481609,0.5843884827028485,1172.5933011717448,URBAN,CLEAR,NORMAL,,,device_0014,route_0027,event_035990,2026-09-11 15:40:19.623237,27.32952501212976,80.06177096661452
9.678429075852446,0.06829005866304355,9.67589842262551,78.41527333044658,0.3160682075373088,0.8690893106361024,0.4049610416628623,8.035714285714285,0.509101624489589,0.1809862412623369,1.1828282920706172,0.42180982990929944,1178.0852418549218,HIGHWAY,CLEAR,NORMAL,,,device_0012,route_0024,event_010501,2026-09-11 14:57:50.723237,28.69068988503005,76.25041619412997
9.941242859883072,0.044632316307196426,9.938041037922254,9.354179593659827,0.3357178239152278,0.7229894342950924,0.4293886158237189,19.166666666666668,0.5465755500670594,0.14647704013657892,1.1971691929216384,2.1655824806739803,1185.4321676861896,RESIDENTIAL,CLEAR,NORMAL,,,device_0029,route_0040,event_055929,2026-09-11 16:13:33.523237,28.412311952608476,72.21067564302206
9.546046921395419,0.05376329424285876,9.544288622898833,36.45575464910192,0.3932590317595657,0.8162315348171845,0.4465958714441633,3.508771929824561,0.5247144980168404,0.17999695453377276,1.2374209782496735,0.8070362714989463,1156.3665497149682,RURAL,CLEAR,NORMAL,,,device_0007,route_0044,event_011014,2026-09-11 14:58:42.023237,29.50101190332409,77.03006051962319
9.634470473694469,0.042040191361659214,9.63234698991611,19.78580678822724,0.3625595392164393,0.8866411386750084,0.4300293169363955,7.5,0.5664995951272573,0.1755805306044341,1.3093976339596232,1.4910423624795446,1194.4208269519645,URBAN,CLEAR,NORMAL,,,device_0004,route_0022,event_080127,2026-09-11 16:53:53.323237,35.85727837166628,76.84084427874777
9.832041948545115,0.05331100099622895,9.83059197019191,38.76517878311908,0.365356572296901,0.8468113480025519,0.5177273882031325,21.311475409836067,0.6016738935725863,0.16799716799620945,1.4578369824462882,0.7920568762703903,1168.9485129122031,HIGHWAY,CLEAR,NORMAL,,,device_0017,route_0026,event_040038,2026-09-11 15:47:04.423237,25.814935095665128,79.59728231641945
9.959375348270978,0.049851097505149315,9.954850521483982,38.08245654090865,0.3692369337294916,0.8367514984994013,0.4708906763453912,3.333333333333333,0.5904037090771987,0.16698023190634886,1.3045425583079506,0.7953447277356437,1185.4321676861896,HIGHWAY,CLEAR,NORMAL,,,device_0029,route_0038,event_069575,2026-09-11 16:36:18.123237,33.38967667386678,81.31475597907648
9.560519074440275,0.06606762772646525,9.557481445428442,9.7456752381471,0.3718742363465702,0.8090936046980364,0.4595619167169502,15.789473684210526,0.5192602624600925,0.16672333570820125,1.158942646002206,2.3544673962691443,1156.3665497149682,ARTERIAL,WET,NORMAL,,,device_0007,route_0006,event_008786,2026-09-11 14:54:59.223237,27.96041934886796,76.9918931590671
9.609425036320745,0.07372526503517843,9.608558514444583,37.28706695063401,0.3804767290395012,1.1995571762907176,0.439167683788958,22.807017543859647,0.5483385911579136,0.17554299928410216,1.337361560672477,1.1621626479061835,1156.3665497149682,HIGHWAY,RAIN,NORMAL,,,device_0007,route_0015,event_060718,2026-09-11 16:21:32.423237,23.31799579004688,78.65346406425762
9.88751703966427,0.07722313127011486,9.88463789584618,40.07223763615536,0.3332043704912568,0.8114221950073173,0.4336095917655653,5.737704918032787,0.5240014211860043,0.16939937002300795,1.2730579582494954,0.7364474676381343,1165.9444844817242,ARTERIAL,CLEAR,NORMAL,,,device_0024,route_0035,event_055431,2026-09-11 16:12:43.723237,25.02205085707596,80.84738993258533
9.662852327320488,0.09656216139250583,9.662400732744516,61.71780713408496,0.3900056720310779,1.0873374555594015,0.4614988521566489,7.894736842105263,0.556562633165138,0.18501525950168626,1.4737767212004762,0.6618221167002069,1155.761160906742,RESIDENTIAL,CLEAR,NORMAL,,,device_0013,route_0005,event_095340,2026-09-11 17:19:14.623237,24.03858979673453,70.00678226840454
9.804547260825995,0.0758004568370059,9.8039980683936,19.457102673290127,0.273382843751667,0.7400515398676095,0.4264460369149496,21.428571428571427,0.4989476912101325,0.15815553052331652,1.0964806141690708,1.2619658108250227,1173.9088107441603,URBAN,CLEAR,NORMAL,,,device_0016,route_0024,event_019212,2026-09-11 15:12:21.823237,28.694890188841157,75.46673517500467
9.695779579970687,0.02569096344168285,9.69451155816208,62.304292235551,0.3132157589170072,0.8082618594167421,0.3949880436652923,2.5,0.48681659723939386,0.16623237624262055,1.1871166689064587,0.48760756335069877,1189.0117987248957,RESIDENTIAL,WET,NORMAL,,,device_0002,route_0012,event_094481,2026-09-11 17:17:48.723237,20.093523117078625,77.06660822739697
9.825408839530073,0.05453091458666727,9.825367054075992,21.81611686537336,0.3534846123228823,0.7940818318516172,0.4610684999240736,15.178571428571429,0.5554153441209351,0.17221696400622474,1.4054863819412589,1.2303660321846517,1173.9088107441603,HIGHWAY,RAIN,NORMAL,,,device_0016,route_0034,event_041046,2026-09-11 15:48:45.223237,27.526183249414068,73.72058289057584
9.744649633162302,0.029072112124057622,9.743424511577317,10.630706210143227,0.2999455009997399,0.6741203745207915,0.390556987680783,15.178571428571429,0.5147410400731418,0.1662007183821088,1.1935188695540937,1.8430289415651995,1172.5933011717448,RESIDENTIAL,CLEAR,NORMAL,,,device_0014,route_0003,event_003789,2026-09-11 14:46:39.523237,28.694271835261542,77.00922825681614
9.86785302179657,0.058087726058177115,9.866321556891648,36.47270116784863,0.3609320620497515,0.8515852529942212,0.4919170726211576,18.333333333333336,0.5809119187454922,0.18464207494089233,1.410950961699875,0.8416391576757098,1196.452449290308,HIGHWAY,CLEAR,NORMAL,,,device_0018,route_0021,event_090091,2026-09-11 17:10:29.723237,27.0412399248098,85.20821339946279
9.982140925574852,0.041081052900252005,9.98163938855325,80.2582913215688,0.3962520754479393,0.9812952746263636,0.4437360091674016,8.333333333333334,0.564786843330509,0.19742282864911154,1.3920582331604479,0.46585102034945597,1191.6511525911126,RURAL,CLEAR,NORMAL,,,device_0025,route_0011,event_058116,2026-09-11 16:17:12.223237,25.139583258667557,73.30945090218907
9.963457915422614,0.07362170407346955,9.959982104693491,84.97768668692157,0.4008881605944924,1.1188161427910046,0.4724014642966739,23.770491803278688,0.5376672372700338,0.18164122479736108,1.4586894652197628,0.5029648148654124,1165.9444844817242,URBAN,CLEAR,NORMAL,,,device_0024,route_0017,event_022506,2026-09-11 15:17:51.223237,30.18474490438867,78.32051178080718
9.708326924962313,0.07182906603027733,9.70508933066107,20.60792967004701,0.3172534111790578,0.9042769158301168,0.4146584732426758,16.666666666666664,0.512105277165135,0.17999823782247706,1.2165061506221058,1.4698951564882123,1164.8650637957344,RESIDENTIAL,CLEAR,NORMAL,,,device_0028,route_0011,event_017919,2026-09-11 15:10:12.523237,27.528718561560375,76.02290654788243
10.01869470323878,0.04113395697818202,10.01861268323036,21.54693147726245,0.3513102883621527,0.7197698066445213,0.4047473092993775,5.357142857142857,0.5068179408792135,0.1697316497380268,1.060844839475795,1.1269765330292423,1169.7676911232593,RESIDENTIAL,CLEAR,NORMAL,,,device_0006,route_0028,event_096634,2026-09-11 17:21:24.023237,22.82852228611556,70.82042446160993
9.831348308196821,0.06787405900690027,9.828846708485427,19.447506447409083,0.4991441501050842,1.7383417078147776,0.4849718310354552,1.5151515151515151,0.6730734895501477,0.1733820811620573,1.980710457333842,2.9655037506248125,1388.7337692196863,URBAN,CLEAR,SPEED_BREAKER,,,device_0020,route_0022,event_008569,2026-09-11 14:54:37.523237,29.433378815548743,77.22436344470697
9.881401767509654,0.05251474355927271,9.879581601102624,79.60338764696372,0.3110711817209466,0.9770424978132972,0.4459397309590502,23.770491803278688,0.5511771196963051,0.16980066492057055,1.1871302585508303,0.4674655060338484,1168.9485129122031,RESIDENTIAL,CLEAR,NORMAL,,,device_0017,route_0047,event_088173,2026-09-11 17:07:17.923237,21.080176475180647,79.46824764736847
9.600798864625753,0.07803838763308416,9.59942615864079,10.283635134539752,0.415799895877209,1.2422305573118564,0.4414562630379822,15.833333333333334,0.5413941387198321,0.1747632091886449,1.47050523493359,3.478751860044298,1178.291970417501,RESIDENTIAL,RAIN,NORMAL,,,device_0003,route_0034,event_045794,2026-09-11 15:56:40.023237,27.41052696601725,73.30976838980921
9.916200182258095,0.029858459614288176,9.913372737589205,43.1273036691557,0.3421386918762731,0.9505444457877524,0.4929540891448155,16.666666666666668,0.5741644085842867,0.1797179864567272,1.2663037072621606,0.806788737552896,1176.243771850552,HIGHWAY,WET,NORMAL,,,device_0027,route_0034,event_073838,2026-09-11 16:43:24.423237,26.725607688214968,70.88228825763896
9.956791672361062,0.04958032274507999,9.956018796002812,20.255494921445887,0.3981528858941912,0.7943665893069767,0.4901160007384881,21.311475409836067,0.5815709645578355,0.1856898191039455,1.441072963597403,1.3099985663118745,1173.916838169756,HIGHWAY,CLEAR,NORMAL,,,device_0011,route_0018,event_015460,2026-09-11 15:06:06.623237,29.786327270441227,77.84695731679817
9.722211184950794,0.01776753570292965,9.721053160736648,10.518546841742848,0.3156574564523279,0.8969819606951983,0.442125530276116,24.166666666666668,0.5123705107356004,0.17834030629024866,1.223659863122876,2.471272009444499,1189.0117987248957,RURAL,RAIN,NORMAL,,,device_0002,route_0002,event_008311,2026-09-11 14:54:11.723237,27.979947200615698,77.44283897819203
9.92409513590684,0.059255712940000656,9.9212778681314,36.85184525052095,0.3382668821802654,0.8786379316576447,0.4530303129296481,2.459016393442623,0.5591246331829767,0.1667392694333882,1.2398772662274347,0.8603165181591792,1165.9444844817242,HIGHWAY,WET,NORMAL,,,device_0024,route_0007,event_064111,2026-09-11 16:27:11.723237,25.036288332761213,81.69241334374172
9.906335923549559,0.1673137285821753,9.90463611749535,81.49139124514147,1.1075667566381004,5.331614346537398,1.2526725114663388,1.0,1.6151204556934033,0.7230528103307348,3.4974765672495636,2.494573672920733,990.8431656040798,RURAL,CLEAR,POTHOLE,LOW,1.2122741459030806,device_0002,route_0049,event_009660,2026-09-11 14:56:26.623237,29.4880876733264,76.9854279490104
9.810539454413568,0.02709681928916049,9.81010719272034,9.819713603306052,0.3440086146543138,0.9392366485740596,0.495979540787234,13.333333333333334,0.5788064067719304,0.17376751161707,1.378498051516985,2.718541571945076,1191.6511525911126,HIGHWAY,RAIN,NORMAL,,,device_0025,route_0028,event_000856,2026-09-11 14:41:46.223237,28.652087275308077,77.16694383253149
9.859265900397407,0.06258354544903079,9.857239109494584,10.091165929958848,0.3496450938836701,1.238300597236874,0.4476277982533521,10.714285714285714,0.5374588402533651,0.16074262461257321,1.380301939382079,3.515111817977124,1172.5933011717448,RESIDENTIAL,WET,NORMAL,,,device_0014,route_0039,event_057419,2026-09-11 16:16:02.523237,33.36020203145928,78.99148410584752
9.915100837017366,0.04368803590521681,9.91439050113908,36.36050194045317,0.3213871232008641,0.9898737837649474,0.4259298093559081,18.75,0.507507758745132,0.1830190126968999,1.1850481770864754,0.9810321836189068,1175.8012798150014,URBAN,RAIN,NORMAL,,,device_0009,route_0030,event_040011,2026-09-11 15:47:01.723237,31.69564721928653,79.21813516687189
10.784109311185059,0.08055118603022203,10.783061948468044,18.915592312962403,5.292352233229764,20.46904129837118,4.043410198538999,1.0,5.555580480963793,0.3224310777753763,22.145250473596356,35.72945620400602,962.722170790902,URBAN,CLEAR,SEVERE_POTHOLE,CRITICAL,23.495543065090647,device_0008,route_0017,event_021177,2026-09-11 15:15:38.323237,30.088348354726065,78.24994790775185
9.752834171488796,0.05262985532408099,9.750817800888182,20.527908637770583,0.3243208127413509,0.8086533522631232,0.4075532326032385,6.25,0.548617782279473,0.1702006836770196,1.290224341326315,1.3187481480061876,1172.5933011717448,HIGHWAY,CLEAR,NORMAL,,,device_0014,route_0024,event_085574,2026-09-11 17:02:58.023237,28.727567502929052,69.49889173608172
9.882863687548136,0.05616138347177052,9.880793702585803,9.12945417731288,0.3343822001108505,1.1843996971151842,0.4703124656289207,4.166666666666667,0.5443611915451739,0.17459947935797093,1.283380038834288,3.608374517690994,1187.9876613670087,RURAL,CLEAR,NORMAL,,,device_0000,route_0031,event_022153,2026-09-11 15:17:15.923237,26.66615502478479,77.9344103070924
9.638845290239312,0.09655150967212643,9.637238603323636,36.094986033668185,0.3446550238991385,0.933455527083181,0.4607860364469198,18.333333333333336,0.5431643364003572,0.1760257885674884,1.2394067227590888,0.9312441473847612,1178.291970417501,URBAN,CLEAR,NORMAL,,,device_0003,route_0031,event_066029,2026-09-11 16:30:23.523237,22.98337624563751,79.35169495443772
9.70504011515243,0.10628290068349351,9.703604819843246,9.595094049709516,1.303252669074512,2.9510840956226296,0.389813685135748,1.818181818181818,1.6422243079182772,0.38223993851456284,5.31927499865708,8.682791262295638,1089.9274821644876,RESIDENTIAL,RAIN,ROUGH_PATCH,,,device_0002,route_0022,event_011468,2026-09-11 14:59:27.423237,29.693518279028005,77.2090191487691
9.676138264066944,0.04915454153918483,9.67480701507579,18.84805197065009,0.3779857648290259,0.9250610409684974,0.4350062741498924,10.526315789473683,0.540747358731619,0.16926301330709445,1.4411025433661635,1.6195009397856805,1156.3665497149682,ARTERIAL,RAIN,NORMAL,,,device_0007,route_0004,event_065981,2026-09-11 16:30:18.723237,31.886572247972516,82.08137777122715
9.958987898924548,0.07863854690334839,9.955857755038078,74.04883854453632,1.0136787770964557,2.7040781555788342,0.443951781671972,1.818181818181818,1.6791140583484092,0.4052135362806165,4.022452816650919,1.3858390238752007,1059.007266397925,URBAN,DUSTY,ROUGH_PATCH,,,device_0019,route_0015,event_037237,2026-09-11 15:42:24.323237,25.357282768061268,78.10608461569971
9.572549803610935,0.06366783505099699,9.57130306970932,9.702230699628837,0.3589678459532674,1.028222128374372,0.4532113112161126,20.0,0.5472477078629268,0.16214480804107184,1.1502092068043233,3.0016196659197227,1178.291970417501,URBAN,CLEAR,NORMAL,,,device_0003,route_0015,event_072375,2026-09-11 16:40:58.123237,22.305272039210603,78.92552379061121
9.955495376619435,0.03846789122481638,9.955215255840068,74.54116761809142,0.3495939061286095,0.7761626642331247,0.4238079572011362,11.666666666666668,0.5450786634589242,0.16718243019178894,1.2376856831851661,0.3952895979378544,1191.6511525911126,ARTERIAL,CLEAR,NORMAL,,,device_0025,route_0041,event_083142,2026-09-11 16:58:54.823237,27.042608130904544,84.47346804881352
9.635602686197691,0.08239616427826436,9.634025303337356,36.07070852591312,0.4403537011099827,1.2120663301387395,0.5110901887263486,5.263157894736842,0.6203416479664754,0.16671574050000984,1.6615236631924866,1.2099275253442696,1156.2462834189637,RESIDENTIAL,CLEAR,NORMAL,,,device_0026,route_0020,event_020282,2026-09-11 15:14:08.823237,27.280162753562283,75.92718528126478
9.914804344413382,0.05073952438432379,9.914767290949955,41.05484912879815,0.3421829164897513,0.9692885968890828,0.3941220888795673,1.6666666666666667,0.5310220082974129,0.170246714394088,1.2656569470302301,0.8605409767265499,1191.6511525911126,URBAN,WET,NORMAL,,,device_0025,route_0034,event_012387,2026-09-11 15:00:59.323237,28.22579313367268,76.20126421666913
9.86834573434434,0.045547884189735675,9.867970631012014,20.304018955513108,1.3815820925602798,3.0273763853659155,0.4445515489612672,1.818181818181818,1.6835666793951456,0.3366122032584411,5.561230285457384,4.982511560589756,1083.783040176026,URBAN,CLEAR,ROUGH_PATCH,,,device_0021,route_0029,event_029869,2026-09-11 15:30:07.523237,27.31546820147693,74.80046198063144
9.993675674109362,0.05814032733586657,9.989286295467071,41.48354698364894,0.3535097736387999,0.8505753212516964,0.4337527626870435,3.571428571428571,0.5136629480187376,0.17720673287111902,1.1606938509665703,0.7480290150260032,1173.3612685170888,URBAN,CLEAR,NORMAL,,,device_0005,route_0030,event_078788,2026-09-11 16:51:39.423237,34.62577307813788,81.1088387331035
10.012509186163518,0.08085286691340482,10.009455371539662,38.642978121703344,0.8841288308335586,2.2321408272822385,0.3988578732913662,1.818181818181818,1.148650665180469,0.3760446103108318,3.433710086122929,2.093794500854695,1059.007266397925,RESIDENTIAL,CLEAR,ROUGH_PATCH,,,device_0019,route_0033,event_069417,2026-09-11 16:36:02.323237,34.028779135164505,80.27692355685261
10.409261995276303,0.06005305098585579,10.406753704023243,58.20065094401273,1.7144007553787637,6.456555752925901,1.2053689775786116,0.7575757575757576,1.8804303384909413,0.3863421403381479,5.859759410649787,4.15208243318064,1382.890066466569,SERVICE_ROAD,CLEAR,SPEED_BREAKER,,,device_0005,route_0040,event_010899,2026-09-11 14:58:30.523237,28.512987104809003,76.25891157699083
9.645177910360484,0.06254727318220264,9.64396616537616,21.45163666967648,0.3786386281315109,1.0765213248846344,0.523740830552194,18.421052631578945,0.6175154357402313,0.17823815499182044,1.392241742809805,1.6918697038720822,1170.7151707482878,RESIDENTIAL,CLEAR,NORMAL,,,device_0015,route_0013,event_022739,2026-09-11 15:18:14.523237,30.492706736015023,78.0190161656659
9.874928385234735,0.04204509425951181,9.873515713752322,10.971008518018564,0.3182274249887496,0.8188595401338397,0.402929981724427,2.5,0.5146390843749936,0.17498470833723986,1.240746361309565,2.187854049106418,1187.9876613670087,RURAL,CLEAR,NORMAL,,,device_0000,route_0019,event_001414,2026-09-11 14:42:42.023237,28.732978169700388,76.9967741807908
9.703810979464784,0.025090435580172005,9.702336437651402,36.79666345191873,0.3420512273335227,0.8827457376732895,0.4118574597877065,13.333333333333334,0.4999694153728844,0.17299821608313593,1.32732394570575,0.8655077773344452,1189.0117987248957,HIGHWAY,CLEAR,NORMAL,,,device_0002,route_0016,event_030952,2026-09-11 15:31:55.823237,31.403453392176075,76.51401405234927
9.715250384272556,0.05858279511954214,9.71360197234566,79.7643247457816,0.3216430095123046,0.8100809613869551,0.4863614231309425,22.807017543859647,0.5660636618199864,0.1755541395955576,1.2554497939274647,0.3868381742922131,1171.778857581421,RESIDENTIAL,CLEAR,NORMAL,,,device_0010,route_0021,event_056834,2026-09-11 16:15:04.023237,27.639049985856214,82.27776645094747
9.968169265296165,0.0460561889157965,9.96774871187892,18.814321751150157,0.8246720287715775,3.03201204499069,0.6333419477849883,1.4285714285714284,0.9463305899561726,0.17086386375269214,3.170207801326484,5.3159801602917875,1387.1804318457116,URBAN,CLEAR,SPEED_BREAKER,,,device_0002,route_0036,event_038935,2026-09-11 15:45:14.123237,32.16450091383953,76.99127479660909
9.732429248624184,0.06700865324820023,9.731946541394151,37.299481661948,1.247881494047127,2.6316099930976278,0.460599621512656,1.818181818181818,1.5292629716949782,0.39948696699616004,5.051938826704802,2.5488068006648206,1058.5018015070395,URBAN,CLEAR,ROUGH_PATCH,,,device_0022,route_0029,event_032200,2026-09-11 15:34:00.623237,27.21792871637864,74.61530319156968
9.856058429598631,0.0371036592158951,9.85408245176837,39.04615740255022,0.3145298012777832,0.6670768621441958,0.4139046266041524,0.8333333333333334,0.5012620920243446,0.1872460919473595,1.2273553078774881,0.619871228835562,1187.9876613670087,RESIDENTIAL,WET,NORMAL,,,device_0000,route_0018,event_068844,2026-09-11 16:35:05.023237,34.11502772285634,79.92339841531357
9.67850338287921,0.0780810926215896,9.676256238109842,37.63992529423312,0.3364695489240202,0.96029059095539,0.4794122067923637,15.178571428571429,0.5252227633947312,0.1916906707328897,1.26156065870682,0.9224710026925859,1178.3195617621582,RESIDENTIAL,CLEAR,NORMAL,,,device_0020,route_0029,event_045691,2026-09-11 15:56:29.723237,26.650293526121303,73.54289953720208
9.633187030060181,0.04321731538392439,9.632991339546788,10.884537164725804,0.329188605039281,0.9999057723298996,0.4265349651264827,12.5,0.517347604702101,0.1762173161232346,1.1550098358813905,2.687099400576677,1194.4208269519645,URBAN,CLEAR,NORMAL,,,device_0004,route_0045,event_072019,2026-09-11 16:40:22.523237,22.425372008173635,79.07306128749651
9.74983933368649,0.06417267238006771,9.74747941425644,9.49038358726747,0.6490803069688008,1.6111256127941491,0.4364681829458622,1.96078431372549,1.1735564714480582,0.2674196728620195,2.512090015156211,4.777108382047093,1067.897470709982,HIGHWAY,WET,ROUGH_PATCH,,,device_0014,route_0042,event_080647,2026-09-11 16:54:45.323237,35.790344842022044,77.85497187173748
9.691640929614925,0.07646856818348349,9.69129753885932,86.9780938032905,1.0930968545144155,2.47296074442891,0.4772768833441204,1.96078431372549,1.6305753807813865,0.38123416426839357,4.408866231163735,1.0872774493498862,1072.8990595464466,URBAN,CLEAR,ROUGH_PATCH,,,device_0012,route_0001,event_020427,2026-09-11 15:14:23.323237,26.831631737245683,77.11625077895738
9.776545241858123,0.0470548302045879,9.775590165542882,9.427374009899182,0.3244717876410672,0.7696561683200347,0.4700080837901901,20.0,0.5602969106868335,0.16149546153293737,1.2951492986449438,2.2927972893362893,1182.7936295130366,RESIDENTIAL,CLEAR,NORMAL,,,device_0023,route_0023,event_011895,2026-09-11 15:00:10.123237,28.010535996239977,78.16459160418353
9.69475463790595,0.060593934859898224,9.692481269679812,37.14983184946163,0.3267003293442367,0.7535735130612853,0.4801615228308879,19.672131147540984,0.5602420917265314,0.1846642612418124,1.257497115021696,0.7325167362219921,1174.5210483649005,RESIDENTIAL,CLEAR,NORMAL,,,device_0008,route_0039,event_004624,2026-09-11 14:48:03.023237,28.906116732416404,77.34668360525217
9.693280246484296,0.04461149299073558,9.691361283131256,39.76825929371398,0.349283665690754,0.977667744129814,0.4712275421229664,20.175438596491222,0.5630146007757959,0.16533901835745177,1.3421453856228176,0.8934947470211383,1170.7151707482878,ARTERIAL,CLEAR,NORMAL,,,device_0015,route_0019,event_029505,2026-09-11 15:29:31.123237,29.72843242822297,74.67493608103653
9.59657091979412,0.040586930439845105,9.596042639157549,55.6559979545952,0.4105693332111062,0.9039930139394484,0.425425492932557,3.278688524590164,0.5501653883826998,0.19336521748917143,1.4523398785263382,0.6061372166651118,1173.9747253078074,ARTERIAL,CLEAR,NORMAL,,,device_0022,route_0038,event_012560,2026-09-11 15:01:16.623237,29.463625503719303,78.01687420802534
9.908429092273021,0.05634769865348754,9.907986512207753,39.02325668617439,0.3517040704145271,0.8354684249419595,0.4866083360926896,20.49180327868853,0.5541249474801062,0.17438039414806553,1.326248439989456,0.7767598171715707,1173.916838169756,HIGHWAY,CLEAR,NORMAL,,,device_0011,route_0039,event_038942,2026-09-11 15:45:14.823237,31.80146484723338,78.41600760314685
9.613969935095406,0.06794852233967277,9.612721528280169,86.1300458842147,0.38236420667503,0.8825593270102701,0.4655694570085397,17.21311475409836,0.5768966724331537,0.1685465996250126,1.3615786163509433,0.3916826262993574,1174.5210483649005,URBAN,CLEAR,NORMAL,,,device_0008,route_0049,event_069605,2026-09-11 16:36:21.123237,34.80913225051555,76.1222053395112
9.786829423729344,0.04208203563822683,9.785161365053222,41.76234898035452,0.3087328524350361,0.8563277812341283,0.4457694934616588,19.672131147540984,0.571153323357904,0.1789898229952072,1.2434295121181371,0.7484998478567998,1168.9485129122031,RESIDENTIAL,CLEAR,NORMAL,,,device_0017,route_0027,event_000573,2026-09-11 14:41:17.923237,28.673287520322788,77.17394400750283
10.105839475132942,0.05640542250155106,10.104991524441376,20.712381235328536,0.7767878763808195,2.824337407970564,0.7249994231189166,9.0,0.8793216924412456,0.2300844453868732,2.7963471180571204,4.5715342136805885,962.7338785435682,URBAN,CLEAR,POTHOLE,MEDIUM,5.166582117184034,device_0019,route_0006,event_084865,2026-09-11 17:01:47.123237,21.51349932364505,74.70034099383028
9.702089355594843,0.05882915220469255,9.701973128663656,9.954752355835526,1.0607416247013577,2.544305575758358,0.4455020017683953,1.818181818181818,1.8064538217238337,0.3456097382118908,4.273845201791311,7.2930153423880535,1058.5018015070395,URBAN,DUSTY,ROUGH_PATCH,,,device_0022,route_0010,event_051743,2026-09-11 16:06:34.923237,30.7715155032498,81.32574288971001
9.919449650840736,0.08536538205194921,9.91922823187972,73.26769891912113,1.3218126490938351,7.247259842957213,1.038368655354415,1.0638297872340423,1.4975220618729292,0.6101474210459082,4.971864273727292,3.751766880255192,965.32654430122,RURAL,WET,POTHOLE,MEDIUM,4.16213036141008,device_0015,route_0021,event_074336,2026-09-11 16:44:14.223237,27.324546642518108,83.81989939612235
9.656936673528271,0.061721980501370705,9.65477803722534,42.53682940201674,0.3748967062806604,0.889531781732444,0.4548239618507463,8.035714285714285,0.5728464987160296,0.16104367876710338,1.4150232346052931,0.7645830566135601,1178.0852418549218,HIGHWAY,CLEAR,NORMAL,,,device_0012,route_0039,event_086884,2026-09-11 17:05:09.023237,35.84591313570246,79.9096709338105
9.635544152006695,0.05907564274819132,9.634836367920087,55.019507063537134,0.363719236473178,0.9324351202478152,0.5052173045893309,14.75409836065574,0.5928089028592513,0.1802023965422914,1.3310818923599577,0.631950462916613,1173.9747253078074,URBAN,WET,NORMAL,,,device_0022,route_0033,event_036238,2026-09-11 15:40:44.423237,31.45180429103953,78.77246023730143
9.988248585832343,0.05970806177129956,9.986761699114812,10.273848274614842,0.3936682450001566,0.92100694261263,0.5118270107224536,10.0,0.5971996803240599,0.17061920443392792,1.3389580334948619,2.580963241007918,1196.452449290308,URBAN,CLEAR,NORMAL,,,device_0018,route_0041,event_050282,2026-09-11 16:04:08.823237,27.7000830699576,81.59258632251782
10.372050070755856,0.05994960124305293,10.37183675221747,56.87536275383102,1.7380233584414766,6.066519161761947,1.03286634821382,1.4285714285714284,1.8218840873638338,0.38338418469974206,6.2901190499647015,3.9861900692362893,1385.9856049281768,RESIDENTIAL,CLEAR,SPEED_BREAKER,,,device_0000,route_0009,event_007748,2026-09-11 14:53:15.423237,27.99732192053053,77.36225108990803
9.8906723272533,0.05259841935958246,9.890517890577383,87.96097016338935,0.7421125497718372,1.766760769313926,0.3380115910454734,1.96078431372549,0.9804949133710528,0.26788890775211854,2.9477081057830503,0.7684828753654417,1069.0955240705746,HIGHWAY,RAIN,ROUGH_PATCH,,,device_0016,route_0041,event_045119,2026-09-11 15:55:32.523237,27.803340282973743,81.13986177837643
10.39448173390035,0.07567328669472687,10.393009720886674,74.39881344667461,3.603270259544221,16.082716892071588,2.161928449771899,2.0,3.6502377076939503,0.585167729999892,13.77235940626651,8.205591990501615,962.2743650063996,URBAN,WET,POTHOLE,HIGH,9.168040113026262,device_0022,route_0021,event_099911,2026-09-11 17:26:51.723237,26.86467902324235,86.07325245546757
9.716133514197992,0.08465065335495316,9.715462256099144,36.97813863505938,0.3338623671338495,0.9374584354477856,0.462657254846986,12.295081967213116,0.53784792210067,0.18966121857704044,1.302915080878261,0.915081520706976,1174.5210483649005,URBAN,CLEAR,NORMAL,,,device_0008,route_0022,event_073381,2026-09-11 16:42:38.723237,35.2515357098346,76.87692665645915
9.99534406054942,0.05373725117013016,9.991917224334973,9.76453348585027,0.3856250181854445,0.8349169064003732,0.4046863890963949,3.278688524590164,0.5442317932472643,0.1820124179866429,1.3201744254839909,2.4262846459958993,1165.9444844817242,URBAN,CLEAR,NORMAL,,,device_0024,route_0036,event_060893,2026-09-11 16:21:49.923237,34.131573394444736,76.81750884802562
9.709224529358362,0.05420336800718618,9.708254567245575,60.84627485811593,0.2871585415524579,0.6898458622455372,0.409866171541847,11.607142857142856,0.5111036727299856,0.18525596765714464,1.0957911068412258,0.4255269026662977,1178.3195617621582,URBAN,WET,NORMAL,,,device_0020,route_0040,event_076178,2026-09-11 16:47:18.423237,28.36705587316015,70.39019699526868
9.616564104756641,0.018899845281173933,9.615919213407873,41.35702216641057,0.8953923261026562,2.04769594427892,0.3866458813858275,1.923076923076923,1.4688375733626797,0.3963660710644695,3.6413087871659835,1.8058468977668942,1054.3786029324665,URBAN,WET,ROUGH_PATCH,,,device_0013,route_0013,event_079843,2026-09-11 16:53:24.923237,35.131727014743895,80.2222025299004
9.845542894533573,0.07017954241145098,9.84260859468324,21.18889647970004,0.3406236714081886,0.9998001655040624,0.4579018352283708,0.8771929824561403,0.5706680098395401,0.1589495521225408,1.345024740062044,1.587683948456909,1147.8114285371462,RESIDENTIAL,CLEAR,NORMAL,,,device_0001,route_0043,event_086323,2026-09-11 17:04:12.923237,20.87665241351553,75.9428907733104
9.846724198278185,0.07715004177281767,9.846610839270872,63.08398081281659,0.2659678741322199,0.6002803039789821,0.4443881284598185,15.178571428571429,0.5345738246557842,0.168368870394203,1.0415285451588971,0.3579276582610296,1173.9088107441603,RESIDENTIAL,RAIN,NORMAL,,,device_0016,route_0011,event_098517,2026-09-11 17:24:32.323237,22.73832363155749,70.58293688908155
9.984434044588042,0.08063897516215845,9.981210990561284,74.72202172469802,0.3642229895005507,0.862724645553266,0.4145741332644224,11.475409836065571,0.5176260188864108,0.18307693980833775,1.242279164377436,0.4383650859833531,1165.9444844817242,URBAN,CLEAR,NORMAL,,,device_0024,route_0015,event_076929,2026-09-11 16:48:33.523237,21.90984845230845,79.03149652771306
10.993263336235954,0.0877515192916481,10.993197526098536,42.66386785777343,7.134617474689717,34.01532179080385,4.831900158931488,1.0638297872340423,7.056352875861445,0.6985312691152304,27.992114116516284,29.157738826519033,952.9960449581909,RESIDENTIAL,CLEAR,SEVERE_POTHOLE,CRITICAL,18.4948826357821,device_0013,route_0045,event_017961,2026-09-11 15:10:16.723237,27.09002443569936,77.70317119354844
9.5778602487367,0.06506941093388224,9.577119405807304,9.955186293867715,0.3441382113897725,0.8555020729085179,0.3926951793471036,4.385964912280701,0.478467349304334,0.16987373296934807,1.0776931435892827,2.4521408883934384,1170.7151707482878,URBAN,CLEAR,NORMAL,,,device_0015,route_0004,event_064845,2026-09-11 16:28:25.123237,31.82998578325873,81.99620370168986
9.594555250032768,0.044014813814538714,9.593449131410509,21.318188071029944,0.370587837272229,0.8404584619880762,0.4541557665046107,7.017543859649122,0.5453514827570332,0.16901720062038797,1.260170433996251,1.3278335078800707,1156.3665497149682,URBAN,CLEAR,NORMAL,,,device_0007,route_0032,event_028286,2026-09-11 15:27:29.223237,30.168491761186477,79.12253455316953
10.367546473086442,0.03310612104225696,10.36563465393847,55.98622539525928,1.642913616402332,5.590270434196846,0.9768484453811106,0.7142857142857142,1.7458309586873781,0.3944613833719193,5.847429079597319,3.727702749997432,1383.0041956338878,URBAN,CLEAR,SPEED_BREAKER,,,device_0029,route_0049,event_016730,2026-09-11 15:08:13.623237,30.1156632277175,76.88355236577887
10.044661830759564,0.04610680625965412,10.044309224705382,78.95258409785023,0.3587920269738013,0.7910279277174634,0.4318813124581477,5.833333333333334,0.5215893726995413,0.16903555814084587,1.0175663746678403,0.3814361837284649,1191.6511525911126,URBAN,CLEAR,NORMAL,,,device_0025,route_0027,event_067702,2026-09-11 16:33:10.823237,26.12618832409746,82.64756288693853
9.844515443151028,0.04315515519730683,9.84264986011769,62.54148654917523,0.2764167008833126,0.7285872113644647,0.4260477909671383,18.75,0.4943818716808228,0.17198794237650344,1.0799179423733953,0.4379747127086059,1172.5933011717448,URBAN,CLEAR,NORMAL,,,device_0014,route_0000,event_081581,2026-09-11 16:56:18.723237,21.42532819065245,75.36228776074371
9.826002148838434,0.03905763392107324,9.825789332183948,64.40060349134495,0.3112428853344224,0.7920269414108905,0.4497506436291321,15.178571428571429,0.5546710799312815,0.1638670218936167,1.237326859109455,0.46316956341539256,1173.9088107441603,RESIDENTIAL,CLEAR,NORMAL,,,device_0016,route_0027,event_002742,2026-09-11 14:44:54.823237,28.59083418539372,77.35100879864578
9.664962444342903,0.06757239623607922,9.663544945534795,73.83118725591558,0.3758743247894913,0.9611074918562484,0.4952102903006303,21.929824561403507,0.6212986689783078,0.16019152108109508,1.4235638730999796,0.4939446644677512,1156.3665497149682,RESIDENTIAL,CLEAR,NORMAL,,,device_0007,route_0002,event_091839,2026-09-11 17:13:24.523237,21.01350890723916,80.25325870203918
9.949130917155037,0.04367233700412659,9.947339956970046,41.66144133471502,0.3556160395680134,0.8925369051965468,0.4303704243499855,17.5,0.5377209736891373,0.15009371962719334,1.2743752630931127,0.7818736151177758,1196.452449290308,RESIDENTIAL,CLEAR,NORMAL,,,device_0018,route_0025,event_051276,2026-09-11 16:05:48.223237,23.925550849562928,77.13734536069687
9.828735306255787,0.06174602859219047,9.827140590950204,54.59220753033838,0.2618464676571166,0.6266622333001077,0.4214002027593446,15.57377049180328,0.5086143713161685,0.17834589286464955,1.034930739737021,0.4278126800227686,1168.9485129122031,RURAL,CLEAR,NORMAL,,,device_0017,route_0032,event_010817,2026-09-11 14:58:22.323237,29.190014980803053,77.89350596842822
9.678923774779811,0.05148395695666672,9.67832770189597,65.84040839344632,0.3604696911069129,1.010810510418553,0.4866166851057751,8.333333333333334,0.5802601663941626,0.17321972809225872,1.3764748821345094,0.5789258875601908,1194.4208269519645,RURAL,CLEAR,NORMAL,,,device_0004,route_0015,event_013413,2026-09-11 15:02:41.923237,27.42649975786107,77.55037195449921
10.335589421522034,0.06816812834555855,10.333808644809867,43.67993384619463,1.560167694504888,5.478945014349712,0.930623476433832,1.4285714285714284,1.6604727920568887,0.2995711366766956,5.564243634522999,4.596436758510302,1385.9856049281768,RESIDENTIAL,CLEAR,SPEED_BREAKER,,,device_0000,route_0006,event_004645,2026-09-11 14:48:05.123237,28.31149595305493,77.11656588795891
10.321197771331699,0.09285724018568545,10.320911471475702,81.26059050291312,2.198357997489065,10.21922427398317,1.4631673579344522,0.7575757575757576,2.448235836807853,0.5440900839417835,7.536913404681748,4.794348344858816,1388.4576064718722,RURAL,WET,SPEED_BREAKER,,,device_0012,route_0014,event_024830,2026-09-11 15:21:43.623237,30.59672576699034,76.40727023938044
9.656628792634766,0.038314171223100955,9.654439544753592,62.59957675916151,0.3914883180283784,0.919794246957972,0.4260937156553989,8.771929824561402,0.5467975696698743,0.18466371201938345,1.4777881066025849,0.5524324878424661,1156.3665497149682,URBAN,CLEAR,NORMAL,,,device_0007,route_0032,event_051477,2026-09-11 16:06:08.323237,31.467323427423068,80.75431437225869
9.777725353313434,0.06701495735701078,9.773859576316184,65.53832271880752,0.3392194647982808,0.9044919407199412,0.4521179994702716,22.32142857142857,0.5440001802595248,0.174670735063412,1.3494384061581535,0.5202840133935585,1172.5933011717448,HIGHWAY,CLEAR,NORMAL,,,device_0014,route_0004,event_060476,2026-09-11 16:21:08.223237,31.611993097373457,81.66941141405441
9.922982030855405,0.021829464302133065,9.922655793835892,43.24887605993391,0.3583270530355499,0.9807445755509434,0.4343756595179506,7.5,0.5467412680214613,0.18983311365437153,1.3341284622580218,0.8302797080776234,1191.6511525911126,HIGHWAY,CLEAR,NORMAL,,,device_0025,route_0008,event_009887,2026-09-11 14:56:49.323237,29.369260151787007,77.38552886726642
10.002961901918862,0.06066664799284536,9.998353686066167,56.27183697370028,0.4221369775086431,0.8817800020731177,0.4715306523974228,3.571428571428571,0.5710519446982653,0.1882429426533643,1.4556884432187758,0.5852020089965958,1173.3612685170888,RESIDENTIAL,CLEAR,NORMAL,,,device_0005,route_0047,event_077006,2026-09-11 16:48:41.223237,22.04574858098585,79.19182101768413
9.626041067105724,0.04987336811426409,9.62595604402146,75.90510604308497,0.9466938740213718,2.1220522417358314,0.416253910169659,1.818181818181818,1.2260233574321384,0.3021970836683546,3.735240611080833,1.0622861776025263,1058.5018015070395,HIGHWAY,CLEAR,ROUGH_PATCH,,,device_0022,route_0046,event_080595,2026-09-11 16:54:40.123237,35.58527745811405,79.33089597292395
9.611851227473855,0.05370875403480922,9.6113857626155,9.163550836968133,0.3573046172618838,1.034795802298655,0.4783173709597906,2.631578947368421,0.5923245579781686,0.16806965838508894,1.2460978813666586,3.1444275640051913,1156.2462834189637,URBAN,CLEAR,NORMAL,,,device_0026,route_0008,event_072761,2026-09-11 16:41:36.723237,34.78896768880942,78.99728547918944
9.966483403508144,0.025947800307367798,9.964676834171833,62.486805985747175,0.3649964908907353,1.0047394643026948,0.4301402675042672,23.770491803278688,0.5637251769244246,0.17832996418768293,1.28415029082295,0.6044744964997004,1174.5353318231532,URBAN,RAIN,NORMAL,,,device_0019,route_0045,event_097106,2026-09-11 17:22:11.223237,20.260706372212773,79.70866915315483
9.664750735608655,0.0322221410364196,9.663777482235426,83.39433796272465,0.3022315478753965,0.7192921364981633,0.4064079181950565,5.833333333333334,0.4706515720919501,0.1636542450623945,1.094072811131138,0.32921681347592796,1189.0117987248957,RESIDENTIAL,CLEAR,NORMAL,,,device_0002,route_0009,event_053569,2026-09-11 16:09:37.523237,23.930777136762067,78.02813127313391
9.698539939910322,0.048323635179052846,9.697662189108222,73.91912233762267,0.3557977467259384,0.9379212796341908,0.4359032484397235,0.8771929824561403,0.5386699804577385,0.16933984260203575,1.3702879143705111,0.48148451958695765,1155.761160906742,HIGHWAY,CLEAR,NORMAL,,,device_0013,route_0041,event_015626,2026-09-11 15:06:23.223237,28.3937386490376,78.55416321310771
9.839952262308222,0.040231715613705775,9.839145433134163,21.4298602947668,0.2997402650557088,0.8057599872822543,0.3839390968361195,20.833333333333336,0.4941386616714558,0.1687172850899399,1.1859760818362197,1.2674233801403483,1182.7936295130366,URBAN,CLEAR,NORMAL,,,device_0023,route_0023,event_098422,2026-09-11 17:24:22.823237,23.80783994288952,84.71365534408083
9.633455722228595,0.07487551865386155,9.631788355888707,87.60182230150535,0.3831923234797231,0.8224057064593389,0.4700362868065647,1.7543859649122806,0.5785347859437232,0.17913589554571507,1.3968422249037147,0.3591219850419171,1155.761160906742,URBAN,CLEAR,NORMAL,,,device_0013,route_0004,event_038861,2026-09-11 15:45:06.723237,30.533971973858065,80.05185125147747
9.767738186093569,0.08952254221756376,9.76631506500939,80.31907826087107,1.1588647746977083,7.059504228329086,1.6348865914735913,2.0,1.8454287424827591,0.6398592829201802,3.1381205201606086,3.3489475330781002,981.9099753479176,RESIDENTIAL,CLEAR,POTHOLE,LOW,2.169466022413111,device_0003,route_0024,event_024547,2026-09-11 15:21:15.323237,28.697472717640583,74.98739071863079
9.947961071304125,0.0888245508123962,9.943375662695836,9.566101578012969,0.3914046287970842,0.9731016144316076,0.4826811609451448,9.836065573770492,0.5658605356320243,0.18049472271248138,1.4309147243002691,2.869215179720446,1165.9444844817242,RESIDENTIAL,CLEAR,NORMAL,,,device_0024,route_0027,event_078203,2026-09-11 16:50:40.923237,25.728135444599584,83.50376384002844
9.643486413947972,0.05728949008818269,9.641262205533806,10.170441443327736,0.370095184210069,0.9122187292544623,0.4260534604135266,19.29824561403509,0.5370675383433656,0.16502433736720995,1.355880252669234,2.5749902934293916,1156.2462834189637,URBAN,CLEAR,NORMAL,,,device_0026,route_0013,event_044524,2026-09-11 15:54:33.023237,32.262633569639526,78.85952080093902
9.856561761614735,0.10031511349820744,9.854582295927685,59.54841914217264,1.0783843114836522,5.952467592806915,1.1529116767837309,2.0,1.4439934822032696,0.49874101902543844,3.493510321615826,3.746728981244903,962.722170790902,RESIDENTIAL,CLEAR,POTHOLE,LOW,2.332427734992854,device_0008,route_0031,event_000928,2026-09-11 14:41:53.423237,28.44771586721632,77.24899072954591
9.628635667986751,0.07616953740865672,9.62815193293374,18.940622611162027,0.3497174346423717,0.8217020418308429,0.4657871420701537,19.166666666666668,0.5606306723302414,0.16908859940340742,1.2436196067067513,1.4327458426189954,1194.4208269519645,RURAL,CLEAR,NORMAL,,,device_0004,route_0015,event_030572,2026-09-11 15:31:17.823237,25.936216012411077,77.95042122169617
10.170489911247385,0.07843672496394315,10.17048657448542,60.21933063626751,1.59675293989869,6.557801449088398,0.8255565096709058,0.7042253521126761,1.7118695848088306,0.3841635423923405,6.0230355546443315,4.084627718237173,1367.0654825230808,RESIDENTIAL,RAIN,SPEED_BREAKER,,,device_0008,route_0015,event_002174,2026-09-11 14:43:58.023237,28.40265678436984,77.2884321193689
9.929678268201023,0.07494899989337461,9.927066762691402,10.676045928648364,0.6565870320886202,3.108799870928209,0.685883609241803,21.27659574468085,0.7545228774779121,0.1605846156826657,2.573389175203843,8.473126579304793,946.4410024779978,URBAN,CLEAR,POTHOLE,MEDIUM,3.784317266263839,device_0001,route_0012,event_063407,2026-09-11 16:26:01.323237,22.887644182472307,77.12183524211672
9.932535183220072,0.04253489086756458,9.932296464171088,9.51000643765085,0.361119060607811,0.8401540838729833,0.4537740105575562,9.166666666666668,0.558358240709387,0.18124589149675474,1.325067614044002,2.48750165368262,1191.6511525911126,URBAN,CLEAR,NORMAL,,,device_0025,route_0019,event_015466,2026-09-11 15:06:07.223237,29.230987736136036,75.83528551661001
9.625462049647327,0.05934166390377005,9.624707968726504,60.841551118750495,0.345721896828402,0.8329946191308348,0.4643601042838742,4.385964912280701,0.58646860131027,0.18409276536502214,1.2295505231314579,0.513864708514016,1155.761160906742,RURAL,CLEAR,NORMAL,,,device_0013,route_0030,event_021287,2026-09-11 15:15:49.323237,30.28063363740484,78.30494965320607
9.698584304831849,0.07697572929214778,9.697256856856974,81.32375611433338,0.3362358270654234,0.9560840915909044,0.4829046427556619,19.29824561403509,0.5780568221854172,0.1534670369260533,1.2929365978586134,0.44821472243193644,1170.7151707482878,ARTERIAL,CLEAR,NORMAL,,,device_0015,route_0020,event_068791,2026-09-11 16:34:59.723237,24.27258629329673,72.76686573582236
9.716561957850372,0.07370608368895493,9.714233489565313,39.86136907195138,0.3368431996460198,0.7399268350164423,0.5232493976042557,9.821428571428571,0.5973519465883783,0.17454524174978403,1.3176322792968271,0.6747868118778019,1178.0852418549218,RURAL,CLEAR,NORMAL,,,device_0012,route_0046,event_064130,2026-09-11 16:27:13.623237,34.16469665701547,78.9138334675606
9.663425972652327,0.07585188583471823,9.662703695659191,9.542556659359368,0.3097634906435249,0.7554414849644413,0.407338548554121,17.857142857142854,0.5197989611274979,0.16520703272404827,1.134982706951977,2.2313112773793704,1178.3195617621582,RURAL,CLEAR,NORMAL,,,device_0020,route_0012,event_042630,2026-09-11 15:51:23.623237,24.75577024087797,77.15863484489255
9.688606899384322,0.09551986452544982,9.687624551788067,81.95853181697001,0.803914305291376,1.768839953939878,0.45371735246506,1.923076923076923,1.1962034694563086,0.3841221258529091,3.2647727506196276,0.8231131530753634,1068.9912384953316,SERVICE_ROAD,DUSTY,ROUGH_PATCH,,,device_0010,route_0019,event_048459,2026-09-11 16:01:06.523237,30.40036121897064,73.10816595908156
9.838702475461352,0.05862509100251546,9.838368602373276,10.780863604020416,0.3266789684245704,0.9847553450453912,0.4506353471557453,4.4642857142857135,0.5478143763724792,0.15425773837174786,1.294063742012586,2.6649467079245253,1173.9088107441603,RESIDENTIAL,WET,NORMAL,,,device_0016,route_0032,event_008285,2026-09-11 14:54:09.123237,29.04832760122721,77.71592340341375
9.969890581766832,0.04360266442292533,9.968894103668871,59.34656686500177,0.3812700940824389,1.0552848447402532,0.4786356789305069,21.311475409836067,0.5640725659214957,0.183155089970301,1.3506761446383742,0.6663564559002395,1174.5353318231532,RESIDENTIAL,RAIN,NORMAL,,,device_0019,route_0006,event_056544,2026-09-11 16:14:35.023237,23.913551670246527,75.55355291575947
9.63848950279432,0.018481037161735065,9.636890032617602,21.641934169217,0.3251700019838461,0.8298004131122472,0.4820221643718478,18.0327868852459,0.5678441302714787,0.17463418434477992,1.153228981140316,1.2944427789825903,1173.9747253078074,URBAN,CLEAR,NORMAL,,,device_0022,route_0045,event_036137,2026-09-11 15:40:34.323237,25.521562658329056,78.16376799241297
9.762126124381073,0.0514575674880395,9.76036877932281,21.95145331361325,0.2847982423453048,0.7743654001341405,0.3962490626523277,3.508771929824561,0.48490962905332524,0.18626550444020204,1.1294003179573195,1.1935599764317395,1171.778857581421,RESIDENTIAL,DUSTY,NORMAL,,,device_0010,route_0005,event_073917,2026-09-11 16:43:32.323237,25.068755544577957,71.6347858571047
9.911402164519505,0.03742603384659745,9.91130452259197,19.907188043251303,0.3794402625480649,0.8679216375424943,0.4978490887886282,16.666666666666668,0.6123396511895418,0.16591674832316494,1.4296897605759469,1.4521517728848878,1191.6511525911126,URBAN,WET,NORMAL,,,device_0025,route_0015,event_056097,2026-09-11 16:13:50.323237,23.719221682300542,78.5458671890379
9.964796543081395,0.053435833084844266,9.962125071716043,81.80665719963139,0.3744548087882114,1.0247657385939029,0.4839381845063252,17.857142857142854,0.5467477207513652,0.18161898564818965,1.3221910892606346,0.4777091997464761,1173.3612685170888,HIGHWAY,WET,NORMAL,,,device_0005,route_0033,event_025636,2026-09-11 15:23:04.223237,30.628609979884462,78.29179005559813
10.024180012082654,0.07155825024950915,10.021146437126012,9.328761994736272,0.3838820786730796,1.1446192657282666,0.4334273330226921,15.178571428571429,0.5195002318892391,0.1703028689306688,1.2174683731872413,3.4350355004622153,1173.3612685170888,URBAN,CLEAR,NORMAL,,,device_0005,route_0035,event_059975,2026-09-11 16:20:18.123237,24.734305358749197,81.13771740546993
10.00484248231199,0.10965338948900966,10.00255804327339,20.178368933444272,1.3506968810715647,3.6377350279950074,0.4800190540973365,1.818181818181818,1.920709974875035,0.3785147763320155,5.278578405406979,6.018164480835892,1078.2234575296727,URBAN,CLEAR,ROUGH_PATCH,,,device_0027,route_0008,event_063099,2026-09-11 16:25:30.523237,33.95607965680101,78.74977331221494
9.902067776120889,0.043154543400541485,9.89980726206248,10.341309891800524,0.2748056987091,0.6699883672865887,0.3873720532555272,0.8928571428571428,0.49545134176162103,0.15333457759845973,1.0029302391765071,1.8686950420606887,1175.8012798150014,HIGHWAY,CLEAR,NORMAL,,,device_0009,route_0018,event_056512,2026-09-11 16:14:31.823237,33.11491471586214,79.44373334732867
9.662888672160197,0.07800257273583051,9.66112287951204,55.021249324440525,0.3556834200408457,0.6798274057044704,0.4533110801284817,1.7543859649122806,0.5295133035538768,0.15815047630622514,1.3339426521804292,0.46073399901615153,1170.7151707482878,URBAN,WET,NORMAL,,,device_0015,route_0007,event_068413,2026-09-11 16:34:21.923237,24.79719223817497,81.99695342678623
9.730492108748711,0.0437987880274303,9.727736703480604,62.274827124893605,0.3582295592370216,0.8065579009893522,0.481642908855625,20.535714285714285,0.5757439525211584,0.17342314367693515,1.4096079121366394,0.48679592899995633,1172.5933011717448,URBAN,WET,NORMAL,,,device_0014,route_0028,event_024263,2026-09-11 15:20:46.923237,27.22878731076728,75.6159916826762
9.886973603506645,0.054325973592960625,9.885348798736269,21.46810774881726,0.2871275831354055,0.7456328492829503,0.4220748502452576,22.5,0.499260200272586,0.18203845746545785,1.0898738356130018,1.1710848040017068,1187.9876613670087,RURAL,CLEAR,NORMAL,,,device_0000,route_0015,event_060419,2026-09-11 16:21:02.523237,23.34370012392706,78.64652343056244
9.68983043728581,0.08399269031929352,9.688656131810315,78.49575246973602,0.3135556952431755,0.7165607247169081,0.4225428585413459,18.421052631578945,0.5339649643028451,0.1912867514585079,1.1848705695893287,0.3474412697695106,1164.8650637957344,RESIDENTIAL,CLEAR,NORMAL,,,device_0028,route_0038,event_053042,2026-09-11 16:08:44.823237,32.25128703305882,80.35855717795233
9.870830928085859,0.03459882224670995,9.870640660628952,80.5993775583525,0.3003009787488498,0.7206787597685711,0.4046097501354304,3.571428571428571,0.4713466702512812,0.15802488822962193,1.1557898072594348,0.3407489655684439,1173.9088107441603,URBAN,CLEAR,NORMAL,,,device_0016,route_0015,event_092130,2026-09-11 17:13:53.623237,20.58950576818706,79.38601843220218
10.627724030698129,0.06195380998325238,10.625178493930369,77.0467001624492,2.1752811713787024,6.824908262374958,1.541302302267763,0.7042253521126761,2.298103589481452,0.5318430573301504,7.340768822187049,3.3683830427125,1367.0821075318668,URBAN,CLEAR,SPEED_BREAKER,,,device_0019,route_0042,event_062660,2026-09-11 16:24:46.623237,34.17738329276874,77.73168377909589
9.796270187722172,0.058926384652151706,9.794128026559376,39.57879418882419,0.279316118193845,0.6995321321983639,0.433966103451243,4.0983606557377055,0.5319732003755065,0.16851153434997063,1.1255109717830258,0.6420848903412378,1168.9485129122031,HIGHWAY,DUSTY,NORMAL,,,device_0017,route_0002,event_024013,2026-09-11 15:20:21.923237,26.67017446605257,77.97119913384307
9.693280767329977,0.07987615037703451,9.68995794879597,79.14892271900052,1.366034908467242,2.931233070195967,0.4739026086968172,1.923076923076923,1.5977784520744636,0.42365768602086673,5.4540449211211595,1.410112349910768,1054.8211708383528,RURAL,CLEAR,ROUGH_PATCH,,,device_0026,route_0017,event_012042,2026-09-11 15:00:24.823237,29.426066074758776,77.76381397626776
9.719141371025191,0.05922219079950428,9.716588279826446,78.02454394025987,0.879143388084988,1.8807259293201304,0.3601632137007149,1.923076923076923,1.2527022055337087,0.43535419816356263,3.605507194029286,0.9171527637824604,1068.9912384953316,RURAL,CLEAR,ROUGH_PATCH,,,device_0010,route_0008,event_049783,2026-09-11 16:03:18.923237,32.80808183802863,78.4084308852315
9.829867712594247,0.07072834643079409,9.826992291736603,56.206137394827664,0.3380303208139534,0.8275283824001534,0.4767084729756546,18.75,0.5645270342977379,0.16250765081765672,1.3392721912448593,0.5497966939637929,1172.5933011717448,HIGHWAY,CLEAR,NORMAL,,,device_0014,route_0039,event_076814,2026-09-11 16:48:22.023237,34.99654296050171,79.59572594451653
9.895439858041241,0.058631479953049244,9.894071304069,37.44542502768148,0.2969261704953978,0.7363998739578612,0.4365846395690683,18.333333333333336,0.5277052948327945,0.18517217830136645,1.1047185701403777,0.7107176470898955,1187.9876613670087,SERVICE_ROAD,DUSTY,NORMAL,,,device_0000,route_0023,event_015394,2026-09-11 15:06:00.023237,27.84075960184295,78.42947210919509
10.238377830696827,0.04554882845920917,10.235231065589952,77.23111501724004,1.9199914683505348,7.183669863039846,1.1268567548285318,0.7142857142857142,2.0478420436745575,0.47292473991855283,7.080137959396286,3.5373981319917736,1374.6739654870846,URBAN,CLEAR,SPEED_BREAKER,,,device_0003,route_0014,event_073796,2026-09-11 16:43:20.223237,34.693202399912764,74.79201083321425
9.633843422834262,0.0333885854965003,9.633547808418214,21.293631940553414,0.3735427458862019,0.9597804327250364,0.4628607401252406,8.196721311475411,0.5589168306558003,0.18304186470827916,1.3529248326370578,1.5178214579555347,1173.9747253078074,RURAL,RAIN,NORMAL,,,device_0022,route_0020,event_050178,2026-09-11 16:03:58.423237,25.42661161584229,73.97951830458167
9.844150328612992,0.05095006743610379,9.84371419568394,82.03030147577724,0.3533035970515077,0.9558332746439504,0.4791316699718411,0.8333333333333334,0.5908039301445338,0.1692703584017354,1.4011806245607268,0.4444170289990559,1182.7936295130366,URBAN,CLEAR,NORMAL,,,device_0023,route_0029,event_094484,2026-09-11 17:17:49.023237,24.597448316700515,69.66468740967144
9.674088621416784,0.05188693441900638,9.672204277437729,82.89269597727831,0.3648029342075001,1.114614717665365,0.4747913769449586,19.29824561403509,0.5769577089127679,0.17634913529586752,1.3725627170518564,0.5130993831549786,1170.7151707482878,URBAN,CLEAR,NORMAL,,,device_0015,route_0001,event_000114,2026-09-11 14:40:32.023237,28.6490577482086,77.30315691051587
10.010448873585492,0.027244607654834302,10.008663839824177,76.79047109442601,0.3648397006890211,1.0495648672155902,0.4147403864626509,23.21428571428571,0.51312734103447,0.16942618629156958,1.1671865554501757,0.5196478510387114,1175.8012798150014,URBAN,WET,NORMAL,,,device_0009,route_0046,event_060899,2026-09-11 16:21:50.523237,33.885921844482205,78.83194247554457
9.707271759838724,0.04724718188241231,9.705592761141798,9.84918776231184,0.2960086307900711,0.6062389260238881,0.4154565425912973,10.526315789473683,0.5142379073581015,0.18616717769625787,1.1325564107493875,1.7509732308595367,1171.778857581421,RESIDENTIAL,CLEAR,NORMAL,,,device_0010,route_0025,event_059780,2026-09-11 16:19:58.623237,23.161263106889177,77.11194139209455
10.321700924844496,0.13585677153861336,10.317792862822042,60.351258215385386,1.8262225527310645,6.322354790737162,1.2014065970332344,0.7042253521126761,1.987220567249732,0.44188973074349064,6.570326676311757,3.9299028277433647,1360.579416668302,URBAN,CLEAR,SPEED_BREAKER,,,device_0017,route_0031,event_062199,2026-09-11 16:24:00.523237,23.30490000160339,79.22813671416552
9.670675658919198,0.05026873582376434,9.670265278741256,40.87356453714249,0.2979632514297843,0.7356992352101361,0.442694026806978,4.0983606557377055,0.5534812236449969,0.17305224419833404,1.094599376599728,0.6557974547363513,1174.5210483649005,RESIDENTIAL,RAIN,NORMAL,,,device_0008,route_0043,event_076633,2026-09-11 16:48:03.923237,21.735005861431542,76.0937442043396
9.781416205423962,0.044822879255235835,9.77982991925102,10.046368897236464,0.282402571439445,0.704769737098836,0.4286425872070927,5.0,0.5190690346300423,0.18260015113662684,1.1353121975885578,2.0069805720039007,1189.0117987248957,RESIDENTIAL,CLEAR,NORMAL,,,device_0002,route_0029,event_037378,2026-09-11 15:42:38.423237,26.999911208269427,74.20382286962476
9.739689289712121,0.06698549727123719,9.73755865908229,72.75357604394047,0.3690803167216145,0.9501862303663912,0.4940297824559514,16.666666666666664,0.6187280714055772,0.16690497626877393,1.4693602138985042,0.4951879921907072,1156.2462834189637,RESIDENTIAL,CLEAR,NORMAL,,,device_0026,route_0019,event_006729,2026-09-11 14:51:33.523237,28.921493208268178,76.55804084612735
9.867475635751962,0.0720269536688225,9.867076698372305,60.65667278206941,0.292170939047542,0.8597874706308417,0.4295190651615264,16.666666666666668,0.5031866627234135,0.17599183071848423,1.1261699037311885,0.5319095051666674,1182.3087711011192,HIGHWAY,CLEAR,NORMAL,,,device_0021,route_0019,event_005904,2026-09-11 14:50:11.023237,28.89199571320058,76.62568607669041
9.66974805100968,0.04052882460629139,9.668975851355937,58.7607058489324,0.3400326153942227,0.8268501071955381,0.4270596622086627,7.017543859649122,0.5525672889460645,0.1704627306363355,1.2806166275922557,0.5269858558861975,1155.761160906742,URBAN,CLEAR,NORMAL,,,device_0013,route_0004,event_065966,2026-09-11 16:30:17.223237,31.886008014685554,82.08011560981737
9.940162414184352,0.06715823972070278,9.938855705420965,10.783073952769715,0.3277352441268316,0.7900290304931978,0.3817000152507083,21.428571428571427,0.49044491149813413,0.15746489038908135,1.1723669902631428,2.1376583328129266,1173.3612685170888,RESIDENTIAL,CLEAR,NORMAL,,,device_0005,route_0025,event_014529,2026-09-11 15:04:33.523237,27.22854015381669,77.24654585590893
9.907203568721597,0.048436234347705685,9.905952771082848,18.00803930115204,0.3003869171547064,0.7277971756035608,0.3981032430264566,9.01639344262295,0.4891815109880204,0.14879093782780492,1.1108460268678968,1.3227842165212116,1173.916838169756,URBAN,CLEAR,NORMAL,,,device_0011,route_0015,event_065585,2026-09-11 16:29:39.123237,22.8953146468629,78.76723252785933
9.587586265683559,0.05141797698150288,9.585256511717732,85.15031439354615,0.3703339891326304,1.0148670305749068,0.3960171977262767,10.655737704918034,0.4800104961888306,0.1795844820617573,1.2344637413411128,0.45535095977109685,1174.5210483649005,RURAL,WET,NORMAL,,,device_0008,route_0043,event_007335,2026-09-11 14:52:34.123237,27.87290076979049,77.17306237710956
9.748693618241242,0.08023351028751594,9.747933669900975,54.08766977058465,0.2859017928020896,0.6562347099044246,0.4322392137775054,9.836065573770492,0.516270807543387,0.17824923691049643,1.1257517163843183,0.45189260474465726,1174.5210483649005,URBAN,RAIN,NORMAL,,,device_0008,route_0003,event_088467,2026-09-11 17:07:47.323237,32.61103847746666,70.478411113942
9.955196553016384,0.03998056323182601,9.95465780216421,58.91280262997529,0.3997309011176686,0.9700587233069272,0.4589864579555021,17.857142857142854,0.568540445544437,0.1666598716781124,1.4707072504916994,0.6167639543972471,1169.7676911232593,SERVICE_ROAD,CLEAR,NORMAL,,,device_0006,route_0039,event_038223,2026-09-11 15:44:02.923237,31.7409218587902,78.3935751156481
9.788452199865201,0.09878950488571535,9.786112168803356,40.29765310145801,0.9718593328223598,2.4629048983714874,0.4819000666945742,1.96078431372549,1.6953338064283996,0.343435410138597,3.9171699561313815,2.2239597142814986,1067.897470709982,URBAN,CLEAR,ROUGH_PATCH,,,device_0014,route_0025,event_058174,2026-09-11 16:17:18.023237,23.30575999899587,77.11633916068789
9.86267974607557,0.051972885132425505,9.859743872514803,9.9053631063364,0.4812088771217487,1.469363750459488,0.5205902536619613,14.788732394366198,0.6628281398245747,0.1375191931437662,1.8866743259950027,4.2267540638041385,1360.579416668302,HIGHWAY,RAIN,SPEED_BREAKER,,,device_0017,route_0041,event_089550,2026-09-11 17:09:35.623237,26.914361378396947,85.03560085514133
9.744248625594446,0.06475073196294132,9.743587925821434,20.139490615917296,0.3398022967608598,1.0242824931969388,0.4380399941426118,4.0983606557377055,0.5666436808686478,0.1815598095541703,1.3563130108031487,1.6972727544160173,1174.5210483649005,URBAN,WET,NORMAL,,,device_0008,route_0040,event_004162,2026-09-11 14:47:16.823237,28.52797284952942,76.86467175701354
9.579145094167368,0.05967122991627767,9.577618493770323,20.471069714524937,0.3554134724956583,0.7908304418175476,0.4449806180917551,14.166666666666668,0.5516155420434138,0.16634026924124365,1.1457606287898159,1.2926781722960738,1194.4208269519645,URBAN,DUSTY,NORMAL,,,device_0004,route_0013,event_038539,2026-09-11 15:44:34.523237,31.776342184775626,78.62832391623964
9.730072537739254,0.06261107098949048,9.728346916442907,10.62699311402689,0.3181071666485967,0.8840413226971435,0.4861893487897917,10.526315789473683,0.591646203281528,0.17698941083480235,1.2490590042004257,2.4175613287173063,1164.8650637957344,RESIDENTIAL,CLEAR,NORMAL,,,device_0028,route_0031,event_069509,2026-09-11 16:36:11.523237,22.69156550534237,79.463987729274
9.967041489851342,0.05775657157977434,9.966335370075454,10.257102379845811,0.2998097532223341,0.6052069832213292,0.3923212725502156,12.5,0.49280702304908025,0.1737722432722856,0.9575817541776352,1.6979803247449905,1173.3612685170888,RESIDENTIAL,CLEAR,NORMAL,,,device_0005,route_0015,event_033888,2026-09-11 15:36:49.423237,25.64814369303652,78.02789692788518
9.848893060142084,0.02702484654419911,9.845128847426704,62.00020749822877,0.3419234676102142,0.794978799871048,0.4348947038127108,4.918032786885246,0.5190584245889585,0.18219884535080386,1.3554408308239765,0.48180381850610554,1168.9485129122031,RESIDENTIAL,CLEAR,NORMAL,,,device_0017,route_0004,event_038621,2026-09-11 15:44:42.723237,30.521865581626308,80.03373524596557
9.934428912705318,0.05856276450597949,9.933496151040496,42.32883564277718,0.3288330855897423,0.8673981088082492,0.4883102811686742,19.166666666666668,0.5714944110620699,0.17764367037940385,1.179823166621098,0.7489055977977978,1196.452449290308,URBAN,RAIN,NORMAL,,,device_0018,route_0002,event_096587,2026-09-11 17:21:19.323237,20.61751898284544,80.41283268799485
9.59091661623142,0.05541049822684357,9.58932499710861,10.708488342010591,0.3530692705742234,0.806422005316195,0.4022479322391801,18.75,0.49358281991404807,0.18096263938079132,1.1536324230003103,2.193079224906835,1178.3195617621582,RESIDENTIAL,CLEAR,NORMAL,,,device_0020,route_0015,event_010618,2026-09-11 14:58:02.423237,27.669439520397876,77.4852269830949
9.674066882194174,0.06791785669135644,9.67256851540297,9.885083936893606,0.3333992253613426,0.8732676991755213,0.4801200172809621,4.0983606557377055,0.5706242103940384,0.18206224259541723,1.251669859464581,2.515700166147905,1174.5210483649005,URBAN,WET,NORMAL,,,device_0008,route_0015,event_038357,2026-09-11 15:44:16.323237,25.25998552810147,78.13212187183298
9.935452528276345,0.05998210027339003,9.932845334752654,62.00147336098975,0.3389370084644245,0.879548893949293,0.4264624065832253,16.666666666666668,0.4988859391587895,0.18395694300791596,1.2309646980873588,0.5330480361483272,1187.9876613670087,ARTERIAL,RAIN,NORMAL,,,device_0000,route_0006,event_042505,2026-09-11 15:51:11.123237,25.10314323007039,75.97626616640119
9.660980024436597,0.07958486408230807,9.659660818320816,63.43957097142959,0.2929215152461822,0.7643822331248167,0.4496675501775352,19.642857142857142,0.5757834914723028,0.167765652019514,1.0564862139635594,0.4533731292262479,1178.3195617621582,RESIDENTIAL,CLEAR,NORMAL,,,device_0020,route_0038,event_032807,2026-09-11 15:35:01.323237,30.857753585071062,79.18814535855434
9.94422406860573,0.07166810179355625,9.941773543384038,19.453451768713737,0.339136844056171,0.9551510202877632,0.4523956120288602,12.295081967213116,0.5550892714936251,0.16457801248920984,1.206738770387112,1.6290156855493803,1165.9444844817242,HIGHWAY,CLEAR,NORMAL,,,device_0024,route_0026,event_056780,2026-09-11 16:14:58.623237,24.65989289538101,80.5628758175057
9.964679169167203,0.05428392980475794,9.962168353647709,9.726717786523388,0.3227850540369888,0.7659553159721746,0.4242815218263878,22.950819672131143,0.5309454166212164,0.16285616331231473,1.0846530070768665,2.232013006704848,1165.9444844817242,RESIDENTIAL,CLEAR,NORMAL,,,device_0024,route_0008,event_040368,2026-09-11 15:47:37.423237,31.99673617931533,78.16698363375784
9.632379036919067,0.1335183417978854,9.632164982133643,81.5202555796881,1.0236091517826198,2.3037546660846324,0.4774194139170974,1.818181818181818,1.455307858427295,0.40098397559507004,4.052296084102916,1.0775246872072244,1058.5018015070395,RURAL,CLEAR,ROUGH_PATCH,,,device_0022,route_0025,event_032386,2026-09-11 15:34:19.223237,25.62360633522141,77.19347245616498
9.97860570729069,0.039961742969178635,9.974755916290636,9.81753087556712,0.4218933699483247,1.0305908414269904,0.4526863870288146,3.333333333333333,0.5502693890454806,0.17279510251027141,1.5099417314617725,2.983429820299761,1185.4321676861896,RESIDENTIAL,CLEAR,NORMAL,,,device_0029,route_0030,event_017773,2026-09-11 15:09:57.923237,30.015077093873668,78.13336122019376
10.087841727481274,0.03664589535001979,10.084216619427565,19.717598918787967,0.7457605529060205,3.5836187607814747,0.6154347840562767,0.7142857142857142,0.8733670469477076,0.15976826200329686,2.7052402361401526,6.04381374868887,1383.0041956338878,RESIDENTIAL,CLEAR,SPEED_BREAKER,,,device_0029,route_0000,event_061121,2026-09-11 16:22:12.723237,23.2058858255466,75.82705355440126
10.536027978290175,0.10004086463476396,10.5334454173797,57.888340764041565,1.823580976307175,6.119539228357596,1.3343798385065266,0.7142857142857142,1.9739969079122512,0.408735746184166,6.083522654062711,3.9552129870078385,1372.2844004923106,SERVICE_ROAD,WET,SPEED_BREAKER,,,device_0027,route_0044,event_017972,2026-09-11 15:10:17.823237,30.11506426378821,76.91011490521159
9.94332135515919,0.07139168795685223,9.93895797280386,9.56969351833073,0.3320916925753561,0.7264248894535985,0.4204442225826472,0.8771929824561403,0.5006058325814654,0.19022927664308203,1.1907197570976926,2.141315538106447,1147.8114285371462,RESIDENTIAL,CLEAR,NORMAL,,,device_0001,route_0048,event_064304,2026-09-11 16:27:31.023237,22.936145629011904,78.45429766189548
9.621977749412846,0.03887118125955493,9.620413629317648,10.452468265660835,0.3316785621890818,0.978382184836116,0.4450524940037442,13.157894736842104,0.5281477081836584,0.17444730570788386,1.1457032233959303,2.7078618457464705,1156.3665497149682,URBAN,CLEAR,NORMAL,,,device_0007,route_0033,event_069595,2026-09-11 16:36:20.123237,34.04247528786935,80.28504060647049
9.67925656841191,0.03949892835603578,9.677894773780483,9.066902036762666,0.7540472647085003,3.0431308251984213,0.6779840593461874,21.27659574468085,0.8547738990097139,0.15970663484630954,2.984958967777466,9.315538806786245,953.4952252035704,RESIDENTIAL,CLEAR,POTHOLE,MEDIUM,3.708217301959216,device_0007,route_0021,event_085582,2026-09-11 17:02:58.823237,27.122171885525773,84.81087148963852
9.960356399873108,0.06899576832025735,9.958069693205532,81.46885987559872,0.340265084446425,0.8718253122840967,0.4518451262210589,7.5,0.5364665492325413,0.19715692008205063,1.2024645542773449,0.4080200969349782,1187.9876613670087,RESIDENTIAL,WET,NORMAL,,,device_0000,route_0037,event_014984,2026-09-11 15:05:19.023237,28.81769036100475,75.7977463835626
9.930316650025478,0.07499895609417191,9.928573965666097,60.22057732838269,0.36818706010258,1.2257405813938345,0.4292098125393112,11.475409836065571,0.5463136553395139,0.1841437070618279,1.361072204334345,0.7634565943723528,1165.9444844817242,RESIDENTIAL,CLEAR,NORMAL,,,device_0024,route_0048,event_034606,2026-09-11 15:38:01.223237,25.537778208941024,77.85043889701812
9.624158463762127,0.0688770994959872,9.624051263876629,74.97261730227474,0.3384956712734702,0.9503077418602786,0.4124980763853685,9.166666666666668,0.5003658461688828,0.1809968333692798,1.1720444705676272,0.4813353156185217,1178.291970417501,HIGHWAY,CLEAR,NORMAL,,,device_0003,route_0039,event_009494,2026-09-11 14:56:10.023237,29.317252395158743,77.49844433441748
9.932377364369962,0.0537453802525986,9.931731705834478,10.115504095060077,0.373329922590822,1.1656397179835398,0.4880869950252843,16.666666666666668,0.5833927717645977,0.15836973166553744,1.3736798627561484,3.303147263133088,1191.6511525911126,URBAN,CLEAR,NORMAL,,,device_0025,route_0030,event_032071,2026-09-11 15:33:47.723237,31.095523657867496,78.83062897816488
10.11102340619378,0.041599533556418274,10.110145015498816,38.41113122536085,1.0747907892824635,3.667458928844168,0.7454642717618988,0.7142857142857142,1.2070546000323836,0.2827292224501645,3.9761066347412566,3.4589588373451496,1387.1804318457116,URBAN,CLEAR,SPEED_BREAKER,,,device_0002,route_0018,event_005169,2026-09-11 14:48:57.523237,28.951969656024097,77.44652937155848
9.827112948443867,0.03669725313440466,9.82659752408309,40.7369478604337,0.3235093532258862,1.0549190725139646,0.4850494566717418,20.0,0.5801733773075447,0.17008224004638484,1.2797917537291532,0.9432195292401313,1182.7936295130366,URBAN,CLEAR,NORMAL,,,device_0023,route_0033,event_070609,2026-09-11 16:38:01.523237,34.12153131123536,80.33098112345705
9.736422433702199,0.06445403738515389,9.734021256047884,43.97070611711618,0.2580700963320789,0.6987222016437276,0.4052844632748576,7.142857142857142,0.506083596627866,0.17357605360700906,1.0100739293689749,0.5826240705632808,1172.5933011717448,URBAN,CLEAR,NORMAL,,,device_0014,route_0042,event_011317,2026-09-11 14:59:12.323237,29.573305242324725,77.37926877320203
9.967300550800783,0.09445684927404543,9.963661785433498,18.709806697083188,1.2939141095668532,3.0752161673214804,0.4455371650510213,1.96078431372549,1.6546196096731973,0.34967393444602485,5.0978208362054005,5.416543096716814,1068.5968695423487,ARTERIAL,CLEAR,ROUGH_PATCH,,,device_0005,route_0016,event_042990,2026-09-11 15:51:59.623237,32.453953930522914,76.25258841847676
9.8433188273174,0.054308689376949285,9.843094338810364,19.657536803006117,0.3300570798353083,1.113071302565082,0.4862665631231973,22.5,0.5696999690342525,0.1749573422126843,1.2928348482706902,1.8819732786781864,1182.7936295130366,URBAN,CLEAR,NORMAL,,,device_0023,route_0037,event_079976,2026-09-11 16:53:38.223237,29.80993762384225,70.03758330134639
9.846949954800339,0.07174897753451852,9.846226478279725,18.683671457198795,0.3382335912327374,0.8763205704650989,0.4432194520900178,6.25,0.5323083953221077,0.16886067614864841,1.3295446290251398,1.545288772355224,1173.9088107441603,URBAN,CLEAR,NORMAL,,,device_0016,route_0005,event_060106,2026-09-11 16:20:31.223237,25.733074323288896,72.68430787360977
9.868653869290306,0.04253935668319848,9.86567501032031,37.69049561166628,0.3599945443823424,0.845612387182177,0.5130612772376641,5.833333333333334,0.6394998635101852,0.17805508924354002,1.4015107132367888,0.8113238998728033,1191.6511525911126,RESIDENTIAL,CLEAR,NORMAL,,,device_0025,route_0001,event_067709,2026-09-11 16:33:11.523237,22.60181144892413,76.68159315866285
9.988285804680153,0.09756642272219933,9.986012658258788,87.31154685852971,1.271066307047045,2.988836784851726,0.4045933564509901,1.818181818181818,1.445876772447613,0.3341316294252954,5.006644182482617,1.3092919297413168,1078.2234575296727,RESIDENTIAL,CLEAR,ROUGH_PATCH,,,device_0027,route_0032,event_043942,2026-09-11 15:53:34.823237,31.045424733135857,80.2241721767339
9.944509740973336,0.04188228118668188,9.939502551118334,20.83113375828311,0.3641174884951996,0.9148295511020096,0.4701039461394089,11.666666666666668,0.5687331602036333,0.1721659561787835,1.3154102572870876,1.4736814839102432,1185.4321676861896,RURAL,CLEAR,NORMAL,,,device_0029,route_0002,event_044017,2026-09-11 15:53:42.323237,25.001887065454596,78.6442441609825
10.020098617332952,0.05408978289637735,10.018605359826058,76.61664939089529,0.3762373280795427,0.9967177203564574,0.4789532947394844,22.13114754098361,0.5703114857759355,0.16613069266987907,1.1972965802170563,0.4945468351201533,1173.916838169756,ARTERIAL,WET,NORMAL,,,device_0011,route_0026,event_062412,2026-09-11 16:24:21.823237,24.27105291491362,80.88740916886412
10.55259556762301,0.04533582342377189,10.552554627656429,63.53430108581522,1.9918341689781844,6.742346491720472,1.360445541685356,1.4084507042253522,2.1158005823626564,0.43078042134733197,6.774769958905061,3.993435266711672,1366.3622214762734,HIGHWAY,CLEAR,SPEED_BREAKER,,,device_0011,route_0003,event_027784,2026-09-11 15:26:39.023237,29.80418821077666,75.15877267582327
9.922950412096316,0.032661537194382084,9.92027545988052,87.37292758482738,0.3948574428362439,1.0799568374104176,0.4705998688885368,5.0,0.5988210074153285,0.157869321383316,1.501488901335481,0.47276884563333005,1176.243771850552,RESIDENTIAL,CLEAR,NORMAL,,,device_0027,route_0013,event_021659,2026-09-11 15:16:26.523237,30.40517993109181,77.97740280542953
9.817544412460794,0.10818146689948317,9.816077385742709,41.88836660601828,1.2389463501242597,5.242111139367561,0.8405644462108048,4.0,1.3151891365586785,0.4009094275993702,4.912162821630125,4.569446704760291,981.9099753479176,URBAN,CLEAR,POTHOLE,MEDIUM,4.950267762455242,device_0003,route_0025,event_031375,2026-09-11 15:32:38.123237,25.714316764252303,77.1963113220013
9.984825597778078,0.06824337737220834,9.98278137222509,73.27873007407757,0.3414050744584349,0.7715456925266384,0.4127501843591999,4.0983606557377055,0.4879960570806389,0.1912146718937619,1.1219180168001763,0.39935733508407956,1165.9444844817242,URBAN,CLEAR,NORMAL,,,device_0024,route_0032,event_082860,2026-09-11 16:58:26.623237,33.225198946142854,82.96231678693955
9.639587441633385,0.07501248564803842,9.63817927222773,74.53096602405876,0.3349793779418978,0.7037869084974098,0.4496564942528449,5.263157894736842,0.5530504145591473,0.1699069146083957,1.1991188181314314,0.35847612432619125,1170.7151707482878,URBAN,CLEAR,NORMAL,,,device_0015,route_0006,event_013343,2026-09-11 15:02:34.923237,27.574121448464904,76.85456928263092
9.954028205001999,0.03609248234917215,9.952809878089395,86.23691063532809,0.3378068139366312,0.8430735727231031,0.4362014036533808,15.0,0.529335345897284,0.1859443219294929,1.1870855135755107,0.3737156189356672,1176.243771850552,URBAN,CLEAR,NORMAL,,,device_0027,route_0036,event_050614,2026-09-11 16:04:42.023237,33.210643372125524,76.89872592993989
9.595341113894376,0.04768654800387288,9.593670073473564,75.46844760573921,0.3370932255484774,0.8050897597150044,0.398075653684008,16.666666666666668,0.4775821553351131,0.17203909029348902,1.1002332712499765,0.4052374415109932,1194.4208269519645,RESIDENTIAL,CLEAR,NORMAL,,,device_0004,route_0017,event_034823,2026-09-11 15:38:22.923237,31.077654131757736,78.97595424873921
9.954489580909176,0.057755228427888466,9.953484732753571,20.832063524325,0.3474477922512033,0.8012072833569857,0.3823673197784501,5.0,0.5335958264099607,0.18322885921336696,1.2289446606310257,1.2906012141474086,1187.9876613670087,URBAN,RAIN,NORMAL,,,device_0000,route_0001,event_015837,2026-09-11 15:06:44.323237,27.242342342715588,77.15861192571387
10.101930617146683,0.05930057703161041,10.101212681045808,61.27219378523737,1.6466775588804647,5.834401447403936,1.0846803351174392,1.4285714285714284,1.8770667138657933,0.36082912297368636,6.032924410065721,3.575428438394852,1393.4909647772915,HIGHWAY,CLEAR,SPEED_BREAKER,,,device_0004,route_0014,event_085348,2026-09-11 17:02:35.423237,35.65978122271431,74.41105369346295
9.965386209938872,0.044164941738871616,9.964240579243135,21.90211333310971,0.3729612699229359,0.9140198555236374,0.4345171970270733,8.333333333333334,0.5489090918118438,0.17767864601388123,1.3179369215861776,1.4114985040317614,1176.243771850552,HIGHWAY,CLEAR,NORMAL,,,device_0027,route_0003,event_056729,2026-09-11 16:14:53.523237,31.143552509677075,72.9264004474507
9.634271324546773,0.06844929260635485,9.6337375020835,42.43047813868397,0.3492439353516855,1.0030625636963642,0.4342397057786699,22.807017543859647,0.5158833594518061,0.18262256500578028,1.2472689320098773,0.8641414897346522,1155.761160906742,URBAN,CLEAR,NORMAL,,,device_0013,route_0037,event_059922,2026-09-11 16:20:12.823237,29.50399378359839,71.81499948391667
9.777947014127998,0.021330899907184526,9.77752667197741,10.367712069250883,0.2987179559170219,0.9241494029171112,0.4319817360833658,16.666666666666668,0.5240104019649102,0.18006810260572595,1.1952731736529536,2.572850565108228,1189.0117987248957,HIGHWAY,CLEAR,NORMAL,,,device_0002,route_0010,event_033803,2026-09-11 15:36:40.923237,30.022869905215764,79.89639352024183
9.995830477683185,0.047650988703341515,9.994487774251704,78.5354061451139,0.3664968464095848,0.7704132772005057,0.4086142251378506,9.836065573770492,0.5137874988766784,0.18741345943606555,1.2193528835763843,0.373373471184458,1174.5353318231532,HIGHWAY,CLEAR,NORMAL,,,device_0019,route_0033,event_019837,2026-09-11 15:13:24.323237,30.17799099919561,78.02855252642688
9.778981441644897,0.07403759915426159,9.777782278942173,19.82999702016167,0.2735583339493184,0.7672267217283526,0.4236673180022331,15.789473684210526,0.4868610086900067,0.18666699750159224,1.097676715832776,1.287833516855635,1164.8650637957344,URBAN,RAIN,NORMAL,,,device_0028,route_0049,event_021517,2026-09-11 15:16:12.323237,30.540728081965742,76.81448395039297
9.777905625158995,0.07317555820161793,9.775321946068724,82.98608650477354,0.2664163423884875,0.772795967582093,0.4425953114811403,17.543859649122805,0.5444649976886636,0.16638756037927221,1.0585338110889708,0.35536532272419646,1171.778857581421,RESIDENTIAL,CLEAR,NORMAL,,,device_0010,route_0035,event_091195,2026-09-11 17:12:20.123237,22.758303933306777,83.13216090901281
9.794471773917255,0.05977414173358323,9.792837649115269,62.92501275190543,0.2988068142091921,0.8824632853508785,0.4471507925673765,11.607142857142856,0.5252289523131491,0.17739917359902432,1.183403214716126,0.5274340633282905,1178.3195617621582,URBAN,CLEAR,NORMAL,,,device_0020,route_0048,event_028010,2026-09-11 15:27:01.623237,26.11557054162624,77.71629100442547
10.14269938483842,0.02706559775088505,10.141821115066312,18.473296197607528,0.6664789953224854,3.177514291137747,0.5944862993867881,1.4285714285714284,0.7573776460634825,0.16596514190515324,2.2210106920314843,5.655626594688893,1372.2844004923106,HIGHWAY,CLEAR,SPEED_BREAKER,,,device_0027,route_0043,event_030220,2026-09-11 15:30:42.623237,25.84573067155854,76.81651274428285
9.965196496812862,0.07924912439839249,9.961793039507938,73.58871094758919,0.3919413072950816,0.8515949461188992,0.4803000964562768,18.0327868852459,0.5651318435787525,0.18607877007316703,1.4037211625480168,0.4390303360983262,1165.9444844817242,RURAL,CLEAR,NORMAL,,,device_0024,route_0046,event_065201,2026-09-11 16:29:00.723237,34.25698438428566,78.94114842781144
9.619514523229633,0.053198783105642,9.617320721920674,75.12581036936933,0.371144061536128,1.0589421161275985,0.4235542512212927,7.017543859649122,0.5486550844902115,0.15748372970699998,1.323061014945477,0.5353207056884838,1156.2462834189637,RESIDENTIAL,CLEAR,NORMAL,,,device_0026,route_0035,event_022261,2026-09-11 15:17:26.723237,27.121824612056677,78.72832577828669
9.639043609606166,0.07222296580193847,9.637369043732743,10.283255048022008,0.365696481254041,0.9870424603645418,0.4524216789360333,21.428571428571427,0.5326319808793751,0.1668610590698879,1.3329273095133445,2.764194735852541,1178.3195617621582,URBAN,CLEAR,NORMAL,,,device_0020,route_0002,event_037115,2026-09-11 15:42:12.123237,25.5774457384086,78.41198347318274
9.987139315299935,0.051999850918295204,9.985392924588576,75.14630438682158,0.4275246258557582,0.941021687916134,0.469531146649614,10.833333333333334,0.5982980791189209,0.18921541172319042,1.5288949786504418,0.47558591406464745,1176.243771850552,URBAN,CLEAR,NORMAL,,,device_0027,route_0048,event_044034,2026-09-11 15:53:44.023237,24.71191796334031,78.04205436042987
10.64396682878196,0.10128637781588026,10.642652689394318,62.88566879159249,3.799251436214543,17.23846698686345,2.5753424274401477,1.0,3.830612183707145,0.5348300128796852,14.196651538701971,10.309214095220542,993.0426271592604,URBAN,CLEAR,POTHOLE,CRITICAL,11.89409742589556,device_0025,route_0040,event_055593,2026-09-11 16:12:59.923237,28.412986640079485,72.24073695964724
9.611184541491511,0.05073517525986961,9.61092664241221,10.122920148088912,0.3656674245996161,0.8196264876333981,0.4797483545045293,15.57377049180328,0.5410198880045288,0.1982771598438294,1.2805122729003138,2.321407978064107,1173.9747253078074,URBAN,CLEAR,NORMAL,,,device_0022,route_0000,event_034338,2026-09-11 15:37:34.423237,25.536158117452985,76.43515654698722
9.639902943284074,0.07031964091645578,9.639122607986598,9.791462288787525,0.2966783238145971,0.7716713785099678,0.4174859124033423,17.543859649122805,0.5141541201204379,0.17688650127866448,1.0216947607874225,2.238113297492283,1170.7151707482878,URBAN,RAIN,NORMAL,,,device_0015,route_0041,event_008950,2026-09-11 14:55:15.623237,28.52715061773468,77.96875443356468
9.988273248068909,0.044145801185153086,9.987192846609336,19.68881960756288,0.3904782215935536,1.1865795859047026,0.474670713764257,8.333333333333334,0.5879636754337839,0.17722726936575472,1.3576662742097234,2.0036111643585244,1191.6511525911126,RESIDENTIAL,CLEAR,NORMAL,,,device_0025,route_0007,event_052506,2026-09-11 16:07:51.223237,25.681187433603327,80.8717785127175
10.176450360302093,0.05567459496452607,10.17472913578169,40.53210045267045,1.2279968077962438,5.334434368599501,1.1551099049840368,1.0,1.4345746399819657,0.3543375133161124,4.325477196073329,4.791540766660254,987.8601397384912,URBAN,CLEAR,POTHOLE,MEDIUM,4.615988324714907,device_0029,route_0016,event_084699,2026-09-11 17:01:30.523237,36.09402132974585,75.34716083646751
10.046129743812719,0.041203663878065344,10.045634987188627,10.403751034822331,1.0406225644272302,3.868306585538164,1.0718249664048274,19.0,1.0831222125796358,0.14701617688457533,4.033892694576252,10.742497773493014,962.2269165325868,RESIDENTIAL,CLEAR,POTHOLE,CRITICAL,10.590471321096796,device_0011,route_0024,event_028852,2026-09-11 15:28:25.823237,28.69990859899697,74.60011228880418
9.657360114244895,0.05415167099562072,9.656799689838255,10.1331098036124,0.324775604583994,0.8092451828771594,0.386591280316411,16.07142857142857,0.46977490821604834,0.18212711155474745,1.1778520663974348,2.290352779033295,1178.3195617621582,HIGHWAY,RAIN,NORMAL,,,device_0020,route_0016,event_048594,2026-09-11 16:01:20.023237,32.94269444039949,76.13177028846384
9.626410270726785,0.04195076419668592,9.623332261087397,65.90914177465287,0.327946245158301,0.9104622383565246,0.4330558998073481,7.017543859649122,0.5202522255989096,0.16685956802935592,1.1467029150119679,0.5209403035107109,1156.3665497149682,RURAL,CLEAR,NORMAL,,,device_0007,route_0014,event_073976,2026-09-11 16:43:38.223237,34.70852917550776,74.78605777649489
9.798189140600604,0.05140516297267837,9.795134170063733,43.1982531426242,0.3833021759797326,0.9408750286799848,0.461997005523343,12.5,0.5703149784125566,0.1667776405751369,1.521586510094739,0.7973812300525939,1178.0852418549218,RURAL,CLEAR,NORMAL,,,device_0012,route_0034,event_045566,2026-09-11 15:56:17.223237,27.415975887719675,73.32941670099586
9.68052682486377,0.09063146010215425,9.679064040502002,87.87454419863708,0.3293775725439928,1.0242361404215536,0.4260399263871848,21.052631578947366,0.5360103740020242,0.17545028781256108,1.2429844393761513,0.44592815098254285,1155.761160906742,RESIDENTIAL,CLEAR,NORMAL,,,device_0013,route_0009,event_087037,2026-09-11 17:05:24.323237,20.960340596371907,78.51426798005795
9.669605084460564,0.07857509391568279,9.669080408162824,54.384832203339386,0.3339385753218519,0.9886856759147892,0.4462231304978047,17.857142857142854,0.517311630707967,0.18576073083205452,1.2476473356155395,0.6773578949213732,1178.3195617621582,URBAN,CLEAR,NORMAL,,,device_0020,route_0028,event_011147,2026-09-11 14:58:55.323237,28.02620240445824,76.48505821162455
10.71454118661983,0.08112968569772855,10.712012785701784,64.50876536643136,4.148924428656047,17.112628788538323,2.46156624665214,1.0,4.152027183924614,0.5230245821876147,15.562801219995087,9.991497407380427,985.6613579275306,URBAN,CLEAR,POTHOLE,CRITICAL,11.330553012970292,device_0023,route_0036,event_086809,2026-09-11 17:05:01.523237,36.453462837120966,76.61315158791638
9.740625942030539,0.0441041415937035,9.738154293252624,64.9213169158542,0.2891216873810843,0.6689911498056027,0.4978442374372816,16.96428571428571,0.5659074191175317,0.19024434915638833,1.149676708623982,0.3882637069296697,1172.5933011717448,HIGHWAY,DUSTY,NORMAL,,,device_0014,route_0016,event_072443,2026-09-11 16:41:04.923237,35.024382045288874,75.61338349181891
9.821154810364934,0.03615214791197224,9.820159486403169,9.88437676061194,0.332033422760399,0.9447560188004154,0.4477056742834563,20.49180327868853,0.5463496420976178,0.16959460217068795,1.3259131907633765,2.721781568130758,1168.9485129122031,RURAL,CLEAR,NORMAL,,,device_0017,route_0021,event_027724,2026-09-11 15:26:33.023237,28.16241963982346,79.71273547981151
9.955296860990723,0.05973605798862885,9.954951346113832,37.0637184750689,0.4076129501637699,0.95807462755484,0.4623768233797315,12.5,0.5560280655283399,0.17184794221615118,1.4914430501116414,0.9332565711373826,1182.3087711011192,HIGHWAY,WET,NORMAL,,,device_0021,route_0014,event_018092,2026-09-11 15:10:29.823237,30.03285587003722,76.62936451240947
9.6854876739703,0.05874992841287798,9.683564017280712,38.25603231170482,0.3277118955115772,0.7952162166153283,0.3919078299245482,10.526315789473683,0.4906195639381478,0.18037825006244138,1.234001179152294,0.7527599475022696,1164.8650637957344,URBAN,WET,NORMAL,,,device_0028,route_0047,event_085626,2026-09-11 17:03:03.223237,21.30034612654235,79.40483919571598
9.974491762359897,0.07147153415304694,9.968500962843931,10.416905077031204,0.3382733177508279,0.6915584781457262,0.4062867219412402,7.894736842105263,0.5201974747001643,0.17383437597124957,1.1368004916267402,1.9187432377494302,1147.8114285371462,HIGHWAY,CLEAR,NORMAL,,,device_0001,route_0043,event_090866,2026-09-11 17:11:47.223237,20.47408013596129,75.87216941879747
9.644137392089823,0.051498955012543354,9.642202311772769,21.07885757865894,0.3299127123164222,0.9896560779571626,0.4842242339241232,13.157894736842104,0.5689122665007272,0.18012007289101828,1.1914789438059827,1.5784707494799421,1156.2462834189637,URBAN,RAIN,NORMAL,,,device_0026,route_0032,event_019356,2026-09-11 15:12:36.223237,29.66822437314637,78.49439180549909
10.250855097159773,0.06069082093187936,10.246976050372345,36.09103012754015,0.9964693014893566,3.354993524552436,0.7915278465267971,0.7042253521126761,1.1038332809866074,0.2609854311334187,3.410347098860253,3.347375723576387,1366.3622214762734,URBAN,CLEAR,SPEED_BREAKER,,,device_0011,route_0013,event_032832,2026-09-11 15:35:03.823237,31.312873321144277,78.4082658402641
9.84079203927093,0.03704847615176791,9.83870973681943,79.58612237598422,0.3730447226246051,0.7714222214718944,0.4833131832498726,18.852459016393443,0.5703959471719211,0.17559268239389483,1.4768079845658981,0.3691628225086981,1168.9485129122031,RESIDENTIAL,CLEAR,NORMAL,,,device_0017,route_0047,event_089332,2026-09-11 17:09:13.823237,20.97994175897121,79.49664804201291
9.979203350681736,0.044381961993897615,9.978567896757053,75.42463467226285,0.3596442858142458,0.8363436222270106,0.4512956662083289,3.333333333333333,0.5640298077237986,0.17940998833566832,1.2195892950501523,0.4212011176019087,1196.452449290308,RESIDENTIAL,WET,NORMAL,,,device_0018,route_0037,event_031333,2026-09-11 15:32:33.923237,29.067630514435532,74.34873973164272
9.852469761691587,0.059029374907190645,9.852375202960086,19.62180592857765,0.9792796477847668,2.625730803433449,0.4448127252374575,1.96078431372549,1.7919512487219522,0.346444453320743,3.9267581088236057,4.446282915662838,1069.0955240705746,URBAN,CLEAR,ROUGH_PATCH,,,device_0016,route_0033,event_068940,2026-09-11 16:35:14.623237,33.99182487545722,80.25539963744684
9.610069390963734,0.06178638197087304,9.609901621525486,72.06551009094302,0.3608236943032047,0.9252321620701078,0.4338176320851516,9.836065573770492,0.5222072523893198,0.16368852123174343,1.2395580535553137,0.4865449063387131,1173.9747253078074,RESIDENTIAL,CLEAR,NORMAL,,,device_0022,route_0018,event_032612,2026-09-11 15:34:41.823237,31.17722180618291,78.51397866967227
9.942227343981582,0.033436305056272396,9.9398914772391,20.60016546207777,0.2941683172707346,0.7978947629049618,0.3683107709997779,20.535714285714285,0.46306132506557923,0.17921296453579108,1.0159078918764024,1.2973811320658821,1175.8012798150014,HIGHWAY,CLEAR,NORMAL,,,device_0009,route_0027,event_041076,2026-09-11 15:48:48.223237,27.13657221091632,80.47657388394818
10.059257625545486,0.08577556624799636,10.057886212259524,37.79249829457711,0.5769162545087633,2.3190341328938797,0.6070489428349449,21.0,0.7095720470809117,0.3405590729384362,1.992940241179049,2.21956975775702,997.0437077419236,HIGHWAY,RAIN,POTHOLE,LOW,1.078093286261343,device_0018,route_0012,event_016783,2026-09-11 15:08:18.923237,27.07975257418152,77.20436302968737
10.04826419196736,0.055017619960290184,10.04771789608122,9.821435333337485,0.4347152424202746,1.00411549356863,0.4410792674249089,11.666666666666668,0.5558249903771642,0.1784170376638587,1.3999798198427627,2.905965898192036,1191.6511525911126,URBAN,CLEAR,NORMAL,,,device_0025,route_0025,event_041130,2026-09-11 15:48:53.623237,24.83763089045007,77.16749633234409
9.722785976109238,0.06152515811868902,9.722707417801235,9.390615156521106,0.3949599641505938,1.0653260866489482,0.5173297210237228,16.666666666666664,0.6306597210165864,0.18050910957064661,1.5586267943737155,3.182306635495067,1164.8650637957344,HIGHWAY,CLEAR,NORMAL,,,device_0028,route_0023,event_078318,2026-09-11 16:50:52.423237,24.78419849377819,83.19195299776187
9.871030361175544,0.07782019558656829,9.870845826893987,38.26346788827232,0.3062209135716566,0.6806574464878317,0.4117366991506599,12.5,0.5281171002123285,0.17424793487343873,1.186404736376982,0.6442040660621768,1173.9088107441603,RURAL,CLEAR,NORMAL,,,device_0016,route_0014,event_072169,2026-09-11 16:40:37.523237,34.55727339129001,74.84554567132139
9.980436187210671,0.08039656257666451,9.977826320183937,82.08821316937536,0.3796180018340737,0.8500893238552383,0.4132890363121511,9.821428571428571,0.5391615650224488,0.1718231341727018,1.3259306937922624,0.3949852331968926,1173.3612685170888,HIGHWAY,CLEAR,NORMAL,,,device_0005,route_0003,event_004151,2026-09-11 14:47:15.723237,28.71070433265734,76.98126003426344
